# This file uses centimeters as units for non-parametric coordinates.

mtllib Shotgun.mtl
g default
v 2.892399 7.261923 0.327621
v 2.896456 7.114973 0.181070
v 2.896456 7.114973 -0.181070
v 2.892399 7.261923 -0.327621
v 2.871571 8.016428 -0.327621
v 2.867524 8.163034 -0.181070
v 2.867524 8.163034 0.181070
v 2.871571 8.016428 0.327621
v 2.438718 7.954867 0.327621
v 2.443958 7.731880 0.327621
v -0.049350 7.265679 0.178659
v -0.050392 7.265732 -0.179864
v 0.257528 8.055170 -0.327621
v -0.070139 7.409739 -0.327621
v 0.333409 8.191538 -0.171566
v 0.333409 8.191538 0.171566
v -0.070139 7.409739 0.327621
v 1.698637 7.739586 0.327621
v 0.202364 7.460557 0.327621
v 0.200265 7.417058 0.327621
v 0.208192 7.413443 0.327621
v 0.220324 7.412858 0.327621
v 0.224342 7.409857 0.327621
v 0.230301 7.408619 0.327621
v 0.237502 7.409646 0.327621
v 0.241482 7.413009 0.327621
v 0.242952 7.420452 0.327621
v 0.236665 7.416574 0.327621
v 0.229388 7.415653 0.327621
v 0.214782 7.422740 0.327621
v 0.209473 7.439157 0.327621
v 0.216731 7.455613 0.327621
v 0.230953 7.460664 0.327621
v 0.238041 7.458928 0.327621
v 0.244572 7.454028 0.327621
v 0.244805 7.458865 0.327621
v 0.255768 7.458336 0.327621
v 0.253956 7.420770 0.327621
v 0.267103 7.430599 0.327621
v 0.267597 7.440838 0.327621
v 0.288073 7.439850 0.327621
v 0.287579 7.429611 0.327621
v 0.300604 7.412217 0.327621
v 0.303464 7.471509 0.327621
v 0.314911 7.470957 0.327621
v 0.313832 7.448586 0.327621
v 0.333623 7.447631 0.327621
v 0.334702 7.470002 0.327621
v 0.346109 7.469452 0.327621
v 0.356687 7.470436 0.327621
v 0.367408 7.469919 0.327621
v 0.364211 7.449711 0.327621
v 0.357923 7.450015 0.327621
v 0.343249 7.410161 0.327621
v 0.370570 7.415225 0.327621
v 0.377697 7.422275 0.327621
v 0.382056 7.418408 0.327621
v 0.386604 7.416795 0.327621
v 0.390161 7.417674 0.327621
v 0.391608 7.420029 0.327621
v 0.387051 7.425217 0.327621
v 0.383431 7.427251 0.327621
v 0.373438 7.441185 0.327621
v 0.377877 7.449880 0.327621
v 0.388313 7.453074 0.327621
v 0.396264 7.450811 0.327621
v 0.402393 7.445122 0.327621
v 0.395252 7.438639 0.327621
v 0.387914 7.443113 0.327621
v 0.384974 7.442468 0.327621
v 0.383831 7.440564 0.327621
v 0.384418 7.438899 0.327621
v 0.387605 7.436705 0.327621
v 0.391538 7.434495 0.327621
v 0.399975 7.427664 0.327621
v 0.401984 7.419891 0.327621
v 0.397221 7.410344 0.327621
v 0.412025 7.406843 0.327621
v 0.414885 7.466134 0.327621
v 0.426843 7.465557 0.327621
v 0.440749 7.463129 0.327621
v 0.447172 7.456981 0.327621
v 0.449243 7.447226 0.327621
v 0.445971 7.437586 0.327621
v 0.456919 7.426412 0.327621
v 0.464192 7.442767 0.327621
v 0.480736 7.448616 0.327621
v 0.497264 7.441172 0.327621
v 0.502908 7.423346 0.327621
v 0.502767 7.421252 0.327621
v 0.467418 7.422957 0.327621
v 0.471150 7.415323 0.327621
v 0.479502 7.412152 0.327621
v 0.490310 7.415954 0.327621
v 0.499371 7.411153 0.327621
v 0.508669 7.398949 0.327621
v 0.520802 7.398364 0.327621
v 0.524819 7.395362 0.327621
v 0.530778 7.394125 0.327621
v 0.537979 7.395152 0.327621
v 0.541959 7.398515 0.327621
v 0.543429 7.405958 0.327621
v 0.537142 7.402080 0.327621
v 0.529865 7.401158 0.327621
v 0.515259 7.408246 0.327621
v 0.509950 7.424663 0.327621
v 0.517208 7.441119 0.327621
v 0.531430 7.446170 0.327621
v 0.538518 7.444434 0.327621
v 0.545049 7.439533 0.327621
v 0.545282 7.444371 0.327621
v 0.556246 7.443842 0.327621
v 0.554433 7.406276 0.327621
v 0.564280 7.421395 0.327621
v 0.571082 7.437752 0.327621
v 0.585970 7.443539 0.327621
v 0.593305 7.441690 0.327621
v 0.599491 7.436907 0.327621
v 0.599724 7.441745 0.327621
v 0.610728 7.441214 0.327621
v 0.608612 7.397360 0.327621
v 0.617144 7.396948 0.327621
v 0.619260 7.440802 0.327621
v 0.628692 7.440347 0.327621
v 0.628425 7.434825 0.327621
v 0.632735 7.439586 0.327621
v 0.638379 7.441011 0.327621
v 0.642799 7.439667 0.327621
v 0.638916 7.430359 0.327621
v 0.645178 7.417492 0.327621
v 0.651979 7.433850 0.327621
v 0.666867 7.439637 0.327621
v 0.674202 7.437788 0.327621
v 0.680388 7.433005 0.327621
v 0.681438 7.454771 0.327621
v 0.692442 7.454240 0.327621
v 0.689510 7.393457 0.327621
v 0.697463 7.399457 0.327621
v 0.704590 7.406507 0.327621
v 0.708948 7.402640 0.327621
v 0.713497 7.401026 0.327621
v 0.717054 7.401906 0.327621
v 0.718500 7.404260 0.327621
v 0.713943 7.409449 0.327621
v 0.710324 7.411482 0.327621
v 0.700331 7.425417 0.327621
v 0.704770 7.434112 0.327621
v 0.715206 7.437305 0.327621
v 0.723157 7.435042 0.327621
v 0.729286 7.429354 0.327621
v 0.722145 7.422871 0.327621
v 0.714807 7.427345 0.327621
v 0.711866 7.426699 0.327621
v 0.710724 7.424795 0.327621
v 0.711310 7.423130 0.327621
v 0.714498 7.420936 0.327621
v 0.718430 7.418726 0.327621
v 0.726868 7.411896 0.327621
v 0.728877 7.404123 0.327621
v 0.724114 7.394576 0.327621
v 0.712417 7.391222 0.327621
v 0.678506 7.393988 0.327621
v 0.678730 7.398623 0.327621
v 0.672055 7.394521 0.327621
v 0.664964 7.393510 0.327621
v 0.650587 7.400809 0.327621
v 0.635779 7.431481 0.327621
v 0.631334 7.428544 0.327621
v 0.628985 7.416295 0.327621
v 0.628923 7.414156 0.327621
v 0.628067 7.396421 0.327621
v 0.597608 7.397891 0.327621
v 0.597832 7.402526 0.327621
v 0.591157 7.398424 0.327621
v 0.584066 7.397413 0.327621
v 0.569690 7.404712 0.327621
v 0.549170 7.390127 0.327621
v 0.530730 7.383907 0.327621
v 0.519965 7.386042 0.327621
v 0.512777 7.391135 0.327621
v 0.490717 7.404279 0.327621
v 0.479116 7.402475 0.327621
v 0.462622 7.409795 0.327621
v 0.437241 7.432048 0.327621
v 0.450015 7.405010 0.327621
v 0.437677 7.405605 0.327621
v 0.425555 7.431359 0.327621
v 0.424522 7.431409 0.327621
v 0.423311 7.406298 0.327621
v 0.385525 7.406990 0.327621
v 0.331842 7.410710 0.327621
v 0.333096 7.436708 0.327621
v 0.313305 7.437663 0.327621
v 0.312051 7.411665 0.327621
v 0.248693 7.404621 0.327621
v 0.230253 7.398401 0.327621
v 0.219488 7.400536 0.327621
v 0.212300 7.405630 0.327621
v 0.189262 7.417588 0.327621
v 0.191234 7.458481 0.327621
v 0.176681 7.455767 0.327621
v 0.172101 7.451140 0.327621
v 0.179694 7.444411 0.327621
v 0.181758 7.435282 0.327621
v 0.178737 7.426297 0.327621
v 0.171782 7.420471 0.327621
v 0.160427 7.418979 0.327621
v 0.143802 7.419781 0.327621
v 0.145255 7.449907 0.327621
v 0.132696 7.447565 0.327621
v 0.134741 7.441105 0.327621
v 0.134600 7.439011 0.327621
v 0.099251 7.440716 0.327621
v 0.102983 7.433082 0.327621
v 0.111335 7.429912 0.327621
v 0.122143 7.433713 0.327621
v 0.131204 7.428913 0.327621
v 0.122550 7.422038 0.327621
v 0.110949 7.420235 0.327621
v 0.094455 7.427555 0.327621
v 0.090301 7.439659 0.327621
v 0.079843 7.437708 0.327621
v 0.079129 7.422901 0.327621
v 0.068286 7.423424 0.327621
v 0.068876 7.435663 0.327621
v 0.051591 7.432440 0.327621
v 0.051196 7.424248 0.327621
v 0.040273 7.424775 0.327621
v 0.040543 7.430380 0.327621
v 0.022966 7.427102 0.327621
v 0.022894 7.425613 0.327621
v 0.016609 7.425917 0.327621
v 0.257528 8.055170 0.327621
v 1.708059 7.967195 0.327621
v 2.438718 7.954866 0.277115
v 2.443958 7.731880 0.249501
v -0.299716 7.206861 0.179864
v -0.299716 7.206861 -0.179864
v -0.205699 7.876529 -0.327621
v 0.136174 8.045033 -0.327621
v 0.102036 8.191591 -0.181070
v 0.102036 8.191591 0.181070
v 0.011447 7.426166 0.327621
v 0.013770 7.474332 0.327621
v 0.003250 7.474839 0.327621
v 0.003787 7.485964 0.327621
v 0.036556 7.484384 0.327621
v 0.036020 7.473258 0.327621
v 0.025217 7.473780 0.327621
v 0.043205 7.485557 0.327621
v 0.054128 7.485031 0.327621
v 0.053097 7.463668 0.327621
v 0.059788 7.467526 0.327621
v 0.066465 7.468599 0.327621
v 0.077251 7.463553 0.327621
v 0.080527 7.451881 0.327621
v 0.088752 7.444172 0.327621
v 0.096025 7.460526 0.327621
v 0.112569 7.466375 0.327621
v 0.129097 7.458931 0.327621
v 0.146662 7.479073 0.327621
v 0.155985 7.478623 0.327621
v 0.167799 7.477002 0.327621
v 0.176021 7.471353 0.327621
v 0.178733 7.462173 0.327621
v 0.177005 7.456095 0.327621
v 0.191377 7.461442 0.327621
v 0.202381 7.460911 0.327621
v 0.197143 7.464961 0.327621
v 0.192241 7.467319 0.327621
v 0.190418 7.472558 0.327621
v 0.192707 7.477417 0.327621
v 0.197750 7.479234 0.327621
v 0.202613 7.476898 0.327621
v 0.204437 7.471720 0.327621
v 0.202145 7.466801 0.327621
v 1.698637 7.739595 0.277140
v 0.069213 7.442650 0.327621
v 0.068985 7.453004 0.327621
v 0.066701 7.457153 0.327621
v 0.062432 7.458693 0.327621
v 0.056581 7.456753 0.327621
v 0.052965 7.450868 0.327621
v 0.052045 7.441862 0.327621
v 1.708059 7.967195 0.249501
v 2.439801 7.901134 0.315113
v 2.443958 7.732130 0.277769
v -0.641362 7.182159 0.179864
v -0.697763 7.178082 0.099714
v -0.697763 7.178082 -0.099714
v -0.641362 7.182159 -0.179864
v -0.381567 7.953231 -0.181070
v -0.381567 7.953231 0.181070
v 0.136174 8.045033 0.327621
v -0.205699 7.876529 0.327621
v 1.799169 7.738849 0.277203
v 1.807125 7.965620 0.277982
v 2.442884 7.786308 0.315113
v -0.715597 7.257172 -0.180031
v -0.808624 7.669729 -0.180902
v -0.775191 7.773024 -0.181070
v -0.775191 7.773024 0.181070
v -0.808624 7.669729 0.180902
v -0.715597 7.257172 0.180031
v -1.239085 6.963844 -0.080048
v -1.239085 6.963844 0.080048
v -0.826607 7.749485 -0.101274
v -0.826607 7.749485 0.101274
v 1.700541 7.793336 0.315113
v 1.708059 7.966815 0.278079
v 1.800776 7.792633 0.315113
v 1.805540 7.911326 0.315113
v -1.345124 7.414242 -0.160861
v -1.274228 7.035863 -0.160053
v -1.274228 7.035863 0.160053
v -1.345124 7.414242 0.160861
v -1.513741 6.802508 0.079987
v -1.513741 6.802508 -0.079987
v -1.359131 7.496227 0.081152
v -1.359131 7.496227 -0.081152
v 1.706177 7.912458 0.315113
v -1.542073 6.878552 -0.160012
v -1.673885 7.449052 -0.160892
v -1.673885 7.449052 0.160892
v -1.542073 6.878552 0.160012
v -1.612087 6.784393 0.079987
v -1.612087 6.784393 -0.079987
v -1.651996 7.527223 -0.080988
v -1.651996 7.527223 0.080988
v -1.634318 6.861561 -0.160012
v -1.824999 7.520329 -0.160933
v -1.824999 7.520329 0.160933
v -1.634318 6.861561 0.160012
v -4.485215 5.640719 0.079961
v -4.485215 5.640719 -0.079961
v -1.810950 7.602173 -0.081009
v -1.810950 7.602173 0.081009
v -4.499340 5.721142 -0.159960
v -4.872192 7.212768 -0.160974
v -4.872192 7.212768 0.160974
v -4.499340 5.721142 0.159960
v -4.671736 5.646522 0.079962
v -4.671736 5.646522 -0.079940
v -4.900167 7.290350 -0.081029
v -4.900167 7.290350 0.081030
v -4.606180 5.724486 -0.159963
v -4.908409 7.188458 -0.160969
v -4.980128 7.140256 0.160969
v -4.688355 5.727021 0.159963
v -4.997602 7.224895 0.081027
v -4.997602 7.224895 -0.081046
v 0.396264 7.450811 0.317188
v 0.388313 7.453074 0.317188
v 0.377877 7.449880 0.317188
v 0.373438 7.441185 0.317188
v 0.383431 7.427251 0.317188
v 0.387051 7.425217 0.317188
v 0.391608 7.420029 0.317188
v 0.390161 7.417674 0.317188
v 0.386604 7.416795 0.317188
v 0.382056 7.418408 0.317188
v 0.377697 7.422275 0.317188
v 0.370570 7.415225 0.317188
v 0.385525 7.406990 0.317188
v 0.397221 7.410344 0.317188
v 0.401984 7.419891 0.317188
v 0.399975 7.427664 0.317188
v 0.391538 7.434495 0.317188
v 0.387605 7.436705 0.317188
v 0.384418 7.438899 0.317188
v 0.383831 7.440564 0.317188
v 0.384974 7.442468 0.317188
v 0.387914 7.443113 0.317188
v 0.395252 7.438639 0.317188
v 0.402393 7.445122 0.317188
v 0.396264 7.450811 0.323725
v 0.388313 7.453074 0.323725
v 0.402393 7.445122 0.323725
v 0.395252 7.438639 0.323725
v 0.387914 7.443113 0.323725
v 0.384974 7.442468 0.323725
v 0.383831 7.440564 0.323725
v 0.384418 7.438899 0.323725
v 0.387605 7.436705 0.323725
v 0.391538 7.434495 0.323725
v 0.399975 7.427664 0.323725
v 0.401984 7.419891 0.323725
v 0.397221 7.410344 0.323725
v 0.385525 7.406990 0.323725
v 0.370570 7.415225 0.323725
v 0.377697 7.422275 0.323725
v 0.382056 7.418408 0.323725
v 0.386604 7.416795 0.323725
v 0.390161 7.417674 0.323725
v 0.391608 7.420029 0.323725
v 0.387051 7.425217 0.323725
v 0.383431 7.427251 0.323725
v 0.373438 7.441185 0.323725
v 0.377877 7.449880 0.323725
v 0.723157 7.435042 0.317188
v 0.715206 7.437305 0.317188
v 0.704770 7.434112 0.317188
v 0.700331 7.425417 0.317188
v 0.710324 7.411482 0.317188
v 0.713943 7.409449 0.317188
v 0.718500 7.404260 0.317188
v 0.717054 7.401906 0.317188
v 0.713497 7.401026 0.317188
v 0.708948 7.402640 0.317188
v 0.704590 7.406507 0.317188
v 0.697463 7.399457 0.317188
v 0.712417 7.391222 0.317188
v 0.724114 7.394576 0.317188
v 0.728877 7.404123 0.317188
v 0.726868 7.411896 0.317188
v 0.718430 7.418726 0.317188
v 0.714498 7.420936 0.317188
v 0.711310 7.423130 0.317188
v 0.710724 7.424795 0.317188
v 0.711866 7.426699 0.317188
v 0.714807 7.427345 0.317188
v 0.722145 7.422871 0.317188
v 0.729286 7.429354 0.317188
v 0.723157 7.435042 0.323725
v 0.715206 7.437305 0.323725
v 0.729286 7.429354 0.323725
v 0.722145 7.422871 0.323725
v 0.714807 7.427345 0.323725
v 0.711866 7.426699 0.323725
v 0.710724 7.424795 0.323725
v 0.711310 7.423130 0.323725
v 0.714498 7.420936 0.323725
v 0.718430 7.418726 0.323725
v 0.726868 7.411896 0.323725
v 0.728877 7.404123 0.323725
v 0.724114 7.394576 0.323725
v 0.712417 7.391222 0.323725
v 0.697463 7.399457 0.323725
v 0.704590 7.406507 0.323725
v 0.708948 7.402640 0.323725
v 0.713497 7.401026 0.323725
v 0.717054 7.401906 0.323725
v 0.718500 7.404260 0.323725
v 0.713943 7.409449 0.323725
v 0.710324 7.411482 0.323725
v 0.700331 7.425417 0.323725
v 0.704770 7.434112 0.323725
v 0.238041 7.458928 0.317188
v 0.224244 7.447146 0.317188
v 0.232953 7.450204 0.317188
v 0.241371 7.446380 0.317188
v 0.244273 7.437356 0.317188
v 0.240533 7.428572 0.317188
v 0.231966 7.425569 0.317188
v 0.223472 7.429476 0.317188
v 0.220454 7.438586 0.317188
v 0.230953 7.460664 0.317188
v 0.216731 7.455613 0.317188
v 0.209473 7.439157 0.317188
v 0.214782 7.422740 0.317188
v 0.229388 7.415653 0.317188
v 0.236665 7.416574 0.317188
v 0.242952 7.420452 0.317188
v 0.241482 7.413009 0.317188
v 0.237502 7.409646 0.317188
v 0.230301 7.408619 0.317188
v 0.224342 7.409857 0.317188
v 0.220324 7.412858 0.317188
v 0.208192 7.413443 0.317188
v 0.212300 7.405630 0.317188
v 0.219488 7.400536 0.317188
v 0.230253 7.398401 0.317188
v 0.248693 7.404621 0.317188
v 0.253956 7.420770 0.317188
v 0.255768 7.458336 0.317188
v 0.244805 7.458865 0.317188
v 0.244572 7.454028 0.317188
v 0.244572 7.454028 0.323725
v 0.238041 7.458928 0.323725
v 0.244805 7.458865 0.323725
v 0.255768 7.458336 0.323725
v 0.253956 7.420770 0.323725
v 0.248693 7.404621 0.323725
v 0.230253 7.398401 0.323725
v 0.219488 7.400536 0.323725
v 0.212300 7.405630 0.323725
v 0.208192 7.413443 0.323725
v 0.220324 7.412858 0.323725
v 0.224342 7.409857 0.323725
v 0.230301 7.408619 0.323725
v 0.237502 7.409646 0.323725
v 0.241482 7.413009 0.323725
v 0.242952 7.420452 0.323725
v 0.236665 7.416574 0.323725
v 0.229388 7.415653 0.323725
v 0.214782 7.422740 0.323725
v 0.209473 7.439157 0.323725
v 0.216731 7.455613 0.323725
v 0.230953 7.460664 0.323725
v 0.220454 7.438586 0.323725
v 0.224244 7.447146 0.323725
v 0.223472 7.429476 0.323725
v 0.231966 7.425569 0.323725
v 0.240533 7.428572 0.323725
v 0.244273 7.437356 0.323725
v 0.241371 7.446380 0.323725
v 0.232953 7.450204 0.323725
v 0.220454 7.438586 0.327621
v 0.224244 7.447146 0.327621
v 0.223472 7.429476 0.327621
v 0.231966 7.425569 0.327621
v 0.240533 7.428572 0.327621
v 0.244273 7.437356 0.327621
v 0.241371 7.446380 0.327621
v 0.232953 7.450204 0.327621
v 0.538518 7.444434 0.317188
v 0.524721 7.432652 0.317188
v 0.533431 7.435709 0.317188
v 0.541848 7.431886 0.317188
v 0.544750 7.422862 0.317188
v 0.541010 7.414078 0.317188
v 0.532443 7.411075 0.317188
v 0.523949 7.414981 0.317188
v 0.520931 7.424092 0.317188
v 0.531430 7.446170 0.317188
v 0.517208 7.441119 0.317188
v 0.509950 7.424663 0.317188
v 0.515259 7.408246 0.317188
v 0.529865 7.401158 0.317188
v 0.537142 7.402080 0.317188
v 0.543429 7.405958 0.317188
v 0.541959 7.398515 0.317188
v 0.537979 7.395152 0.317188
v 0.530778 7.394125 0.317188
v 0.524819 7.395362 0.317188
v 0.520802 7.398364 0.317188
v 0.508669 7.398949 0.317188
v 0.512777 7.391135 0.317188
v 0.519965 7.386042 0.317188
v 0.530730 7.383907 0.317188
v 0.549170 7.390127 0.317188
v 0.554433 7.406276 0.317188
v 0.556246 7.443842 0.317188
v 0.545282 7.444371 0.317188
v 0.545049 7.439533 0.317188
v 0.545049 7.439533 0.323725
v 0.538518 7.444434 0.323725
v 0.545282 7.444371 0.323725
v 0.556246 7.443842 0.323725
v 0.554433 7.406276 0.323725
v 0.549170 7.390127 0.323725
v 0.530730 7.383907 0.323725
v 0.519965 7.386042 0.323725
v 0.512777 7.391135 0.323725
v 0.508669 7.398949 0.323725
v 0.520802 7.398364 0.323725
v 0.524819 7.395362 0.323725
v 0.530778 7.394125 0.323725
v 0.537979 7.395152 0.323725
v 0.541959 7.398515 0.323725
v 0.543429 7.405958 0.323725
v 0.537142 7.402080 0.323725
v 0.529865 7.401158 0.323725
v 0.515259 7.408246 0.323725
v 0.509950 7.424663 0.323725
v 0.517208 7.441119 0.323725
v 0.531430 7.446170 0.323725
v 0.520931 7.424092 0.323725
v 0.524721 7.432652 0.323725
v 0.523949 7.414981 0.323725
v 0.532443 7.411075 0.323725
v 0.541010 7.414078 0.323725
v 0.544750 7.422862 0.323725
v 0.541848 7.431886 0.323725
v 0.533431 7.435709 0.323725
v 0.520931 7.424092 0.327621
v 0.524721 7.432652 0.327621
v 0.523949 7.414981 0.327621
v 0.532443 7.411075 0.327621
v 0.541010 7.414078 0.327621
v 0.544750 7.422862 0.327621
v 0.541848 7.431886 0.327621
v 0.533431 7.435709 0.327621
v 0.036020 7.473258 0.317188
v 0.036556 7.484384 0.317188
v 0.003787 7.485964 0.317188
v 0.003250 7.474839 0.317188
v 0.013770 7.474332 0.317188
v 0.011447 7.426166 0.317188
v 0.022894 7.425613 0.317188
v 0.025217 7.473780 0.317188
v 0.036020 7.473258 0.323725
v 0.036556 7.484384 0.323725
v 0.025217 7.473780 0.323725
v 0.022894 7.425613 0.323725
v 0.011447 7.426166 0.323725
v 0.013770 7.474332 0.323725
v 0.003250 7.474839 0.323725
v 0.003787 7.485964 0.323725
v 0.202613 7.476898 0.317188
v 0.197750 7.479234 0.317188
v 0.192707 7.477417 0.317188
v 0.190418 7.472558 0.317188
v 0.192241 7.467319 0.317188
v 0.197143 7.464961 0.317188
v 0.202145 7.466801 0.317188
v 0.204437 7.471720 0.317188
v 0.202613 7.476898 0.323725
v 0.197750 7.479234 0.323725
v 0.204437 7.471720 0.323725
v 0.202145 7.466801 0.323725
v 0.197143 7.464961 0.323725
v 0.192241 7.467319 0.323725
v 0.190418 7.472558 0.323725
v 0.192707 7.477417 0.323725
v 0.313832 7.448586 0.317188
v 0.314911 7.470957 0.317188
v 0.303464 7.471509 0.317188
v 0.300604 7.412217 0.317188
v 0.312051 7.411665 0.317188
v 0.313305 7.437663 0.317188
v 0.333096 7.436708 0.317188
v 0.331842 7.410710 0.317188
v 0.343249 7.410161 0.317188
v 0.346109 7.469452 0.317188
v 0.334702 7.470002 0.317188
v 0.333623 7.447631 0.317188
v 0.313832 7.448586 0.323725
v 0.314911 7.470957 0.323725
v 0.333623 7.447631 0.323725
v 0.334702 7.470002 0.323725
v 0.346109 7.469452 0.323725
v 0.343249 7.410161 0.323725
v 0.331842 7.410710 0.323725
v 0.333096 7.436708 0.323725
v 0.313305 7.437663 0.323725
v 0.312051 7.411665 0.323725
v 0.300604 7.412217 0.323725
v 0.303464 7.471509 0.323725
v 0.054128 7.485031 0.317188
v 0.054128 7.485031 0.323725
v 0.043205 7.485557 0.323725
v 0.043205 7.485557 0.317188
v 0.053097 7.463668 0.317188
v 0.053097 7.463668 0.323725
v 0.040273 7.424775 0.317188
v 0.051196 7.424248 0.317188
v 0.052045 7.441862 0.317188
v 0.052965 7.450868 0.317188
v 0.056581 7.456753 0.317188
v 0.062432 7.458693 0.317188
v 0.066701 7.457153 0.317188
v 0.068985 7.453004 0.317188
v 0.069213 7.442650 0.317188
v 0.068286 7.423424 0.317188
v 0.079129 7.422901 0.317188
v 0.080527 7.451881 0.317188
v 0.077251 7.463553 0.317188
v 0.066465 7.468599 0.317188
v 0.059788 7.467526 0.317188
v 0.040273 7.424775 0.323725
v 0.059788 7.467526 0.323725
v 0.066465 7.468599 0.323725
v 0.077251 7.463553 0.323725
v 0.080527 7.451881 0.323725
v 0.079129 7.422901 0.323725
v 0.068286 7.423424 0.323725
v 0.069213 7.442650 0.323725
v 0.068985 7.453004 0.323725
v 0.066701 7.457153 0.323725
v 0.062432 7.458693 0.323725
v 0.056581 7.456753 0.323725
v 0.052965 7.450868 0.323725
v 0.052045 7.441862 0.323725
v 0.051196 7.424248 0.323725
v 0.112569 7.466375 0.317188
v 0.112569 7.466375 0.323725
v 0.096025 7.460526 0.323725
v 0.096025 7.460526 0.317188
v 0.129097 7.458931 0.317188
v 0.129097 7.458931 0.323725
v 0.104503 7.454837 0.317188
v 0.112662 7.457016 0.317188
v 0.119963 7.454373 0.317188
v 0.123956 7.448232 0.317188
v 0.100213 7.449377 0.317188
v 0.088752 7.444172 0.317188
v 0.094455 7.427555 0.317188
v 0.110949 7.420235 0.317188
v 0.122550 7.422038 0.317188
v 0.131204 7.428913 0.317188
v 0.122143 7.433713 0.317188
v 0.111335 7.429912 0.317188
v 0.102983 7.433082 0.317188
v 0.099251 7.440716 0.317188
v 0.134600 7.439011 0.317188
v 0.134741 7.441105 0.317188
v 0.088752 7.444172 0.323725
v 0.134741 7.441105 0.323725
v 0.134600 7.439011 0.323725
v 0.099251 7.440716 0.323725
v 0.102983 7.433082 0.323725
v 0.111335 7.429912 0.323725
v 0.122143 7.433713 0.323725
v 0.131204 7.428913 0.323725
v 0.122550 7.422038 0.323725
v 0.110949 7.420235 0.323725
v 0.094455 7.427555 0.323725
v 0.100213 7.449377 0.323725
v 0.104503 7.454837 0.323725
v 0.123956 7.448232 0.323725
v 0.119963 7.454373 0.323725
v 0.112662 7.457016 0.323725
v 0.100213 7.449377 0.327621
v 0.104503 7.454837 0.327621
v 0.123956 7.448232 0.327621
v 0.119963 7.454373 0.327621
v 0.112662 7.457016 0.327621
v 0.155985 7.478623 0.317188
v 0.155985 7.478623 0.323725
v 0.146662 7.479073 0.323725
v 0.146662 7.479073 0.317188
v 0.167799 7.477002 0.317188
v 0.167799 7.477002 0.323725
v 0.157454 7.467734 0.317188
v 0.160353 7.467594 0.317188
v 0.166031 7.465692 0.317188
v 0.167711 7.461208 0.317188
v 0.165492 7.456612 0.317188
v 0.159310 7.455183 0.317188
v 0.156375 7.445154 0.317188
v 0.158707 7.445042 0.317188
v 0.168092 7.442378 0.317188
v 0.170657 7.436224 0.317188
v 0.167976 7.431209 0.317188
v 0.158461 7.429899 0.317188
v 0.155646 7.430035 0.317188
v 0.156854 7.455301 0.317188
v 0.143802 7.419781 0.317188
v 0.160427 7.418979 0.317188
v 0.171782 7.420471 0.317188
v 0.178737 7.426297 0.317188
v 0.181758 7.435282 0.317188
v 0.179694 7.444411 0.317188
v 0.172101 7.451140 0.317188
v 0.177005 7.456095 0.317188
v 0.178733 7.462173 0.317188
v 0.176021 7.471353 0.317188
v 0.143802 7.419781 0.323725
v 0.176021 7.471353 0.323725
v 0.178733 7.462173 0.323725
v 0.177005 7.456095 0.323725
v 0.172101 7.451140 0.323725
v 0.179694 7.444411 0.323725
v 0.181758 7.435282 0.323725
v 0.178737 7.426297 0.323725
v 0.171782 7.420471 0.323725
v 0.160427 7.418979 0.323725
v 0.156854 7.455301 0.323725
v 0.157454 7.467734 0.323725
v 0.159310 7.455183 0.323725
v 0.155646 7.430035 0.323725
v 0.156375 7.445154 0.323725
v 0.158461 7.429899 0.323725
v 0.167976 7.431209 0.323725
v 0.170657 7.436224 0.323725
v 0.168092 7.442378 0.323725
v 0.158707 7.445042 0.323725
v 0.165492 7.456612 0.323725
v 0.167711 7.461208 0.323725
v 0.166031 7.465692 0.323725
v 0.160353 7.467594 0.323725
v 0.156854 7.455301 0.327621
v 0.157454 7.467734 0.327621
v 0.159310 7.455183 0.327621
v 0.155646 7.430035 0.327621
v 0.156375 7.445154 0.327621
v 0.158461 7.429899 0.327621
v 0.167976 7.431209 0.327621
v 0.170657 7.436224 0.327621
v 0.168092 7.442378 0.327621
v 0.158707 7.445042 0.327621
v 0.165492 7.456612 0.327621
v 0.167711 7.461208 0.327621
v 0.166031 7.465692 0.327621
v 0.160353 7.467594 0.327621
v 0.200265 7.417058 0.317188
v 0.202381 7.460911 0.317188
v 0.191377 7.461442 0.317188
v 0.189262 7.417588 0.317188
v 0.200265 7.417058 0.323725
v 0.202381 7.460911 0.323725
v 0.189262 7.417588 0.323725
v 0.191377 7.461442 0.323725
v 0.287579 7.429611 0.317188
v 0.288073 7.439850 0.317188
v 0.267597 7.440838 0.317188
v 0.267103 7.430599 0.317188
v 0.287579 7.429611 0.323725
v 0.288073 7.439850 0.323725
v 0.267103 7.430599 0.323725
v 0.267597 7.440838 0.323725
v 0.364211 7.449711 0.317188
v 0.367408 7.469919 0.317188
v 0.356687 7.470436 0.317188
v 0.357923 7.450015 0.317188
v 0.364211 7.449711 0.323725
v 0.367408 7.469919 0.323725
v 0.357923 7.450015 0.323725
v 0.356687 7.470436 0.323725
v 0.426843 7.465557 0.317188
v 0.426843 7.465557 0.323725
v 0.414885 7.466134 0.323725
v 0.414885 7.466134 0.317188
v 0.440749 7.463129 0.317188
v 0.440749 7.463129 0.323725
v 0.425671 7.454554 0.317188
v 0.428751 7.454405 0.317188
v 0.434877 7.453484 0.317188
v 0.437457 7.451303 0.317188
v 0.438294 7.447895 0.317188
v 0.436050 7.443325 0.317188
v 0.428606 7.442273 0.317188
v 0.425087 7.442442 0.317188
v 0.412025 7.406843 0.317188
v 0.423311 7.406298 0.317188
v 0.424522 7.431409 0.317188
v 0.425555 7.431359 0.317188
v 0.437677 7.405605 0.317188
v 0.450015 7.405010 0.317188
v 0.437241 7.432048 0.317188
v 0.445971 7.437586 0.317188
v 0.449243 7.447226 0.317188
v 0.447172 7.456981 0.317188
v 0.412025 7.406843 0.323725
v 0.447172 7.456981 0.323725
v 0.449243 7.447226 0.323725
v 0.445971 7.437586 0.323725
v 0.437241 7.432048 0.323725
v 0.450015 7.405010 0.323725
v 0.437677 7.405605 0.323725
v 0.425555 7.431359 0.323725
v 0.424522 7.431409 0.323725
v 0.423311 7.406298 0.323725
v 0.425087 7.442442 0.323725
v 0.425671 7.454554 0.323725
v 0.428606 7.442273 0.323725
v 0.436050 7.443325 0.323725
v 0.438294 7.447895 0.323725
v 0.437457 7.451303 0.323725
v 0.434877 7.453484 0.323725
v 0.428751 7.454405 0.323725
v 0.425087 7.442442 0.327621
v 0.425671 7.454554 0.327621
v 0.428606 7.442273 0.327621
v 0.436050 7.443325 0.327621
v 0.438294 7.447895 0.327621
v 0.437457 7.451303 0.327621
v 0.434877 7.453484 0.327621
v 0.428751 7.454405 0.327621
v 0.480736 7.448616 0.317188
v 0.480736 7.448616 0.323725
v 0.464192 7.442767 0.323725
v 0.464192 7.442767 0.317188
v 0.497264 7.441172 0.317188
v 0.497264 7.441172 0.323725
v 0.472670 7.437078 0.317188
v 0.480829 7.439257 0.317188
v 0.488130 7.436614 0.317188
v 0.492122 7.430472 0.317188
v 0.468380 7.431617 0.317188
v 0.456919 7.426412 0.317188
v 0.462622 7.409795 0.317188
v 0.479116 7.402475 0.317188
v 0.490717 7.404279 0.317188
v 0.499371 7.411153 0.317188
v 0.490310 7.415954 0.317188
v 0.479502 7.412152 0.317188
v 0.471150 7.415323 0.317188
v 0.467418 7.422957 0.317188
v 0.502767 7.421252 0.317188
v 0.502908 7.423346 0.317188
v 0.456919 7.426412 0.323725
v 0.502908 7.423346 0.323725
v 0.502767 7.421252 0.323725
v 0.467418 7.422957 0.323725
v 0.471150 7.415323 0.323725
v 0.479502 7.412152 0.323725
v 0.490310 7.415954 0.323725
v 0.499371 7.411153 0.323725
v 0.490717 7.404279 0.323725
v 0.479116 7.402475 0.323725
v 0.462622 7.409795 0.323725
v 0.468380 7.431617 0.323725
v 0.472670 7.437078 0.323725
v 0.492122 7.430472 0.323725
v 0.488130 7.436614 0.323725
v 0.480829 7.439257 0.323725
v 0.468380 7.431617 0.327621
v 0.472670 7.437078 0.327621
v 0.492122 7.430472 0.327621
v 0.488130 7.436614 0.327621
v 0.480829 7.439257 0.327621
v 0.585970 7.443539 0.317188
v 0.585970 7.443539 0.323725
v 0.571082 7.437752 0.323725
v 0.571082 7.437752 0.317188
v 0.593305 7.441690 0.317188
v 0.593305 7.441690 0.323725
v 0.579110 7.430026 0.317188
v 0.587718 7.433209 0.317188
v 0.596141 7.429265 0.317188
v 0.599094 7.419877 0.317188
v 0.595242 7.410635 0.317188
v 0.586516 7.407459 0.317188
v 0.578278 7.411515 0.317188
v 0.575310 7.420984 0.317188
v 0.564280 7.421395 0.317188
v 0.569690 7.404712 0.317188
v 0.584066 7.397413 0.317188
v 0.591157 7.398424 0.317188
v 0.597832 7.402526 0.317188
v 0.597608 7.397891 0.317188
v 0.608612 7.397360 0.317188
v 0.610728 7.441214 0.317188
v 0.599724 7.441745 0.317188
v 0.599491 7.436907 0.317188
v 0.564280 7.421395 0.323725
v 0.599491 7.436907 0.323725
v 0.599724 7.441745 0.323725
v 0.610728 7.441214 0.323725
v 0.608612 7.397360 0.323725
v 0.597608 7.397891 0.323725
v 0.597832 7.402526 0.323725
v 0.591157 7.398424 0.323725
v 0.584066 7.397413 0.323725
v 0.569690 7.404712 0.323725
v 0.575310 7.420984 0.323725
v 0.579110 7.430026 0.323725
v 0.578278 7.411515 0.323725
v 0.586516 7.407459 0.323725
v 0.595242 7.410635 0.323725
v 0.599094 7.419877 0.323725
v 0.596141 7.429265 0.323725
v 0.587718 7.433209 0.323725
v 0.575310 7.420984 0.327621
v 0.579110 7.430026 0.327621
v 0.578278 7.411515 0.327621
v 0.586516 7.407459 0.327621
v 0.595242 7.410635 0.327621
v 0.599094 7.419877 0.327621
v 0.596141 7.429265 0.327621
v 0.587718 7.433209 0.327621
v 0.638379 7.441011 0.317188
v 0.638379 7.441011 0.323725
v 0.632735 7.439586 0.323725
v 0.632735 7.439586 0.317188
v 0.642799 7.439667 0.317188
v 0.642799 7.439667 0.323725
v 0.628425 7.434825 0.317188
v 0.628692 7.440347 0.317188
v 0.619260 7.440802 0.317188
v 0.617144 7.396948 0.317188
v 0.628067 7.396421 0.317188
v 0.628923 7.414156 0.317188
v 0.628985 7.416295 0.317188
v 0.631334 7.428544 0.317188
v 0.635779 7.431481 0.317188
v 0.638916 7.430359 0.317188
v 0.628425 7.434825 0.323725
v 0.638916 7.430359 0.323725
v 0.635779 7.431481 0.323725
v 0.631334 7.428544 0.323725
v 0.628985 7.416295 0.323725
v 0.628923 7.414156 0.323725
v 0.628067 7.396421 0.323725
v 0.617144 7.396948 0.323725
v 0.619260 7.440802 0.323725
v 0.628692 7.440347 0.323725
v 0.692442 7.454240 0.317188
v 0.692442 7.454240 0.323725
v 0.681438 7.454771 0.323725
v 0.681438 7.454771 0.317188
v 0.689510 7.393457 0.317188
v 0.689510 7.393457 0.323725
v 0.680388 7.433005 0.317188
v 0.674202 7.437788 0.317188
v 0.666867 7.439637 0.317188
v 0.651979 7.433850 0.317188
v 0.660008 7.426124 0.317188
v 0.668616 7.429307 0.317188
v 0.677039 7.425363 0.317188
v 0.679992 7.415975 0.317188
v 0.676140 7.406734 0.317188
v 0.667413 7.403556 0.317188
v 0.659175 7.407612 0.317188
v 0.656207 7.417082 0.317188
v 0.645178 7.417492 0.317188
v 0.650587 7.400809 0.317188
v 0.664964 7.393510 0.317188
v 0.672055 7.394521 0.317188
v 0.678730 7.398623 0.317188
v 0.678506 7.393988 0.317188
v 0.680388 7.433005 0.323725
v 0.678506 7.393988 0.323725
v 0.678730 7.398623 0.323725
v 0.672055 7.394521 0.323725
v 0.664964 7.393510 0.323725
v 0.650587 7.400809 0.323725
v 0.645178 7.417492 0.323725
v 0.651979 7.433850 0.323725
v 0.656207 7.417082 0.323725
v 0.660008 7.426124 0.323725
v 0.659175 7.407612 0.323725
v 0.667413 7.403556 0.323725
v 0.676140 7.406734 0.323725
v 0.679992 7.415975 0.323725
v 0.677039 7.425363 0.323725
v 0.668616 7.429307 0.323725
v 0.666867 7.439637 0.323725
v 0.674202 7.437788 0.323725
v 0.656207 7.417082 0.327621
v 0.660008 7.426124 0.327621
v 0.659175 7.407612 0.327621
v 0.667413 7.403556 0.327621
v 0.676140 7.406734 0.327621
v 0.679992 7.415975 0.327621
v 0.677039 7.425363 0.327621
v 0.668616 7.429307 0.327621
vt 0.625000 0.035053
vt 0.680915 0.000000
vt 0.819085 0.000000
vt 0.875000 0.035053
vt 0.875000 0.215029
vt 0.819085 0.250000
vt 0.680915 0.250000
vt 0.625000 0.215029
vt 0.625000 0.215029
vt 0.625000 0.035053
vt 0.385470 0.000000
vt 0.625000 0.944085
vt 0.385470 0.943165
vt 0.385385 0.806375
vt 0.625000 0.805915
vt 0.625000 0.714947
vt 0.377489 0.712188
vt 0.375000 0.537086
vt 0.625000 0.534971
vt 0.375000 0.440459
vt 0.625000 0.444085
vt 0.375000 0.309541
vt 0.625000 0.305915
vt 0.377489 0.037812
vt 0.377489 0.037812
vt 0.392807 0.037642
vt 0.394601 0.037622
vt 0.395609 0.037610
vt 0.396927 0.037596
vt 0.397755 0.037586
vt 0.397873 0.037585
vt 0.396958 0.037595
vt 0.394442 0.037623
vt 0.395388 0.037613
vt 0.395229 0.037615
vt 0.391768 0.037653
vt 0.385606 0.037722
vt 0.380221 0.037782
vt 0.379363 0.037791
vt 0.380458 0.037779
vt 0.382646 0.037755
vt 0.380932 0.037774
vt 0.381854 0.037764
vt 0.395059 0.037616
vt 0.392466 0.037645
vt 0.388874 0.037685
vt 0.390586 0.037666
vt 0.394174 0.037626
vt 0.401153 0.037548
vt 0.380325 0.037781
vt 0.381289 0.037770
vt 0.389199 0.037682
vt 0.390856 0.037663
vt 0.382954 0.037751
vt 0.383913 0.037741
vt 0.384268 0.037737
vt 0.385169 0.037727
vt 0.392154 0.037649
vt 0.391628 0.037655
vt 0.404700 0.037509
vt 0.404739 0.037509
vt 0.402739 0.037531
vt 0.404386 0.037512
vt 0.405253 0.037503
vt 0.405181 0.037504
vt 0.404452 0.037512
vt 0.402327 0.037535
vt 0.401371 0.037546
vt 0.395790 0.037608
vt 0.393004 0.037639
vt 0.392566 0.037644
vt 0.393899 0.037629
vt 0.396323 0.037602
vt 0.398141 0.037582
vt 0.396071 0.037605
vt 0.396103 0.037605
vt 0.396701 0.037598
vt 0.397329 0.037591
vt 0.398316 0.037580
vt 0.399357 0.037569
vt 0.402325 0.037535
vt 0.405189 0.037504
vt 0.408215 0.037470
vt 0.410420 0.037445
vt 0.389691 0.037676
vt 0.390695 0.037665
vt 0.392488 0.037645
vt 0.395102 0.037616
vt 0.398699 0.037576
vt 0.401888 0.037540
vt 0.406550 0.037488
vt 0.401272 0.037547
vt 0.400306 0.037558
vt 0.404039 0.037516
vt 0.410685 0.037442
vt 0.411410 0.037434
vt 0.408461 0.037467
vt 0.411384 0.037434
vt 0.413047 0.037416
vt 0.412436 0.037423
vt 0.414716 0.037397
vt 0.419584 0.037343
vt 0.420594 0.037332
vt 0.421902 0.037317
vt 0.422727 0.037308
vt 0.422849 0.037307
vt 0.421947 0.037317
vt 0.419457 0.037344
vt 0.420388 0.037334
vt 0.420225 0.037336
vt 0.416787 0.037374
vt 0.410692 0.037442
vt 0.405387 0.037501
vt 0.404552 0.037511
vt 0.405638 0.037499
vt 0.407802 0.037474
vt 0.406112 0.037493
vt 0.407030 0.037483
vt 0.420078 0.037338
vt 0.415455 0.037389
vt 0.410166 0.037448
vt 0.409121 0.037460
vt 0.410263 0.037447
vt 0.412359 0.037424
vt 0.410672 0.037442
vt 0.411594 0.037432
vt 0.426779 0.037263
vt 0.427490 0.037255
vt 0.412309 0.037424
vt 0.413100 0.037415
vt 0.415024 0.037394
vt 0.413638 0.037409
vt 0.413514 0.037411
vt 0.414282 0.037402
vt 0.417292 0.037369
vt 0.422212 0.037314
vt 0.416940 0.037372
vt 0.415903 0.037384
vt 0.417044 0.037371
vt 0.419137 0.037348
vt 0.411544 0.037433
vt 0.412470 0.037422
vt 0.433517 0.037188
vt 0.431971 0.037205
vt 0.430002 0.037227
vt 0.431635 0.037209
vt 0.432498 0.037199
vt 0.432430 0.037200
vt 0.431711 0.037208
vt 0.429605 0.037231
vt 0.428656 0.037242
vt 0.423128 0.037304
vt 0.420381 0.037334
vt 0.419959 0.037339
vt 0.421286 0.037324
vt 0.423690 0.037297
vt 0.425478 0.037277
vt 0.423423 0.037300
vt 0.423452 0.037300
vt 0.424041 0.037293
vt 0.424662 0.037286
vt 0.425642 0.037275
vt 0.426675 0.037264
vt 0.429618 0.037231
vt 0.432452 0.037200
vt 0.435437 0.037166
vt 0.435815 0.037162
vt 0.432600 0.037198
vt 0.431011 0.037216
vt 0.431986 0.037205
vt 0.431863 0.037206
vt 0.428378 0.037245
vt 0.416689 0.037375
vt 0.417422 0.037367
vt 0.421550 0.037321
vt 0.422292 0.037313
vt 0.428399 0.037245
vt 0.425863 0.037273
vt 0.424269 0.037291
vt 0.425249 0.037280
vt 0.425128 0.037281
vt 0.421637 0.037320
vt 0.425333 0.037279
vt 0.426259 0.037269
vt 0.424807 0.037285
vt 0.422568 0.037310
vt 0.416538 0.037377
vt 0.416396 0.037379
vt 0.412749 0.037419
vt 0.403259 0.037525
vt 0.413581 0.037410
vt 0.412554 0.037421
vt 0.402724 0.037531
vt 0.402638 0.037532
vt 0.411359 0.037435
vt 0.408611 0.037465
vt 0.403751 0.037520
vt 0.394691 0.037621
vt 0.393037 0.037639
vt 0.402105 0.037538
vt 0.400370 0.037557
vt 0.401317 0.037547
vt 0.399861 0.037563
vt 0.397608 0.037588
vt 0.391891 0.037652
vt 0.377489 0.037812
vt 0.377489 0.037812
vt 0.378841 0.037797
vt 0.381754 0.037765
vt 0.385140 0.037727
vt 0.388123 0.037694
vt 0.389718 0.037676
vt 0.389492 0.037679
vt 0.388108 0.037694
vt 0.377489 0.037812
vt 0.377489 0.037812
vt 0.379938 0.037785
vt 0.380676 0.037777
vt 0.377708 0.037810
vt 0.380685 0.037777
vt 0.382369 0.037758
vt 0.381735 0.037765
vt 0.384043 0.037739
vt 0.385903 0.037719
vt 0.385771 0.037720
vt 0.382085 0.037761
vt 0.377489 0.037812
vt 0.377489 0.037812
vt 0.382719 0.037754
vt 0.381814 0.037764
vt 0.377489 0.037812
vt 0.377489 0.037812
vt 0.380387 0.037780
vt 0.379473 0.037790
vt 0.377489 0.037812
vt 0.377489 0.037812
vt 0.378017 0.037806
vt 0.377489 0.037812
vt 0.377489 0.037812
vt 0.375000 0.212914
vt 0.375000 0.212914
vt 0.625000 0.215029
vt 0.625000 0.035053
vt 0.375000 0.940969
vt 0.375000 0.805601
vt 0.125000 0.212914
vt 0.125000 0.057857
vt 0.125000 0.068920
vt 0.125000 0.210150
vt 0.184541 0.250000
vt 0.180915 0.250000
vt 0.319085 0.250000
vt 0.315459 0.250000
vt 0.377483 0.038194
vt 0.377275 0.052880
vt 0.377265 0.053571
vt 0.377218 0.056870
vt 0.377248 0.054732
vt 0.377296 0.051379
vt 0.377285 0.052114
vt 0.377248 0.054739
vt 0.377259 0.054000
vt 0.377351 0.047497
vt 0.377339 0.048317
vt 0.377340 0.048276
vt 0.377371 0.046101
vt 0.377426 0.042256
vt 0.377467 0.039339
vt 0.377400 0.044079
vt 0.377387 0.044965
vt 0.377434 0.041651
vt 0.377358 0.047008
vt 0.377368 0.046330
vt 0.377385 0.045133
vt 0.377417 0.042853
vt 0.377461 0.039751
vt 0.377488 0.037899
vt 0.377475 0.038759
vt 0.377487 0.037926
vt 0.377464 0.039549
vt 0.377449 0.040601
vt 0.377424 0.042391
vt 0.377403 0.043812
vt 0.377399 0.044098
vt 0.377414 0.043064
vt 0.377439 0.041291
vt 0.377460 0.039843
vt 0.377489 0.037812
vt 0.377458 0.040006
vt 0.377411 0.043276
vt 0.377391 0.044705
vt 0.377381 0.045428
vt 0.377384 0.045156
vt 0.377407 0.043528
vt 0.377447 0.040760
vt 0.375000 0.212914
vt 0.625000 0.177840
vt 0.625000 0.035053
vt 0.318625 0.000000
vt 0.318625 0.000000
vt 0.288045 0.000000
vt 0.211955 0.000000
vt 0.181375 0.000000
vt 0.181375 0.000000
vt 0.375000 0.719117
vt 0.125000 0.250000
vt 0.125000 0.000000
vt 0.180915 0.000000
vt 0.319085 0.000000
vt 0.375000 0.210150
vt 0.375000 0.068920
vt 0.402240 0.037536
vt 0.400000 0.213126
vt 0.625000 0.071920
vt 0.375000 0.000000
vt 0.181311 0.000000
vt 0.180979 0.000000
vt 0.180915 0.000000
vt 0.319085 0.000000
vt 0.319021 0.000000
vt 0.318689 0.000000
vt 0.284353 0.000000
vt 0.215647 0.000000
vt 0.211360 0.000000
vt 0.288640 0.000000
vt 0.376986 0.073204
vt 0.375000 0.212914
vt 0.401787 0.073076
vt 0.400447 0.177931
vt 0.181314 0.000000
vt 0.180986 0.000000
vt 0.319014 0.000000
vt 0.318686 0.000000
vt 0.284327 0.000000
vt 0.215673 0.000000
vt 0.215184 0.000000
vt 0.284816 0.000000
vt 0.375497 0.177941
vt 0.181325 0.000000
vt 0.180971 0.000000
vt 0.319029 0.000000
vt 0.318675 0.000000
vt 0.284327 0.000000
vt 0.215673 0.000000
vt 0.215254 0.000000
vt 0.284746 0.000000
vt 0.181331 0.000000
vt 0.180954 0.000000
vt 0.319046 0.000000
vt 0.318669 0.000000
vt 0.284316 0.000000
vt 0.215684 0.000000
vt 0.215245 0.000000
vt 0.284755 0.000000
vt 0.181353 0.000000
vt 0.180937 0.000000
vt 0.319063 0.000000
vt 0.318647 0.000000
vt 0.284317 0.000000
vt 0.215693 0.000000
vt 0.215236 0.000000
vt 0.284764 0.000000
vt 0.181352 0.000000
vt 0.180939 0.000000
vt 0.319061 0.000000
vt 0.318649 0.000000
vt 0.284762 0.000000
vt 0.215230 0.000000
vt 0.139551 0.989332
vt 0.137974 0.988964
vt 0.135962 0.989687
vt 0.135176 0.991431
vt 0.137263 0.994063
vt 0.137990 0.994427
vt 0.138931 0.995399
vt 0.138670 0.995874
vt 0.137982 0.996079
vt 0.137077 0.995806
vt 0.136188 0.995091
vt 0.134859 0.996538
vt 0.137863 0.998008
vt 0.140121 0.997241
vt 0.140962 0.995328
vt 0.140496 0.993826
vt 0.138780 0.992569
vt 0.137990 0.992174
vt 0.137346 0.991774
vt 0.137215 0.991454
vt 0.137421 0.991071
vt 0.137990 0.990917
vt 0.139468 0.991723
vt 0.140804 0.990387
vt 0.898967 0.491752
vt 0.898967 0.369312
vt 0.897390 0.369312
vt 0.897390 0.491752
vt 0.900220 0.491752
vt 0.900220 0.369312
vt 0.886069 0.495478
vt 0.886069 0.617918
vt 0.887405 0.617918
vt 0.887405 0.495478
vt 0.884591 0.495478
vt 0.884591 0.617918
vt 0.884021 0.495478
vt 0.884021 0.617918
vt 0.893852 0.495478
vt 0.893852 0.617918
vt 0.894235 0.617918
vt 0.894235 0.495478
vt 0.893532 0.495478
vt 0.893532 0.617918
vt 0.893133 0.495478
vt 0.893133 0.617918
vt 0.900753 0.985238
vt 0.900753 0.862798
vt 0.899963 0.862798
vt 0.899963 0.985238
vt 0.909896 0.495478
vt 0.909896 0.617918
vt 0.911153 0.617918
vt 0.911153 0.495478
vt 0.908394 0.495478
vt 0.908394 0.617918
vt 0.906481 0.495478
vt 0.906481 0.617918
vt 0.919885 0.495478
vt 0.919885 0.617918
vt 0.922142 0.617918
vt 0.922142 0.495478
vt 0.916880 0.495478
vt 0.916880 0.617918
vt 0.929197 0.985238
vt 0.929197 0.862798
vt 0.927869 0.862798
vt 0.927869 0.985238
vt 0.930087 0.985238
vt 0.930087 0.862798
vt 0.930992 0.985238
vt 0.930992 0.862798
vt 0.931680 0.985238
vt 0.931680 0.862798
vt 0.924964 0.491752
vt 0.924964 0.369312
vt 0.924489 0.369312
vt 0.924489 0.491752
vt 0.925936 0.491752
vt 0.925936 0.369312
vt 0.917211 0.001992
vt 0.917211 0.124432
vt 0.917939 0.124432
vt 0.917939 0.001992
vt 0.908927 0.491752
vt 0.908927 0.369312
vt 0.906295 0.369312
vt 0.906295 0.491752
vt 0.910671 0.491752
vt 0.910671 0.369312
vt 0.895378 0.369312
vt 0.895378 0.491752
vt 0.897390 0.296337
vt 0.898967 0.296337
vt 0.900220 0.296337
vt 0.887405 0.690893
vt 0.886069 0.690893
vt 0.884591 0.690893
vt 0.884021 0.690893
vt 0.894235 0.690893
vt 0.893852 0.690893
vt 0.893532 0.690893
vt 0.893133 0.690893
vt 0.899963 0.789823
vt 0.900753 0.789823
vt 0.911153 0.690893
vt 0.909896 0.690893
vt 0.908394 0.690893
vt 0.906481 0.690893
vt 0.922142 0.690893
vt 0.919884 0.690893
vt 0.916880 0.690893
vt 0.927869 0.789823
vt 0.929197 0.789823
vt 0.930087 0.789823
vt 0.930992 0.789823
vt 0.931680 0.789823
vt 0.924489 0.296337
vt 0.924963 0.296337
vt 0.925936 0.296337
vt 0.917939 0.197407
vt 0.917211 0.197407
vt 0.906295 0.296337
vt 0.908927 0.296337
vt 0.910671 0.296337
vt 0.895378 0.296337
vt 0.230522 0.989332
vt 0.228945 0.988964
vt 0.226933 0.989687
vt 0.226147 0.991431
vt 0.228234 0.994063
vt 0.228961 0.994427
vt 0.229902 0.995399
vt 0.229641 0.995874
vt 0.228953 0.996079
vt 0.228048 0.995806
vt 0.227159 0.995091
vt 0.225831 0.996538
vt 0.228835 0.998008
vt 0.231092 0.997241
vt 0.231934 0.995328
vt 0.231467 0.993826
vt 0.229752 0.992569
vt 0.228961 0.992174
vt 0.228317 0.991774
vt 0.228186 0.991454
vt 0.228392 0.991071
vt 0.228961 0.990917
vt 0.230439 0.991723
vt 0.231775 0.990387
vt 0.214958 0.985238
vt 0.214958 0.862798
vt 0.213381 0.862798
vt 0.213381 0.985238
vt 0.216211 0.985238
vt 0.216211 0.862798
vt 0.136299 0.495478
vt 0.136299 0.617918
vt 0.137635 0.617918
vt 0.137635 0.495478
vt 0.134820 0.495478
vt 0.134820 0.617918
vt 0.134251 0.495478
vt 0.134251 0.617918
vt 0.144082 0.495478
vt 0.144082 0.617918
vt 0.144465 0.617918
vt 0.144465 0.495478
vt 0.143761 0.495478
vt 0.143761 0.617918
vt 0.143362 0.495478
vt 0.143362 0.617918
vt 0.150983 0.985238
vt 0.150983 0.862798
vt 0.150193 0.862798
vt 0.150193 0.985238
vt 0.160126 0.495478
vt 0.160126 0.617918
vt 0.161383 0.617918
vt 0.161383 0.495478
vt 0.158624 0.495478
vt 0.158624 0.617918
vt 0.156711 0.495478
vt 0.156711 0.617918
vt 0.170114 0.495478
vt 0.170114 0.617918
vt 0.172371 0.617918
vt 0.172371 0.495478
vt 0.167110 0.495478
vt 0.167110 0.617918
vt 0.179427 0.985238
vt 0.179427 0.862798
vt 0.178099 0.862798
vt 0.178099 0.985238
vt 0.180316 0.985238
vt 0.180316 0.862798
vt 0.181222 0.985238
vt 0.181222 0.862798
vt 0.181909 0.985238
vt 0.181909 0.862798
vt 0.188111 0.985238
vt 0.188111 0.862798
vt 0.187637 0.862798
vt 0.187637 0.985238
vt 0.189083 0.985238
vt 0.189083 0.862798
vt 0.194811 0.495478
vt 0.194811 0.617918
vt 0.195538 0.617918
vt 0.195538 0.495478
vt 0.203898 0.985238
vt 0.203898 0.862798
vt 0.201266 0.862798
vt 0.201266 0.985238
vt 0.205642 0.985238
vt 0.205642 0.862798
vt 0.211369 0.862798
vt 0.211369 0.985238
vt 0.213381 0.789823
vt 0.214958 0.789823
vt 0.216211 0.789823
vt 0.137635 0.690893
vt 0.136299 0.690893
vt 0.134820 0.690893
vt 0.134251 0.690893
vt 0.144465 0.690893
vt 0.144082 0.690893
vt 0.143761 0.690893
vt 0.143362 0.690893
vt 0.150193 0.789823
vt 0.150983 0.789823
vt 0.161383 0.690893
vt 0.160126 0.690893
vt 0.158624 0.690893
vt 0.156711 0.690893
vt 0.172371 0.690893
vt 0.170114 0.690893
vt 0.167110 0.690893
vt 0.178099 0.789823
vt 0.179427 0.789823
vt 0.180316 0.789823
vt 0.181222 0.789823
vt 0.181909 0.789823
vt 0.187637 0.789823
vt 0.188111 0.789823
vt 0.189083 0.789823
vt 0.195538 0.690893
vt 0.194811 0.690893
vt 0.201266 0.789823
vt 0.203898 0.789823
vt 0.205642 0.789823
vt 0.211369 0.789823
vt 0.125049 0.495751
vt 0.122461 0.498187
vt 0.124136 0.497506
vt 0.125819 0.498175
vt 0.126472 0.499913
vt 0.125823 0.501667
vt 0.124175 0.502336
vt 0.122476 0.501652
vt 0.121800 0.499897
vt 0.123646 0.495478
vt 0.120911 0.496601
vt 0.119646 0.499889
vt 0.120839 0.503052
vt 0.123764 0.504301
vt 0.125180 0.504052
vt 0.126373 0.503233
vt 0.126156 0.504704
vt 0.125409 0.505399
vt 0.124010 0.505668
vt 0.122832 0.505482
vt 0.122017 0.504933
vt 0.119638 0.504933
vt 0.120515 0.506423
vt 0.121970 0.507352
vt 0.124096 0.507668
vt 0.127646 0.506277
vt 0.128524 0.503067
vt 0.128524 0.495699
vt 0.126373 0.495699
vt 0.126373 0.496648
vt 0.535632 0.491752
vt 0.536957 0.491752
vt 0.536957 0.369312
vt 0.535632 0.369312
vt 0.632511 0.491752
vt 0.632511 0.369312
vt 0.631562 0.369312
vt 0.631562 0.491752
vt 0.624615 0.491752
vt 0.624615 0.369312
vt 0.622465 0.369312
vt 0.622465 0.491752
vt 0.609300 0.001992
vt 0.609300 0.124432
vt 0.616668 0.124432
vt 0.616668 0.001992
vt 0.606090 0.001992
vt 0.606090 0.124432
vt 0.595993 0.001992
vt 0.595993 0.124432
vt 0.599543 0.124432
vt 0.599543 0.001992
vt 0.593867 0.001992
vt 0.593867 0.124432
vt 0.592412 0.001992
vt 0.592412 0.124432
vt 0.591535 0.001992
vt 0.591535 0.124432
vt 0.581178 0.491752
vt 0.581178 0.369312
vt 0.578799 0.369312
vt 0.578799 0.491752
vt 0.581993 0.491752
vt 0.581993 0.369312
vt 0.583170 0.491752
vt 0.583170 0.369312
vt 0.584570 0.491752
vt 0.584570 0.369312
vt 0.570397 0.491752
vt 0.570397 0.369312
vt 0.569702 0.369312
vt 0.569702 0.491752
vt 0.571868 0.491752
vt 0.571868 0.369312
vt 0.561306 0.001992
vt 0.561306 0.124432
vt 0.562500 0.124432
vt 0.562500 0.001992
vt 0.559891 0.001992
vt 0.559891 0.124432
vt 0.556966 0.001992
vt 0.556966 0.124432
vt 0.547392 0.491752
vt 0.547392 0.369312
vt 0.544230 0.369312
vt 0.544230 0.491752
vt 0.550681 0.491752
vt 0.550681 0.369312
vt 0.534229 0.491752
vt 0.534229 0.369312
vt 0.531494 0.369312
vt 0.531494 0.491752
vt 0.671415 0.001992
vt 0.669705 0.001992
vt 0.669705 0.124432
vt 0.671415 0.124432
vt 0.667951 0.001992
vt 0.667951 0.124432
vt 0.660552 0.491752
vt 0.660552 0.369312
vt 0.658853 0.369312
vt 0.658853 0.491752
vt 0.662200 0.491752
vt 0.662200 0.369312
vt 0.649691 0.491752
vt 0.649691 0.369312
vt 0.647937 0.369312
vt 0.647937 0.491752
vt 0.651429 0.491752
vt 0.651429 0.369312
vt 0.640515 0.001992
vt 0.640515 0.124432
vt 0.642198 0.124432
vt 0.642198 0.001992
vt 0.638840 0.001992
vt 0.638840 0.124432
vt 0.535632 0.296337
vt 0.536957 0.296337
vt 0.631562 0.296337
vt 0.632511 0.296337
vt 0.622465 0.296337
vt 0.624615 0.296337
vt 0.616668 0.197407
vt 0.609300 0.197407
vt 0.606090 0.197407
vt 0.599543 0.197407
vt 0.595993 0.197407
vt 0.593867 0.197407
vt 0.592412 0.197407
vt 0.591535 0.197407
vt 0.578799 0.296337
vt 0.581178 0.296337
vt 0.581993 0.296337
vt 0.583170 0.296337
vt 0.584570 0.296337
vt 0.569702 0.296337
vt 0.570397 0.296337
vt 0.571868 0.296337
vt 0.562500 0.197407
vt 0.561306 0.197407
vt 0.559891 0.197407
vt 0.556966 0.197407
vt 0.544230 0.296337
vt 0.547392 0.296337
vt 0.550681 0.296337
vt 0.531494 0.296337
vt 0.534229 0.296337
vt 0.669705 0.197407
vt 0.671415 0.197407
vt 0.667951 0.197407
vt 0.660552 0.296337
vt 0.658853 0.296337
vt 0.662200 0.296337
vt 0.649691 0.296337
vt 0.647937 0.296337
vt 0.651429 0.296337
vt 0.640515 0.197407
vt 0.642198 0.197407
vt 0.638840 0.197407
vt 0.095822 0.495751
vt 0.093234 0.498187
vt 0.094909 0.497506
vt 0.096593 0.498175
vt 0.097246 0.499913
vt 0.096597 0.501667
vt 0.094949 0.502336
vt 0.093250 0.501652
vt 0.092573 0.499897
vt 0.094419 0.495478
vt 0.091684 0.496601
vt 0.090419 0.499889
vt 0.091613 0.503052
vt 0.094538 0.504301
vt 0.095953 0.504052
vt 0.097147 0.503233
vt 0.096929 0.504704
vt 0.096182 0.505399
vt 0.094783 0.505668
vt 0.093605 0.505482
vt 0.092791 0.504933
vt 0.090411 0.504933
vt 0.091289 0.506423
vt 0.092743 0.507352
vt 0.094870 0.507668
vt 0.098419 0.506277
vt 0.099297 0.503067
vt 0.099297 0.495699
vt 0.097147 0.495699
vt 0.097147 0.496648
vt 0.658458 0.985238
vt 0.659782 0.985238
vt 0.659782 0.862798
vt 0.658458 0.862798
vt 0.567841 0.985238
vt 0.567841 0.862798
vt 0.566892 0.862798
vt 0.566892 0.985238
vt 0.575719 0.985238
vt 0.575719 0.862798
vt 0.573568 0.862798
vt 0.573568 0.985238
vt 0.584656 0.495478
vt 0.584656 0.617918
vt 0.592024 0.617918
vt 0.592024 0.495478
vt 0.581446 0.495478
vt 0.581446 0.617918
vt 0.602210 0.495478
vt 0.602210 0.617918
vt 0.605760 0.617918
vt 0.605760 0.495478
vt 0.600083 0.495478
vt 0.600083 0.617918
vt 0.598629 0.495478
vt 0.598629 0.617918
vt 0.597751 0.495478
vt 0.597751 0.617918
vt 0.613867 0.985238
vt 0.613867 0.862798
vt 0.611487 0.862798
vt 0.611487 0.985238
vt 0.614681 0.985238
vt 0.614681 0.862798
vt 0.615859 0.985238
vt 0.615859 0.862798
vt 0.617258 0.985238
vt 0.617258 0.862798
vt 0.623681 0.985238
vt 0.623681 0.862798
vt 0.622986 0.862798
vt 0.622986 0.985238
vt 0.625152 0.985238
vt 0.625152 0.862798
vt 0.635219 0.495478
vt 0.635219 0.617918
vt 0.636413 0.617918
vt 0.636413 0.495478
vt 0.633804 0.495478
vt 0.633804 0.617918
vt 0.630879 0.495478
vt 0.630879 0.617918
vt 0.645303 0.985238
vt 0.645303 0.862798
vt 0.642141 0.862798
vt 0.642141 0.985238
vt 0.648592 0.985238
vt 0.648592 0.862798
vt 0.657054 0.985238
vt 0.657054 0.862798
vt 0.654319 0.862798
vt 0.654319 0.985238
vt 0.533784 0.495478
vt 0.532073 0.495478
vt 0.532073 0.617918
vt 0.533784 0.617918
vt 0.530319 0.495478
vt 0.530319 0.617918
vt 0.541210 0.985238
vt 0.541210 0.862798
vt 0.539511 0.862798
vt 0.539511 0.985238
vt 0.542858 0.985238
vt 0.542858 0.862798
vt 0.550340 0.985238
vt 0.550340 0.862798
vt 0.548586 0.862798
vt 0.548586 0.985238
vt 0.552078 0.985238
vt 0.552078 0.862798
vt 0.559481 0.495478
vt 0.559481 0.617918
vt 0.561164 0.617918
vt 0.561164 0.495478
vt 0.557806 0.495478
vt 0.557806 0.617918
vt 0.658458 0.789823
vt 0.659782 0.789823
vt 0.566892 0.789823
vt 0.567841 0.789823
vt 0.573568 0.789823
vt 0.575719 0.789823
vt 0.592024 0.690893
vt 0.584656 0.690893
vt 0.581446 0.690893
vt 0.605760 0.690893
vt 0.602210 0.690893
vt 0.600083 0.690893
vt 0.598629 0.690893
vt 0.597751 0.690893
vt 0.611487 0.789823
vt 0.613867 0.789823
vt 0.614681 0.789823
vt 0.615859 0.789823
vt 0.617258 0.789823
vt 0.622986 0.789823
vt 0.623681 0.789823
vt 0.625152 0.789823
vt 0.636413 0.690893
vt 0.635219 0.690893
vt 0.633804 0.690893
vt 0.630879 0.690893
vt 0.642141 0.789823
vt 0.645303 0.789823
vt 0.648592 0.789823
vt 0.654319 0.789823
vt 0.657054 0.789823
vt 0.532073 0.690893
vt 0.533784 0.690893
vt 0.530319 0.690893
vt 0.541210 0.789823
vt 0.539511 0.789823
vt 0.542858 0.789823
vt 0.550340 0.789823
vt 0.548586 0.789823
vt 0.552078 0.789823
vt 0.559481 0.690893
vt 0.561164 0.690893
vt 0.557806 0.690893
vt 0.014115 0.497660
vt 0.014115 0.495478
vt 0.007688 0.495478
vt 0.007688 0.497660
vt 0.009751 0.497660
vt 0.009751 0.507107
vt 0.011996 0.507107
vt 0.011996 0.497660
vt 0.083916 0.001992
vt 0.083916 0.124432
vt 0.086098 0.124432
vt 0.086098 0.001992
vt 0.076937 0.001992
vt 0.074819 0.001992
vt 0.074819 0.124432
vt 0.076937 0.124432
vt 0.058444 0.001992
vt 0.058444 0.124432
vt 0.067891 0.124432
vt 0.067891 0.001992
vt 0.049347 0.001992
vt 0.049347 0.124432
vt 0.051592 0.124432
vt 0.051592 0.001992
vt 0.042419 0.491752
vt 0.042419 0.369312
vt 0.032972 0.369312
vt 0.032972 0.491752
vt 0.023875 0.001992
vt 0.023875 0.124432
vt 0.025938 0.124432
vt 0.025938 0.001992
vt 0.016960 0.491752
vt 0.016960 0.369312
vt 0.014778 0.369312
vt 0.014778 0.491752
vt 0.008287 0.491752
vt 0.008287 0.369312
vt 0.001860 0.369312
vt 0.001860 0.491752
vt 0.086098 0.197407
vt 0.083916 0.197407
vt 0.076937 0.197407
vt 0.074819 0.197407
vt 0.058736 0.197407
vt 0.067891 0.197407
vt 0.058444 0.197407
vt 0.051592 0.197407
vt 0.049347 0.197407
vt 0.050359 0.197407
vt 0.032972 0.296337
vt 0.042419 0.296337
vt 0.025938 0.197407
vt 0.023875 0.197407
vt 0.014778 0.296337
vt 0.016960 0.296337
vt 0.001860 0.296337
vt 0.008287 0.296337
vt 0.330064 0.989375
vt 0.329090 0.988964
vt 0.328120 0.989367
vt 0.327718 0.990340
vt 0.328124 0.991348
vt 0.329106 0.991763
vt 0.330067 0.991356
vt 0.330469 0.990371
vt 0.497048 0.491752
vt 0.497048 0.369312
vt 0.496075 0.369312
vt 0.496075 0.491752
vt 0.524377 0.001992
vt 0.523381 0.001992
vt 0.523381 0.124432
vt 0.524377 0.124432
vt 0.522397 0.001992
vt 0.522397 0.124432
vt 0.514281 0.001992
vt 0.514281 0.124432
vt 0.515242 0.124432
vt 0.515242 0.001992
vt 0.513300 0.001992
vt 0.513300 0.124432
vt 0.505210 0.491752
vt 0.505210 0.369312
vt 0.504202 0.369312
vt 0.504202 0.491752
vt 0.506183 0.491752
vt 0.506183 0.369312
vt 0.495105 0.369312
vt 0.495105 0.491752
vt 0.496075 0.296337
vt 0.497048 0.296337
vt 0.524377 0.197407
vt 0.523381 0.197407
vt 0.522397 0.197407
vt 0.514281 0.197407
vt 0.515242 0.197407
vt 0.513300 0.197407
vt 0.504202 0.296337
vt 0.505210 0.296337
vt 0.506183 0.296337
vt 0.495105 0.296337
vt 0.046133 0.515734
vt 0.046133 0.511347
vt 0.043888 0.511347
vt 0.043888 0.522976
vt 0.046133 0.522976
vt 0.046133 0.517877
vt 0.050015 0.517877
vt 0.050015 0.522976
vt 0.052252 0.522976
vt 0.052252 0.511347
vt 0.050015 0.511347
vt 0.050015 0.515734
vt 0.846254 0.001992
vt 0.846254 0.124432
vt 0.850642 0.124432
vt 0.850642 0.001992
vt 0.835337 0.491752
vt 0.839219 0.491752
vt 0.839219 0.369312
vt 0.835337 0.369312
vt 0.828808 0.491752
vt 0.828808 0.369312
vt 0.824421 0.369312
vt 0.824421 0.491752
vt 0.817561 0.491752
vt 0.817561 0.369312
vt 0.815324 0.369312
vt 0.815324 0.491752
vt 0.797130 0.001992
vt 0.797130 0.124432
vt 0.808758 0.124432
vt 0.808758 0.001992
vt 0.788032 0.001992
vt 0.788032 0.124432
vt 0.790269 0.124432
vt 0.790269 0.001992
vt 0.782215 0.491752
vt 0.782215 0.369312
vt 0.777116 0.369312
vt 0.777116 0.491752
vt 0.766199 0.001992
vt 0.766199 0.124432
vt 0.770081 0.124432
vt 0.770081 0.001992
vt 0.755283 0.001992
vt 0.755283 0.124432
vt 0.760382 0.124432
vt 0.760382 0.001992
vt 0.746186 0.001992
vt 0.746186 0.124432
vt 0.748431 0.124432
vt 0.748431 0.001992
vt 0.739620 0.491752
vt 0.739620 0.369312
vt 0.727991 0.369312
vt 0.727991 0.491752
vt 0.721139 0.491752
vt 0.721139 0.369312
vt 0.718894 0.369312
vt 0.718894 0.491752
vt 0.850641 0.197407
vt 0.846254 0.197407
vt 0.835337 0.296337
vt 0.839219 0.296337
vt 0.824421 0.296337
vt 0.828808 0.296337
vt 0.815324 0.296337
vt 0.817561 0.296337
vt 0.808758 0.197407
vt 0.797130 0.197407
vt 0.790269 0.197407
vt 0.788032 0.197407
vt 0.777116 0.296337
vt 0.782215 0.296337
vt 0.770081 0.197407
vt 0.766199 0.197407
vt 0.760382 0.197407
vt 0.755283 0.197407
vt 0.746186 0.197407
vt 0.748431 0.197407
vt 0.727991 0.296337
vt 0.739620 0.296337
vt 0.718894 0.296337
vt 0.721139 0.296337
vt 0.095155 0.491752
vt 0.095155 0.369312
vt 0.093013 0.369312
vt 0.093013 0.491752
vt 0.202729 0.001992
vt 0.198539 0.001992
vt 0.198539 0.124432
vt 0.202729 0.124432
vt 0.035333 0.495478
vt 0.033191 0.495478
vt 0.033191 0.507399
vt 0.035333 0.507399
vt 0.035333 0.503945
vt 0.035428 0.502174
vt 0.036080 0.500988
vt 0.037207 0.500553
vt 0.038057 0.500814
vt 0.038543 0.501605
vt 0.038685 0.503628
vt 0.038685 0.507399
vt 0.040812 0.507399
vt 0.040812 0.501715
vt 0.040061 0.499462
vt 0.037903 0.498577
vt 0.036606 0.498850
vt 0.035333 0.499668
vt 0.114031 0.369312
vt 0.102110 0.369312
vt 0.102110 0.491752
vt 0.114031 0.491752
vt 0.093013 0.296337
vt 0.095155 0.296337
vt 0.187623 0.491752
vt 0.188895 0.491752
vt 0.188895 0.369312
vt 0.187623 0.369312
vt 0.202729 0.197407
vt 0.198539 0.197407
vt 0.190192 0.491752
vt 0.190192 0.369312
vt 0.192350 0.491752
vt 0.192350 0.369312
vt 0.178751 0.001992
vt 0.178751 0.124432
vt 0.181004 0.124432
vt 0.181004 0.001992
vt 0.173067 0.001992
vt 0.173067 0.124432
vt 0.163970 0.001992
vt 0.163970 0.124432
vt 0.166097 0.124432
vt 0.166097 0.001992
vt 0.155005 0.491752
vt 0.155005 0.369312
vt 0.151234 0.369312
vt 0.151234 0.491752
vt 0.157029 0.491752
vt 0.157029 0.369312
vt 0.157819 0.491752
vt 0.157819 0.369312
vt 0.143264 0.001992
vt 0.143264 0.124432
vt 0.144114 0.124432
vt 0.144114 0.001992
vt 0.142137 0.001992
vt 0.142137 0.124432
vt 0.134627 0.001992
vt 0.134627 0.124432
vt 0.135812 0.124432
vt 0.135812 0.001992
vt 0.132856 0.001992
vt 0.132856 0.124432
vt 0.129401 0.001992
vt 0.129401 0.124432
vt 0.120304 0.001992
vt 0.120304 0.124432
vt 0.122446 0.124432
vt 0.122446 0.001992
vt 0.102110 0.296337
vt 0.114031 0.296337
vt 0.103209 0.296337
vt 0.187623 0.296337
vt 0.188895 0.296337
vt 0.190192 0.296337
vt 0.192350 0.296337
vt 0.181004 0.197407
vt 0.178751 0.197407
vt 0.175972 0.197407
vt 0.173067 0.197407
vt 0.166097 0.197407
vt 0.163970 0.197407
vt 0.151234 0.296337
vt 0.155005 0.296337
vt 0.153635 0.296337
vt 0.157029 0.296337
vt 0.157819 0.296337
vt 0.144114 0.197407
vt 0.143264 0.197407
vt 0.142137 0.197407
vt 0.135812 0.197407
vt 0.134627 0.197407
vt 0.132856 0.197407
vt 0.131008 0.197407
vt 0.129401 0.197407
vt 0.122446 0.197407
vt 0.120304 0.197407
vt 0.212638 0.491752
vt 0.212638 0.369312
vt 0.209456 0.369312
vt 0.209456 0.491752
vt 0.215942 0.491752
vt 0.215942 0.369312
vt 0.106561 0.511394
vt 0.103379 0.512695
vt 0.105091 0.513728
vt 0.106667 0.513225
vt 0.108121 0.513673
vt 0.108960 0.514837
vt 0.104303 0.514837
vt 0.102110 0.515964
vt 0.103383 0.519162
vt 0.106679 0.520438
vt 0.108932 0.519976
vt 0.110561 0.518549
vt 0.108742 0.517695
vt 0.106663 0.518541
vt 0.104999 0.517999
vt 0.104197 0.516541
vt 0.111130 0.516541
vt 0.111138 0.516130
vt 0.109865 0.512695
vt 0.228658 0.369312
vt 0.225390 0.369312
vt 0.225390 0.491752
vt 0.228658 0.491752
vt 0.209456 0.296337
vt 0.212638 0.296337
vt 0.286079 0.001992
vt 0.282644 0.001992
vt 0.282644 0.124432
vt 0.286079 0.124432
vt 0.215942 0.296337
vt 0.282233 0.001992
vt 0.282233 0.124432
vt 0.269497 0.001992
vt 0.269497 0.124432
vt 0.276430 0.124432
vt 0.276430 0.001992
vt 0.262219 0.001992
vt 0.262219 0.124432
vt 0.263678 0.124432
vt 0.263678 0.001992
vt 0.251147 0.491752
vt 0.251147 0.369312
vt 0.249483 0.369312
vt 0.249483 0.491752
vt 0.253226 0.491752
vt 0.253226 0.369312
vt 0.255045 0.491752
vt 0.255045 0.369312
vt 0.240477 0.001992
vt 0.240477 0.124432
vt 0.242106 0.124432
vt 0.242106 0.001992
vt 0.238224 0.001992
vt 0.238224 0.124432
vt 0.234928 0.001992
vt 0.234928 0.124432
vt 0.222192 0.369312
vt 0.222192 0.491752
vt 0.293937 0.001992
vt 0.293149 0.001992
vt 0.293149 0.124432
vt 0.293937 0.124432
vt 0.308722 0.491752
vt 0.308722 0.369312
vt 0.304066 0.369312
vt 0.304066 0.491752
vt 0.296967 0.001992
vt 0.296967 0.124432
vt 0.297806 0.124432
vt 0.297806 0.001992
vt 0.295513 0.001992
vt 0.295513 0.124432
vt 0.225390 0.296337
vt 0.228658 0.296337
vt 0.283888 0.197407
vt 0.286079 0.197407
vt 0.282644 0.197407
vt 0.282233 0.197407
vt 0.276430 0.197407
vt 0.269497 0.197407
vt 0.263678 0.197407
vt 0.262219 0.197407
vt 0.249483 0.296337
vt 0.251147 0.296337
vt 0.253226 0.296337
vt 0.255045 0.296337
vt 0.242106 0.197407
vt 0.240477 0.197407
vt 0.238224 0.197407
vt 0.234928 0.197407
vt 0.222192 0.296337
vt 0.224521 0.296337
vt 0.293149 0.197407
vt 0.293937 0.197407
vt 0.308722 0.296337
vt 0.304066 0.296337
vt 0.296967 0.197407
vt 0.297806 0.197407
vt 0.295513 0.197407
vt 0.316811 0.491752
vt 0.316811 0.369312
vt 0.314982 0.369312
vt 0.314982 0.491752
vt 0.319138 0.491752
vt 0.319138 0.369312
vt 0.016606 0.511126
vt 0.014778 0.511126
vt 0.014778 0.522754
vt 0.018038 0.522754
vt 0.020246 0.522355
vt 0.021552 0.521150
vt 0.022058 0.519363
vt 0.021568 0.517596
vt 0.020019 0.516351
vt 0.020932 0.515335
vt 0.021213 0.514130
vt 0.020595 0.512359
vt 0.018933 0.511331
vt 0.016996 0.513242
vt 0.017565 0.513242
vt 0.018694 0.513561
vt 0.019065 0.514422
vt 0.018674 0.515343
vt 0.017478 0.515681
vt 0.016998 0.517671
vt 0.017456 0.517671
vt 0.019317 0.518104
vt 0.019877 0.519283
vt 0.019400 0.520290
vt 0.017550 0.520636
vt 0.016998 0.520636
vt 0.016996 0.515681
vt 0.337528 0.369312
vt 0.325899 0.369312
vt 0.325899 0.491752
vt 0.337528 0.491752
vt 0.314982 0.296337
vt 0.316811 0.296337
vt 0.367853 0.001992
vt 0.366826 0.001992
vt 0.366826 0.124432
vt 0.367853 0.124432
vt 0.319138 0.296337
vt 0.365055 0.001992
vt 0.365055 0.124432
vt 0.363849 0.001992
vt 0.363849 0.124432
vt 0.362833 0.001992
vt 0.362833 0.124432
vt 0.361588 0.001992
vt 0.361588 0.124432
vt 0.359821 0.001992
vt 0.359821 0.124432
vt 0.358035 0.001992
vt 0.358035 0.124432
vt 0.356829 0.001992
vt 0.356829 0.124432
vt 0.347354 0.001992
vt 0.347354 0.124432
vt 0.349562 0.124432
vt 0.349562 0.001992
vt 0.344093 0.001992
vt 0.344093 0.124432
vt 0.441142 0.001992
vt 0.438703 0.001992
vt 0.438703 0.124432
vt 0.441142 0.124432
vt 0.430088 0.491752
vt 0.430088 0.369312
vt 0.429606 0.369312
vt 0.429606 0.491752
vt 0.405280 0.001992
vt 0.402315 0.001992
vt 0.402315 0.124432
vt 0.405280 0.124432
vt 0.393770 0.491752
vt 0.393770 0.369312
vt 0.393218 0.369312
vt 0.393218 0.491752
vt 0.395619 0.491752
vt 0.395619 0.369312
vt 0.385127 0.491752
vt 0.385127 0.369312
vt 0.384120 0.369312
vt 0.384120 0.491752
vt 0.386307 0.491752
vt 0.386307 0.369312
vt 0.375481 0.001992
vt 0.375481 0.124432
vt 0.377342 0.124432
vt 0.377342 0.001992
vt 0.375023 0.001992
vt 0.375023 0.124432
vt 0.431284 0.491752
vt 0.431284 0.369312
vt 0.421429 0.491752
vt 0.421429 0.369312
vt 0.420509 0.369312
vt 0.420509 0.491752
vt 0.422291 0.491752
vt 0.422291 0.369312
vt 0.411980 0.001992
vt 0.411980 0.124432
vt 0.413109 0.124432
vt 0.413109 0.001992
vt 0.411412 0.001992
vt 0.411412 0.124432
vt 0.325899 0.296337
vt 0.337528 0.296337
vt 0.331808 0.296337
vt 0.367853 0.197407
vt 0.366826 0.197407
vt 0.365055 0.197407
vt 0.363849 0.197407
vt 0.363782 0.197407
vt 0.362833 0.197407
vt 0.361588 0.197407
vt 0.359821 0.197407
vt 0.358035 0.197407
vt 0.356829 0.197407
vt 0.349562 0.197407
vt 0.347354 0.197407
vt 0.344093 0.197407
vt 0.438703 0.197407
vt 0.441142 0.197407
vt 0.430088 0.296337
vt 0.429606 0.296337
vt 0.402315 0.197407
vt 0.405280 0.197407
vt 0.393770 0.296337
vt 0.393218 0.296337
vt 0.395619 0.296337
vt 0.385127 0.296337
vt 0.384120 0.296337
vt 0.386307 0.296337
vt 0.375481 0.197407
vt 0.377342 0.197407
vt 0.375023 0.197407
vt 0.431284 0.296337
vt 0.421429 0.296337
vt 0.420509 0.296337
vt 0.422291 0.296337
vt 0.411980 0.197407
vt 0.413109 0.197407
vt 0.411412 0.197407
vt 0.275294 0.997565
vt 0.275294 0.988964
vt 0.273136 0.988964
vt 0.273136 0.997565
vt 0.480550 0.001992
vt 0.480550 0.124432
vt 0.489151 0.124432
vt 0.489151 0.001992
vt 0.473611 0.001992
vt 0.471453 0.001992
vt 0.471453 0.124432
vt 0.473611 0.124432
vt 0.465499 0.491752
vt 0.465499 0.369312
vt 0.456897 0.369312
vt 0.456897 0.491752
vt 0.449958 0.491752
vt 0.449958 0.369312
vt 0.447800 0.369312
vt 0.447800 0.491752
vt 0.489081 0.197407
vt 0.489151 0.197407
vt 0.480550 0.197407
vt 0.473611 0.197407
vt 0.471453 0.197407
vt 0.456897 0.296337
vt 0.465499 0.296337
vt 0.464918 0.296337
vt 0.447800 0.296337
vt 0.449958 0.296337
vt 0.293338 0.988964
vt 0.291330 0.988964
vt 0.291330 0.992980
vt 0.293338 0.992980
vt 0.709797 0.001992
vt 0.709797 0.124432
vt 0.711805 0.124432
vt 0.711805 0.001992
vt 0.702897 0.001992
vt 0.698881 0.001992
vt 0.698881 0.124432
vt 0.702897 0.124432
vt 0.691792 0.491752
vt 0.691792 0.369312
vt 0.689784 0.369312
vt 0.689784 0.491752
vt 0.682883 0.491752
vt 0.682883 0.369312
vt 0.678867 0.369312
vt 0.678867 0.491752
vt 0.711805 0.197407
vt 0.709797 0.197407
vt 0.698881 0.197407
vt 0.702897 0.197407
vt 0.689783 0.296337
vt 0.691792 0.296337
vt 0.678867 0.296337
vt 0.682883 0.296337
vt 0.311192 0.992948
vt 0.311627 0.988964
vt 0.309524 0.988964
vt 0.309959 0.992948
vt 0.884462 0.001992
vt 0.884462 0.124432
vt 0.888446 0.124432
vt 0.888446 0.001992
vt 0.878417 0.001992
vt 0.877184 0.001992
vt 0.877184 0.124432
vt 0.878417 0.124432
vt 0.870252 0.491752
vt 0.870252 0.369312
vt 0.866268 0.369312
vt 0.866268 0.491752
vt 0.859273 0.491752
vt 0.859273 0.369312
vt 0.857170 0.369312
vt 0.857170 0.491752
vt 0.888446 0.197407
vt 0.884462 0.197407
vt 0.878417 0.197407
vt 0.877184 0.197407
vt 0.870252 0.296337
vt 0.866268 0.296337
vt 0.857170 0.296337
vt 0.859273 0.296337
vt 0.875550 0.985238
vt 0.875550 0.862798
vt 0.873205 0.862798
vt 0.873205 0.985238
vt 0.878294 0.985238
vt 0.878294 0.862798
vt 0.075344 0.511394
vt 0.072999 0.511394
vt 0.072999 0.523023
vt 0.075213 0.523023
vt 0.075213 0.518098
vt 0.075415 0.518098
vt 0.078030 0.523023
vt 0.080450 0.523023
vt 0.077695 0.517853
vt 0.079351 0.516687
vt 0.079901 0.514770
vt 0.079403 0.512881
vt 0.078088 0.511738
vt 0.075219 0.513558
vt 0.075823 0.513558
vt 0.077031 0.513681
vt 0.077556 0.514084
vt 0.077752 0.514742
vt 0.077356 0.515658
vt 0.075909 0.515934
vt 0.075219 0.515934
vt 0.867477 0.862798
vt 0.855848 0.862798
vt 0.855848 0.985238
vt 0.867477 0.985238
vt 0.873205 0.789823
vt 0.875550 0.789823
vt 0.806797 0.495478
vt 0.805655 0.495478
vt 0.805655 0.617918
vt 0.806797 0.617918
vt 0.878294 0.789823
vt 0.803765 0.495478
vt 0.803765 0.617918
vt 0.801848 0.495478
vt 0.801848 0.617918
vt 0.800682 0.495478
vt 0.800682 0.617918
vt 0.795512 0.495478
vt 0.795512 0.617918
vt 0.812525 0.495478
vt 0.812525 0.617918
vt 0.814944 0.617918
vt 0.814944 0.495478
vt 0.825597 0.985238
vt 0.825597 0.862798
vt 0.820672 0.862798
vt 0.820672 0.985238
vt 0.831325 0.495478
vt 0.831325 0.617918
vt 0.831527 0.617918
vt 0.831527 0.495478
vt 0.837255 0.495478
vt 0.837255 0.617918
vt 0.842180 0.617918
vt 0.842180 0.495478
vt 0.847907 0.495478
vt 0.847907 0.617918
vt 0.850121 0.617918
vt 0.850121 0.495478
vt 0.766676 0.495478
vt 0.764301 0.495478
vt 0.764301 0.617918
vt 0.766676 0.617918
vt 0.773094 0.985238
vt 0.773094 0.862798
vt 0.772404 0.862798
vt 0.772404 0.985238
vt 0.774541 0.985238
vt 0.774541 0.862798
vt 0.781184 0.985238
vt 0.781184 0.862798
vt 0.780268 0.862798
vt 0.780268 0.985238
vt 0.781843 0.985238
vt 0.781843 0.862798
vt 0.782245 0.985238
vt 0.782245 0.862798
vt 0.788577 0.495478
vt 0.788577 0.617918
vt 0.789784 0.617918
vt 0.789784 0.495478
vt 0.787973 0.495478
vt 0.787973 0.617918
vt 0.855848 0.789823
vt 0.867477 0.789823
vt 0.806797 0.690893
vt 0.805655 0.690893
vt 0.803765 0.690893
vt 0.801848 0.690893
vt 0.800682 0.690893
vt 0.795512 0.690893
vt 0.814944 0.690893
vt 0.812525 0.690893
vt 0.820672 0.789823
vt 0.825597 0.789823
vt 0.831527 0.690893
vt 0.831324 0.690893
vt 0.842180 0.690893
vt 0.837255 0.690893
vt 0.847907 0.690893
vt 0.850121 0.690893
vt 0.764301 0.690893
vt 0.766676 0.690893
vt 0.773094 0.789823
vt 0.772404 0.789823
vt 0.774541 0.789823
vt 0.781184 0.789823
vt 0.780268 0.789823
vt 0.781843 0.789823
vt 0.782245 0.789823
vt 0.788577 0.690893
vt 0.789784 0.690893
vt 0.787973 0.690893
vt 0.755269 0.985238
vt 0.755269 0.862798
vt 0.752087 0.862798
vt 0.752087 0.985238
vt 0.758573 0.985238
vt 0.758573 0.862798
vt 0.164782 0.988964
vt 0.161600 0.990265
vt 0.163313 0.991298
vt 0.164889 0.990794
vt 0.166342 0.991243
vt 0.167182 0.992407
vt 0.162525 0.992407
vt 0.160331 0.993533
vt 0.161604 0.996731
vt 0.164901 0.998008
vt 0.167154 0.997545
vt 0.168782 0.996119
vt 0.166964 0.995265
vt 0.164885 0.996111
vt 0.163221 0.995569
vt 0.162418 0.994110
vt 0.169351 0.994110
vt 0.169359 0.993699
vt 0.168087 0.990265
vt 0.746359 0.862798
vt 0.743090 0.862798
vt 0.743090 0.985238
vt 0.746359 0.985238
vt 0.752087 0.789823
vt 0.755269 0.789823
vt 0.690124 0.495478
vt 0.686689 0.495478
vt 0.686689 0.617918
vt 0.690124 0.617918
vt 0.758573 0.789823
vt 0.686278 0.495478
vt 0.686278 0.617918
vt 0.695851 0.495478
vt 0.695851 0.617918
vt 0.702784 0.617918
vt 0.702784 0.495478
vt 0.708512 0.495478
vt 0.708512 0.617918
vt 0.709970 0.617918
vt 0.709970 0.495478
vt 0.717362 0.985238
vt 0.717362 0.862798
vt 0.715698 0.862798
vt 0.715698 0.985238
vt 0.719441 0.985238
vt 0.719441 0.862798
vt 0.721259 0.985238
vt 0.721259 0.862798
vt 0.732537 0.495478
vt 0.732537 0.617918
vt 0.734165 0.617918
vt 0.734165 0.495478
vt 0.730283 0.495478
vt 0.730283 0.617918
vt 0.726987 0.495478
vt 0.726987 0.617918
vt 0.739893 0.862798
vt 0.739893 0.985238
vt 0.676682 0.495478
vt 0.675894 0.495478
vt 0.675894 0.617918
vt 0.676682 0.617918
vt 0.670166 0.985238
vt 0.670166 0.862798
vt 0.665509 0.862798
vt 0.665509 0.985238
vt 0.679711 0.495478
vt 0.679711 0.617918
vt 0.680550 0.617918
vt 0.680550 0.495478
vt 0.678257 0.495478
vt 0.678257 0.617918
vt 0.743090 0.789823
vt 0.746359 0.789823
vt 0.690124 0.690893
vt 0.686689 0.690893
vt 0.686278 0.690893
vt 0.702784 0.690893
vt 0.695851 0.690893
vt 0.709970 0.690893
vt 0.708512 0.690893
vt 0.715698 0.789823
vt 0.717362 0.789823
vt 0.719441 0.789823
vt 0.721259 0.789823
vt 0.734165 0.690893
vt 0.732537 0.690893
vt 0.730283 0.690893
vt 0.726987 0.690893
vt 0.739893 0.789823
vt 0.675894 0.690893
vt 0.676682 0.690893
vt 0.670166 0.789823
vt 0.665509 0.789823
vt 0.679711 0.690893
vt 0.680550 0.690893
vt 0.678257 0.690893
vt 0.521883 0.985238
vt 0.521883 0.862798
vt 0.519024 0.862798
vt 0.519024 0.985238
vt 0.523336 0.985238
vt 0.523336 0.862798
vt 0.197116 0.988964
vt 0.194258 0.990237
vt 0.193081 0.993502
vt 0.194297 0.996715
vt 0.197179 0.998008
vt 0.198557 0.997743
vt 0.199824 0.996877
vt 0.199824 0.997787
vt 0.201983 0.997787
vt 0.201983 0.989185
vt 0.199824 0.989185
vt 0.199824 0.990134
vt 0.198569 0.989257
vt 0.195902 0.991673
vt 0.197556 0.990969
vt 0.199241 0.991661
vt 0.199908 0.993470
vt 0.199241 0.995315
vt 0.197564 0.996019
vt 0.195913 0.995303
vt 0.195243 0.993478
vt 0.513297 0.862798
vt 0.510032 0.862798
vt 0.510032 0.985238
vt 0.513297 0.985238
vt 0.519024 0.789823
vt 0.521883 0.789823
vt 0.524591 0.985238
vt 0.524591 0.862798
vt 0.523336 0.789823
vt 0.453099 0.985238
vt 0.453099 0.862798
vt 0.452150 0.862798
vt 0.452150 0.985238
vt 0.460985 0.985238
vt 0.460985 0.862798
vt 0.458826 0.862798
vt 0.458826 0.985238
vt 0.466712 0.495478
vt 0.466712 0.617918
vt 0.475313 0.617918
vt 0.475313 0.495478
vt 0.481041 0.495478
vt 0.481041 0.617918
vt 0.483199 0.617918
vt 0.483199 0.495478
vt 0.489836 0.985238
vt 0.489836 0.862798
vt 0.488927 0.862798
vt 0.488927 0.985238
vt 0.499823 0.495478
vt 0.499823 0.617918
vt 0.501091 0.617918
vt 0.501091 0.495478
vt 0.498445 0.495478
vt 0.498445 0.617918
vt 0.495563 0.495478
vt 0.495563 0.617918
vt 0.506818 0.862798
vt 0.506818 0.985238
vt 0.418919 0.495478
vt 0.417113 0.495478
vt 0.417113 0.617918
vt 0.418919 0.617918
vt 0.415288 0.495478
vt 0.415288 0.617918
vt 0.426296 0.985238
vt 0.426296 0.862798
vt 0.424646 0.862798
vt 0.424646 0.985238
vt 0.427974 0.985238
vt 0.427974 0.862798
vt 0.435546 0.985238
vt 0.435546 0.862798
vt 0.433702 0.862798
vt 0.433702 0.985238
vt 0.437355 0.985238
vt 0.437355 0.862798
vt 0.444737 0.495478
vt 0.444737 0.617918
vt 0.446423 0.617918
vt 0.446423 0.495478
vt 0.443083 0.495478
vt 0.443083 0.617918
vt 0.510032 0.789823
vt 0.513297 0.789823
vt 0.524591 0.789823
vt 0.452150 0.789823
vt 0.453099 0.789823
vt 0.458826 0.789823
vt 0.460985 0.789823
vt 0.475313 0.690893
vt 0.466712 0.690893
vt 0.483199 0.690893
vt 0.481041 0.690893
vt 0.488927 0.789823
vt 0.489836 0.789823
vt 0.501091 0.690893
vt 0.499823 0.690893
vt 0.498445 0.690893
vt 0.495563 0.690893
vt 0.506818 0.789823
vt 0.417113 0.690893
vt 0.418919 0.690893
vt 0.415288 0.690893
vt 0.426296 0.789823
vt 0.424646 0.789823
vt 0.427974 0.789823
vt 0.435546 0.789823
vt 0.433702 0.789823
vt 0.437355 0.789823
vt 0.444737 0.690893
vt 0.446423 0.690893
vt 0.443083 0.690893
vt 0.408683 0.985238
vt 0.408683 0.862798
vt 0.407593 0.862798
vt 0.407593 0.985238
vt 0.409561 0.985238
vt 0.409561 0.862798
vt 0.255042 0.988964
vt 0.253951 0.989296
vt 0.253153 0.990268
vt 0.253153 0.989185
vt 0.251303 0.989185
vt 0.251303 0.997787
vt 0.253445 0.997787
vt 0.253445 0.994308
vt 0.253437 0.993889
vt 0.253781 0.991470
vt 0.254623 0.990853
vt 0.255247 0.991043
vt 0.255919 0.989185
vt 0.406794 0.862798
vt 0.406794 0.985238
vt 0.407593 0.789823
vt 0.408683 0.789823
vt 0.345467 0.495478
vt 0.343609 0.495478
vt 0.343609 0.617918
vt 0.345467 0.617918
vt 0.409561 0.789823
vt 0.351195 0.495478
vt 0.351195 0.617918
vt 0.351819 0.617918
vt 0.351819 0.495478
vt 0.363863 0.495478
vt 0.363863 0.617918
vt 0.364480 0.617918
vt 0.364480 0.495478
vt 0.361444 0.495478
vt 0.361444 0.617918
vt 0.361025 0.495478
vt 0.361025 0.617918
vt 0.357547 0.495478
vt 0.357547 0.617918
vt 0.370207 0.495478
vt 0.370207 0.617918
vt 0.372350 0.617918
vt 0.372350 0.495478
vt 0.386678 0.985238
vt 0.386678 0.862798
vt 0.378077 0.862798
vt 0.378077 0.985238
vt 0.394256 0.985238
vt 0.394256 0.862798
vt 0.392406 0.862798
vt 0.392406 0.985238
vt 0.399983 0.495478
vt 0.399983 0.617918
vt 0.401067 0.617918
vt 0.401067 0.495478
vt 0.406794 0.789823
vt 0.345467 0.690893
vt 0.343609 0.690893
vt 0.351819 0.690893
vt 0.351195 0.690893
vt 0.364480 0.690893
vt 0.363863 0.690893
vt 0.361444 0.690893
vt 0.361025 0.690893
vt 0.357547 0.690893
vt 0.370207 0.690893
vt 0.372350 0.690893
vt 0.378077 0.789823
vt 0.386678 0.789823
vt 0.392406 0.789823
vt 0.394256 0.789823
vt 0.401067 0.690893
vt 0.399983 0.690893
vt 0.337882 0.985238
vt 0.337882 0.862798
vt 0.335724 0.862798
vt 0.335724 0.985238
vt 0.270722 0.495478
vt 0.258800 0.495478
vt 0.258800 0.617918
vt 0.270722 0.617918
vt 0.070070 0.495478
vt 0.067912 0.495478
vt 0.067912 0.499747
vt 0.066656 0.498869
vt 0.065204 0.498577
vt 0.062345 0.499850
vt 0.063989 0.501286
vt 0.065643 0.500582
vt 0.067329 0.501274
vt 0.067995 0.503083
vt 0.067329 0.504928
vt 0.065651 0.505632
vt 0.064001 0.504916
vt 0.063331 0.503091
vt 0.061169 0.503115
vt 0.062385 0.506328
vt 0.065267 0.507621
vt 0.066645 0.507356
vt 0.067912 0.506490
vt 0.067912 0.507399
vt 0.070070 0.507399
vt 0.329996 0.862798
vt 0.325727 0.862798
vt 0.325727 0.985238
vt 0.329996 0.985238
vt 0.335724 0.789823
vt 0.337882 0.789823
vt 0.278608 0.495478
vt 0.276449 0.495478
vt 0.276449 0.617918
vt 0.278608 0.617918
vt 0.270722 0.690893
vt 0.258800 0.690893
vt 0.285244 0.985238
vt 0.285244 0.862798
vt 0.284335 0.862798
vt 0.284335 0.985238
vt 0.295232 0.495478
vt 0.295232 0.617918
vt 0.296499 0.617918
vt 0.296499 0.495478
vt 0.293854 0.495478
vt 0.293854 0.617918
vt 0.290972 0.495478
vt 0.290972 0.617918
vt 0.305440 0.985238
vt 0.305440 0.862798
vt 0.302227 0.862798
vt 0.302227 0.985238
vt 0.308705 0.985238
vt 0.308705 0.862798
vt 0.225569 0.495478
vt 0.223764 0.495478
vt 0.223764 0.617918
vt 0.225569 0.617918
vt 0.221939 0.495478
vt 0.221939 0.617918
vt 0.232947 0.985238
vt 0.232947 0.862798
vt 0.231296 0.862798
vt 0.231296 0.985238
vt 0.234624 0.985238
vt 0.234624 0.862798
vt 0.242197 0.985238
vt 0.242197 0.862798
vt 0.240352 0.862798
vt 0.240352 0.985238
vt 0.244006 0.985238
vt 0.244006 0.862798
vt 0.251388 0.495478
vt 0.251388 0.617918
vt 0.253073 0.617918
vt 0.253073 0.495478
vt 0.249733 0.495478
vt 0.249733 0.617918
vt 0.317291 0.985238
vt 0.317291 0.862798
vt 0.314433 0.862798
vt 0.314433 0.985238
vt 0.318744 0.985238
vt 0.318744 0.862798
vt 0.320000 0.985238
vt 0.320000 0.862798
vt 0.325727 0.789823
vt 0.329996 0.789823
vt 0.278608 0.690893
vt 0.276449 0.690893
vt 0.284335 0.789823
vt 0.285244 0.789823
vt 0.296499 0.690893
vt 0.295232 0.690893
vt 0.293854 0.690893
vt 0.290972 0.690893
vt 0.305440 0.789823
vt 0.302227 0.789823
vt 0.308705 0.789823
vt 0.223764 0.690893
vt 0.225569 0.690893
vt 0.221939 0.690893
vt 0.232947 0.789823
vt 0.231296 0.789823
vt 0.234624 0.789823
vt 0.242197 0.789823
vt 0.240352 0.789823
vt 0.244006 0.789823
vt 0.251388 0.690893
vt 0.253073 0.690893
vt 0.249733 0.690893
vt 0.314433 0.789823
vt 0.317291 0.789823
vt 0.318744 0.789823
vt 0.320000 0.789823
vt 0.416333 0.037379
vt 0.419839 0.037340
vt 0.421800 0.037318
vt 0.421275 0.037324
vt 0.418306 0.037357
vt 0.414821 0.037396
vt 0.412874 0.037418
vt 0.413418 0.037412
vt 0.385268 0.037726
vt 0.385503 0.037723
vt 0.385670 0.037721
vt 0.384068 0.037739
vt 0.381706 0.037765
vt 0.380129 0.037783
vt 0.379933 0.037785
vt 0.405482 0.037500
vt 0.407465 0.037478
vt 0.405037 0.037505
vt 0.403619 0.037521
vt 0.403844 0.037518
vt 0.386539 0.037711
vt 0.389967 0.037673
vt 0.391910 0.037652
vt 0.391419 0.037657
vt 0.388558 0.037689
vt 0.385159 0.037727
vt 0.383236 0.037748
vt 0.383746 0.037743
vt 0.398782 0.037575
vt 0.399077 0.037572
vt 0.399200 0.037570
vt 0.397733 0.037587
vt 0.396469 0.037601
vt 0.395524 0.037611
vt 0.394788 0.037619
vt 0.394530 0.037622
vt 0.423092 0.037304
vt 0.426588 0.037265
vt 0.428546 0.037243
vt 0.428025 0.037249
vt 0.425066 0.037282
vt 0.421590 0.037321
vt 0.419646 0.037342
vt 0.420185 0.037336
vt 0.411623 0.037432
vt 0.415013 0.037394
vt 0.416943 0.037372
vt 0.416464 0.037378
vt 0.413640 0.037409
vt 0.410280 0.037447
vt 0.408374 0.037468
vt 0.408870 0.037462
vt 0.377474 0.038850
vt 0.377477 0.038665
vt 0.377475 0.038755
vt 0.377456 0.040097
vt 0.377434 0.041632
vt 0.377421 0.042573
vt 0.377418 0.042788
vt 0.377453 0.040315
vt 0.377478 0.038546
vt 0.377447 0.040739
vt 0.377429 0.042006
vt 0.377432 0.041793
vn 0.999619 0.027595 0.000000
vn 0.999619 0.027595 0.000000
vn 0.999619 0.027595 0.000000
vn 0.999619 0.027595 0.000000
vn 0.999619 0.027595 0.000000
vn 0.999619 0.027595 0.000000
vn 0.999619 0.027595 0.000000
vn 0.999619 0.027595 0.000000
vn -0.000001 0.000000 1.000000
vn -0.000001 0.000000 1.000000
vn -0.000001 0.000000 1.000000
vn -0.000001 0.000000 1.000000
vn -0.000001 0.000000 1.000000
vn -0.000001 0.000000 1.000000
vn -0.000001 0.000000 1.000000
vn -0.000001 0.000000 1.000000
vn -0.000002 0.000000 1.000000
vn -0.000002 0.000000 1.000000
vn -0.000002 0.000000 1.000000
vn -0.000002 0.000000 1.000000
vn -0.000002 0.000000 1.000000
vn -0.000002 0.000000 1.000000
vn -0.000002 0.000000 1.000000
vn -0.000002 0.000000 1.000000
vn -0.000001 0.000000 1.000000
vn -0.000001 0.000000 1.000000
vn -0.000001 0.000000 1.000000
vn -0.000001 0.000000 1.000000
vn -0.000001 0.000000 1.000000
vn -0.000001 0.000000 1.000000
vn -0.000001 0.000000 1.000000
vn -0.000001 0.000000 1.000000
vn 0.000000 0.000000 1.000000
vn 0.000000 0.000000 1.000000
vn 0.000000 0.000000 1.000000
vn 0.000000 0.000000 1.000000
vn 0.000000 0.000000 1.000000
vn 0.000000 0.000000 1.000000
vn 0.000000 0.000000 1.000000
vn 0.000000 0.000000 1.000000
vn 0.000000 0.000000 1.000000
vn 0.000000 0.000000 1.000000
vn 0.000000 0.000000 1.000000
vn 0.000000 0.000000 1.000000
vn 0.000000 0.000000 1.000000
vn 0.000000 0.000000 1.000000
vn 0.000000 0.000000 1.000000
vn 0.000000 0.000000 1.000000
vn 0.000000 0.000000 1.000000
vn 0.000000 0.000000 1.000000
vn 0.000000 0.000000 1.000000
vn 0.000000 0.000000 1.000000
vn 0.000000 0.000000 1.000000
vn 0.000000 0.000000 1.000000
vn 0.000000 0.000000 1.000000
vn 0.000000 0.000000 1.000000
vn 0.000000 0.000000 1.000000
vn 0.000000 0.000000 1.000000
vn 0.000000 0.000000 1.000000
vn 0.000000 0.000000 1.000000
vn 0.000000 0.000000 1.000000
vn 0.000000 0.000000 1.000000
vn 0.000000 0.000000 1.000000
vn 0.000000 0.000000 1.000000
vn 0.000000 0.000000 1.000000
vn 0.000000 0.000000 1.000000
vn 0.000000 0.000000 1.000000
vn 0.000000 0.000000 1.000000
vn -0.051093 -0.998694 0.000000
vn -0.051093 -0.998694 0.000000
vn -0.051093 -0.998694 0.000000
vn -0.051093 -0.998694 0.000000
vn -0.000000 0.000000 -1.000000
vn -0.000000 0.000000 -1.000000
vn -0.000000 0.000000 -1.000000
vn -0.000000 0.000000 -1.000000
vn 0.011247 0.999937 0.000000
vn 0.010306 0.999947 0.000000
vn 0.010306 0.999947 0.000000
vn 0.011247 0.999937 0.000000
vn 0.000000 0.000000 1.000000
vn 0.000000 0.000000 1.000000
vn 0.000000 0.000000 1.000000
vn 0.000000 0.000000 1.000000
vn -0.999724 -0.023492 0.000000
vn -0.999724 -0.023492 0.000000
vn -0.999724 -0.023492 0.000000
vn -0.999724 -0.023492 0.000000
vn 0.229251 -0.973367 -0.000405
vn 0.229251 -0.973367 -0.000405
vn 0.229251 -0.973367 -0.000405
vn 0.229251 -0.973367 -0.000405
vn -0.000000 0.000000 -1.000000
vn -0.000000 0.000000 -1.000000
vn -0.321038 0.947066 0.000000
vn -0.321038 0.947066 0.000000
vn 0.010346 0.999946 0.000080
vn 0.010346 0.999947 0.000080
vn 0.010346 0.999947 0.000080
vn 0.010346 0.999947 0.000080
vn -0.016870 -0.999858 0.000000
vn -0.016870 -0.999858 0.000000
vn -0.016870 -0.999858 0.000000
vn -0.016870 -0.999858 0.000000
vn -0.438815 -0.898577 0.000000
vn -0.440365 -0.897819 0.000000
vn -0.611702 -0.791088 0.000000
vn -0.611704 -0.791087 0.000000
vn -0.312612 0.634250 -0.707107
vn -0.312612 0.634250 -0.707107
vn -0.228145 0.668453 -0.707899
vn -0.231536 0.667200 -0.707980
vn -0.430017 0.902821 0.000000
vn -0.430017 0.902821 0.000000
vn -0.000000 0.000000 1.000000
vn -0.000000 0.000000 1.000000
vn -0.000000 0.000000 1.000000
vn -0.000000 0.000000 1.000000
vn 0.999144 -0.041363 -0.000003
vn 0.999144 -0.041363 -0.000003
vn 0.999144 -0.041363 -0.000003
vn 0.999144 -0.041363 -0.000003
vn 0.166695 -0.986009 0.000000
vn 0.413786 -0.910374 0.000000
vn 0.413786 -0.910374 0.000000
vn 0.166695 -0.986009 0.000000
vn -0.228144 0.668453 0.707899
vn -0.312612 0.634251 0.707107
vn -0.312612 0.634251 0.707107
vn -0.231536 0.667200 0.707980
vn -0.244390 -0.969677 0.000000
vn -0.244389 -0.969677 0.000000
vn -0.004419 -0.576497 0.817088
vn -0.005918 -0.572443 0.819923
vn -0.005927 -0.572419 0.819940
vn -0.004419 -0.576497 0.817088
vn -0.006157 -0.571795 0.820374
vn -0.006157 -0.571795 0.820374
vn -0.000000 0.000000 1.000000
vn -0.000000 0.000000 1.000000
vn 0.000000 0.000000 1.000000
vn -0.000000 0.000000 1.000000
vn -0.011317 -0.004292 -0.999927
vn -0.017315 -0.005549 -0.999835
vn -0.019829 -0.006096 -0.999785
vn -0.009449 -0.003889 -0.999948
vn -0.009449 -0.003889 0.999948
vn -0.019829 -0.006097 0.999785
vn -0.017315 -0.005549 0.999835
vn -0.011317 -0.004292 0.999927
vn 0.238323 -0.666199 0.706669
vn 0.238323 -0.666199 0.706669
vn 0.280064 -0.648239 0.708061
vn 0.280900 -0.647863 0.708074
vn 0.433566 -0.901122 0.000000
vn 0.433566 -0.901122 0.000000
vn 0.238324 -0.666200 -0.706668
vn 0.280901 -0.647865 -0.708072
vn 0.280065 -0.648241 -0.708059
vn 0.238324 -0.666200 -0.706668
vn -0.419908 0.907567 0.000000
vn -0.429485 0.903074 0.000000
vn -0.429485 0.903074 0.000000
vn -0.419908 0.907567 0.000000
vn 0.000000 0.000000 1.000000
vn 0.000000 0.000000 1.000000
vn 0.009609 0.569934 0.821634
vn 0.007013 0.563610 0.826012
vn 0.007013 0.563610 0.826012
vn 0.009597 0.569907 0.821653
vn 0.000151 -0.001634 -0.999999
vn 0.000102 -0.001615 -0.999999
vn -0.326233 0.629867 -0.704869
vn -0.193280 0.667042 -0.719512
vn -0.190474 0.667680 -0.719669
vn -0.326233 0.629867 -0.704869
vn -0.326233 0.629866 0.704869
vn -0.326233 0.629866 0.704869
vn -0.190474 0.667680 0.719669
vn -0.193280 0.667043 0.719512
vn 0.000102 -0.001615 0.999999
vn 0.000151 -0.001635 0.999999
vn 0.305737 -0.633801 0.710508
vn 0.305732 -0.633803 0.710508
vn 0.305734 -0.633806 -0.710505
vn 0.305739 -0.633803 -0.710505
vn 0.364137 -0.931345 0.000000
vn 0.364137 -0.931345 0.000000
vn 0.105247 0.994446 0.000000
vn 0.105247 0.994446 0.000000
vn 0.228206 0.973613 0.000000
vn 0.228206 0.973613 0.000000
vn 0.155725 0.684146 -0.712527
vn 0.155730 0.684145 -0.712527
vn 0.000198 -0.000860 -1.000000
vn 0.000202 -0.000853 -1.000000
vn 0.155730 0.684145 0.712526
vn 0.155725 0.684147 0.712526
vn 0.000202 -0.000853 1.000000
vn 0.000198 -0.000860 1.000000
vn 0.257646 -0.658665 0.706951
vn 0.257646 -0.658665 0.706951
vn 0.257646 -0.658664 -0.706951
vn 0.257646 -0.658664 -0.706951
vn 0.348576 -0.937281 0.000000
vn 0.348578 -0.937280 0.000000
vn 0.426488 0.904493 0.000000
vn 0.426488 0.904493 0.000000
vn -0.051542 0.702334 -0.709979
vn -0.051540 0.702334 -0.709979
vn 0.000202 -0.000841 -1.000000
vn 0.000202 -0.000841 -1.000000
vn -0.051540 0.702334 0.709980
vn -0.051542 0.702334 0.709979
vn 0.000202 -0.000836 1.000000
vn 0.000202 -0.000836 1.000000
vn 0.245920 -0.661638 0.708349
vn 0.245920 -0.661639 0.708349
vn 0.249207 -0.660747 -0.708032
vn 0.249207 -0.660747 -0.708032
vn -0.031095 -0.999516 0.000000
vn -0.031095 -0.999516 0.000000
vn -0.100429 0.994944 0.000000
vn -0.117576 0.993064 0.000000
vn -0.117575 0.993064 0.000000
vn -0.100429 0.994944 0.000000
vn -0.079305 0.701271 -0.708470
vn -0.079306 0.701271 -0.708470
vn 0.000082 -0.000665 -1.000000
vn 0.000082 -0.000665 -1.000000
vn -0.083621 0.700247 0.708987
vn -0.083620 0.700247 0.708987
vn 0.000140 -0.000663 1.000000
vn 0.000140 -0.000663 1.000000
vn -0.021984 -0.707013 0.706859
vn -0.021984 -0.707013 0.706859
vn -0.022086 -0.707000 -0.706868
vn -0.022086 -0.707000 -0.706868
vn -0.557639 0.830084 0.000000
vn -0.557639 0.830084 0.000000
vn -0.394075 0.586822 -0.707350
vn -0.394075 0.586822 -0.707350
vn -0.692384 -0.143434 -0.707129
vn -0.692384 -0.143434 -0.707129
vn -0.692384 -0.143434 -0.707129
vn -0.692384 -0.143434 -0.707129
vn -0.394193 0.586734 0.707358
vn -0.394192 0.586734 0.707358
vn -0.491742 -0.870741 0.000000
vn -0.491741 -0.870742 0.000000
vn -0.273713 -0.961811 0.000000
vn -0.273713 -0.961811 0.000000
vn -0.680292 -0.732941 0.000000
vn -0.680292 -0.732942 0.000000
vn -0.672200 0.740370 0.000000
vn -0.672201 0.740369 0.000000
vn -0.672201 0.740369 0.000000
vn -0.672200 0.740370 0.000000
vn 0.520569 0.853820 0.000000
vn 0.520570 0.853819 0.000000
vn 0.520570 0.853819 0.000000
vn 0.520569 0.853820 0.000000
vn -0.214472 0.976730 0.000000
vn -0.214472 0.976730 0.000000
vn -0.214472 0.976730 0.000000
vn -0.214472 0.976730 0.000000
vn -0.857432 0.514598 0.000000
vn -0.857432 0.514597 0.000000
vn -0.857432 0.514597 0.000000
vn -0.857432 0.514598 0.000000
vn -0.943180 -0.332283 0.000000
vn -0.943179 -0.332285 0.000000
vn -0.943179 -0.332285 0.000000
vn -0.943180 -0.332283 0.000000
vn -0.526004 -0.850482 0.000000
vn -0.526004 -0.850482 0.000000
vn -0.567006 -0.823713 0.000000
vn -0.567007 -0.823713 0.000000
vn -0.590051 -0.807366 0.000000
vn -0.590052 -0.807365 0.000000
vn -0.629234 -0.777216 0.000000
vn -0.629234 -0.777216 0.000000
vn -0.968186 -0.250233 0.000000
vn -0.968186 -0.250232 0.000000
vn -0.968186 -0.250232 0.000000
vn -0.968186 -0.250233 0.000000
vn -0.894823 0.446422 0.000000
vn -0.894823 0.446421 0.000000
vn -0.894823 0.446421 0.000000
vn -0.894823 0.446422 0.000000
vn -0.275645 0.961259 0.000000
vn -0.275645 0.961259 0.000000
vn -0.275645 0.961259 0.000000
vn -0.275645 0.961259 0.000000
vn 0.482369 0.875968 0.000000
vn 0.482370 0.875968 0.000000
vn 0.482370 0.875968 0.000000
vn 0.482369 0.875968 0.000000
vn 0.703243 -0.710949 0.000000
vn 0.703243 -0.710950 0.000000
vn 0.703243 -0.710950 0.000000
vn 0.703243 -0.710949 0.000000
vn -0.524047 -0.851690 0.000000
vn -0.524046 -0.851690 0.000000
vn -0.663645 -0.748048 0.000000
vn -0.663644 -0.748048 0.000000
vn -0.334361 -0.942445 0.000000
vn -0.334360 -0.942445 0.000000
vn 0.239961 -0.970783 0.000000
vn 0.239961 -0.970783 0.000000
vn 0.239961 -0.970783 0.000000
vn 0.239961 -0.970783 0.000000
vn 0.852067 -0.523432 0.000000
vn 0.852066 -0.523435 0.000000
vn 0.852066 -0.523435 0.000000
vn 0.852067 -0.523432 0.000000
vn 0.662022 0.749485 0.000000
vn 0.662021 0.749485 0.000000
vn 0.751355 0.659898 0.000000
vn 0.751355 0.659898 0.000000
vn 0.761011 0.648738 0.000000
vn 0.761010 0.648740 0.000000
vn 0.812635 0.582774 0.000000
vn 0.812634 0.582775 0.000000
vn 0.890640 -0.454709 0.000000
vn 0.890640 -0.454709 0.000000
vn 0.890640 -0.454709 0.000000
vn 0.890640 -0.454709 0.000000
vn 0.292599 -0.956235 0.000000
vn 0.292599 -0.956235 0.000000
vn 0.292599 -0.956235 0.000000
vn 0.292599 -0.956235 0.000000
vn -0.273712 -0.961812 0.000000
vn -0.491138 -0.871082 0.000000
vn -0.680291 -0.732942 0.000000
vn -0.672201 0.740368 0.000000
vn -0.672201 0.740368 0.000000
vn 0.520570 0.853819 0.000000
vn 0.520570 0.853819 0.000000
vn -0.214472 0.976730 0.000000
vn -0.214472 0.976730 0.000000
vn -0.857433 0.514596 0.000000
vn -0.857433 0.514596 0.000000
vn -0.943178 -0.332287 0.000000
vn -0.943178 -0.332287 0.000000
vn -0.567006 -0.823714 0.000000
vn -0.527486 -0.849564 0.000000
vn -0.575878 -0.817536 0.000000
vn -0.629235 -0.777215 0.000000
vn -0.968186 -0.250231 0.000000
vn -0.968186 -0.250231 0.000000
vn -0.894823 0.446420 0.000000
vn -0.894823 0.446420 0.000000
vn -0.275645 0.961259 0.000000
vn -0.275645 0.961259 0.000000
vn 0.482369 0.875968 0.000000
vn 0.482369 0.875968 0.000000
vn 0.703243 -0.710950 0.000000
vn 0.703243 -0.710950 0.000000
vn -0.663645 -0.748048 0.000000
vn -0.516235 -0.856447 0.000000
vn -0.334360 -0.942445 0.000000
vn 0.239961 -0.970783 0.000000
vn 0.239961 -0.970783 0.000000
vn 0.852063 -0.523439 0.000000
vn 0.852063 -0.523439 0.000000
vn 0.751354 0.659899 0.000000
vn 0.645948 0.763381 0.000000
vn 0.715667 0.698442 0.000000
vn 0.812633 0.582776 0.000000
vn 0.890641 -0.454708 0.000000
vn 0.890641 -0.454708 0.000000
vn 0.292598 -0.956235 0.000000
vn 0.292598 -0.956235 0.000000
vn -0.491742 -0.870741 0.000000
vn -0.491741 -0.870741 0.000000
vn -0.273713 -0.961812 0.000000
vn -0.273713 -0.961811 0.000000
vn -0.680292 -0.732941 0.000000
vn -0.680293 -0.732940 0.000000
vn -0.672200 0.740370 0.000000
vn -0.672202 0.740368 0.000000
vn -0.672202 0.740368 0.000000
vn -0.672200 0.740370 0.000000
vn 0.520569 0.853820 0.000000
vn 0.520568 0.853820 0.000000
vn 0.520568 0.853820 0.000000
vn 0.520569 0.853820 0.000000
vn -0.214467 0.976731 0.000000
vn -0.214467 0.976731 0.000000
vn -0.214467 0.976731 0.000000
vn -0.214467 0.976731 0.000000
vn -0.857453 0.514562 0.000000
vn -0.857452 0.514564 0.000000
vn -0.857452 0.514564 0.000000
vn -0.857453 0.514562 0.000000
vn -0.943180 -0.332283 0.000000
vn -0.943177 -0.332291 0.000000
vn -0.943177 -0.332291 0.000000
vn -0.943180 -0.332283 0.000000
vn -0.526006 -0.850481 0.000000
vn -0.526006 -0.850481 0.000000
vn -0.567005 -0.823714 0.000000
vn -0.567007 -0.823713 0.000000
vn -0.590030 -0.807381 0.000000
vn -0.590031 -0.807381 0.000000
vn -0.629205 -0.777239 0.000000
vn -0.629205 -0.777239 0.000000
vn -0.968192 -0.250210 0.000000
vn -0.968192 -0.250208 0.000000
vn -0.968192 -0.250208 0.000000
vn -0.968192 -0.250210 0.000000
vn -0.894816 0.446435 0.000000
vn -0.894817 0.446434 0.000000
vn -0.894817 0.446434 0.000000
vn -0.894816 0.446435 0.000000
vn -0.275680 0.961249 0.000000
vn -0.275680 0.961250 0.000000
vn -0.275680 0.961250 0.000000
vn -0.275680 0.961249 0.000000
vn 0.482368 0.875968 0.000000
vn 0.482369 0.875968 0.000000
vn 0.482369 0.875968 0.000000
vn 0.482368 0.875968 0.000000
vn 0.703240 -0.710953 0.000000
vn 0.703240 -0.710953 0.000000
vn 0.703240 -0.710953 0.000000
vn 0.703240 -0.710953 0.000000
vn -0.524047 -0.851690 0.000000
vn -0.524046 -0.851690 0.000000
vn -0.663643 -0.748050 0.000000
vn -0.663644 -0.748048 0.000000
vn -0.334361 -0.942445 0.000000
vn -0.334362 -0.942445 0.000000
vn 0.239963 -0.970782 0.000000
vn 0.239963 -0.970782 0.000000
vn 0.239963 -0.970782 0.000000
vn 0.239963 -0.970782 0.000000
vn 0.852050 -0.523460 0.000000
vn 0.852051 -0.523458 0.000000
vn 0.852051 -0.523458 0.000000
vn 0.852050 -0.523460 0.000000
vn 0.662020 0.749486 0.000000
vn 0.662020 0.749486 0.000000
vn 0.751351 0.659903 0.000000
vn 0.751350 0.659904 0.000000
vn 0.761013 0.648737 0.000000
vn 0.761012 0.648738 0.000000
vn 0.812636 0.582772 0.000000
vn 0.812634 0.582774 0.000000
vn 0.890644 -0.454701 0.000000
vn 0.890645 -0.454700 0.000000
vn 0.890645 -0.454700 0.000000
vn 0.890644 -0.454701 0.000000
vn 0.292598 -0.956235 0.000000
vn 0.292598 -0.956236 0.000000
vn 0.292598 -0.956236 0.000000
vn 0.292598 -0.956235 0.000000
vn -0.273712 -0.961812 0.000000
vn -0.491139 -0.871081 0.000000
vn -0.680294 -0.732940 0.000000
vn -0.672204 0.740366 0.000000
vn -0.672204 0.740366 0.000000
vn 0.520568 0.853821 0.000000
vn 0.520568 0.853821 0.000000
vn -0.214468 0.976731 0.000000
vn -0.214468 0.976731 0.000000
vn -0.857450 0.514566 0.000000
vn -0.857450 0.514566 0.000000
vn -0.943176 -0.332295 0.000000
vn -0.943176 -0.332295 0.000000
vn -0.567002 -0.823716 0.000000
vn -0.527487 -0.849563 0.000000
vn -0.575861 -0.817547 0.000000
vn -0.629205 -0.777239 0.000000
vn -0.968193 -0.250206 0.000000
vn -0.968193 -0.250206 0.000000
vn -0.894818 0.446431 0.000000
vn -0.894818 0.446431 0.000000
vn -0.275679 0.961250 0.000000
vn -0.275679 0.961250 0.000000
vn 0.482369 0.875968 0.000000
vn 0.482369 0.875968 0.000000
vn 0.703240 -0.710953 0.000000
vn 0.703240 -0.710953 0.000000
vn -0.663641 -0.748051 0.000000
vn -0.516235 -0.856447 0.000000
vn -0.334363 -0.942444 0.000000
vn 0.239962 -0.970782 0.000000
vn 0.239962 -0.970782 0.000000
vn 0.852054 -0.523454 0.000000
vn 0.852054 -0.523454 0.000000
vn 0.751352 0.659901 0.000000
vn 0.645947 0.763382 0.000000
vn 0.715667 0.698441 0.000000
vn 0.812634 0.582775 0.000000
vn 0.890645 -0.454699 0.000000
vn 0.890645 -0.454699 0.000000
vn 0.292597 -0.956236 0.000000
vn 0.292597 -0.956236 0.000000
vn -0.438078 -0.898937 0.000000
vn -0.600174 -0.799869 0.000000
vn -0.600174 -0.799869 0.000000
vn -0.438077 -0.898937 0.000000
vn 0.998839 -0.048178 0.000000
vn 0.998839 -0.048178 0.000000
vn 0.998839 -0.048178 0.000000
vn 0.998839 -0.048178 0.000000
vn -0.048179 -0.998839 0.000000
vn -0.048179 -0.998839 0.000000
vn -0.048179 -0.998839 0.000000
vn -0.048179 -0.998839 0.000000
vn -0.991436 0.130597 0.000000
vn -0.991436 0.130597 0.000000
vn -0.998839 0.048181 0.000000
vn -0.998839 0.048181 0.000000
vn -0.950770 0.309898 0.000000
vn -0.950770 0.309899 0.000000
vn -0.138527 0.990359 0.000000
vn -0.138526 0.990359 0.000000
vn -0.319631 0.947542 0.000000
vn -0.319632 0.947542 0.000000
vn 0.373517 0.927623 0.000000
vn 0.373517 0.927624 0.000000
vn 0.752527 0.658561 0.000000
vn 0.752527 0.658562 0.000000
vn 0.885138 0.465328 0.000000
vn 0.885138 0.465328 0.000000
vn -0.048169 -0.998839 0.000000
vn -0.048169 -0.998839 0.000000
vn -0.048169 -0.998839 0.000000
vn -0.048169 -0.998839 0.000000
vn -0.391022 -0.920381 0.000000
vn -0.391022 -0.920382 0.000000
vn -0.598519 -0.801108 0.000000
vn -0.598520 -0.801108 0.000000
vn -0.016049 -0.999871 0.000000
vn -0.016049 -0.999871 0.000000
vn 0.141081 -0.989998 0.000000
vn 0.141080 -0.989998 0.000000
vn 0.645497 -0.763763 0.000000
vn 0.645496 -0.763764 0.000000
vn 0.645496 -0.763764 0.000000
vn 0.645497 -0.763763 0.000000
vn 0.981040 -0.193804 0.000000
vn 0.981040 -0.193804 0.000000
vn 0.981040 -0.193804 0.000000
vn 0.981040 -0.193804 0.000000
vn -0.333528 0.942740 0.000000
vn -0.333529 0.942740 0.000000
vn -0.524921 0.851151 0.000000
vn -0.524920 0.851152 0.000000
vn -0.125598 0.992081 0.000000
vn -0.125598 0.992081 0.000000
vn 0.436547 0.899681 0.000000
vn 0.436548 0.899681 0.000000
vn 0.436548 0.899681 0.000000
vn 0.436547 0.899681 0.000000
vn 0.951492 0.307673 0.000000
vn 0.951492 0.307672 0.000000
vn 0.951492 0.307672 0.000000
vn 0.951492 0.307673 0.000000
vn 0.914971 -0.403521 0.000000
vn 0.914970 -0.403521 0.000000
vn 0.914970 -0.403521 0.000000
vn 0.914971 -0.403521 0.000000
vn 0.334667 -0.942336 0.000000
vn 0.334667 -0.942336 0.000000
vn 0.334667 -0.942336 0.000000
vn 0.334667 -0.942336 0.000000
vn -0.237930 -0.971282 0.000000
vn -0.237931 -0.971282 0.000000
vn -0.914387 0.404840 0.000000
vn -0.914387 0.404840 0.000000
vn -0.914388 0.404840 0.000000
vn -0.914388 0.404840 0.000000
vn -0.949261 -0.314490 0.000000
vn -0.949261 -0.314489 0.000000
vn -0.949261 -0.314489 0.000000
vn -0.949261 -0.314490 0.000000
vn -0.417871 -0.908506 0.000000
vn -0.417871 -0.908506 0.000000
vn -0.417871 -0.908506 0.000000
vn -0.417871 -0.908506 0.000000
vn 0.330811 -0.943697 0.000000
vn 0.330811 -0.943697 0.000000
vn 0.330811 -0.943697 0.000000
vn 0.330811 -0.943697 0.000000
vn 0.920085 -0.391719 0.000000
vn 0.920085 -0.391718 0.000000
vn 0.920085 -0.391718 0.000000
vn 0.920085 -0.391719 0.000000
vn 0.951999 0.306100 0.000000
vn 0.952000 0.306100 0.000000
vn 0.952000 0.306100 0.000000
vn 0.951999 0.306100 0.000000
vn 0.413572 0.910471 0.000000
vn 0.413572 0.910471 0.000000
vn 0.413572 0.910471 0.000000
vn 0.413572 0.910471 0.000000
vn -0.331234 0.943549 0.000000
vn -0.331234 0.943549 0.000000
vn -0.331234 0.943549 0.000000
vn -0.331234 0.943549 0.000000
vn -0.432909 -0.901438 0.000000
vn -0.600174 -0.799869 0.000000
vn 0.998839 -0.048179 0.000000
vn 0.998839 -0.048179 0.000000
vn -0.048179 -0.998839 0.000000
vn -0.048179 -0.998839 0.000000
vn -0.998839 0.048181 0.000000
vn -0.987809 0.155671 0.000000
vn -0.950769 0.309899 0.000000
vn -0.319631 0.947542 0.000000
vn -0.101692 0.994816 0.000000
vn 0.384326 0.923197 0.000000
vn 0.752447 0.658653 0.000000
vn 0.885138 0.465329 0.000000
vn -0.048169 -0.998839 0.000000
vn -0.048169 -0.998839 0.000000
vn -0.598518 -0.801109 0.000000
vn -0.400867 -0.916137 0.000000
vn -0.023814 -0.999717 0.000000
vn 0.141080 -0.989998 0.000000
vn 0.645495 -0.763764 0.000000
vn 0.645495 -0.763764 0.000000
vn 0.981040 -0.193803 0.000000
vn 0.981040 -0.193803 0.000000
vn -0.524922 0.851150 0.000000
vn -0.333168 0.942868 0.000000
vn -0.125598 0.992081 0.000000
vn 0.436548 0.899681 0.000000
vn 0.436548 0.899681 0.000000
vn 0.951493 0.307672 0.000000
vn 0.951493 0.307672 0.000000
vn 0.914970 -0.403521 0.000000
vn 0.914970 -0.403521 0.000000
vn 0.334667 -0.942337 0.000000
vn 0.334667 -0.942337 0.000000
vn -0.237929 -0.971283 0.000000
vn -0.914388 0.404839 0.000000
vn -0.914388 0.404839 0.000000
vn -0.949261 -0.314489 0.000000
vn -0.949261 -0.314489 0.000000
vn -0.417871 -0.908506 0.000000
vn -0.417871 -0.908506 0.000000
vn 0.330811 -0.943697 0.000000
vn 0.330811 -0.943697 0.000000
vn 0.920086 -0.391717 0.000000
vn 0.920086 -0.391717 0.000000
vn 0.952000 0.306099 0.000000
vn 0.952000 0.306099 0.000000
vn 0.413572 0.910471 0.000000
vn 0.413572 0.910471 0.000000
vn -0.331234 0.943549 0.000000
vn -0.331234 0.943549 0.000000
vn -0.438079 -0.898937 0.000000
vn -0.600179 -0.799866 0.000000
vn -0.600178 -0.799867 0.000000
vn -0.438078 -0.898937 0.000000
vn 0.998838 -0.048185 0.000000
vn 0.998838 -0.048185 0.000000
vn 0.998838 -0.048185 0.000000
vn 0.998838 -0.048185 0.000000
vn -0.048179 -0.998839 0.000000
vn -0.048179 -0.998839 0.000000
vn -0.048179 -0.998839 0.000000
vn -0.048179 -0.998839 0.000000
vn -0.991436 0.130598 0.000000
vn -0.991436 0.130598 0.000000
vn -0.998839 0.048182 0.000000
vn -0.998839 0.048182 0.000000
vn -0.950771 0.309896 0.000000
vn -0.950770 0.309896 0.000000
vn -0.138542 0.990357 0.000000
vn -0.138542 0.990357 0.000000
vn -0.319630 0.947543 0.000000
vn -0.319630 0.947542 0.000000
vn 0.373497 0.927631 0.000000
vn 0.373496 0.927632 0.000000
vn 0.752541 0.658545 0.000000
vn 0.752541 0.658545 0.000000
vn 0.885150 0.465306 0.000000
vn 0.885150 0.465306 0.000000
vn -0.048209 -0.998837 0.000000
vn -0.048209 -0.998837 0.000000
vn -0.048209 -0.998837 0.000000
vn -0.048209 -0.998837 0.000000
vn -0.390984 -0.920398 0.000000
vn -0.390983 -0.920398 0.000000
vn -0.598521 -0.801107 0.000000
vn -0.598522 -0.801107 0.000000
vn -0.016013 -0.999872 0.000000
vn -0.016013 -0.999872 0.000000
vn 0.141081 -0.989998 0.000000
vn 0.141081 -0.989998 0.000000
vn 0.645438 -0.763813 0.000000
vn 0.645437 -0.763814 0.000000
vn 0.645437 -0.763814 0.000000
vn 0.645438 -0.763813 0.000000
vn 0.981046 -0.193774 0.000000
vn 0.981046 -0.193773 0.000000
vn 0.981046 -0.193773 0.000000
vn 0.981046 -0.193774 0.000000
vn -0.333560 0.942729 0.000000
vn -0.333560 0.942729 0.000000
vn -0.524923 0.851149 0.000000
vn -0.524922 0.851150 0.000000
vn -0.125663 0.992073 0.000000
vn -0.125663 0.992073 0.000000
vn 0.436546 0.899682 0.000000
vn 0.436547 0.899682 0.000000
vn 0.436547 0.899682 0.000000
vn 0.436546 0.899682 0.000000
vn 0.951493 0.307670 0.000000
vn 0.951493 0.307669 0.000000
vn 0.951493 0.307669 0.000000
vn 0.951493 0.307670 0.000000
vn 0.914970 -0.403522 0.000000
vn 0.914970 -0.403522 0.000000
vn 0.914970 -0.403522 0.000000
vn 0.914970 -0.403522 0.000000
vn 0.334668 -0.942336 0.000000
vn 0.334668 -0.942336 0.000000
vn 0.334668 -0.942336 0.000000
vn 0.334668 -0.942336 0.000000
vn -0.237929 -0.971283 0.000000
vn -0.237930 -0.971282 0.000000
vn -0.914388 0.404839 0.000000
vn -0.914388 0.404839 0.000000
vn -0.914388 0.404839 0.000000
vn -0.914388 0.404839 0.000000
vn -0.949260 -0.314492 0.000000
vn -0.949260 -0.314493 0.000000
vn -0.949260 -0.314493 0.000000
vn -0.949260 -0.314492 0.000000
vn -0.417872 -0.908506 0.000000
vn -0.417872 -0.908506 0.000000
vn -0.417872 -0.908506 0.000000
vn -0.417872 -0.908506 0.000000
vn 0.330814 -0.943696 0.000000
vn 0.330814 -0.943696 0.000000
vn 0.330814 -0.943696 0.000000
vn 0.330814 -0.943696 0.000000
vn 0.920082 -0.391726 0.000000
vn 0.920082 -0.391725 0.000000
vn 0.920082 -0.391725 0.000000
vn 0.920082 -0.391726 0.000000
vn 0.952003 0.306088 0.000000
vn 0.952003 0.306089 0.000000
vn 0.952003 0.306089 0.000000
vn 0.952003 0.306088 0.000000
vn 0.413532 0.910489 0.000000
vn 0.413533 0.910489 0.000000
vn 0.413533 0.910489 0.000000
vn 0.413532 0.910489 0.000000
vn -0.331232 0.943549 0.000000
vn -0.331232 0.943549 0.000000
vn -0.331232 0.943549 0.000000
vn -0.331232 0.943549 0.000000
vn -0.432909 -0.901437 0.000000
vn -0.600176 -0.799868 0.000000
vn 0.998838 -0.048183 0.000000
vn 0.998838 -0.048183 0.000000
vn -0.048179 -0.998839 0.000000
vn -0.048179 -0.998839 0.000000
vn -0.998839 0.048182 0.000000
vn -0.987809 0.155671 0.000000
vn -0.950770 0.309897 0.000000
vn -0.319629 0.947543 0.000000
vn -0.101710 0.994814 0.000000
vn 0.384307 0.923205 0.000000
vn 0.752458 0.658640 0.000000
vn 0.885150 0.465306 0.000000
vn -0.048209 -0.998837 0.000000
vn -0.048209 -0.998837 0.000000
vn -0.598520 -0.801108 0.000000
vn -0.400830 -0.916152 0.000000
vn -0.023776 -0.999717 0.000000
vn 0.141081 -0.989998 0.000000
vn 0.645437 -0.763814 0.000000
vn 0.645437 -0.763814 0.000000
vn 0.981046 -0.193775 0.000000
vn 0.981046 -0.193775 0.000000
vn -0.524924 0.851149 0.000000
vn -0.333199 0.942857 0.000000
vn -0.125663 0.992073 0.000000
vn 0.436547 0.899681 0.000000
vn 0.436547 0.899681 0.000000
vn 0.951494 0.307668 0.000000
vn 0.951494 0.307668 0.000000
vn 0.914970 -0.403522 0.000000
vn 0.914970 -0.403522 0.000000
vn 0.334668 -0.942336 0.000000
vn 0.334668 -0.942336 0.000000
vn -0.237929 -0.971283 0.000000
vn -0.914388 0.404839 0.000000
vn -0.914388 0.404839 0.000000
vn -0.949259 -0.314494 0.000000
vn -0.949259 -0.314494 0.000000
vn -0.417872 -0.908506 0.000000
vn -0.417872 -0.908506 0.000000
vn 0.330814 -0.943696 0.000000
vn 0.330814 -0.943696 0.000000
vn 0.920083 -0.391723 0.000000
vn 0.920083 -0.391723 0.000000
vn 0.952003 0.306089 0.000000
vn 0.952003 0.306089 0.000000
vn 0.413533 0.910489 0.000000
vn 0.413533 0.910489 0.000000
vn -0.331232 0.943549 0.000000
vn -0.331232 0.943549 0.000000
vn -0.998839 0.048181 0.000000
vn -0.998839 0.048181 0.000000
vn -0.998839 0.048181 0.000000
vn -0.998839 0.048181 0.000000
vn 0.048191 0.998838 0.000000
vn 0.048191 0.998838 0.000000
vn 0.048191 0.998838 0.000000
vn 0.048191 0.998838 0.000000
vn -0.998839 0.048181 0.000000
vn -0.998839 0.048181 -0.000002
vn -0.998839 0.048181 -0.000002
vn -0.998839 0.048181 0.000000
vn 0.048182 0.998839 0.000000
vn 0.048182 0.998839 -0.000031
vn 0.048182 0.998839 -0.000031
vn 0.048182 0.998839 0.000000
vn 0.998839 -0.048181 0.000000
vn 0.998839 -0.048181 0.000000
vn 0.998839 -0.048181 0.000000
vn 0.998839 -0.048181 0.000000
vn 0.048172 0.998839 0.000000
vn 0.048172 0.998839 0.000000
vn 0.048172 0.998839 0.000000
vn 0.048172 0.998839 0.000000
vn 0.998839 -0.048181 0.000000
vn 0.998839 -0.048181 0.000000
vn 0.998839 -0.048181 0.000000
vn 0.998839 -0.048181 0.000000
vn -0.048182 -0.998839 0.000000
vn -0.048182 -0.998839 0.000000
vn -0.048182 -0.998839 0.000000
vn -0.048182 -0.998839 0.000000
vn -0.998839 0.048182 0.000000
vn -0.998839 0.048182 0.000000
vn 0.048191 0.998838 0.000000
vn 0.048191 0.998838 0.000000
vn 0.998839 -0.048182 0.000000
vn 0.998839 -0.048182 0.000000
vn 0.048172 0.998839 0.000000
vn 0.048172 0.998839 0.000000
vn 0.998839 -0.048181 0.000000
vn 0.998839 -0.048181 0.000000
vn -0.048182 -0.998839 0.000000
vn -0.048182 -0.998839 0.000000
vn -0.433036 -0.901376 0.000000
vn -0.433036 -0.901377 0.000000
vn -0.433036 -0.901377 0.000000
vn -0.433036 -0.901376 0.000000
vn -0.943170 -0.332311 0.000000
vn -0.943170 -0.332311 0.000000
vn -0.943170 -0.332310 0.000000
vn -0.943170 -0.332310 0.000000
vn -0.906453 0.422308 0.000000
vn -0.906453 0.422307 0.000000
vn -0.906453 0.422307 0.000000
vn -0.906453 0.422308 0.000000
vn -0.345131 0.938555 0.000000
vn -0.345132 0.938554 0.000000
vn -0.345132 0.938554 0.000000
vn -0.345131 0.938555 0.000000
vn 0.433480 0.901163 0.000000
vn 0.433480 0.901163 0.000000
vn 0.433480 0.901163 0.000000
vn 0.433480 0.901163 0.000000
vn 0.944478 0.328576 0.000000
vn 0.944478 0.328576 0.000000
vn 0.944478 0.328576 0.000000
vn 0.944478 0.328576 0.000000
vn 0.904657 -0.426140 0.000000
vn 0.904657 -0.426140 0.000000
vn 0.904657 -0.426140 0.000000
vn 0.904657 -0.426140 0.000000
vn 0.339086 -0.940755 0.000000
vn 0.339085 -0.940756 0.000000
vn 0.339085 -0.940756 0.000000
vn 0.339086 -0.940755 0.000000
vn -0.433035 -0.901377 0.000000
vn -0.433035 -0.901377 0.000000
vn -0.943171 -0.332309 0.000000
vn -0.943171 -0.332309 0.000000
vn -0.906453 0.422307 0.000000
vn -0.906453 0.422307 0.000000
vn -0.345132 0.938554 0.000000
vn -0.345132 0.938554 0.000000
vn 0.433479 0.901163 0.000000
vn 0.433479 0.901163 0.000000
vn 0.944477 0.328577 0.000000
vn 0.944477 0.328577 0.000000
vn 0.904657 -0.426141 0.000000
vn 0.904657 -0.426141 0.000000
vn 0.339085 -0.940756 0.000000
vn 0.339085 -0.940756 0.000000
vn -0.998839 0.048181 0.000000
vn -0.998839 0.048181 0.000000
vn -0.998839 0.048181 0.000000
vn -0.998839 0.048181 0.000000
vn -0.048179 -0.998839 0.000000
vn -0.048179 -0.998839 0.000000
vn -0.048179 -0.998839 0.000000
vn -0.048179 -0.998839 0.000000
vn 0.998839 -0.048182 0.000000
vn 0.998839 -0.048182 0.000000
vn 0.998839 -0.048182 0.000000
vn 0.998839 -0.048182 0.000000
vn -0.048144 -0.998840 0.000000
vn -0.048144 -0.998840 0.000000
vn -0.048144 -0.998840 0.000000
vn -0.048144 -0.998840 0.000000
vn -0.998839 0.048181 0.000000
vn -0.998839 0.048181 0.000000
vn -0.998839 0.048181 0.000000
vn -0.998839 0.048181 0.000000
vn 0.048144 0.998840 0.000000
vn 0.048144 0.998840 0.000000
vn 0.048144 0.998840 0.000000
vn 0.048144 0.998840 0.000000
vn 0.998839 -0.048182 0.000000
vn 0.998839 -0.048182 0.000000
vn 0.998839 -0.048182 0.000000
vn 0.998839 -0.048182 0.000000
vn 0.048179 0.998839 0.000000
vn 0.048179 0.998839 0.000000
vn 0.048179 0.998839 0.000000
vn 0.048179 0.998839 0.000000
vn -0.998839 0.048181 0.000000
vn -0.998839 0.048181 0.000000
vn -0.998839 0.048181 0.000000
vn -0.998839 0.048181 0.000000
vn 0.048182 0.998839 0.000000
vn 0.048182 0.998839 0.000000
vn 0.048182 0.998839 0.000000
vn 0.048182 0.998839 0.000000
vn 0.998839 -0.048181 0.000000
vn 0.998839 -0.048181 0.000000
vn 0.998839 -0.048181 0.000000
vn 0.998839 -0.048181 0.000000
vn -0.048182 -0.998839 0.000000
vn -0.048182 -0.998839 0.000000
vn -0.048182 -0.998839 0.000000
vn -0.048182 -0.998839 0.000000
vn -0.998839 0.048182 0.000000
vn -0.998839 0.048182 0.000000
vn -0.048179 -0.998839 0.000000
vn -0.048179 -0.998839 0.000000
vn 0.998839 -0.048183 0.000000
vn 0.998839 -0.048183 0.000000
vn -0.048144 -0.998840 0.000000
vn -0.048144 -0.998840 0.000000
vn -0.998839 0.048182 0.000000
vn -0.998839 0.048182 0.000000
vn 0.048144 0.998840 0.000000
vn 0.048144 0.998840 0.000000
vn 0.998839 -0.048182 0.000000
vn 0.998839 -0.048182 0.000000
vn 0.048179 0.998839 0.000000
vn 0.048179 0.998839 0.000000
vn -0.998839 0.048182 0.000000
vn -0.998839 0.048182 0.000000
vn 0.048182 0.998839 0.000000
vn 0.048182 0.998839 0.000000
vn 0.998839 -0.048181 0.000000
vn 0.998839 -0.048181 0.000000
vn -0.048182 -0.998839 0.000000
vn -0.048182 -0.998839 0.000000
vn -0.048139 -0.998841 0.000000
vn -0.048139 -0.998841 0.000000
vn -0.048139 -0.998841 0.000000
vn -0.048139 -0.998841 0.000000
vn -0.998839 0.048181 0.000000
vn -0.998839 0.048181 0.000000
vn -0.998839 0.048181 0.000000
vn -0.998839 0.048181 0.000000
vn 0.998839 -0.048182 0.000003
vn 0.998839 -0.048182 0.000003
vn 0.998839 -0.048182 0.000000
vn 0.998839 -0.048182 0.000000
vn -0.048139 -0.998841 0.000000
vn -0.048139 -0.998841 0.000000
vn 0.499598 -0.866258 0.000000
vn 0.346071 -0.938208 0.000000
vn 0.346071 -0.938208 0.000000
vn 0.499598 -0.866257 0.000000
vn -0.998839 0.048181 0.000000
vn -0.998839 0.048181 0.000000
vn 0.158566 -0.987348 0.000000
vn 0.158566 -0.987348 0.000000
vn -0.423710 -0.905798 0.000000
vn -0.423711 -0.905798 0.000000
vn -0.423711 -0.905798 0.000000
vn -0.423710 -0.905798 0.000000
vn -0.998935 -0.046131 0.000000
vn -0.998935 -0.046132 0.000000
vn -0.962814 -0.270166 0.000000
vn -0.962814 -0.270165 0.000000
vn -0.998839 0.048182 0.000000
vn -0.998839 0.048181 0.000000
vn 0.048187 0.998838 0.000000
vn 0.048187 0.998838 0.000000
vn 0.048187 0.998838 0.000000
vn 0.048187 0.998838 0.000000
vn 0.999720 -0.023643 0.000000
vn 0.999720 -0.023643 0.000000
vn 0.998839 -0.048181 0.000000
vn 0.998839 -0.048181 0.000000
vn 0.985325 0.170691 0.000000
vn 0.985325 0.170691 0.000000
vn 0.876006 0.482301 0.000000
vn 0.876006 0.482300 0.000000
vn 0.339293 0.940681 0.000000
vn 0.339293 0.940681 0.000000
vn 0.339293 0.940681 0.000000
vn 0.339293 0.940681 0.000000
vn -0.314770 0.949168 0.000000
vn -0.314770 0.949168 0.000000
vn -0.314770 0.949168 0.000000
vn -0.314770 0.949168 0.000000
vn -0.956605 0.291390 0.000000
vn -0.956605 0.291390 0.000000
vn -0.851976 0.523581 0.000000
vn -0.851976 0.523581 0.000000
vn -0.997799 0.066305 0.000000
vn -0.997799 0.066305 0.000001
vn -0.998839 0.048182 0.000000
vn -0.998839 0.048182 0.000001
vn 0.048183 0.998839 0.000000
vn 0.048183 0.998839 0.000000
vn 0.048183 0.998839 0.000000
vn 0.048183 0.998839 0.000000
vn 0.499599 -0.866257 0.000000
vn 0.340345 -0.940301 0.000000
vn 0.158566 -0.987348 0.000000
vn -0.423711 -0.905797 0.000000
vn -0.423711 -0.905797 0.000000
vn -0.962814 -0.270166 0.000000
vn -0.996848 -0.079332 0.000000
vn 0.048187 0.998838 0.000000
vn 0.048187 0.998838 0.000000
vn 0.999831 -0.018371 0.000000
vn 0.976529 0.215385 0.000000
vn 0.876006 0.482299 0.000000
vn 0.339294 0.940681 0.000000
vn 0.339294 0.940681 0.000000
vn -0.314770 0.949168 0.000000
vn -0.314770 0.949168 0.000000
vn -0.851976 0.523580 0.000000
vn -0.952018 0.306041 0.000000
vn -0.997505 0.070598 0.000001
vn 0.048183 0.998839 0.000000
vn 0.048183 0.998839 0.000000
vn 0.333294 -0.942823 0.000000
vn 0.333294 -0.942823 0.000000
vn 0.333294 -0.942823 0.000000
vn 0.333294 -0.942823 0.000000
vn -0.410649 -0.911794 0.000000
vn -0.410649 -0.911794 0.000000
vn -0.410648 -0.911794 0.000000
vn -0.410648 -0.911794 0.000000
vn 0.913733 -0.406315 0.000000
vn 0.913733 -0.406315 0.000000
vn 0.913733 -0.406315 0.000000
vn 0.913733 -0.406315 0.000000
vn 0.333294 -0.942823 0.000000
vn 0.333294 -0.942823 0.000000
vn -0.953348 -0.301873 0.000000
vn -0.963897 -0.266275 0.000000
vn -0.963897 -0.266275 0.000004
vn -0.953348 -0.301872 0.000005
vn -0.410647 -0.911794 0.000000
vn -0.410647 -0.911794 0.000000
vn -0.997724 0.067433 0.000000
vn -0.997724 0.067432 0.000000
vn 0.048182 0.998839 0.000000
vn 0.048182 0.998839 0.000000
vn 0.048182 0.998839 0.000000
vn 0.048182 0.998839 0.000000
vn -0.898379 -0.439222 0.000000
vn -0.898379 -0.439222 0.000000
vn -0.898379 -0.439222 0.000000
vn -0.898379 -0.439222 0.000000
vn -0.354899 -0.934905 0.000000
vn -0.354899 -0.934905 0.000000
vn -0.354899 -0.934905 0.000000
vn -0.354899 -0.934905 0.000000
vn 0.331825 -0.943341 0.000000
vn 0.331826 -0.943341 0.000000
vn 0.331826 -0.943341 0.000000
vn 0.331825 -0.943341 0.000000
vn -0.468177 -0.883635 0.000000
vn -0.468176 -0.883635 0.000000
vn -0.468176 -0.883635 0.000000
vn -0.468177 -0.883635 0.000000
vn -0.393802 0.919195 0.000000
vn -0.393802 0.919195 0.000000
vn -0.621986 0.783028 0.000000
vn -0.621986 0.783028 0.000000
vn -0.153605 0.988132 0.000000
vn -0.153604 0.988132 0.000000
vn 0.405647 0.914030 0.000000
vn 0.405647 0.914030 0.000000
vn 0.405647 0.914030 0.000000
vn 0.405647 0.914030 0.000000
vn 0.945853 0.324595 0.000000
vn 0.945853 0.324595 0.000020
vn 0.945853 0.324595 0.000020
vn 0.945853 0.324595 0.000000
vn -0.786332 0.617804 0.000000
vn -0.786332 0.617804 0.000000
vn -0.786332 0.617804 0.000000
vn -0.786332 0.617804 0.000000
vn -0.048186 -0.998838 0.000000
vn -0.048186 -0.998838 0.000000
vn -0.048186 -0.998838 0.000000
vn -0.048186 -0.998838 0.000000
vn 0.838420 0.545024 0.000000
vn 0.838420 0.545024 0.000000
vn 0.838420 0.545024 0.000000
vn 0.838420 0.545024 0.000000
vn 0.340427 0.940271 0.000000
vn 0.340426 0.940271 0.000000
vn 0.340426 0.940271 0.000000
vn 0.340427 0.940271 0.000000
vn -0.258059 0.966129 0.000000
vn -0.258059 0.966129 0.000000
vn -0.258059 0.966129 0.000000
vn -0.258059 0.966129 0.000000
vn 0.913733 -0.406315 0.000000
vn 0.913733 -0.406315 0.000000
vn -0.981134 -0.193331 0.000006
vn -0.997724 0.067433 0.000000
vn 0.048182 0.998839 0.000000
vn 0.048182 0.998839 0.000000
vn -0.898379 -0.439221 0.000000
vn -0.898379 -0.439221 0.000000
vn -0.354898 -0.934905 0.000000
vn -0.354898 -0.934905 0.000000
vn 0.331826 -0.943341 0.000000
vn 0.331826 -0.943341 0.000000
vn -0.468176 -0.883635 0.000000
vn -0.468176 -0.883635 0.000000
vn -0.621987 0.783028 0.000000
vn -0.397468 0.917616 0.000000
vn -0.153604 0.988132 0.000000
vn 0.405646 0.914030 0.000000
vn 0.405646 0.914030 0.000000
vn -0.786332 0.617804 0.000000
vn -0.786332 0.617804 0.000000
vn -0.048186 -0.998838 0.000000
vn -0.048186 -0.998838 0.000000
vn 0.838420 0.545025 0.000000
vn 0.838420 0.545025 0.000000
vn 0.340426 0.940271 0.000000
vn 0.340426 0.940271 0.000000
vn -0.258059 0.966129 0.000000
vn -0.258059 0.966129 0.000000
vn -0.097489 -0.995237 0.000000
vn -0.097489 -0.995237 0.000000
vn -0.048179 -0.998839 0.000000
vn -0.048179 -0.998839 0.000000
vn -0.341072 -0.940037 0.000000
vn -0.341072 -0.940037 0.000000
vn 0.998839 -0.048181 0.000003
vn 0.998839 -0.048181 0.000003
vn 0.998839 -0.048181 0.000000
vn 0.998839 -0.048181 0.000000
vn -0.048179 -0.998839 0.000000
vn -0.094814 -0.995495 0.000000
vn -0.566265 -0.824223 0.000000
vn -0.566265 -0.824223 0.000000
vn -0.350969 -0.936387 0.000000
vn -0.959024 -0.283326 0.000000
vn -0.959024 -0.283326 0.000000
vn -0.959024 -0.283326 0.000000
vn -0.959024 -0.283326 0.000000
vn -0.857053 0.515229 0.000000
vn -0.857053 0.515228 0.000000
vn -0.961883 0.273462 0.000000
vn -0.961883 0.273462 0.000000
vn -0.710721 0.703474 0.000000
vn -0.710721 0.703474 0.000000
vn -0.663220 -0.748425 0.000000
vn -0.663218 -0.748426 0.000000
vn -0.663218 -0.748426 0.000000
vn -0.663220 -0.748425 0.000000
vn -0.975377 -0.220545 0.000000
vn -0.975377 -0.220545 0.000000
vn -0.975377 -0.220545 0.000000
vn -0.975377 -0.220545 0.000000
vn -0.947836 0.318759 0.000000
vn -0.947836 0.318759 0.000000
vn -0.947836 0.318759 0.000000
vn -0.947836 0.318759 0.000000
vn -0.642150 0.766579 0.000000
vn -0.642149 0.766580 0.000000
vn -0.642149 0.766580 0.000000
vn -0.642150 0.766579 0.000000
vn -0.024652 0.999696 0.000000
vn -0.024652 0.999696 0.000000
vn -0.130274 0.991478 0.000000
vn -0.130274 0.991478 0.000000
vn 0.048189 0.998838 0.000000
vn 0.048189 0.998838 0.000000
vn -0.998839 0.048182 0.000000
vn -0.998839 0.048182 0.000000
vn -0.998839 0.048182 0.000000
vn -0.998839 0.048182 0.000000
vn 0.150093 -0.988672 0.000000
vn 0.150093 -0.988672 0.000000
vn -0.048113 -0.998842 0.000000
vn -0.048113 -0.998842 0.000000
vn -0.998839 0.048181 0.000000
vn -0.998839 0.048181 0.000000
vn -0.998839 0.048181 0.000000
vn -0.998839 0.048181 0.000000
vn 0.094785 -0.995498 0.000000
vn 0.094785 -0.995498 0.000000
vn -0.048055 -0.998845 0.000000
vn -0.048055 -0.998845 0.000000
vn 0.136327 -0.990664 0.000000
vn 0.136327 -0.990664 0.000000
vn 0.881899 -0.471438 0.000000
vn 0.881900 -0.471437 0.000000
vn 0.881900 -0.471437 0.000000
vn 0.881899 -0.471438 0.000000
vn 0.922986 0.384833 0.000000
vn 0.922987 0.384832 0.000000
vn 0.922987 0.384832 0.000000
vn 0.922986 0.384833 0.000000
vn 0.230565 0.973057 0.000000
vn 0.230564 0.973057 0.000000
vn 0.273049 0.962000 0.000000
vn 0.273049 0.962000 0.000000
vn 0.048203 0.998838 0.000000
vn 0.048203 0.998838 0.000000
vn 0.225280 -0.974294 0.000000
vn 0.225280 -0.974294 0.000000
vn 0.900544 -0.434765 0.000000
vn 0.900544 -0.434766 0.000000
vn 0.900544 -0.434766 0.000000
vn 0.900544 -0.434765 0.000000
vn 0.936431 0.350851 0.000000
vn 0.936431 0.350852 0.000000
vn 0.936431 0.350852 0.000000
vn 0.936431 0.350851 0.000000
vn 0.231634 0.972803 0.000000
vn 0.231634 0.972803 0.000000
vn 0.317618 0.948219 0.000000
vn 0.317618 0.948219 0.000000
vn 0.048309 0.998833 0.000000
vn 0.048309 0.998833 0.000000
vn -0.566266 -0.824223 0.000000
vn -0.959023 -0.283327 0.000000
vn -0.959023 -0.283327 0.000000
vn -0.961883 0.273461 0.000000
vn -0.860293 0.509800 0.000000
vn -0.663217 -0.748427 0.000000
vn -0.663217 -0.748427 0.000000
vn -0.975377 -0.220545 0.000000
vn -0.975377 -0.220545 0.000000
vn -0.947836 0.318758 0.000000
vn -0.947836 0.318758 0.000000
vn -0.642149 0.766580 0.000000
vn -0.642149 0.766580 0.000000
vn -0.130275 0.991478 0.000000
vn -0.032931 0.999458 0.000000
vn 0.048188 0.998838 0.000000
vn -0.998839 0.048182 0.000000
vn -0.998839 0.048182 0.000000
vn 0.119817 -0.992796 0.000000
vn -0.048112 -0.998842 0.000000
vn -0.998839 0.048181 0.000000
vn -0.998839 0.048181 0.000000
vn 0.069577 -0.997577 0.000000
vn -0.048055 -0.998845 0.000000
vn 0.136327 -0.990664 0.000000
vn 0.881901 -0.471435 0.000000
vn 0.881901 -0.471435 0.000000
vn 0.922987 0.384830 0.000000
vn 0.922987 0.384830 0.000000
vn 0.196242 0.980555 0.000000
vn 0.273049 0.962000 0.000000
vn 0.048203 0.998838 0.000000
vn 0.225280 -0.974294 0.000000
vn 0.900543 -0.434766 0.000000
vn 0.900543 -0.434766 0.000000
vn 0.936430 0.350854 0.000000
vn 0.936430 0.350854 0.000000
vn 0.208230 0.978080 0.000000
vn 0.317618 0.948219 0.000000
vn 0.048309 0.998832 0.000000
vn 0.000001 0.000000 1.000000
vn 0.000001 0.000000 1.000000
vn 0.000001 0.000000 1.000000
vn 0.000001 0.000000 1.000000
vn -0.998839 0.048182 0.000000
vn -0.998839 0.048182 0.000000
vn -0.998839 0.048182 0.000000
vn -0.998839 0.048182 0.000000
vn 0.048175 0.998839 0.000000
vn 0.048175 0.998839 0.000000
vn 0.048175 0.998839 0.000000
vn 0.048175 0.998839 0.000000
vn 0.998839 -0.048182 0.000000
vn 0.998839 -0.048182 0.000000
vn 0.998839 -0.048182 0.000000
vn 0.998839 -0.048182 0.000000
vn -0.048175 -0.998839 0.000000
vn -0.048175 -0.998839 0.000000
vn -0.048175 -0.998839 0.000000
vn -0.048175 -0.998839 0.000000
vn 0.048175 0.998839 0.000000
vn 0.048175 0.998839 0.000000
vn -0.048175 -0.998839 0.000000
vn -0.048175 -0.998839 0.000000
vn 0.000000 0.000000 1.000000
vn 0.000000 0.000000 1.000000
vn 0.000000 0.000000 1.000000
vn 0.000000 0.000000 1.000000
vn -0.998839 0.048182 0.000000
vn -0.998839 0.048182 0.000000
vn -0.998839 0.048182 0.000000
vn -0.998839 0.048182 0.000000
vn 0.048196 0.998838 0.000000
vn 0.048196 0.998838 0.000000
vn 0.048196 0.998838 0.000000
vn 0.048196 0.998838 0.000000
vn 0.998839 -0.048180 0.000000
vn 0.998839 -0.048181 0.000000
vn 0.998839 -0.048181 0.000000
vn 0.998839 -0.048180 0.000000
vn -0.048196 -0.998838 0.000000
vn -0.048195 -0.998838 0.000000
vn -0.048195 -0.998838 0.000000
vn -0.048196 -0.998838 0.000000
vn -0.998839 0.048181 0.000000
vn -0.998839 0.048181 0.000000
vn 0.048195 0.998838 0.000000
vn 0.048195 0.998838 0.000000
vn 0.998839 -0.048181 0.000000
vn 0.998839 -0.048181 0.000000
vn -0.048195 -0.998838 0.000000
vn -0.048195 -0.998838 0.000000
vn -0.000002 0.000000 1.000000
vn -0.000002 0.000000 1.000000
vn -0.000002 0.000000 1.000000
vn -0.000002 0.000000 1.000000
vn -0.987713 0.156276 0.000000
vn -0.987714 0.156275 0.000000
vn -0.987714 0.156275 0.000000
vn -0.987713 0.156276 0.000000
vn 0.048176 0.998839 0.000000
vn 0.048176 0.998839 0.000000
vn 0.048176 0.998839 0.000000
vn 0.048176 0.998839 0.000000
vn 0.998172 0.060441 0.000000
vn 0.998172 0.060441 0.000000
vn 0.998172 0.060441 0.000000
vn 0.998172 0.060441 0.000000
vn -0.048155 -0.998840 0.000000
vn -0.048155 -0.998840 0.000000
vn -0.048155 -0.998840 0.000000
vn -0.048155 -0.998840 0.000000
vn -0.987714 0.156275 0.000000
vn -0.987714 0.156275 0.000000
vn 0.048176 0.998839 0.000000
vn 0.048176 0.998839 0.000000
vn 0.998172 0.060441 0.000000
vn 0.998172 0.060441 0.000000
vn -0.048155 -0.998840 0.000000
vn -0.048155 -0.998840 0.000000
vn -0.115411 -0.993318 0.000000
vn -0.115411 -0.993318 0.000000
vn -0.048194 -0.998838 0.000000
vn -0.048194 -0.998838 0.000000
vn -0.172006 -0.985096 0.000000
vn -0.172006 -0.985096 0.000000
vn 0.998839 -0.048181 0.000000
vn 0.998839 -0.048181 0.000000
vn 0.998839 -0.048181 0.000000
vn 0.998839 -0.048181 0.000000
vn -0.048194 -0.998838 0.000000
vn -0.112863 -0.993611 0.000000
vn -0.691472 -0.722403 0.000000
vn -0.691472 -0.722403 0.000000
vn -0.691473 -0.722402 0.000000
vn -0.691473 -0.722402 0.000000
vn -0.172005 -0.985096 0.000000
vn -0.978196 -0.207683 0.000000
vn -0.978196 -0.207683 0.000000
vn -0.978196 -0.207683 0.000000
vn -0.978196 -0.207683 0.000000
vn -0.946926 0.321452 0.000000
vn -0.946926 0.321452 0.000000
vn -0.946926 0.321452 0.000000
vn -0.946926 0.321452 0.000000
vn -0.535681 0.844421 0.000000
vn -0.535679 0.844421 0.000000
vn -0.535679 0.844421 0.000000
vn -0.535681 0.844421 0.000000
vn -0.904167 -0.427179 0.000000
vn -0.904167 -0.427179 0.000000
vn -0.904167 -0.427179 0.000000
vn -0.904167 -0.427179 0.000000
vn 0.048178 0.998839 0.000000
vn 0.048178 0.998839 0.000000
vn 0.048178 0.998839 0.000000
vn 0.048178 0.998839 0.000000
vn 0.904782 0.425875 0.000000
vn 0.904782 0.425875 0.000000
vn 0.904782 0.425875 0.000000
vn 0.904782 0.425875 0.000000
vn 0.048426 0.998827 0.000000
vn 0.048426 0.998827 0.000000
vn 0.048426 0.998827 0.000000
vn 0.048426 0.998827 0.000000
vn -0.998839 0.048180 0.000000
vn -0.998839 0.048180 0.000000
vn -0.998839 0.048180 0.000000
vn -0.998839 0.048180 0.000000
vn 0.048194 0.998838 0.000000
vn 0.048194 0.998838 0.000000
vn 0.048194 0.998838 0.000000
vn 0.048194 0.998838 0.000000
vn -0.998839 0.048181 0.000000
vn -0.998839 0.048181 0.000000
vn -0.998839 0.048182 0.000000
vn -0.998839 0.048182 0.000000
vn 0.080205 -0.996778 0.000000
vn 0.080205 -0.996778 0.000000
vn -0.048188 -0.998838 0.000000
vn -0.048188 -0.998838 0.000000
vn 0.139909 -0.990164 0.000000
vn 0.139908 -0.990165 0.000000
vn 0.897641 -0.440729 0.000000
vn 0.897640 -0.440729 0.000000
vn 0.897640 -0.440729 0.000000
vn 0.897641 -0.440729 0.000000
vn 0.971095 0.238692 0.000000
vn 0.971095 0.238692 0.000000
vn 0.971095 0.238692 0.000000
vn 0.971095 0.238692 0.000000
vn 0.645758 0.763542 0.000000
vn 0.645758 0.763542 0.000000
vn 0.645758 0.763542 0.000000
vn 0.645758 0.763542 0.000000
vn 0.115453 0.993313 0.000000
vn 0.115453 0.993313 0.000000
vn 0.148693 0.988884 0.000000
vn 0.148692 0.988883 0.000000
vn 0.048258 0.998835 0.000000
vn 0.048258 0.998835 0.000000
vn 0.998839 -0.048182 0.000000
vn 0.998839 -0.048182 0.000000
vn -0.691475 -0.722400 0.000000
vn -0.691475 -0.722400 0.000000
vn -0.978196 -0.207682 0.000000
vn -0.978196 -0.207682 0.000000
vn -0.946926 0.321451 0.000000
vn -0.946926 0.321451 0.000000
vn -0.535679 0.844422 0.000000
vn -0.535679 0.844422 0.000000
vn -0.904167 -0.427179 0.000000
vn -0.904167 -0.427179 0.000000
vn 0.048178 0.998839 0.000000
vn 0.048178 0.998839 0.000000
vn 0.904782 0.425875 0.000000
vn 0.904782 0.425875 0.000000
vn 0.048425 0.998827 0.000000
vn 0.048425 0.998827 0.000000
vn -0.998839 0.048180 0.000000
vn -0.998839 0.048180 0.000000
vn 0.048194 0.998838 0.000000
vn 0.048194 0.998838 0.000000
vn -0.998839 0.048182 0.000000
vn -0.998839 0.048182 0.000000
vn 0.063144 -0.998004 0.000000
vn -0.048188 -0.998838 0.000000
vn 0.139908 -0.990164 0.000000
vn 0.897640 -0.440730 0.000000
vn 0.897640 -0.440730 0.000000
vn 0.971096 0.238690 0.000000
vn 0.971096 0.238690 0.000000
vn 0.645759 0.763541 0.000000
vn 0.645759 0.763541 0.000000
vn 0.107031 0.994256 0.000000
vn 0.148692 0.988883 0.000000
vn 0.048258 0.998835 0.000000
vn 0.333319 -0.942814 0.000000
vn 0.333319 -0.942814 0.000000
vn 0.333319 -0.942814 0.000000
vn 0.333319 -0.942814 0.000000
vn -0.410648 -0.911794 0.000000
vn -0.410648 -0.911794 0.000000
vn -0.410648 -0.911794 0.000000
vn -0.410648 -0.911794 0.000000
vn 0.913732 -0.406317 0.000000
vn 0.913732 -0.406317 0.000000
vn 0.913732 -0.406317 0.000000
vn 0.913732 -0.406317 0.000000
vn 0.333318 -0.942814 0.000000
vn 0.333318 -0.942814 0.000000
vn -0.953349 -0.301870 0.000000
vn -0.963897 -0.266274 0.000000
vn -0.963898 -0.266274 0.000000
vn -0.953349 -0.301869 0.000000
vn -0.410647 -0.911794 0.000000
vn -0.410647 -0.911794 0.000000
vn -0.997725 0.067416 0.000000
vn -0.997725 0.067416 0.000000
vn 0.048182 0.998839 0.000000
vn 0.048182 0.998839 0.000000
vn 0.048182 0.998839 0.000000
vn 0.048182 0.998839 0.000000
vn -0.898381 -0.439217 0.000000
vn -0.898381 -0.439216 0.000000
vn -0.898381 -0.439216 0.000000
vn -0.898381 -0.439217 0.000000
vn -0.354899 -0.934905 0.000000
vn -0.354898 -0.934905 0.000000
vn -0.354898 -0.934905 0.000000
vn -0.354899 -0.934905 0.000000
vn 0.331826 -0.943341 0.000000
vn 0.331826 -0.943341 0.000000
vn 0.331826 -0.943341 0.000000
vn 0.331826 -0.943341 0.000000
vn -0.468174 -0.883636 0.000000
vn -0.468174 -0.883636 0.000000
vn -0.468174 -0.883636 0.000000
vn -0.468174 -0.883636 0.000000
vn -0.393801 0.919196 0.000000
vn -0.393802 0.919195 0.000000
vn -0.621984 0.783030 0.000000
vn -0.621984 0.783030 0.000000
vn -0.153605 0.988132 0.000000
vn -0.153605 0.988132 0.000000
vn 0.405647 0.914030 0.000000
vn 0.405647 0.914030 0.000000
vn 0.405647 0.914030 0.000000
vn 0.405647 0.914030 0.000000
vn 0.945850 0.324605 0.000000
vn 0.945850 0.324604 0.000000
vn 0.945850 0.324604 0.000000
vn 0.945850 0.324605 0.000000
vn -0.786359 0.617770 0.000000
vn -0.786359 0.617770 0.000000
vn -0.786359 0.617770 0.000000
vn -0.786359 0.617770 0.000000
vn -0.048186 -0.998838 0.000000
vn -0.048186 -0.998838 0.000000
vn -0.048186 -0.998838 0.000000
vn -0.048186 -0.998838 0.000000
vn 0.838439 0.544995 0.000000
vn 0.838438 0.544998 0.000000
vn 0.838438 0.544998 0.000000
vn 0.838439 0.544995 0.000000
vn 0.340427 0.940271 0.000000
vn 0.340427 0.940271 0.000000
vn 0.340427 0.940271 0.000000
vn 0.340427 0.940271 0.000000
vn -0.258059 0.966129 0.000000
vn -0.258059 0.966129 0.000000
vn -0.258059 0.966129 0.000000
vn -0.258059 0.966129 0.000000
vn 0.913732 -0.406317 0.000000
vn 0.913732 -0.406317 0.000000
vn -0.953349 -0.301870 0.000000
vn -0.981133 -0.193335 0.000000
vn -0.997725 0.067415 0.000000
vn 0.048182 0.998839 0.000000
vn 0.048182 0.998839 0.000000
vn -0.898382 -0.439216 0.000000
vn -0.898382 -0.439216 0.000000
vn -0.354897 -0.934905 0.000000
vn -0.354897 -0.934905 0.000000
vn 0.331826 -0.943341 0.000000
vn 0.331826 -0.943341 0.000000
vn -0.468174 -0.883636 0.000000
vn -0.468174 -0.883636 0.000000
vn -0.621984 0.783030 0.000000
vn -0.397467 0.917617 0.000000
vn -0.153605 0.988132 0.000000
vn 0.405646 0.914030 0.000000
vn 0.405646 0.914030 0.000000
vn 0.945850 0.324604 0.000000
vn 0.945850 0.324604 0.000000
vn -0.786360 0.617768 0.000000
vn -0.786360 0.617768 0.000000
vn -0.048186 -0.998838 0.000000
vn -0.048186 -0.998838 0.000000
vn 0.838436 0.544999 0.000000
vn 0.838436 0.544999 0.000000
vn 0.340428 0.940271 0.000000
vn 0.340428 0.940271 0.000000
vn -0.258058 0.966129 0.000000
vn -0.258058 0.966129 0.000000
vn 0.362295 -0.932064 0.000000
vn 0.362294 -0.932064 0.000000
vn 0.362294 -0.932064 0.000000
vn 0.362295 -0.932064 0.000000
vn -0.244448 -0.969662 0.000000
vn -0.440366 -0.897819 0.000000
vn -0.440366 -0.897818 0.000000
vn -0.244449 -0.969662 0.000000
vn 0.923351 -0.383958 0.000000
vn 0.923351 -0.383958 0.000000
vn 0.923350 -0.383959 0.000000
vn 0.923350 -0.383959 0.000000
vn 0.362294 -0.932064 0.000000
vn 0.362294 -0.932064 0.000000
vn -0.611664 -0.791118 0.000000
vn -0.611665 -0.791117 0.000000
vn -0.244449 -0.969662 0.000000
vn -0.438818 -0.898576 0.000000
vn 0.998839 -0.048170 0.000000
vn 0.998839 -0.048176 0.000000
vn 0.998839 -0.048176 0.000000
vn 0.998839 -0.048170 0.000000
vn -0.048218 -0.998837 0.000000
vn -0.048218 -0.998837 0.000000
vn -0.048218 -0.998837 0.000000
vn -0.048218 -0.998837 0.000000
vn -0.998839 0.048182 0.000000
vn -0.998839 0.048182 0.000000
vn -0.998839 0.048182 0.000000
vn -0.998839 0.048182 0.000000
vn 0.048175 0.998839 0.000000
vn 0.048175 0.998839 0.000000
vn 0.048175 0.998839 0.000000
vn 0.048175 0.998839 0.000000
vn 0.998839 -0.048184 0.000000
vn 0.998839 -0.048180 0.000000
vn 0.998839 -0.048180 0.000000
vn 0.998839 -0.048184 0.000000
vn -0.348197 0.937422 0.000000
vn -0.348197 0.937421 0.000000
vn -0.523600 0.851964 0.000000
vn -0.523599 0.851965 0.000000
vn -0.141137 0.989990 0.000000
vn -0.141138 0.989990 0.000000
vn 0.452694 0.891666 0.000000
vn 0.452695 0.891665 0.000000
vn 0.452695 0.891665 0.000000
vn 0.452694 0.891666 0.000000
vn 0.951236 0.308464 0.000000
vn 0.951236 0.308464 0.000000
vn 0.951236 0.308464 0.000000
vn 0.951236 0.308464 0.000000
vn -0.921869 0.387502 0.000000
vn -0.921869 0.387502 0.000000
vn -0.921869 0.387502 0.000000
vn -0.921869 0.387502 0.000000
vn -0.954223 -0.299095 0.000000
vn -0.954223 -0.299095 0.000000
vn -0.954223 -0.299095 0.000000
vn -0.954223 -0.299095 0.000000
vn -0.441717 -0.897154 0.000000
vn -0.441716 -0.897155 0.000000
vn -0.441716 -0.897155 0.000000
vn -0.441717 -0.897154 0.000000
vn 0.342059 -0.939678 0.000000
vn 0.342058 -0.939679 0.000000
vn 0.342058 -0.939679 0.000000
vn 0.342059 -0.939678 0.000000
vn 0.923041 -0.384703 0.000000
vn 0.923041 -0.384702 0.000000
vn 0.923041 -0.384702 0.000000
vn 0.923041 -0.384703 0.000000
vn 0.953921 0.300059 0.000000
vn 0.953921 0.300058 0.000000
vn 0.953921 0.300058 0.000000
vn 0.953921 0.300059 0.000000
vn 0.424058 0.905635 0.000000
vn 0.424058 0.905635 0.000000
vn 0.424058 0.905635 0.000000
vn 0.424058 0.905635 0.000000
vn -0.346817 0.937933 0.000000
vn -0.346818 0.937932 0.000000
vn -0.346818 0.937932 0.000000
vn -0.346817 0.937933 0.000000
vn 0.923351 -0.383957 0.000000
vn 0.923351 -0.383957 0.000000
vn -0.611666 -0.791116 0.000000
vn 0.998838 -0.048183 0.000000
vn 0.998838 -0.048183 0.000000
vn -0.048218 -0.998837 0.000000
vn -0.048218 -0.998837 0.000000
vn -0.998839 0.048182 0.000000
vn -0.998839 0.048182 0.000000
vn 0.048175 0.998839 0.000000
vn 0.048175 0.998839 0.000000
vn 0.998839 -0.048176 0.000000
vn 0.998839 -0.048176 0.000000
vn -0.523601 0.851964 0.000000
vn -0.343832 0.939031 0.000000
vn -0.141138 0.989990 0.000000
vn 0.452696 0.891665 0.000000
vn 0.452696 0.891665 0.000000
vn 0.951236 0.308465 0.000000
vn 0.951236 0.308465 0.000000
vn -0.921869 0.387503 0.000000
vn -0.921869 0.387503 0.000000
vn -0.954223 -0.299095 0.000000
vn -0.954223 -0.299095 0.000000
vn -0.441716 -0.897155 0.000000
vn -0.441716 -0.897155 0.000000
vn 0.342058 -0.939679 0.000000
vn 0.342058 -0.939679 0.000000
vn 0.923042 -0.384700 0.000000
vn 0.923042 -0.384700 0.000000
vn 0.953921 0.300057 0.000000
vn 0.953921 0.300057 0.000000
vn 0.424058 0.905635 0.000000
vn 0.424058 0.905635 0.000000
vn -0.346819 0.937932 0.000000
vn -0.346819 0.937932 0.000000
vn 0.244775 -0.969580 0.000000
vn 0.244775 -0.969580 0.000000
vn 0.244775 -0.969580 0.000000
vn 0.244775 -0.969580 0.000000
vn -0.290978 -0.956730 0.000000
vn -0.290978 -0.956730 0.000000
vn -0.290978 -0.956730 0.000000
vn -0.290978 -0.956730 0.000000
vn 0.741385 -0.671080 0.000000
vn 0.741385 -0.671080 0.000000
vn 0.741385 -0.671080 0.000000
vn 0.741385 -0.671080 0.000000
vn 0.244776 -0.969580 0.000000
vn 0.244776 -0.969580 0.000000
vn -0.922915 0.385003 0.000000
vn -0.922915 0.385003 0.000000
vn -0.922915 0.385004 0.000000
vn -0.922915 0.385004 0.000000
vn -0.290977 -0.956730 0.000000
vn -0.290977 -0.956730 0.000000
vn 0.336621 0.941640 0.000000
vn 0.336622 0.941640 0.000000
vn 0.336622 0.941640 0.000000
vn 0.336621 0.941640 0.000000
vn -0.551309 0.834301 0.000000
vn -0.551309 0.834301 0.000000
vn -0.551309 0.834301 0.000000
vn -0.551309 0.834301 0.000000
vn -0.986250 0.165258 0.000000
vn -0.986250 0.165258 0.000000
vn -0.982115 0.188282 0.000000
vn -0.982115 0.188282 0.000000
vn -0.998935 0.046148 0.000000
vn -0.998935 0.046148 0.000000
vn -0.998838 0.048185 0.000000
vn -0.998838 0.048185 0.000000
vn 0.048183 0.998839 0.000000
vn 0.048183 0.998839 0.000000
vn 0.048183 0.998839 0.000000
vn 0.048183 0.998839 0.000000
vn 0.998839 -0.048182 0.000000
vn 0.998839 -0.048182 0.000000
vn 0.998839 -0.048182 0.000000
vn 0.998839 -0.048182 0.000000
vn -0.048174 -0.998839 0.000000
vn -0.048174 -0.998839 0.000000
vn -0.048174 -0.998839 0.000000
vn -0.048174 -0.998839 0.000000
vn -0.998838 0.048189 0.000000
vn -0.998838 0.048192 0.000000
vn -0.998838 0.048192 0.000000
vn -0.998838 0.048189 0.000000
vn 0.741385 -0.671080 0.000000
vn 0.741385 -0.671080 0.000000
vn -0.922914 0.385006 0.000000
vn -0.922914 0.385006 0.000000
vn 0.336624 0.941639 0.000000
vn 0.336624 0.941639 0.000000
vn -0.551308 0.834302 0.000000
vn -0.551308 0.834302 0.000000
vn -0.982115 0.188281 0.000000
vn -0.990538 0.137243 0.000000
vn -0.999099 0.042434 0.000000
vn -0.998838 0.048184 0.000000
vn 0.048183 0.998839 0.000000
vn 0.048183 0.998839 0.000000
vn 0.998839 -0.048182 0.000000
vn 0.998839 -0.048182 0.000000
vn -0.048174 -0.998839 0.000000
vn -0.048174 -0.998839 0.000000
vn -0.998838 0.048194 0.000000
vn -0.998838 0.048194 0.000000
vn -0.048175 -0.998839 0.000000
vn -0.048175 -0.998839 0.000000
vn -0.048175 -0.998839 0.000000
vn -0.048175 -0.998839 0.000000
vn -0.998839 0.048180 0.000000
vn -0.998839 0.048180 0.000000
vn -0.998839 0.048180 0.000000
vn -0.998839 0.048180 0.000000
vn 0.998839 -0.048180 0.000000
vn 0.998839 -0.048180 0.000000
vn 0.998839 -0.048179 0.000000
vn 0.998839 -0.048179 0.000000
vn -0.048175 -0.998839 0.000000
vn -0.048175 -0.998839 0.000000
vn 0.048175 0.998839 0.000000
vn 0.048175 0.998839 0.000000
vn 0.048175 0.998839 0.000000
vn 0.048175 0.998839 0.000000
vn -0.998839 0.048181 0.000000
vn -0.998839 0.048181 0.000000
vn 0.998839 -0.048184 0.000000
vn 0.998839 -0.048180 0.000000
vn 0.998839 -0.048180 0.000000
vn 0.998839 -0.048184 0.000000
vn -0.348196 0.937422 0.000000
vn -0.348197 0.937422 0.000000
vn -0.523600 0.851964 0.000000
vn -0.523599 0.851965 0.000000
vn -0.141137 0.989990 0.000000
vn -0.141137 0.989990 0.000000
vn 0.452696 0.891665 0.000000
vn 0.452696 0.891665 0.000000
vn 0.452696 0.891665 0.000000
vn 0.452696 0.891665 0.000000
vn 0.951236 0.308464 0.000000
vn 0.951236 0.308464 0.000000
vn 0.951236 0.308464 0.000000
vn 0.951236 0.308464 0.000000
vn 0.923351 -0.383957 0.000000
vn 0.923351 -0.383957 0.000000
vn 0.923351 -0.383957 0.000000
vn 0.923351 -0.383957 0.000000
vn -0.921868 0.387505 0.000000
vn -0.921868 0.387505 0.000000
vn -0.921868 0.387504 0.000000
vn -0.921868 0.387504 0.000000
vn -0.954227 -0.299082 0.000000
vn -0.954228 -0.299082 0.000000
vn -0.954228 -0.299082 0.000000
vn -0.954227 -0.299082 0.000000
vn -0.441716 -0.897155 0.000000
vn -0.441715 -0.897155 0.000000
vn -0.441715 -0.897155 0.000000
vn -0.441716 -0.897155 0.000000
vn 0.342106 -0.939661 0.000000
vn 0.342105 -0.939662 0.000000
vn 0.342105 -0.939662 0.000000
vn 0.342106 -0.939661 0.000000
vn 0.923033 -0.384720 0.000000
vn 0.923034 -0.384719 0.000000
vn 0.923034 -0.384719 0.000000
vn 0.923033 -0.384720 0.000000
vn 0.953922 0.300056 0.000000
vn 0.953922 0.300056 0.000000
vn 0.953922 0.300056 0.000000
vn 0.953922 0.300056 0.000000
vn 0.424056 0.905636 0.000000
vn 0.424055 0.905636 0.000000
vn 0.424055 0.905636 0.000000
vn 0.424056 0.905636 0.000000
vn -0.346775 0.937948 0.000000
vn -0.346776 0.937948 0.000000
vn -0.346776 0.937948 0.000000
vn -0.346775 0.937948 0.000000
vn 0.362295 -0.932063 0.000000
vn 0.362295 -0.932064 0.000000
vn 0.362295 -0.932064 0.000000
vn 0.362295 -0.932063 0.000000
vn -0.440364 -0.897820 0.000000
vn -0.244388 -0.969678 0.000000
vn -0.611701 -0.791089 0.000000
vn 0.998839 -0.048180 0.000000
vn 0.998839 -0.048180 0.000000
vn 0.048175 0.998839 0.000000
vn 0.048175 0.998839 0.000000
vn 0.998839 -0.048176 0.000000
vn 0.998839 -0.048176 0.000000
vn -0.523601 0.851964 0.000000
vn -0.343832 0.939031 0.000000
vn -0.141138 0.989990 0.000000
vn 0.452696 0.891665 0.000000
vn 0.452696 0.891665 0.000000
vn 0.951236 0.308465 0.000000
vn 0.951236 0.308465 0.000000
vn 0.923351 -0.383957 0.000000
vn 0.923351 -0.383957 0.000000
vn -0.921869 0.387503 0.000000
vn -0.921869 0.387503 0.000000
vn -0.954228 -0.299081 0.000000
vn -0.954228 -0.299081 0.000000
vn -0.441716 -0.897155 0.000000
vn -0.441716 -0.897155 0.000000
vn 0.342103 -0.939662 0.000000
vn 0.342103 -0.939662 0.000000
vn 0.923035 -0.384717 0.000000
vn 0.923035 -0.384717 0.000000
vn 0.953921 0.300057 0.000000
vn 0.953921 0.300057 0.000000
vn 0.424055 0.905636 0.000000
vn 0.424055 0.905636 0.000000
vn -0.346776 0.937948 0.000000
vn -0.346776 0.937948 0.000000
vn 0.362294 -0.932064 0.000000
vn 0.362294 -0.932064 0.000000
vn -0.179769 -0.595970 0.782626
vn -0.028212 -0.713475 0.700113
vn -0.036339 -0.713567 0.699643
vn -0.036339 -0.713567 0.699643
vn -0.036124 -0.712138 -0.701110
vn -0.028116 -0.712019 -0.701597
vn -0.179597 -0.594764 -0.783582
vn -0.036124 -0.712138 -0.701110
vn 0.007204 0.729526 -0.683916
vn 0.007827 0.729452 -0.683987
vn 0.008265 0.729401 -0.684037
vn 0.008265 0.729401 -0.684037
vn 0.008265 0.729400 0.684038
vn 0.007827 0.729451 0.683988
vn 0.007204 0.729525 0.683916
vn 0.008265 0.729400 0.684038
vn -0.513725 -0.165653 -0.841811
vn -0.563446 -0.101791 -0.819858
vn -0.563446 -0.101791 -0.819858
vn -0.563446 -0.101791 0.819858
vn -0.563446 -0.101791 0.819858
vn -0.512830 -0.166809 0.842128
vn -0.010029 -0.999787 0.018026
vn -0.010029 -0.999787 0.018026
vn -0.010029 -0.999787 0.018026
vn -0.010029 -0.999787 0.018026
vn 0.016348 0.999865 -0.001505
vn 0.016348 0.999865 -0.001505
vn 0.016348 0.999865 -0.001505
vn 0.016348 0.999865 -0.001505
vn 0.010009 0.570907 0.820954
vn 0.010009 0.570907 0.820954
vn -0.626048 -0.620614 0.472125
vn -0.626048 -0.620614 0.472125
vn -0.626048 -0.620614 0.472125
vn -0.626048 -0.620614 -0.472125
vn -0.626048 -0.620614 -0.472125
vn -0.626048 -0.620614 -0.472125
vn -0.843435 0.272233 0.463148
vn -0.843435 0.272233 0.463149
vn -0.843435 0.272233 0.463149
vn -0.843435 0.272233 -0.463148
vn -0.843435 0.272233 -0.463148
vn -0.843435 0.272233 -0.463148
vn -0.000000 0.000000 1.000000
vn -0.000000 0.000000 1.000000
vn -0.000000 0.000000 1.000000
vn -0.000000 0.000000 1.000000
vn -0.000000 0.000000 1.000000
vn -0.000000 0.000000 1.000000
vn -0.000000 0.000000 1.000000
vn -0.000000 0.000000 1.000000
vn -0.000000 0.000000 1.000000
vn -0.000000 0.000000 1.000000
vn -0.000000 0.000000 1.000000
vn -0.000000 0.000000 1.000000
vn -0.000000 0.000000 1.000000
vn -0.000000 0.000000 1.000000
vn -0.000000 0.000000 1.000000
vn -0.000000 0.000000 1.000000
vn -0.000000 0.000000 1.000000
vn -0.000000 0.000000 1.000000
vn -0.000000 0.000000 1.000000
vn -0.000000 0.000000 1.000000
vn -0.000000 0.000000 1.000000
vn -0.000000 0.000000 1.000000
vn -0.000000 0.000000 1.000000
vn -0.000000 0.000000 1.000000
vn -0.000000 0.000000 1.000000
vn -0.000000 0.000000 1.000000
vn -0.000000 0.000000 1.000000
vn -0.000000 0.000000 1.000000
vn -0.000000 0.000000 1.000000
vn -0.000000 0.000000 1.000000
vn -0.000000 0.000000 1.000000
vn -0.000000 0.000000 1.000000
vn -0.000000 0.000000 1.000000
vn -0.000000 0.000000 1.000000
vn -0.000000 0.000000 1.000000
vn -0.000000 0.000000 1.000000
vn -0.000000 0.000000 1.000000
vn -0.000000 0.000000 1.000000
vn -0.000000 0.000000 1.000000
vn -0.000000 0.000000 1.000000
vn -0.000000 0.000000 1.000000
vn -0.000000 0.000000 1.000000
vn -0.000000 0.000000 1.000000
vn -0.000000 0.000000 1.000000
vn -0.000000 0.000000 1.000000
vn -0.000000 0.000000 1.000000
vn -0.000000 0.000000 1.000000
vn -0.000000 0.000000 1.000000
vn -0.000000 0.000000 1.000000
vn -0.000000 0.000000 1.000000
vn -0.000000 0.000000 1.000000
vn -0.000000 0.000000 1.000000
vn -0.000000 0.000000 1.000000
vn -0.000000 0.000000 1.000000
vn -0.000000 0.000000 1.000000
vn -0.000000 0.000000 1.000000
vn -0.000000 0.000000 1.000000
vn -0.000000 0.000000 1.000000
vn -0.000000 0.000000 1.000000
vn -0.000000 0.000000 1.000000
vn -0.000000 0.000000 1.000000
vn -0.000000 0.000000 1.000000
vn -0.000000 0.000000 1.000000
vn -0.000000 0.000000 1.000000
vn -0.000000 0.000000 1.000000
vn -0.000000 0.000000 1.000000
vn -0.000000 0.000000 1.000000
vn -0.000000 0.000000 1.000000
vn -0.000000 0.000000 1.000000
vn -0.000000 0.000000 1.000000
vn -0.000000 0.000000 1.000000
vn -0.000000 0.000000 1.000000
vn -0.000000 0.000000 1.000000
vn -0.000000 0.000000 1.000000
vn -0.000000 0.000000 1.000000
vn -0.000000 0.000000 1.000000
vn -0.000000 0.000000 1.000000
vn -0.000000 0.000000 1.000000
vn -0.000000 0.000000 1.000000
vn -0.000000 0.000000 1.000000
vn -0.000000 0.000000 1.000000
vn -0.000000 0.000000 1.000000
vn -0.000000 0.000000 1.000000
vn -0.000000 0.000000 1.000000
vn -0.000000 0.000000 1.000000
vn -0.000000 0.000000 1.000000
vn -0.000000 0.000000 1.000000
vn -0.000000 0.000000 1.000000
vn -0.000000 0.000000 1.000000
vn -0.000000 0.000000 1.000000
vn -0.000000 0.000000 1.000000
vn -0.000000 0.000000 1.000000
vn -0.000000 0.000000 1.000000
vn -0.000000 0.000000 1.000000
vn -0.000000 0.000000 1.000000
vn -0.000000 0.000000 1.000000
vn -0.000000 0.000000 1.000000
vn -0.000000 0.000000 1.000000
vn -0.000000 0.000000 1.000000
vn -0.000000 0.000000 1.000000
vn -0.000000 0.000000 1.000000
vn -0.000000 0.000000 1.000000
vn -0.000000 0.000000 1.000000
vn -0.000000 0.000000 1.000000
vn -0.000000 0.000000 1.000000
vn -0.000000 0.000000 1.000000
vn -0.000000 0.000000 1.000000
vn -0.000000 0.000000 1.000000
vn -0.000000 0.000000 1.000000
vn -0.000000 0.000000 1.000000
vn -0.000000 0.000000 1.000000
vn -0.000000 0.000000 1.000000
vn -0.000000 0.000000 1.000000
vn -0.000000 0.000000 1.000000
vn -0.000000 0.000000 1.000000
vn -0.000000 0.000000 1.000000
vn -0.000000 0.000000 1.000000
vn -0.000000 0.000000 1.000000
vn -0.000000 0.000000 1.000000
vn -0.000000 0.000000 1.000000
vn -0.000000 0.000000 1.000000
vn -0.000000 0.000000 1.000000
vn -0.000000 0.000000 1.000000
vn -0.000000 0.000000 1.000000
vn -0.000000 0.000000 1.000000
vn -0.000000 0.000000 1.000000
vn -0.000000 0.000000 1.000000
vn -0.000000 0.000000 1.000000
vn -0.000000 0.000000 1.000000
vn -0.000000 0.000000 1.000000
vn -0.000000 0.000000 1.000000
vn -0.000000 0.000000 1.000000
vn -0.000000 0.000000 1.000000
vn -0.000000 0.000000 1.000000
vn -0.000000 0.000000 1.000000
vn -0.000000 0.000000 1.000000
vn -0.000000 0.000000 1.000000
vn -0.000000 0.000000 1.000000
vn -0.000000 0.000000 1.000000
vn -0.000000 0.000000 1.000000
vn -0.000000 0.000000 1.000000
vn -0.000000 0.000000 1.000000
vn -0.000000 0.000000 1.000000
vn -0.000000 0.000000 1.000000
vn -0.000000 0.000000 1.000000
vn -0.000000 0.000000 1.000000
vn -0.000000 0.000000 1.000000
vn -0.000000 0.000000 1.000000
vn -0.000000 0.000000 1.000000
vn -0.000000 0.000000 1.000000
vn -0.000000 0.000000 1.000000
vn -0.000000 0.000000 1.000000
vn -0.000000 0.000000 1.000000
vn -0.000000 0.000000 1.000000
vn -0.000000 0.000000 1.000000
vn -0.000000 0.000000 1.000000
vn -0.000000 0.000000 1.000000
vn -0.000000 0.000000 1.000000
vn -0.000000 0.000000 1.000000
vn -0.000000 0.000000 1.000000
vn -0.000000 0.000000 1.000000
vn -0.000000 0.000000 1.000000
vn -0.000000 0.000000 1.000000
vn -0.000000 0.000000 1.000000
vn -0.000000 0.000000 1.000000
vn -0.000000 0.000000 1.000000
vn -0.000000 0.000000 1.000000
vn -0.000000 0.000000 1.000000
vn -0.000000 0.000000 1.000000
vn -0.000000 0.000000 1.000000
vn -0.000000 0.000000 1.000000
vn -0.000000 0.000000 1.000000
vn -0.000000 0.000000 1.000000
vn -0.000000 0.000000 1.000000
vn -0.000000 0.000000 1.000000
vn -0.000000 0.000000 1.000000
vn -0.000000 0.000000 1.000000
vn -0.000000 0.000000 1.000000
vn -0.000000 0.000000 1.000000
vn -0.000000 0.000000 1.000000
vn -0.000000 0.000000 1.000000
vn -0.000000 0.000000 1.000000
vn -0.000000 0.000000 1.000000
vn -0.000000 0.000000 1.000000
vn -0.000000 0.000000 1.000000
vn -0.000000 0.000000 1.000000
vn -0.000000 0.000000 1.000000
vn -0.000000 0.000000 1.000000
vn -0.000000 0.000000 1.000000
vn -0.000000 0.000000 1.000000
vn -0.000000 0.000000 1.000000
vn -0.000000 0.000000 1.000000
vn -0.000000 0.000000 1.000000
vn -0.000000 0.000000 1.000000
vn -0.000000 0.000000 1.000000
vn -0.000000 0.000000 1.000000
vn -0.000000 0.000000 1.000000
vn -0.000000 0.000000 1.000000
vn -0.000000 0.000000 1.000000
vn -0.000000 0.000000 1.000000
vn -0.000000 0.000000 1.000000
vn -0.000000 0.000000 1.000000
vn -0.000000 0.000000 1.000000
vn -0.000000 0.000000 1.000000
vn -0.000000 0.000000 1.000000
vn -0.000000 0.000000 1.000000
vn -0.000000 0.000000 1.000000
vn -0.000000 0.000000 1.000000
vn -0.000000 0.000000 1.000000
vn -0.000000 0.000000 1.000000
vn -0.000000 0.000000 1.000000
vn -0.000000 0.000000 1.000000
vn -0.000000 0.000000 1.000000
vn -0.000000 0.000000 1.000000
vn -0.000000 0.000000 1.000000
vn -0.000000 0.000000 1.000000
vn -0.000000 0.000000 1.000000
vn -0.000000 0.000000 1.000000
vn 0.000000 0.000000 1.000000
vn 0.000000 0.000000 1.000000
vn 0.000000 0.000000 1.000000
vn 0.000000 0.000000 1.000000
vn 0.000000 0.000000 1.000000
vn 0.000000 0.000000 1.000000
vn 0.000000 0.000000 1.000000
vn 0.000000 0.000000 1.000000
vn 0.000000 0.000000 1.000000
vn 0.000000 0.000000 1.000000
vn 0.000000 0.000000 1.000000
vn 0.000000 0.000000 1.000000
vn 0.000000 0.000000 1.000000
vn 0.000000 0.000000 1.000000
vn 0.000000 0.000000 1.000000
vn 0.000000 0.000000 1.000000
vn 0.000000 0.000000 1.000000
vn 0.000000 0.000000 1.000000
vn 0.000000 0.000000 1.000000
vn 0.000000 0.000000 1.000000
vn 0.000000 0.000000 1.000000
vn 0.000000 0.000000 1.000000
vn 0.000000 0.000000 1.000000
vn 0.000000 0.000000 1.000000
vn 0.000000 0.000000 1.000000
vn 0.000000 0.000000 1.000000
vn 0.000000 0.000000 1.000000
vn 0.000000 0.000000 1.000000
vn 0.000000 0.000000 1.000000
vn 0.000000 0.000000 1.000000
vn 0.000000 0.000000 1.000000
vn 0.000000 0.000000 1.000000
vn 0.000000 0.000000 1.000000
vn 0.000000 0.000000 1.000000
vn 0.000000 0.000000 1.000000
vn 0.000000 0.000000 1.000000
vn 0.000000 0.000000 1.000000
vn 0.000000 0.000000 1.000000
vn 0.000000 0.000000 1.000000
vn 0.000000 0.000000 1.000000
vn 0.000000 0.000000 1.000000
vn 0.000000 0.000000 1.000000
vn 0.000000 0.000000 1.000000
vn 0.000000 0.000000 1.000000
vn 0.000000 0.000000 1.000000
vn 0.000000 0.000000 1.000000
vn 0.000000 0.000000 1.000000
vn 0.000000 0.000000 1.000000
vn -0.000000 0.000000 1.000000
vn -0.000000 0.000000 1.000000
vn -0.000000 0.000000 1.000000
vn -0.000000 0.000000 1.000000
vn -0.000000 0.000000 1.000000
vn -0.000000 0.000000 1.000000
vn -0.000000 0.000000 1.000000
vn -0.000000 0.000000 1.000000
vn -0.000000 0.000000 1.000000
vn 0.072113 -0.997396 0.000000
vn 0.072113 -0.997397 0.000000
vn 0.072113 -0.997397 0.000000
vn 0.072113 -0.997396 0.000000
vn 0.000483 -0.001749 -0.999998
vn 0.000483 -0.001749 -0.999998
vn 0.000483 -0.001749 -0.999998
vn 0.000483 -0.001749 -0.999998
vn 0.000483 -0.001749 0.999998
vn 0.000483 -0.001749 0.999998
vn 0.000483 -0.001749 0.999998
vn 0.000483 -0.001749 0.999998
vn -0.416266 0.909243 0.000000
vn -0.416266 0.909243 0.000000
vn -0.979346 -0.202193 0.000000
vn -0.979346 -0.202193 0.000000
vn -0.979346 -0.202193 0.000000
vn -0.979346 -0.202193 0.000000
vn -0.979346 -0.202193 0.000000
vn -0.979346 -0.202193 0.000000
vn -0.000001 0.000000 1.000000
vn -0.000001 0.000000 1.000000
vn -0.000001 0.000000 1.000000
vn -0.000001 0.000000 1.000000
vn -0.000001 0.000000 1.000000
vn -0.000001 0.000000 1.000000
vn -0.000001 0.000000 1.000000
vn -0.000001 0.000000 1.000000
vn -0.000001 0.000000 1.000000
vn -0.000001 0.000000 1.000000
vn -0.000001 0.000000 1.000000
vn -0.000001 0.000000 1.000000
vn -0.000001 0.000000 1.000000
vn -0.000001 0.000000 1.000000
vn -0.000001 0.000000 1.000000
vn -0.000001 0.000000 1.000000
vn -0.000001 0.000000 1.000000
vn -0.000001 0.000000 1.000000
vn -0.000001 0.000000 1.000000
vn -0.000001 0.000000 1.000000
vn -0.000001 0.000000 1.000000
vn -0.000001 0.000000 1.000000
vn -0.000001 0.000000 1.000000
vn -0.000001 0.000000 1.000000
vn -0.000002 0.000000 1.000000
vn -0.000002 0.000000 1.000000
vn -0.000002 0.000000 1.000000
vn -0.000002 0.000000 1.000000
vn -0.000002 0.000000 1.000000
vn -0.000002 0.000000 1.000000
vn -0.000002 0.000000 1.000000
vn -0.000002 0.000000 1.000000
vn -0.000002 0.000000 1.000000
vn -0.000002 0.000000 1.000000
vn -0.000002 0.000000 1.000000
vn -0.000002 0.000000 1.000000
vn -0.000002 0.000000 1.000000
vn -0.000002 0.000000 1.000000
vn -0.000002 0.000000 1.000000
vn -0.000002 0.000000 1.000000
vn -0.000002 0.000000 1.000000
vn -0.000002 0.000000 1.000000
vn -0.000002 0.000000 1.000000
vn -0.000002 0.000000 1.000000
vn -0.000002 0.000000 1.000000
vn -0.000002 0.000000 1.000000
vn -0.000002 0.000000 1.000000
vn -0.000002 0.000000 1.000000
vn 0.000001 0.000000 1.000000
vn 0.000001 0.000000 1.000000
vn 0.000001 0.000000 1.000000
vn 0.000001 0.000000 1.000000
vn 0.000001 0.000000 1.000000
vn 0.000001 0.000000 1.000000
vn 0.000001 0.000000 1.000000
vn 0.000001 0.000000 1.000000
vn 0.000001 0.000000 1.000000
vn 0.000001 0.000000 1.000000
vn 0.000001 0.000000 1.000000
vn 0.000001 0.000000 1.000000
vn 0.000001 0.000000 1.000000
vn 0.000001 0.000000 1.000000
vn 0.000001 0.000000 1.000000
vn 0.000001 0.000000 1.000000
vn 0.000001 0.000000 1.000000
vn 0.000001 0.000000 1.000000
vn 0.000001 0.000000 1.000000
vn 0.000001 0.000000 1.000000
vn 0.000001 0.000000 1.000000
vn 0.000001 0.000000 1.000000
vn 0.000001 0.000000 1.000000
vn 0.000001 0.000000 1.000000
vn 0.000001 0.000000 1.000000
vn 0.000001 0.000000 1.000000
vn 0.000001 0.000000 1.000000
vn 0.000001 0.000000 1.000000
vn 0.000001 0.000000 1.000000
vn 0.000001 0.000000 1.000000
vn 0.000001 0.000000 1.000000
vn 0.000001 0.000000 1.000000
vn 0.000001 0.000000 1.000000
vn 0.000001 0.000000 1.000000
vn 0.000001 0.000000 1.000000
vn 0.000001 0.000000 1.000000
vn 0.000001 0.000000 1.000000
vn 0.000001 0.000000 1.000000
vn 0.000001 0.000000 1.000000
vn 0.000001 0.000000 1.000000
vn 0.000001 0.000000 1.000000
vn 0.000001 0.000000 1.000000
vn 0.000001 0.000000 1.000000
vn 0.000001 0.000000 1.000000
vn 0.000001 0.000000 1.000000
vn 0.000001 0.000000 1.000000
vn 0.000001 0.000000 1.000000
vn 0.000001 0.000000 1.000000
vn 0.000001 0.000000 1.000000
vn 0.000001 0.000000 1.000000
vn 0.000001 0.000000 1.000000
vn 0.000001 0.000000 1.000000
vn 0.000001 0.000000 1.000000
vn 0.000001 0.000000 1.000000
vn 0.000001 0.000000 1.000000
vn 0.000001 0.000000 1.000000
vn 0.000001 0.000000 1.000000
vn 0.000001 0.000000 1.000000
vn 0.000001 0.000000 1.000000
vn 0.000001 0.000000 1.000000
vn -0.998839 0.048181 -0.000003
vn -0.998839 0.048181 -0.000003
vn -0.998839 0.048181 -0.000003
vn 0.048182 0.998839 -0.000042
vn 0.048182 0.998839 -0.000042
vn 0.048182 0.998839 -0.000042
vn 0.998839 -0.048182 0.000004
vn 0.998839 -0.048182 0.000004
vn 0.998839 -0.048182 0.000004
vn -0.999975 0.007095 0.000000
vn -0.998839 0.048181 0.000000
vn 0.998839 -0.048181 0.000000
vn 0.999315 -0.037018 0.000000
vn -0.998519 0.054396 0.000002
vn -0.998839 0.048181 0.000002
vn -0.969655 -0.244476 0.000006
vn -0.953349 -0.301872 0.000006
vn 0.945853 0.324595 0.000027
vn 0.945853 0.324595 0.000027
vn 0.945853 0.324595 0.000027
vn 0.998839 -0.048182 0.000004
vn 0.998839 -0.048182 0.000004
vn 0.998839 -0.048182 0.000004
vn -0.788326 0.615257 0.000000
vn -0.710721 0.703474 0.000000
vn -0.998839 0.048182 0.000000
vn -0.998839 0.048182 0.000000
vn -0.998839 0.048182 0.000000
vn 0.998839 -0.048182 0.000000
vn 0.998839 -0.048182 0.000000
vn 0.998839 -0.048182 0.000000
vn 0.000000 0.000000 1.000000
vn 0.000000 0.000000 1.000000
vn 0.000000 0.000000 1.000000
vn 0.000000 0.000000 1.000000
vn 0.000000 0.000000 1.000000
vn -0.000000 0.000000 1.000000
vn -0.000000 0.000000 1.000000
vn -0.000000 0.000000 1.000000
vn -0.000000 0.000000 1.000000
vn -0.000000 0.000000 1.000000
vn 0.999705 0.024273 -0.000249
vn 0.999705 0.024273 -0.000249
vn 0.999705 0.024273 -0.000249
vn 0.999705 0.024273 -0.000249
vn 0.999705 0.024273 -0.000249
vn -0.999085 0.042768 0.000622
vn -0.999085 0.042768 0.000622
vn -0.999085 0.042768 0.000622
vn -0.999085 0.042768 0.000622
vn -0.999085 0.042768 0.000622
vn 0.000000 0.000000 1.000000
vn 0.000000 0.000000 1.000000
vn 0.000000 0.000000 1.000000
vn 0.000000 0.000000 1.000000
vn 0.000000 0.000000 1.000000
vn 0.000000 0.000000 1.000000
vn 0.000000 0.000000 1.000000
vn 0.000000 0.000000 1.000000
vn 0.000000 0.000000 1.000000
vn 0.000000 0.000000 1.000000
vn 0.000000 0.000000 1.000000
vn 0.000000 0.000000 1.000000
vn 0.000000 0.000000 1.000000
vn 0.000000 0.000000 1.000000
vn 0.000000 0.000000 1.000000
vn 0.000000 0.000000 1.000000
vn 0.000000 0.000000 1.000000
vn 0.000000 0.000000 1.000000
vn 0.000000 0.000000 1.000000
vn 0.000000 0.000000 1.000000
vn 0.000000 0.000000 1.000000
vn 0.000000 0.000000 1.000000
vn 0.000000 0.000000 1.000000
vn 0.000000 0.000000 1.000000
vn 0.000000 0.000000 1.000000
vn 0.000000 0.000000 1.000000
vn 0.000000 0.000000 1.000000
vn 0.000000 0.000000 1.000000
vn 0.000000 0.000000 1.000000
vn 0.000000 0.000000 1.000000
vn -0.000000 0.000000 1.000000
vn -0.000000 0.000000 1.000000
vn -0.000000 0.000000 1.000000
vn -0.000000 0.000000 1.000000
vn -0.000000 0.000000 1.000000
vn -0.000000 0.000000 1.000000
vn -0.000000 0.000000 1.000000
vn -0.000000 0.000000 1.000000
vn -0.000000 0.000000 1.000000
vn -0.000000 0.000000 1.000000
vn -0.000000 0.000000 1.000000
vn -0.000000 0.000000 1.000000
vn -0.000000 0.000000 1.000000
vn -0.000000 0.000000 1.000000
vn -0.000000 0.000000 1.000000
vn -0.000000 0.000000 1.000000
vn -0.000000 0.000000 1.000000
vn -0.000000 0.000000 1.000000
vn -0.000000 0.000000 1.000000
vn 0.000000 0.000000 1.000000
vn 0.000000 0.000000 1.000000
vn 0.000000 0.000000 1.000000
vn 0.000000 0.000000 1.000000
vn 0.000000 0.000000 1.000000
vn 0.000000 0.000000 1.000000
vn 0.000000 0.000000 1.000000
vn 0.000000 0.000000 1.000000
vn 0.000000 0.000000 1.000000
vn 0.000000 0.000000 1.000000
vn 0.000000 0.000000 1.000000
vn 0.000000 0.000000 1.000000
vn 0.000000 0.000000 1.000000
vn 0.000000 0.000000 1.000000
vn 0.000000 0.000000 1.000000
vn 0.000000 0.000000 1.000000
vn 0.000000 0.000000 1.000000
vn 0.000000 0.000000 1.000000
vn 0.000000 0.000000 1.000000
vn 0.000000 0.000000 1.000000
vn 0.000000 0.000000 1.000000
vn 0.000000 0.000000 1.000000
vn 0.000000 0.000000 1.000000
vn 0.000000 0.000000 1.000000
vn 0.000000 0.000000 1.000000
vn 0.000000 0.000000 1.000000
vn 0.000000 0.000000 1.000000
vn 0.000000 0.000000 1.000000
vn 0.000000 0.000000 1.000000
vn 0.000000 0.000000 1.000000
vn 0.000000 0.000000 1.000000
vn 0.000000 0.000000 1.000000
vn 0.000000 0.000000 1.000000
vn 0.000000 0.000000 1.000000
vn 0.000000 0.000000 1.000000
vn 0.000000 0.000000 1.000000
vn 0.000000 0.000000 1.000000
vn 0.000000 0.000000 1.000000
vn 0.000000 0.000000 1.000000
vn 0.000000 0.000000 1.000000
vn 0.000000 0.000000 1.000000
vn 0.000000 0.000000 1.000000
vn 0.000000 0.000000 1.000000
vn 0.000000 0.000000 1.000000
vn 0.000000 0.000000 1.000000
vn 0.000000 0.000000 1.000000
vn 0.000001 0.000000 1.000000
vn 0.000001 0.000000 1.000000
vn 0.000001 0.000000 1.000000
vn 0.000001 0.000000 1.000000
vn 0.000001 0.000000 1.000000
vn 0.000001 0.000000 1.000000
vn 0.000001 0.000000 1.000000
vn 0.000001 0.000000 1.000000
vn 0.000001 0.000000 1.000000
vn 0.000001 0.000000 1.000000
vn 0.000001 0.000000 1.000000
vn 0.000001 0.000000 1.000000
vn 0.000001 0.000000 1.000000
vn 0.000001 0.000000 1.000000
vn 0.000001 0.000000 1.000000
vn 0.000001 0.000000 1.000000
vn 0.000001 0.000000 1.000000
vn 0.000001 0.000000 1.000000
vn 0.000001 0.000000 1.000000
vn 0.000001 0.000000 1.000000
vn 0.000001 0.000000 1.000000
vn 0.000001 0.000000 1.000000
vn 0.000001 0.000000 1.000000
vn 0.000001 0.000000 1.000000
vn 0.000001 0.000000 1.000000
vn 0.000001 0.000000 1.000000
vn 0.000001 0.000000 1.000000
vn 0.000001 0.000000 1.000000
vn 0.000001 0.000000 1.000000
vn 0.000001 0.000000 1.000000
vn 0.000001 0.000000 1.000000
vn 0.000001 0.000000 1.000000
vn 0.000001 0.000000 1.000000
vn 0.000001 0.000000 1.000000
vn 0.000001 0.000000 1.000000
vn 0.000001 0.000000 1.000000
vn 0.000001 0.000000 1.000000
vn 0.000001 0.000000 1.000000
vn 0.000001 0.000000 1.000000
vn 0.000001 0.000000 1.000000
vn 0.000001 0.000000 1.000000
vn 0.000001 0.000000 1.000000
vn 0.000000 0.000000 1.000000
vn 0.000000 0.000000 1.000000
vn 0.000000 0.000000 1.000000
vn 0.000000 0.000000 1.000000
vn 0.000000 0.000000 1.000000
vn 0.000000 0.000000 1.000000
vn 0.000000 0.000000 1.000000
vn 0.000000 0.000000 1.000000
vn 0.000000 0.000000 1.000000
vn 0.000000 0.000000 1.000000
vn 0.000000 0.000000 1.000000
vn 0.000000 0.000000 1.000000
vn 0.000000 0.000000 1.000000
vn 0.000000 0.000000 1.000000
vn 0.000000 0.000000 1.000000
vn 0.000000 0.000000 1.000000
vn 0.000000 0.000000 1.000000
vn 0.000000 0.000000 1.000000
vn 0.000000 0.000000 1.000000
vn 0.000000 0.000000 1.000000
vn 0.000000 0.000000 1.000000
vn -0.000001 0.000000 1.000000
vn -0.000001 0.000000 1.000000
vn -0.000001 0.000000 1.000000
vn -0.000001 0.000000 1.000000
vn -0.000001 0.000000 1.000000
vn -0.000001 0.000000 1.000000
vn -0.000001 0.000000 1.000000
vn -0.000001 0.000000 1.000000
vn -0.000001 0.000000 1.000000
vn -0.000001 0.000000 1.000000
vn -0.000001 0.000000 1.000000
vn -0.000001 0.000000 1.000000
vn -0.000001 0.000000 1.000000
vn 0.000000 0.000000 1.000000
vn 0.000000 0.000000 1.000000
vn 0.000000 0.000000 1.000000
vn 0.000000 0.000000 1.000000
vn 0.000000 0.000000 1.000000
vn 0.000000 0.000000 1.000000
vn 0.000000 0.000000 1.000000
vn 0.000000 0.000000 1.000000
vn 0.000000 0.000000 1.000000
vn 0.000000 0.000000 1.000000
vn 0.000000 0.000000 1.000000
vn 0.000000 0.000000 1.000000
vn 0.000000 0.000000 1.000000
vn 0.000000 0.000000 1.000000
s off
g polySurface1
usemtl standardSurface2SG
f 1/1/1 2/2/2 3/3/3 4/4/4 5/5/5 6/6/6 7/7/7 8/8/8
usemtl standardSurface6SG
f 584/939/9 585/940/10 586/941/11 587/942/12 588/943/13 589/944/14 590/945/15 591/946/16
f 600/997/17 601/998/18 602/999/19 603/1000/20 604/1001/21 605/1002/22 606/1003/23 607/1004/24
usemtl standardSurface2SG
f 946/2107/25 948/2108/26 949/2109/27 950/2110/28 951/2111/29 952/2112/30 953/2113/31 947/2114/32
f 508/2127/33 510/2128/34 511/2129/35 512/2130/36 513/2131/37 514/2132/38 515/2133/39 509/2134/40
f 853/2135/41 855/2136/42 856/2137/43 857/2138/44 858/2139/45 859/2140/46 860/2141/47 854/2142/48
f 1022/2143/49 1024/2144/50 1025/2145/51 1026/2146/52 1027/2147/53 1028/2148/54 1029/2149/55 1023/2150/56
f 576/2151/57 578/2152/58 579/2153/59 580/2154/60 581/2155/61 582/2156/62 583/2157/63 577/2158/64
f 1/1/65 8/8/66 9/9/67 10/10/68
f 2/12/69 11/13/70 12/14/71 3/15/72
s 1
f 4/16/73 14/17/74 13/18/75 5/19/76
s 2
f 6/21/77 15/20/78 16/22/79 7/23/80
s off
f 8/8/81 233/240/82 234/241/83 9/9/84
f 9/9/85 235/242/86 236/243/87 10/10/88
f 11/13/89 237/244/90 238/245/91 12/14/92
s 1
f 13/246/75 14/247/74 239/248/93 240/249/94
s 2
f 15/250/78 241/251/95 242/252/96 16/253/79
s off
f 10/10/97 236/243/98 277/288/99 18/24/100
f 9/9/101 234/241/102 285/296/103 235/242/104
s 3
usemtl standardSurface6SG
f 133/2105/105 1021/2075/106 1004/2077/107 134/2106/108
s 4
usemtl standardSurface2SG
f 239/248/109 292/308/110 241/251/111 240/249/112
s 2
f 241/251/95 292/308/113 293/309/114 242/252/96
s off
f 17/239/115 233/240/116 294/310/117 295/311/118
f 18/24/119 277/288/120 285/296/121 234/241/122
s 5
usemtl standardSurface3SG
f 289/301/123 306/322/124 305/323/125 290/302/126
s 6
usemtl standardSurface2SG
f 242/252/127 293/309/128 295/311/129 294/310/130
s 3
usemtl standardSurface6SG
f 132/2104/131 1020/2071/132 1021/2075/106 133/2105/105
s 7
usemtl standardSurface5SG
f 277/288/133 296/312/134 311/328/135 309/326/136
usemtl standardSurface4SG
f 287/298/137 298/314/138 311/328/135 296/312/134
s 8
f 286/297/139 312/329/140 311/328/141 298/314/142
s 9
usemtl standardSurface3SG
f 299/316/143 314/330/144 313/331/145 300/317/146
s 10
f 303/320/147 316/332/148 315/333/149 304/321/150
s 11
f 289/301/151 304/321/152 315/333/153 306/322/154
s 5
f 305/323/125 306/322/124 317/334/155 318/335/156
s 12
f 290/302/157 305/323/158 314/330/159 299/316/160
s 2
f 307/324/161 320/336/162 319/337/163 308/325/164
s 8
usemtl standardSurface5SG
f 309/326/165 311/328/141 312/329/140 321/338/166
s 13
f 297/313/167 310/327/168 321/338/169 312/329/170
s 9
usemtl standardSurface3SG
f 313/331/145 314/330/144 322/339/171 323/340/172
s 14
f 300/317/173 313/331/174 320/336/175 307/324/176
s 15
f 303/320/177 308/325/178 319/337/179 316/332/180
s 10
f 315/333/149 316/332/148 324/341/181 325/342/182
s 11
f 306/322/154 315/333/153 325/342/183 317/334/184
s 12
f 305/323/158 318/335/185 322/339/186 314/330/159
s 5
f 317/334/155 326/343/187 327/344/188 318/335/156
s 16
f 319/337/189 320/336/190 328/345/191 329/346/192
s 14
f 313/331/174 323/340/193 328/345/194 320/336/175
s 9
f 322/339/171 330/347/195 331/348/196 323/340/172
s 15
f 316/332/180 319/337/179 329/346/197 324/341/198
s 10
f 324/341/181 332/349/199 333/350/200 325/342/182
s 11
f 317/334/184 325/342/183 333/350/201 326/343/202
s 12
f 318/335/185 327/344/203 330/347/204 322/339/186
s 5
f 326/343/187 334/351/205 335/352/206 327/344/188
s 16
f 328/345/191 336/353/207 337/354/208 329/346/192
s 14
f 323/340/193 331/348/209 336/353/210 328/345/194
s 9
f 330/347/195 338/355/211 339/356/212 331/348/196
s 15
f 324/341/198 329/346/197 337/354/213 332/349/214
s 10
f 332/349/199 340/357/215 341/358/216 333/350/200
s 11
f 326/343/202 333/350/201 341/358/217 334/351/218
s 12
f 327/344/203 335/352/219 338/355/220 330/347/204
s 5
f 334/351/205 342/359/221 343/360/222 335/352/206
s 17
f 336/353/223 344/361/224 345/362/225 337/354/226
s 14
f 331/348/209 339/356/227 344/361/228 336/353/210
s 9
f 338/355/211 346/363/229 347/364/230 339/356/212
s 15
f 332/349/214 337/354/213 345/362/231 340/357/232
s 10
f 340/357/215 348/365/233 349/366/234 341/358/216
s 11
f 334/351/218 341/358/217 349/366/235 342/359/236
s 12
f 335/352/219 343/360/237 346/363/238 338/355/220
s 17
f 344/361/224 351/368/239 350/367/240 345/362/225
s 14
f 339/356/227 347/364/241 351/368/242 344/361/228
s off
f 343/360/243 351/368/244 347/364/245 346/363/246
s 15
f 340/357/232 345/362/231 350/367/247 348/365/248
s 18
usemtl standardSurface6SG
f 352/393/249 376/394/250 377/395/251 353/396/252
f 352/393/249 375/397/253 378/398/254 376/394/250
s 19
f 374/399/255 379/400/256 378/401/257 375/402/258
s 20
f 373/403/259 380/404/260 379/400/261 374/399/262
s 21
f 372/405/263 381/406/264 380/404/265 373/403/266
s 22
f 371/407/267 382/408/268 381/409/269 372/410/270
s 23
f 370/411/271 383/412/272 382/408/273 371/407/274
s 24
f 369/413/275 384/414/276 383/412/277 370/411/278
f 368/415/279 385/416/280 384/417/276 369/418/275
f 367/419/281 386/420/282 385/421/280 368/422/279
s 25
f 366/423/283 387/424/284 386/420/285 367/419/286
s 26
f 365/425/287 388/426/288 387/424/289 366/423/290
s 27
f 364/427/291 389/428/292 388/429/293 365/430/294
s 28
f 363/431/295 390/432/296 389/428/297 364/427/298
s 29
f 362/433/299 391/434/300 390/435/301 363/436/302
s 30
f 361/437/303 392/438/304 391/434/305 362/433/306
f 360/439/307 393/440/308 392/438/304 361/437/303
s 31
f 359/441/309 394/442/310 393/440/311 360/439/312
s 32
f 358/443/313 395/444/314 394/445/315 359/446/316
s 33
f 357/447/317 396/448/318 395/444/319 358/443/320
f 356/449/321 397/450/322 396/451/318 357/452/317
f 355/453/323 398/454/324 397/455/322 356/456/321
s 34
f 354/457/325 399/458/326 398/454/327 355/453/328
s 35
f 353/396/329 377/395/330 399/459/331 354/460/332
s 18
f 65/461/333 377/395/251 376/394/250 66/462/334
f 66/462/334 376/394/250 378/398/254 67/463/335
s 19
f 67/464/336 378/401/257 379/400/256 68/465/337
s 20
f 68/465/338 379/400/261 380/404/260 69/466/339
s 21
f 69/466/340 380/404/265 381/406/264 70/467/341
s 22
f 70/468/342 381/409/269 382/408/268 71/469/343
s 23
f 71/469/344 382/408/273 383/412/272 72/470/345
s 24
f 72/470/346 383/412/277 384/414/276 73/471/347
f 73/472/347 384/417/276 385/416/280 74/473/348
f 74/474/348 385/421/280 386/420/282 75/475/349
s 25
f 75/475/350 386/420/285 387/424/284 76/476/351
s 26
f 76/476/352 387/424/289 388/426/288 77/477/353
s 27
f 77/478/354 388/429/293 389/428/292 190/479/355
s 28
f 55/480/356 190/479/357 389/428/297 390/432/296
s 29
f 55/481/358 390/435/301 391/434/300 56/482/359
s 30
f 56/482/360 391/434/305 392/438/304 57/483/361
f 57/483/361 392/438/304 393/440/308 58/484/362
s 31
f 58/484/363 393/440/311 394/442/310 59/485/364
s 32
f 59/486/365 394/445/315 395/444/314 60/487/366
s 33
f 60/487/367 395/444/319 396/448/318 61/488/368
f 61/489/368 396/451/318 397/450/322 62/490/369
f 62/491/369 397/455/322 398/454/324 63/492/370
s 34
f 63/492/371 398/454/327 399/458/326 64/493/372
s 35
f 64/494/373 399/459/331 377/395/330 65/461/374
s 36
f 400/519/375 424/520/376 425/521/377 401/522/378
f 400/519/375 423/523/379 426/524/380 424/520/376
s 37
f 422/525/381 427/526/382 426/527/383 423/528/384
s 38
f 421/529/385 428/530/386 427/526/387 422/525/388
s 39
f 420/531/389 429/532/390 428/530/391 421/529/392
s 40
f 419/533/393 430/534/394 429/535/395 420/536/396
s 41
f 418/537/397 431/538/398 430/534/399 419/533/400
s 42
f 417/539/401 432/540/402 431/538/403 418/537/404
f 416/541/405 433/542/406 432/543/402 417/544/401
f 415/545/407 434/546/408 433/547/406 416/548/405
s 43
f 414/549/409 435/550/410 434/546/411 415/545/412
s 44
f 413/551/413 436/552/414 435/550/415 414/549/416
s 45
f 412/553/417 437/554/418 436/555/419 413/556/420
s 46
f 411/557/421 438/558/422 437/554/423 412/553/424
s 47
f 410/559/425 439/560/426 438/561/427 411/562/428
s 48
f 409/563/429 440/564/430 439/560/431 410/559/432
f 408/565/433 441/566/434 440/564/430 409/563/429
s 49
f 407/567/435 442/568/436 441/566/437 408/565/438
s 50
f 406/569/439 443/570/440 442/571/441 407/572/442
s 51
f 405/573/443 444/574/444 443/570/445 406/569/446
f 404/575/447 445/576/448 444/577/444 405/578/443
f 403/579/449 446/580/450 445/581/448 404/582/447
s 52
f 402/583/451 447/584/452 446/580/453 403/579/454
s 53
f 401/522/455 425/521/456 447/585/457 402/586/458
s 36
f 148/587/459 425/521/377 424/520/376 149/588/460
f 149/588/460 424/520/376 426/524/380 150/589/461
s 37
f 150/590/462 426/527/383 427/526/382 151/591/463
s 38
f 151/591/464 427/526/387 428/530/386 152/592/465
s 39
f 152/592/466 428/530/391 429/532/390 153/593/467
s 40
f 153/594/468 429/535/395 430/534/394 154/595/469
s 41
f 154/595/470 430/534/399 431/538/398 155/596/471
s 42
f 155/596/472 431/538/403 432/540/402 156/597/473
f 156/598/473 432/543/402 433/542/406 157/599/474
f 157/600/474 433/547/406 434/546/408 158/601/475
s 43
f 158/601/476 434/546/411 435/550/410 159/602/477
s 44
f 159/602/478 435/550/415 436/552/414 160/603/479
s 45
f 160/604/480 436/555/419 437/554/418 161/605/481
s 46
f 138/606/482 161/605/483 437/554/423 438/558/422
s 47
f 138/607/484 438/561/427 439/560/426 139/608/485
s 48
f 139/608/486 439/560/431 440/564/430 140/609/487
f 140/609/487 440/564/430 441/566/434 141/610/488
s 49
f 141/610/489 441/566/437 442/568/436 142/611/490
s 50
f 142/612/491 442/571/441 443/570/440 143/613/492
s 51
f 143/613/493 443/570/445 444/574/444 144/614/494
f 144/615/494 444/577/444 445/576/448 145/616/495
f 145/617/495 445/581/448 446/580/450 146/618/496
s 52
f 146/618/497 446/580/453 447/584/452 147/619/498
s 53
f 147/620/499 447/585/457 425/521/456 148/587/500
s 54
f 448/651/501 477/652/502 478/653/503 479/654/504
s 55
f 476/655/505 480/656/506 478/657/507 477/658/508
s 56
f 475/659/509 481/660/510 480/661/511 476/662/512
s 57
f 474/663/513 482/664/514 481/665/515 475/666/516
f 473/667/517 483/668/518 482/664/514 474/663/513
s 58
f 472/669/519 484/670/520 483/671/521 473/672/522
f 471/673/523 485/674/524 484/670/520 472/669/519
f 470/675/525 486/676/526 485/674/524 471/673/523
f 469/677/527 487/678/528 486/676/526 470/675/525
s 59
f 468/679/529 488/680/530 487/681/531 469/682/532
s 60
f 467/683/533 489/684/534 488/680/535 468/679/536
f 466/685/537 490/686/538 489/684/534 467/683/533
f 465/687/539 491/688/540 490/686/538 466/685/537
s 61
f 464/689/541 492/690/542 491/691/543 465/692/544
s 62
f 463/693/545 493/694/546 492/690/547 464/689/548
s 63
f 462/695/549 494/696/550 493/697/551 463/698/552
f 461/699/553 495/700/554 494/696/550 462/695/549
s 64
f 460/701/555 496/702/556 495/700/557 461/699/558
s 65
f 459/703/559 497/704/560 496/705/561 460/706/562
s 66
f 458/707/563 498/708/564 497/704/565 459/703/566
s 67
f 457/709/567 499/710/568 498/711/569 458/712/570
s 54
f 448/651/501 479/654/504 499/710/571 457/709/572
s 68
f 449/713/573 456/714/574 500/715/575 501/716/576
s 69
f 455/717/577 502/718/578 500/715/579 456/714/580
s 70
f 454/719/581 503/720/582 502/721/583 455/722/584
s 71
f 453/723/585 504/724/586 503/720/587 454/719/588
s 72
f 452/725/589 505/726/590 504/727/591 453/728/592
s 73
f 451/729/593 506/730/594 505/726/595 452/725/596
s 74
f 450/731/597 507/732/598 506/733/599 451/734/600
s 75
f 449/735/601 501/736/602 507/732/603 450/731/604
s 54
f 34/737/605 479/654/504 478/653/503 35/738/606
s 55
f 35/739/607 478/657/507 480/656/506 36/740/608
s 56
f 36/741/609 480/661/511 481/660/510 37/742/610
s 57
f 37/743/611 481/665/515 482/664/514 38/744/612
f 38/744/612 482/664/514 483/668/518 195/745/613
s 58
f 195/746/614 483/671/521 484/670/520 196/747/615
f 196/747/615 484/670/520 485/674/524 197/748/616
f 197/748/616 485/674/524 486/676/526 198/749/617
f 21/750/618 198/749/617 486/676/526 487/678/528
s 59
f 21/751/619 487/681/531 488/680/530 22/752/620
s 60
f 22/752/621 488/680/535 489/684/534 23/753/622
f 23/753/622 489/684/534 490/686/538 24/754/623
f 24/754/623 490/686/538 491/688/540 25/755/624
s 61
f 25/756/625 491/691/543 492/690/542 26/757/626
s 62
f 26/757/627 492/690/547 493/694/546 27/758/628
s 63
f 27/759/629 493/697/551 494/696/550 28/760/630
f 28/760/630 494/696/550 495/700/554 29/761/631
s 64
f 29/761/632 495/700/557 496/702/556 30/762/633
s 65
f 30/763/634 496/705/561 497/704/560 31/764/635
s 66
f 31/764/636 497/704/565 498/708/564 32/765/637
s 67
f 32/766/638 498/711/569 499/710/568 33/767/639
s 54
f 33/767/640 499/710/571 479/654/504 34/737/605
s 68
f 500/715/575 508/768/641 509/769/642 501/716/576
s 69
f 500/715/579 502/718/578 510/770/643 508/768/644
s 70
f 502/721/583 503/720/582 511/771/645 510/772/646
s 71
f 503/720/587 504/724/586 512/773/647 511/771/648
s 72
f 504/727/591 505/726/590 513/774/649 512/775/650
s 73
f 505/726/595 506/730/594 514/776/651 513/774/652
s 74
f 506/733/599 507/732/598 515/777/653 514/778/654
s 75
f 501/736/602 509/779/655 515/777/656 507/732/603
s 76
f 516/810/657 545/811/658 546/812/659 547/813/660
s 77
f 544/814/661 548/815/662 546/816/663 545/817/664
s 78
f 543/818/665 549/819/666 548/820/667 544/821/668
s 79
f 542/822/669 550/823/670 549/824/671 543/825/672
f 541/826/673 551/827/674 550/823/670 542/822/669
s 80
f 540/828/675 552/829/676 551/830/677 541/831/678
f 539/832/679 553/833/680 552/829/676 540/828/675
f 538/834/681 554/835/682 553/833/680 539/832/679
f 537/836/683 555/837/684 554/835/682 538/834/681
s 81
f 536/838/685 556/839/686 555/840/687 537/841/688
s 82
f 535/842/689 557/843/690 556/839/691 536/838/692
f 534/844/693 558/845/694 557/843/690 535/842/689
f 533/846/695 559/847/696 558/845/694 534/844/693
s 83
f 532/848/697 560/849/698 559/850/699 533/851/700
s 84
f 531/852/701 561/853/702 560/849/703 532/848/704
s 85
f 530/854/705 562/855/706 561/856/707 531/857/708
f 529/858/709 563/859/710 562/855/706 530/854/705
s 86
f 528/860/711 564/861/712 563/859/713 529/858/714
s 87
f 527/862/715 565/863/716 564/864/717 528/865/718
s 88
f 526/866/719 566/867/720 565/863/721 527/862/722
s 89
f 525/868/723 567/869/724 566/870/725 526/871/726
s 76
f 516/810/657 547/813/660 567/869/727 525/868/728
s 90
f 517/872/729 524/873/730 568/874/731 569/875/732
s 91
f 523/876/733 570/877/734 568/874/735 524/873/736
s 92
f 522/878/737 571/879/738 570/880/739 523/881/740
s 93
f 521/882/741 572/883/742 571/879/743 522/878/744
s 94
f 520/884/745 573/885/746 572/886/747 521/887/748
s 95
f 519/888/749 574/889/750 573/885/751 520/884/752
s 96
f 518/890/753 575/891/754 574/892/755 519/893/756
s 97
f 517/894/757 569/895/758 575/891/759 518/890/760
s 76
f 109/896/761 547/813/660 546/812/659 110/897/762
s 77
f 110/898/763 546/816/663 548/815/662 111/899/764
s 78
f 111/900/765 548/820/667 549/819/666 112/901/766
s 79
f 112/902/767 549/824/671 550/823/670 113/903/768
f 113/903/768 550/823/670 551/827/674 177/904/769
s 80
f 177/905/770 551/830/677 552/829/676 178/906/771
f 178/906/771 552/829/676 553/833/680 179/907/772
f 179/907/772 553/833/680 554/835/682 180/908/773
f 96/909/774 180/908/773 554/835/682 555/837/684
s 81
f 96/910/775 555/840/687 556/839/686 97/911/776
s 82
f 97/911/777 556/839/691 557/843/690 98/912/778
f 98/912/778 557/843/690 558/845/694 99/913/779
f 99/913/779 558/845/694 559/847/696 100/914/780
s 83
f 100/915/781 559/850/699 560/849/698 101/916/782
s 84
f 101/916/783 560/849/703 561/853/702 102/917/784
s 85
f 102/918/785 561/856/707 562/855/706 103/919/786
f 103/919/786 562/855/706 563/859/710 104/920/787
s 86
f 104/920/788 563/859/713 564/861/712 105/921/789
s 87
f 105/922/790 564/864/717 565/863/716 106/923/791
s 88
f 106/923/792 565/863/721 566/867/720 107/924/793
s 89
f 107/925/794 566/870/725 567/869/724 108/926/795
s 76
f 108/926/796 567/869/727 547/813/660 109/896/761
s 90
f 568/874/731 576/927/797 577/928/798 569/875/732
s 91
f 568/874/735 570/877/734 578/929/799 576/927/800
s 92
f 570/880/739 571/879/738 579/930/801 578/931/802
s 93
f 571/879/743 572/883/742 580/932/803 579/930/804
s 94
f 572/886/747 573/885/746 581/933/805 580/934/806
s 95
f 573/885/751 574/889/750 582/935/807 581/933/808
s 96
f 574/892/755 575/891/754 583/936/809 582/937/810
s 97
f 569/895/758 577/938/811 583/936/812 575/891/759
s 98
f 584/947/813 592/948/814 593/949/815 585/950/816
s 99
f 584/951/817 591/952/818 594/953/819 592/954/820
s 100
f 590/955/821 595/956/822 594/957/823 591/958/824
s 101
f 589/959/825 596/960/826 595/961/827 590/962/828
s 102
f 588/963/829 597/964/830 596/965/831 589/966/832
s 103
f 587/967/833 598/968/834 597/969/835 588/970/836
s 104
f 586/971/837 599/972/838 598/973/839 587/974/840
s 105
f 585/975/841 593/976/842 599/977/843 586/978/844
s 98
f 247/979/845 593/949/815 592/948/814 248/980/846
s 99
f 248/981/847 592/954/820 594/953/819 249/982/848
s 102
f 243/989/849 596/965/831 597/964/830 244/990/850
s 103
f 244/991/851 597/969/835 598/968/834 245/992/852
s 104
f 245/993/853 598/973/839 599/972/838 246/994/854
s 105
f 246/995/855 599/977/843 593/976/842 247/996/856
s 106
f 600/1005/857 608/1006/858 609/1007/859 601/1008/860
s 107
f 600/1009/861 607/1010/862 610/1011/863 608/1012/864
s 108
f 606/1013/865 611/1014/866 610/1011/867 607/1010/868
s 109
f 605/1015/869 612/1016/870 611/1017/871 606/1018/872
s 110
f 604/1019/873 613/1020/874 612/1016/875 605/1015/876
s 111
f 603/1021/877 614/1022/878 613/1023/879 604/1024/880
s 112
f 602/1025/881 615/1026/882 614/1022/883 603/1021/884
s 113
f 601/1008/885 609/1007/886 615/1027/887 602/1028/888
s 106
f 273/1029/889 609/1007/859 608/1006/858 274/1030/890
s 107
f 274/1031/891 608/1012/864 610/1011/863 275/1032/892
s 108
f 275/1032/893 610/1011/867 611/1014/866 276/1033/894
s 109
f 269/1034/895 276/1035/896 611/1017/871 612/1016/870
s 110
f 269/1034/897 612/1016/875 613/1020/874 270/1036/898
s 111
f 270/1037/899 613/1023/879 614/1022/878 271/1038/900
s 112
f 271/1038/901 614/1022/883 615/1026/882 272/1039/902
s 113
f 272/1040/903 615/1027/887 609/1007/886 273/1029/904
s 114
f 616/1053/905 628/1054/906 629/1055/907 617/1056/908
s 115
f 616/1057/909 627/1058/910 630/1059/911 628/1060/912
s 116
f 626/1061/913 631/1062/914 630/1063/915 627/1064/916
s 117
f 625/1065/917 632/1066/918 631/1067/919 626/1068/920
s 118
f 624/1069/921 633/1070/922 632/1071/923 625/1072/924
s 119
f 623/1073/925 634/1074/926 633/1075/927 624/1076/928
s 120
f 622/1077/929 635/1078/930 634/1079/931 623/1080/932
s 121
f 621/1081/933 636/1082/934 635/1083/935 622/1084/936
s 122
f 620/1085/937 637/1086/938 636/1087/939 621/1088/940
s 123
f 619/1089/941 638/1090/942 637/1091/943 620/1092/944
s 124
f 618/1093/945 639/1094/946 638/1095/947 619/1096/948
s 125
f 617/1097/949 629/1098/950 639/1099/951 618/1100/952
s 114
f 45/1101/953 629/1055/907 628/1054/906 46/1102/954
s 115
f 46/1103/955 628/1060/912 630/1059/911 47/1104/956
s 116
f 47/1105/957 630/1063/915 631/1062/914 48/1106/958
s 117
f 48/1107/959 631/1067/919 632/1066/918 49/1108/960
s 118
f 49/1109/961 632/1071/923 633/1070/922 54/1110/962
s 119
f 54/1111/963 633/1075/927 634/1074/926 191/1112/964
s 120
f 191/1113/965 634/1079/931 635/1078/930 192/1114/966
s 121
f 192/1115/967 635/1083/935 636/1082/934 193/1116/968
s 122
f 193/1117/969 636/1087/939 637/1086/938 194/1118/970
s 123
f 43/1119/971 194/1120/972 637/1091/943 638/1090/942
s 124
f 43/1121/973 638/1095/947 639/1094/946 44/1122/974
s 125
f 44/1123/975 639/1099/951 629/1098/950 45/1124/976
s 126
f 640/1125/977 641/1126/978 642/1127/979 643/1128/980
s 127
f 640/1129/981 644/1130/982 645/1131/983 641/1132/984
s 128
f 642/1151/985 661/1152/986 646/1153/987 643/1154/988
s 126
f 250/1155/989 642/1127/979 641/1126/978 251/1156/990
s 129
f 644/1157/991 660/1158/992 662/1159/993 645/1160/994
s 127
f 251/1161/995 641/1132/984 645/1131/983 252/1162/996
s 129
f 659/1163/997 663/1164/998 662/1159/993 660/1158/992
s 130
f 658/1165/999 664/1166/1000 663/1164/1001 659/1163/1002
s 131
f 657/1167/1003 665/1168/1004 664/1169/1005 658/1170/1006
f 656/1171/1007 666/1172/1008 665/1168/1004 657/1167/1003
s 132
f 655/1173/1009 667/1174/1010 666/1175/1011 656/1176/1012
s 133
f 654/1177/1013 668/1178/1014 667/1179/1015 655/1180/1016
f 653/1181/1017 669/1182/1018 668/1178/1014 654/1177/1013
f 652/1183/1019 670/1184/1020 669/1182/1018 653/1181/1017
s 134
f 651/1185/1021 671/1186/1022 670/1187/1023 652/1188/1024
s 135
f 650/1189/1025 672/1190/1026 671/1186/1027 651/1185/1028
s 136
f 649/1191/1029 673/1192/1030 672/1193/1031 650/1194/1032
f 648/1195/1033 674/1196/1034 673/1192/1030 649/1191/1029
f 647/1197/1035 675/1198/1036 674/1196/1034 648/1195/1033
s 137
f 646/1199/1037 661/1200/1038 675/1201/1039 647/1202/1040
s 129
f 252/1206/1041 645/1160/994 662/1159/993 253/1207/1042
f 253/1207/1042 662/1159/993 663/1164/998 254/1208/1043
s 130
f 254/1208/1044 663/1164/1001 664/1166/1000 255/1209/1045
s 131
f 255/1210/1046 664/1169/1005 665/1168/1004 256/1211/1047
s 132
f 223/1214/1048 666/1175/1011 667/1174/1010 224/1215/1049
s 133
f 278/1217/1050 668/1178/1014 669/1182/1018 279/1219/1051
f 279/1219/1051 669/1182/1018 670/1184/1020 280/1220/1052
s 134
f 280/1221/1053 670/1187/1023 671/1186/1022 281/1222/1054
s 135
f 281/1222/1055 671/1186/1027 672/1190/1026 282/1223/1056
s 136
f 282/1224/1057 672/1193/1031 673/1192/1030 283/1225/1058
f 283/1225/1058 673/1192/1030 674/1196/1034 284/1226/1059
s 137
f 227/1229/1060 675/1201/1039 661/1200/1038 228/1230/1061
s 138
f 676/1231/1062 677/1232/1063 678/1233/1064 679/1234/1065
s 139
f 676/1231/1066 680/1235/1067 681/1236/1068 677/1232/1069
s 140
f 678/1256/1070 698/1257/1071 687/1258/1072 679/1259/1073
s 138
f 258/1260/1074 678/1233/1064 677/1232/1063 259/1261/1075
s 141
f 680/1262/1076 697/1263/1077 699/1264/1078 681/1265/1079
s 139
f 259/1261/1080 677/1232/1069 681/1236/1068 260/1266/1081
s 141
f 696/1267/1082 700/1268/1083 699/1264/1078 697/1263/1077
s 142
f 695/1269/1084 701/1270/1085 700/1271/1086 696/1272/1087
s 143
f 694/1273/1088 702/1274/1089 701/1275/1090 695/1276/1091
s 144
f 693/1277/1092 703/1278/1093 702/1279/1094 694/1280/1095
s 145
f 692/1281/1096 704/1282/1097 703/1278/1098 693/1277/1099
s 146
f 691/1283/1100 705/1284/1101 704/1282/1102 692/1281/1103
s 147
f 690/1285/1104 706/1286/1105 705/1287/1106 691/1288/1107
f 689/1289/1108 707/1290/1109 706/1286/1105 690/1285/1104
s 148
f 688/1291/1110 708/1292/1111 707/1290/1112 689/1289/1113
s 149
f 687/1258/1114 698/1257/1115 708/1293/1116 688/1294/1117
s 150
f 682/1295/1118 686/1296/1119 709/1297/1120 710/1298/1121
s 151
f 685/1299/1122 711/1300/1123 709/1301/1124 686/1302/1125
s 152
f 684/1303/1126 712/1304/1127 711/1305/1128 685/1306/1129
s 153
f 683/1307/1130 713/1308/1131 712/1304/1132 684/1303/1133
s 154
f 682/1295/1134 710/1298/1135 713/1308/1136 683/1307/1137
s 140
f 257/1309/1138 698/1257/1071 678/1256/1070 258/1310/1139
s 141
f 211/1313/1140 699/1264/1078 700/1268/1083 212/1314/1141
s 142
f 212/1315/1142 700/1271/1086 701/1270/1085 213/1316/1143
s 143
f 213/1317/1144 701/1275/1090 702/1274/1089 214/1318/1145
s 144
f 214/1319/1146 702/1279/1094 703/1278/1093 215/1320/1147
s 145
f 215/1320/1148 703/1278/1098 704/1282/1097 216/1321/1149
s 146
f 216/1321/1150 704/1282/1102 705/1284/1101 217/1322/1151
s 147
f 217/1323/1152 705/1287/1106 706/1286/1105 218/1324/1153
f 218/1324/1153 706/1286/1105 707/1290/1109 219/1325/1154
s 148
f 219/1325/1155 707/1290/1112 708/1292/1111 220/1326/1156
s 150
f 709/1297/1120 714/1329/1157 715/1330/1158 710/1298/1121
s 151
f 709/1301/1124 711/1300/1123 716/1331/1159 714/1332/1160
s 152
f 711/1305/1128 712/1304/1127 717/1333/1161 716/1334/1162
s 153
f 712/1304/1132 713/1308/1131 718/1335/1163 717/1333/1164
s 154
f 710/1298/1135 715/1330/1165 718/1335/1166 713/1308/1136
s 155
f 719/1336/1167 720/1337/1168 721/1338/1169 722/1339/1170
f 719/1336/1167 723/1340/1171 724/1341/1172 720/1337/1168
s 156
f 721/1369/1173 749/1370/1174 739/1371/1175 722/1372/1176
s 155
f 261/1373/1177 721/1338/1169 720/1337/1168 262/1374/1178
f 723/1375/1171 748/1376/1179 750/1377/1180 724/1378/1172
f 262/1374/1178 720/1337/1168 724/1341/1172 263/1379/1181
s 157
f 747/1380/1182 751/1381/1183 750/1377/1184 748/1376/1185
s 158
f 746/1382/1186 752/1383/1187 751/1381/1188 747/1380/1189
f 745/1384/1190 753/1385/1191 752/1383/1187 746/1382/1186
s 159
f 744/1386/1192 754/1387/1193 753/1385/1194 745/1384/1195
s 160
f 743/1388/1196 755/1389/1197 754/1387/1198 744/1386/1199
s 161
f 742/1390/1200 756/1391/1201 755/1389/1202 743/1388/1203
s 162
f 741/1392/1204 757/1393/1205 756/1391/1206 742/1390/1207
s 163
f 740/1394/1208 758/1395/1209 757/1396/1210 741/1397/1211
f 739/1398/1212 749/1399/1213 758/1395/1209 740/1394/1208
s 164
f 725/1400/1214 738/1401/1215 759/1402/1216 760/1403/1217
s 165
f 730/1404/1218 761/1405/1219 759/1406/1220 738/1407/1221
s 166
f 731/1408/1222 737/1409/1223 762/1410/1224 763/1411/1225
s 167
f 736/1412/1226 764/1413/1227 762/1414/1228 737/1415/1229
f 735/1416/1230 765/1417/1231 764/1413/1227 736/1412/1226
s 168
f 734/1418/1232 766/1419/1233 765/1420/1234 735/1421/1235
s 169
f 733/1422/1236 767/1423/1237 766/1419/1238 734/1418/1239
s 170
f 732/1424/1240 768/1425/1241 767/1426/1242 733/1427/1243
f 731/1428/1244 763/1429/1245 768/1425/1241 732/1424/1240
s 165
f 729/1430/1246 769/1431/1247 761/1405/1219 730/1404/1218
s 171
f 728/1432/1248 770/1433/1249 769/1434/1250 729/1435/1251
s 172
f 727/1436/1252 771/1437/1253 770/1433/1254 728/1432/1255
s 173
f 726/1438/1256 772/1439/1257 771/1440/1258 727/1441/1259
f 725/1442/1260 760/1443/1261 772/1439/1257 726/1438/1256
s 155
f 263/1447/1181 724/1378/1172 750/1377/1180 264/1448/1262
s 157
f 264/1448/1263 750/1377/1184 751/1381/1183 265/1449/1264
s 158
f 265/1449/1265 751/1381/1188 752/1383/1187 266/1450/1266
s 159
f 202/1452/1267 753/1385/1194 754/1387/1193 203/1453/1268
s 160
f 203/1453/1269 754/1387/1198 755/1389/1197 204/1454/1270
s 161
f 204/1454/1271 755/1389/1202 756/1391/1201 205/1455/1272
s 162
f 205/1455/1273 756/1391/1206 757/1393/1205 206/1456/1274
s 163
f 206/1457/1275 757/1396/1210 758/1395/1209 207/1458/1276
f 207/1458/1276 758/1395/1209 749/1399/1213 208/1459/1277
s 164
f 759/1402/1216 773/1460/1278 774/1461/1279 760/1403/1217
s 165
f 759/1406/1220 761/1405/1219 775/1462/1280 773/1463/1281
s 166
f 762/1410/1224 776/1464/1282 777/1465/1283 763/1411/1225
s 167
f 762/1414/1228 764/1413/1227 778/1466/1284 776/1467/1285
f 764/1413/1227 765/1417/1231 779/1468/1286 778/1466/1284
s 168
f 765/1420/1234 766/1419/1233 780/1469/1287 779/1470/1288
s 169
f 766/1419/1238 767/1423/1237 781/1471/1289 780/1469/1290
s 170
f 767/1426/1242 768/1425/1241 782/1472/1291 781/1473/1292
f 763/1429/1245 777/1474/1293 782/1472/1291 768/1425/1241
s 165
f 761/1405/1219 769/1431/1247 783/1475/1294 775/1462/1280
s 171
f 769/1434/1250 770/1433/1249 784/1476/1295 783/1477/1296
s 172
f 770/1433/1254 771/1437/1253 785/1478/1297 784/1476/1298
s 173
f 771/1440/1258 772/1439/1257 786/1479/1299 785/1480/1300
f 760/1443/1261 774/1481/1301 786/1479/1299 772/1439/1257
s off
f 787/1482/1302 788/1483/1303 789/1484/1304 790/1485/1305
s 174
f 787/1486/1306 791/1487/1307 792/1488/1308 788/1489/1309
s 175
f 787/1490/1310 790/1491/1311 793/1492/1312 791/1493/1313
s 176
f 789/1494/1314 794/1495/1315 793/1496/1316 790/1497/1317
s 177
f 788/1498/1318 792/1499/1319 794/1500/1320 789/1501/1321
s 175
f 20/1505/1322 791/1493/1313 793/1492/1312 199/1506/1323
s 177
f 267/1510/1324 794/1500/1320 792/1499/1319 268/1511/1325
s off
f 795/1512/1326 796/1513/1327 797/1514/1328 798/1515/1329
s 178
f 795/1516/1330 799/1517/1331 800/1518/1332 796/1519/1333
s 179
f 795/1520/1334 798/1521/1335 801/1522/1336 799/1523/1337
s 180
f 797/1524/1338 802/1525/1339 801/1526/1340 798/1527/1341
s 181
f 796/1528/1342 800/1529/1343 802/1530/1344 797/1531/1345
s 178
f 41/1532/1346 800/1518/1332 799/1517/1331 42/1533/1347
s 179
f 39/1534/1348 42/1535/1349 799/1523/1337 801/1522/1336
s 180
f 39/1536/1350 801/1526/1340 802/1525/1339 40/1537/1351
s 181
f 40/1538/1352 802/1530/1344 800/1529/1343 41/1539/1353
s off
f 803/1540/1354 804/1541/1355 805/1542/1356 806/1543/1357
s 182
f 803/1544/1358 807/1545/1359 808/1546/1360 804/1547/1361
s 183
f 803/1548/1362 806/1549/1363 809/1550/1364 807/1551/1365
s 184
f 805/1552/1366 810/1553/1367 809/1554/1368 806/1555/1369
s 185
f 804/1556/1370 808/1557/1371 810/1558/1372 805/1559/1373
s 182
f 51/1560/1374 808/1546/1360 807/1545/1359 52/1561/1375
s 183
f 52/1562/1376 807/1551/1365 809/1550/1364 53/1563/1377
s 184
f 50/1564/1378 53/1565/1379 809/1554/1368 810/1553/1367
s 185
f 50/1566/1380 810/1558/1372 808/1557/1371 51/1567/1381
s 186
f 811/1568/1382 812/1569/1383 813/1570/1384 814/1571/1385
f 811/1568/1382 815/1572/1386 816/1573/1387 812/1569/1383
s 187
f 813/1595/1388 835/1596/1389 825/1597/1390 814/1598/1391
s 186
f 79/1599/1392 813/1570/1384 812/1569/1383 80/1600/1393
s 188
f 815/1601/1394 834/1602/1395 836/1603/1396 816/1604/1397
s 186
f 80/1600/1393 812/1569/1383 816/1573/1387 81/1605/1398
s 189
f 833/1606/1399 837/1607/1400 836/1603/1401 834/1602/1402
s 190
f 832/1608/1403 838/1609/1404 837/1607/1405 833/1606/1406
s 191
f 831/1610/1407 839/1611/1408 838/1609/1409 832/1608/1410
s 192
f 830/1612/1411 840/1613/1412 839/1611/1413 831/1610/1414
s 193
f 829/1614/1415 841/1615/1416 840/1616/1417 830/1617/1418
s 194
f 828/1618/1419 842/1619/1420 841/1620/1421 829/1621/1422
s 195
f 827/1622/1423 843/1623/1424 842/1624/1425 828/1625/1426
s 196
f 826/1626/1427 844/1627/1428 843/1628/1429 827/1629/1430
s 197
f 825/1630/1431 835/1631/1432 844/1632/1433 826/1633/1434
s 198
f 817/1634/1435 824/1635/1436 845/1636/1437 846/1637/1438
s 199
f 823/1638/1439 847/1639/1440 845/1640/1441 824/1641/1442
f 822/1642/1443 848/1643/1444 847/1639/1440 823/1638/1439
s 200
f 821/1644/1445 849/1645/1446 848/1646/1447 822/1647/1448
s 201
f 820/1648/1449 850/1649/1450 849/1645/1451 821/1644/1452
s 202
f 819/1650/1453 851/1651/1454 850/1649/1455 820/1648/1456
s 203
f 818/1652/1457 852/1653/1458 851/1654/1459 819/1655/1460
f 817/1656/1461 846/1657/1462 852/1653/1458 818/1652/1457
s 187
f 78/1658/1463 835/1596/1389 813/1595/1388 79/1659/1464
s 188
f 81/1660/1465 816/1604/1397 836/1603/1396 82/1661/1466
s 189
f 82/1661/1467 836/1603/1401 837/1607/1400 83/1662/1468
s 190
f 83/1662/1469 837/1607/1405 838/1609/1404 84/1663/1470
s 191
f 84/1663/1471 838/1609/1409 839/1611/1408 184/1664/1472
s 192
f 184/1664/1473 839/1611/1413 840/1613/1412 185/1665/1474
s 193
f 185/1666/1475 840/1616/1417 841/1615/1416 186/1667/1476
s 194
f 186/1668/1477 841/1620/1421 842/1619/1420 187/1669/1478
s 195
f 187/1670/1479 842/1624/1425 843/1623/1424 188/1671/1480
s 196
f 188/1672/1481 843/1628/1429 844/1627/1428 189/1673/1482
s 197
f 78/1674/1483 189/1675/1484 844/1632/1433 835/1631/1432
s 198
f 845/1636/1437 853/1676/1485 854/1677/1486 846/1637/1438
s 199
f 845/1640/1441 847/1639/1440 855/1678/1487 853/1679/1488
f 847/1639/1440 848/1643/1444 856/1680/1489 855/1678/1487
s 200
f 848/1646/1447 849/1645/1446 857/1681/1490 856/1682/1491
s 201
f 849/1645/1451 850/1649/1450 858/1683/1492 857/1681/1493
s 202
f 850/1649/1455 851/1651/1454 859/1684/1494 858/1683/1495
s 203
f 851/1654/1459 852/1653/1458 860/1685/1496 859/1686/1497
f 846/1657/1462 854/1687/1498 860/1685/1496 852/1653/1458
s 204
f 861/1688/1499 862/1689/1500 863/1690/1501 864/1691/1502
s 205
f 861/1688/1503 865/1692/1504 866/1693/1505 862/1689/1506
s 206
f 863/1713/1507 883/1714/1508 872/1715/1509 864/1716/1510
s 204
f 86/1717/1511 863/1690/1501 862/1689/1500 87/1718/1512
s 207
f 865/1719/1513 882/1720/1514 884/1721/1515 866/1722/1516
s 205
f 87/1718/1517 862/1689/1506 866/1693/1505 88/1723/1518
s 207
f 881/1724/1519 885/1725/1520 884/1721/1515 882/1720/1514
s 208
f 880/1726/1521 886/1727/1522 885/1728/1523 881/1729/1524
s 209
f 879/1730/1525 887/1731/1526 886/1732/1527 880/1733/1528
s 210
f 878/1734/1529 888/1735/1530 887/1736/1531 879/1737/1532
s 211
f 877/1738/1533 889/1739/1534 888/1735/1535 878/1734/1536
s 212
f 876/1740/1537 890/1741/1538 889/1739/1539 877/1738/1540
s 213
f 875/1742/1541 891/1743/1542 890/1744/1543 876/1745/1544
f 874/1746/1545 892/1747/1546 891/1743/1542 875/1742/1541
s 214
f 873/1748/1547 893/1749/1548 892/1747/1549 874/1746/1550
s 215
f 872/1715/1551 883/1714/1552 893/1750/1553 873/1751/1554
s 216
f 867/1752/1555 871/1753/1556 894/1754/1557 895/1755/1558
s 217
f 870/1756/1559 896/1757/1560 894/1758/1561 871/1759/1562
s 218
f 869/1760/1563 897/1761/1564 896/1762/1565 870/1763/1566
s 219
f 868/1764/1567 898/1765/1568 897/1761/1569 869/1760/1570
s 220
f 867/1752/1571 895/1755/1572 898/1765/1573 868/1764/1574
s 206
f 85/1766/1575 883/1714/1508 863/1713/1507 86/1767/1576
s 207
f 88/1768/1577 866/1722/1516 884/1721/1515 89/1769/1578
f 89/1769/1578 884/1721/1515 885/1725/1520 90/1770/1579
s 208
f 90/1771/1580 885/1728/1523 886/1727/1522 91/1772/1581
s 209
f 91/1773/1582 886/1732/1527 887/1731/1526 92/1774/1583
s 210
f 92/1775/1584 887/1736/1531 888/1735/1530 93/1776/1585
s 211
f 93/1776/1586 888/1735/1535 889/1739/1534 94/1777/1587
s 212
f 94/1777/1588 889/1739/1539 890/1741/1538 95/1778/1589
s 213
f 95/1779/1590 890/1744/1543 891/1743/1542 181/1780/1591
f 181/1780/1591 891/1743/1542 892/1747/1546 182/1781/1592
s 214
f 182/1781/1593 892/1747/1549 893/1749/1548 183/1782/1594
s 215
f 85/1766/1595 183/1783/1596 893/1750/1553 883/1714/1552
s 216
f 894/1754/1557 899/1784/1597 900/1785/1598 895/1755/1558
s 217
f 894/1758/1561 896/1757/1560 901/1786/1599 899/1787/1600
s 218
f 896/1762/1565 897/1761/1564 902/1788/1601 901/1789/1602
s 219
f 897/1761/1569 898/1765/1568 903/1790/1603 902/1788/1604
s 220
f 895/1755/1572 900/1785/1605 903/1790/1606 898/1765/1573
s 221
f 904/1791/1607 905/1792/1608 906/1793/1609 907/1794/1610
s 222
f 904/1791/1611 908/1795/1612 909/1796/1613 905/1792/1614
s 223
f 906/1818/1615 928/1819/1616 918/1820/1617 907/1821/1618
s 221
f 115/1822/1619 906/1793/1609 905/1792/1608 116/1823/1620
s 222
f 908/1795/1612 927/1824/1621 929/1825/1622 909/1796/1613
f 116/1823/1623 905/1792/1614 909/1796/1613 117/1826/1624
s 224
f 926/1827/1625 930/1828/1626 929/1829/1627 927/1830/1628
s 225
f 925/1831/1629 931/1832/1630 930/1833/1631 926/1834/1632
s 226
f 924/1835/1633 932/1836/1634 931/1837/1635 925/1838/1636
s 227
f 923/1839/1637 933/1840/1638 932/1841/1639 924/1842/1640
s 228
f 922/1843/1641 934/1844/1642 933/1845/1643 923/1846/1644
s 229
f 921/1847/1645 935/1848/1646 934/1849/1647 922/1850/1648
f 920/1851/1649 936/1852/1650 935/1848/1646 921/1847/1645
s 230
f 919/1853/1651 937/1854/1652 936/1852/1653 920/1851/1654
s 231
f 918/1820/1655 928/1819/1656 937/1855/1657 919/1856/1658
s 232
f 910/1857/1659 917/1858/1660 938/1859/1661 939/1860/1662
s 233
f 916/1861/1663 940/1862/1664 938/1859/1665 917/1858/1666
s 234
f 915/1863/1667 941/1864/1668 940/1865/1669 916/1866/1670
s 235
f 914/1867/1671 942/1868/1672 941/1864/1673 915/1863/1674
s 236
f 913/1869/1675 943/1870/1676 942/1871/1677 914/1872/1678
s 237
f 912/1873/1679 944/1874/1680 943/1870/1681 913/1869/1682
s 238
f 911/1875/1683 945/1876/1684 944/1877/1685 912/1878/1686
s 239
f 910/1879/1687 939/1880/1688 945/1876/1689 911/1875/1690
s 223
f 114/1881/1691 928/1819/1616 906/1818/1615 115/1882/1692
s 222
f 117/1826/1624 909/1796/1613 929/1825/1622 118/1883/1693
s 224
f 118/1884/1694 929/1829/1627 930/1828/1626 119/1885/1695
s 225
f 119/1886/1696 930/1833/1631 931/1832/1630 120/1887/1697
s 226
f 120/1888/1698 931/1837/1635 932/1836/1634 121/1889/1699
s 227
f 121/1890/1700 932/1841/1639 933/1840/1638 172/1891/1701
s 228
f 172/1892/1702 933/1845/1643 934/1844/1642 173/1893/1703
s 229
f 173/1894/1704 934/1849/1647 935/1848/1646 174/1895/1705
f 174/1895/1705 935/1848/1646 936/1852/1650 175/1896/1706
s 230
f 175/1896/1707 936/1852/1653 937/1854/1652 176/1897/1708
s 231
f 114/1881/1709 176/1898/1710 937/1855/1657 928/1819/1656
s 232
f 938/1859/1661 946/1899/1711 947/1900/1712 939/1860/1662
s 233
f 938/1859/1665 940/1862/1664 948/1901/1713 946/1899/1714
s 234
f 940/1865/1669 941/1864/1668 949/1902/1715 948/1903/1716
s 235
f 941/1864/1673 942/1868/1672 950/1904/1717 949/1902/1718
s 236
f 942/1871/1677 943/1870/1676 951/1905/1719 950/1906/1720
s 237
f 943/1870/1681 944/1874/1680 952/1907/1721 951/1905/1722
s 238
f 944/1877/1685 945/1876/1684 953/1908/1723 952/1909/1724
s 239
f 939/1880/1688 947/1910/1725 953/1908/1726 945/1876/1689
s 240
f 954/1911/1727 955/1912/1728 956/1913/1729 957/1914/1730
s 241
f 954/1911/1731 958/1915/1732 959/1916/1733 955/1912/1734
s 242
f 956/1913/1735 970/1930/1736 960/1931/1737 957/1914/1738
s 240
f 126/1932/1739 956/1913/1729 955/1912/1728 127/1933/1740
s 243
f 958/1934/1741 969/1935/1742 971/1936/1743 959/1937/1744
s 241
f 127/1933/1745 955/1912/1734 959/1916/1733 128/1938/1746
s 244
f 968/1939/1747 972/1940/1748 971/1941/1749 969/1942/1750
s 245
f 967/1943/1751 973/1944/1752 972/1945/1753 968/1946/1754
s 246
f 966/1947/1755 974/1948/1756 973/1944/1757 967/1943/1758
f 965/1949/1759 975/1950/1760 974/1948/1756 966/1947/1755
f 964/1951/1761 976/1952/1762 975/1950/1760 965/1949/1759
s 247
f 963/1953/1763 977/1954/1764 976/1955/1765 964/1956/1766
s 248
f 962/1957/1767 978/1958/1768 977/1959/1769 963/1960/1770
s 249
f 961/1961/1771 979/1962/1772 978/1963/1773 962/1964/1774
s 250
f 960/1965/1775 970/1966/1776 979/1967/1777 961/1968/1778
s 242
f 125/1969/1779 970/1930/1736 956/1913/1735 126/1932/1780
s 243
f 128/1970/1781 959/1937/1744 971/1936/1743 129/1971/1782
s 244
f 129/1972/1783 971/1941/1749 972/1940/1748 167/1973/1784
s 245
f 167/1974/1785 972/1945/1753 973/1944/1752 168/1975/1786
s 246
f 168/1975/1787 973/1944/1757 974/1948/1756 169/1976/1788
f 169/1976/1788 974/1948/1756 975/1950/1760 170/1977/1789
f 170/1977/1789 975/1950/1760 976/1952/1762 171/1978/1790
s 247
f 122/1979/1791 171/1980/1792 976/1955/1765 977/1954/1764
s 248
f 122/1981/1793 977/1959/1769 978/1958/1768 123/1982/1794
s 249
f 123/1983/1795 978/1963/1773 979/1962/1772 124/1984/1796
s 250
f 124/1985/1797 979/1967/1777 970/1966/1776 125/1986/1798
s 251
f 980/1987/1799 981/1988/1800 982/1989/1801 983/1990/1802
s 252
f 980/1991/1803 984/1992/1804 985/1993/1805 981/1994/1806
s 253
f 982/2016/1807 1004/2017/1808 986/2018/1809 983/2019/1810
s 251
f 135/2020/1811 982/1989/1801 981/1988/1800 136/2021/1812
s 254
f 984/2022/1813 1003/2023/1814 1005/2024/1815 985/2025/1816
s 252
f 136/2026/1817 981/1994/1806 985/1993/1805 137/2027/1818
s 255
f 1002/2028/1819 1006/2029/1820 1005/2030/1821 1003/2031/1822
s 256
f 1001/2032/1823 1007/2033/1824 1006/2034/1825 1002/2035/1826
f 1000/2036/1827 1008/2037/1828 1007/2033/1824 1001/2032/1823
s 257
f 999/2038/1829 1009/2039/1830 1008/2037/1831 1000/2036/1832
s 258
f 998/2040/1833 1010/2041/1834 1009/2042/1835 999/2043/1836
s 259
f 989/2044/1837 1011/2045/1838 1010/2041/1839 998/2040/1840
s 260
f 990/2046/1841 997/2047/1842 1012/2048/1843 1013/2049/1844
s 261
f 996/2050/1845 1014/2051/1846 1012/2048/1847 997/2047/1848
s 262
f 995/2052/1849 1015/2053/1850 1014/2054/1851 996/2055/1852
s 263
f 994/2056/1853 1016/2057/1854 1015/2053/1855 995/2052/1856
s 264
f 993/2058/1857 1017/2059/1858 1016/2060/1859 994/2061/1860
s 265
f 992/2062/1861 1018/2063/1862 1017/2059/1863 993/2058/1864
s 266
f 991/2064/1865 1019/2065/1866 1018/2066/1867 992/2067/1868
s 267
f 990/2068/1869 1013/2069/1870 1019/2065/1871 991/2064/1872
s 268
f 988/2070/1873 1020/2071/1874 1011/2072/1875 989/2073/1876
s 3
f 987/2074/1877 1021/2075/106 1020/2071/132 988/2070/1878
f 986/2076/1879 1004/2077/107 1021/2075/106 987/2074/1877
s 253
f 134/2078/1880 1004/2017/1808 982/2016/1807 135/2079/1881
s 254
f 137/2080/1882 985/2025/1816 1005/2024/1815 162/2081/1883
s 255
f 162/2082/1884 1005/2030/1821 1006/2029/1820 163/2083/1885
s 256
f 163/2084/1886 1006/2034/1825 1007/2033/1824 164/2085/1887
f 164/2085/1887 1007/2033/1824 1008/2037/1828 165/2086/1888
s 257
f 165/2086/1889 1008/2037/1831 1009/2039/1830 166/2087/1890
s 258
f 130/2088/1891 166/2089/1892 1009/2042/1835 1010/2041/1834
s 259
f 130/2088/1893 1010/2041/1839 1011/2045/1838 131/2090/1894
s 260
f 1012/2048/1843 1022/2091/1895 1023/2092/1896 1013/2049/1844
s 261
f 1012/2048/1847 1014/2051/1846 1024/2093/1897 1022/2091/1898
s 262
f 1014/2054/1851 1015/2053/1850 1025/2094/1899 1024/2095/1900
s 263
f 1015/2053/1855 1016/2057/1854 1026/2096/1901 1025/2094/1902
s 264
f 1016/2060/1859 1017/2059/1858 1027/2097/1903 1026/2098/1904
s 265
f 1017/2059/1863 1018/2063/1862 1028/2099/1905 1027/2097/1906
s 266
f 1018/2066/1867 1019/2065/1866 1029/2100/1907 1028/2101/1908
s 267
f 1013/2069/1870 1023/2102/1909 1029/2100/1910 1019/2065/1871
s 268
f 131/2103/1911 1011/2072/1875 1020/2071/1874 132/2104/1912
s 269
usemtl standardSurface2SG
f 17/239/1913 11/11/1914 2/2/1915 1/1/1916
s 270
f 3/15/1917 12/14/1918 14/17/1919 4/16/1920
s 4
f 13/18/1921 15/20/1922 6/21/1923 5/19/1924
s 6
f 7/23/1925 16/22/1926 233/240/1927 8/8/1928
s 4
f 240/249/112 241/251/111 15/250/1922 13/306/1921
s 270
f 238/304/1929 292/308/1930 239/248/1931 14/307/1919
s 269
f 295/311/1932 293/309/1933 237/299/1934 17/315/1913
s 6
f 16/22/1926 242/252/127 294/310/130 233/240/1927
s off
f 287/298/1935 296/312/1936 277/288/1937 236/243/1938
f 285/296/1939 310/327/1940 297/313/1941 235/242/1942
s 13
usemtl standardSurface4SG
f 235/242/1943 297/313/167 312/329/170 286/297/1944
s 270
usemtl standardSurface2SG
f 12/14/1918 238/305/1929 14/17/1919
s 269
f 11/11/1914 17/239/1913 237/299/1934
s off
usemtl standardSurface3SG
f 288/300/1945 304/321/1946 289/301/1947
f 290/302/1948 299/316/1949 291/303/1950
f 302/319/1951 308/325/1952 303/320/1953
f 300/317/1954 307/324/1955 301/318/1956
usemtl standardSurface2SG
f 20/26/1957 199/205/1958 200/206/1959 201/207/1960 202/208/1961 203/209/1962 204/210/1963 205/211/1964 206/212/1965 207/213/1966 208/214/1967 209/215/1968 210/216/1969 211/217/1970 212/218/1971 213/219/1972 214/220/1973 215/221/1974 216/222/1975 217/223/1976 218/224/1977 219/225/1978 220/226/1979 221/227/1980 222/228/1981 223/229/1982 224/230/1983 225/231/1984 226/232/1985 227/233/1986 228/234/1987 229/235/1988 230/236/1989 231/237/1990 232/238/1991 17/239/1992 1/1/1993 10/10/1994 18/24/1995 19/25/1996 196/202/1997 197/203/1998 198/204/1999 21/27/2000 22/28/2001 23/29/2002 24/30/2003 25/31/2004 26/32/2005 27/33/2006 28/34/2007 29/35/2008 30/36/2009 31/37/2010 32/38/2011 33/39/2012 34/40/2013 35/41/2014 36/42/2015 37/43/2016 38/44/2017 195/201/2018 39/45/2019 40/46/2020 41/47/2021 42/48/2022 43/49/2023 44/50/2024 45/51/2025 46/52/2026 47/53/2027 48/54/2028 49/55/2029 54/60/2030 191/197/2031 192/198/2032 193/199/2033 194/200/2034 50/56/2035 51/57/2036 52/58/2037 53/59/2038 55/61/2039 56/62/2040 57/63/2041 58/64/2042 59/65/2043 60/66/2044 61/67/2045 62/68/2046 63/69/2047 64/70/2048 65/71/2049 66/72/2050 67/73/2051 68/74/2052 69/75/2053 70/76/2054 71/77/2055 72/78/2056 73/79/2057 74/80/2058 75/81/2059 76/82/2060 77/83/2061 190/196/2062 78/84/2063 79/85/2064 80/86/2065 81/87/2066 82/88/2067 83/89/2068 84/90/2069 184/190/2070 185/191/2071 186/192/2072 187/193/2073 188/194/2074 189/195/2075 85/91/2076 86/92/2077 87/93/2078 88/94/2079 89/95/2080 90/96/2081 91/97/2082 92/98/2083 93/99/2084 94/100/2085 95/101/2086 181/187/2087 182/188/2088 183/189/2089 96/102/2090 97/103/2091 98/104/2092 99/105/2093 100/106/2094 101/107/2095 102/108/2096 103/109/2097 104/110/2098 105/111/2099 106/112/2100 107/113/2101 108/114/2102 109/115/2103 110/116/2104 111/117/2105 112/118/2106 113/119/2107 177/183/2108 178/184/2109 179/185/2110 180/186/2111 114/120/2112 115/121/2113 116/122/2114 117/123/2115 118/124/2116 119/125/2117 120/126/2118 121/127/2119 172/178/2120 173/179/2121 174/180/2122 175/181/2123 176/182/2124 122/128/2125 123/129/2126 124/130/2127 125/131/2128 126/132/2129 127/133/2130 128/134/2131 129/135/2132 167/173/2133 168/174/2134 169/175/2135 170/176/2136 171/177/2137 130/136/2138 131/137/2139 132/138/2140 133/139/2141 134/140/2142 135/141/2143 136/142/2144 137/143/2145 162/168/2146 163/169/2147 164/170/2148 165/171/2149 166/172/2150 138/144/2151 139/145/2152 140/146/2153 141/147/2154 142/148/2155 143/149/2156 144/150/2157 145/151/2158 146/152/2159 147/153/2160 148/154/2161 149/155/2162 150/156/2163 151/157/2164 152/158/2165 153/159/2166 154/160/2167 155/161/2168 156/162/2169 157/163/2170 158/164/2171 159/165/2172 160/166/2173 161/167/2174
f 17/239/2175 232/238/2176 243/254/2177 244/255/2178 245/256/2179 246/257/2180 247/258/2181 248/259/2182 249/260/2183 230/236/2184 229/235/2185 250/261/2186 251/262/2187 252/263/2188 253/264/2189 254/265/2190 255/266/2191 256/267/2192 222/228/2193 221/227/2194 257/268/2195 258/269/2196 259/270/2197 260/271/2198 210/216/2199 209/215/2200 261/272/2201 262/273/2202 263/274/2203 264/275/2204 265/276/2205 266/277/2206 201/207/2207 200/206/2208 267/278/2209 268/279/2210 19/25/2211 18/24/2212 234/241/2213 233/240/2214 269/280/2215 270/281/2216 271/282/2217 272/283/2218 273/284/2219 274/285/2220 275/286/2221 276/287/2222
f 225/231/2223 278/289/2224 279/290/2225 280/291/2226 281/292/2227 282/293/2228 283/294/2229 284/295/2230 226/232/2231
s 5
usemtl standardSurface3SG
f 237/299/2232 288/300/2233 289/301/123 290/302/126 291/303/2234 238/304/2235
s 9
f 238/304/2236 291/303/2237 299/316/143 300/317/146 301/318/2238 292/308/2239
s 10
f 237/299/2240 293/309/2241 302/319/2242 303/320/147 304/321/150 288/300/2243
s 2
f 292/308/113 301/318/2244 307/324/161 308/325/164 302/319/2245 293/309/114
s off
f 342/359/2246 349/366/2247 348/365/2248 350/367/2249 351/368/2250 343/360/2251
usemtl standardSurface6SG
f 352/369/2252 353/370/2253 354/371/2254 355/372/2255 356/373/2256 357/374/2257 358/375/2258 359/376/2259 360/377/2260 361/378/2261 362/379/2262 363/380/2263 364/381/2264 365/382/2265 366/383/2266 367/384/2267 368/385/2268 369/386/2269 370/387/2270 371/388/2271 372/389/2272 373/390/2273 374/391/2274 375/392/2275
f 400/495/2276 401/496/2277 402/497/2278 403/498/2279 404/499/2280 405/500/2281 406/501/2282 407/502/2283 408/503/2284 409/504/2285 410/505/2286 411/506/2287 412/507/2288 413/508/2289 414/509/2290 415/510/2291 416/511/2292 417/512/2293 418/513/2294 419/514/2295 420/515/2296 421/516/2297 422/517/2298 423/518/2299
f 448/621/2300 457/630/2301 458/631/2302 459/632/2303 460/633/2304 461/634/2305 462/635/2306 463/636/2307 464/637/2308 465/638/2309 466/639/2310 467/640/2311 468/641/2312 469/642/2313 470/643/2314 471/644/2315 472/645/2316 473/646/2317 474/647/2318 475/648/2319 476/649/2320 477/650/2321 449/622/2322 450/623/2323 451/624/2324 452/625/2325 453/626/2326 454/627/2327 455/628/2328 456/629/2329
f 516/780/2330 525/789/2331 526/790/2332 527/791/2333 528/792/2334 529/793/2335 530/794/2336 531/795/2337 532/796/2338 533/797/2339 534/798/2340 535/799/2341 536/800/2342 537/801/2343 538/802/2344 539/803/2345 540/804/2346 541/805/2347 542/806/2348 543/807/2349 544/808/2350 545/809/2351 517/781/2352 518/782/2353 519/783/2354 520/784/2355 521/785/2356 522/786/2357 523/787/2358 524/788/2359
s 100
f 230/983/2360 249/984/2361 594/957/823 595/956/822 231/985/2362
s 101
f 231/986/2363 595/961/827 596/960/826 243/987/2364 232/988/2365
s 128
f 228/1203/2366 661/1152/986 642/1151/985 250/1204/2367 229/1205/2368
s 131
f 222/1212/2369 256/1211/1047 665/1168/1004 666/1172/1008 223/1213/2370
s 133
f 224/1216/2371 667/1179/1015 668/1178/1014 278/1217/1050 225/1218/2372
s 136
f 226/1227/2373 284/1226/1059 674/1196/1034 675/1198/1036 227/1228/2374
s 141
f 210/1311/2375 260/1312/2376 681/1265/1079 699/1264/1078 211/1313/1140
s 149
f 220/1327/2377 708/1293/1116 698/1257/1115 257/1309/2378 221/1328/2379
s 156
f 208/1444/2380 749/1370/1174 721/1369/1173 261/1445/2381 209/1446/2382
s 158
f 201/1451/2383 266/1450/1266 752/1383/1187 753/1385/1191 202/1452/2384
s 174
f 19/1502/2385 268/1503/2386 792/1488/1308 791/1487/1307 20/1504/2387
s 176
f 199/1507/2388 793/1496/1316 794/1495/1315 267/1508/2389 200/1509/2390
s off
usemtl standardSurface2SG
f 899/2122/2391 901/2123/2392 902/2124/2393 903/2125/2394 900/2126/2395
f 714/2166/2396 716/2167/2397 717/2168/2398 718/2169/2399 715/2170/2400
f 286/297/2401 298/314/2402 287/298/2403 236/243/2404 235/242/2405
f 309/326/2406 321/338/2407 310/327/2408 285/296/2409 277/288/2410
usemtl standardSurface6SG
f 616/1041/2411 617/1042/2412 618/1043/2413 619/1044/2414 620/1045/2415 621/1046/2416 622/1047/2417 623/1048/2418 624/1049/2419 625/1050/2420 626/1051/2421 627/1052/2422
f 640/1133/2423 643/1134/2424 646/1135/2425 647/1136/2426 648/1137/2427 649/1138/2428 650/1139/2429 651/1140/2430 652/1141/2431 653/1142/2432 654/1143/2433 655/1144/2434 656/1145/2435 657/1146/2436 658/1147/2437 659/1148/2438 660/1149/2439 644/1150/2440
f 679/1238/2441 687/1244/2442 688/1245/2443 689/1246/2444 690/1247/2445 691/1248/2446 692/1249/2447 693/1250/2448 694/1251/2449 695/1252/2450 696/1253/2451 697/1254/2452 680/1255/2453 676/1237/2454 682/1239/2455 683/1240/2456 684/1241/2457 685/1242/2458 686/1243/2459
f 864/1695/2460 872/1701/2461 873/1702/2462 874/1703/2463 875/1704/2464 876/1705/2465 877/1706/2466 878/1707/2467 879/1708/2468 880/1709/2469 881/1710/2470 882/1711/2471 865/1712/2472 861/1694/2473 867/1696/2474 868/1697/2475 869/1698/2476 870/1699/2477 871/1700/2478
f 719/1342/2479 722/1343/2480 739/1344/2481 740/1345/2482 741/1346/2483 742/1347/2484 743/1348/2485 744/1349/2486 745/1350/2487 746/1351/2488 747/1352/2489 748/1353/2490 723/1354/2491 725/1355/2492 726/1356/2493 727/1357/2494 728/1358/2495 729/1359/2496 730/1360/2497 738/1368/2498 731/1361/2499 732/1362/2500 733/1363/2501 734/1364/2502 735/1365/2503 736/1366/2504 737/1367/2505
f 811/1574/2506 814/1575/2507 825/1576/2508 826/1577/2509 827/1578/2510 828/1579/2511 829/1580/2512 830/1581/2513 831/1582/2514 832/1583/2515 833/1584/2516 834/1585/2517 815/1586/2518 817/1587/2519 818/1588/2520 819/1589/2521 820/1590/2522 821/1591/2523 822/1592/2524 823/1593/2525 824/1594/2526
f 904/1797/2527 907/1798/2528 918/1799/2529 919/1800/2530 920/1801/2531 921/1802/2532 922/1803/2533 923/1804/2534 924/1805/2535 925/1806/2536 926/1807/2537 927/1808/2538 908/1809/2539 910/1810/2540 911/1811/2541 912/1812/2542 913/1813/2543 914/1814/2544 915/1815/2545 916/1816/2546 917/1817/2547
f 989/2000/2548 998/2009/2549 999/2010/2550 1000/2011/2551 1001/2012/2552 1002/2013/2553 1003/2014/2554 984/2015/2555 980/1995/2556 983/1996/2557 986/1997/2558 987/1998/2559 988/1999/2560 994/2005/2561 995/2006/2562 996/2007/2563 997/2008/2564 990/2001/2565 991/2002/2566 992/2003/2567 993/2004/2568
f 954/1917/2569 957/1918/2570 960/1919/2571 961/1920/2572 962/1921/2573 963/1922/2574 964/1923/2575 965/1924/2576 966/1925/2577 967/1926/2578 968/1927/2579 969/1928/2580 958/1929/2581
usemtl standardSurface2SG
f 776/2115/2582 778/2116/2583 779/2117/2584 780/2118/2585 781/2119/2586 782/2120/2587 777/2121/2588
f 773/2159/2589 775/2160/2590 783/2161/2591 784/2162/2592 785/2163/2593 786/2164/2594 774/2165/2595
g default
v 0.036556 7.484384 0.317188
v 0.003787 7.485964 0.317188
v 0.003250 7.474839 0.317188
v 0.013770 7.474332 0.317188
v 0.011447 7.426166 0.317188
v 0.022894 7.425613 0.317188
v 0.025217 7.473780 0.317188
v 0.036020 7.473259 0.317188
v 0.054128 7.485030 0.317188
v 0.043205 7.485557 0.317188
v 0.040273 7.424775 0.317188
v 0.051196 7.424248 0.317188
v 0.052045 7.441862 0.317188
v 0.052965 7.450867 0.317188
v 0.056581 7.456753 0.317188
v 0.062432 7.458693 0.317188
v 0.066701 7.457153 0.317188
v 0.068985 7.453004 0.317188
v 0.069213 7.442650 0.317188
v 0.068286 7.423424 0.317188
v 0.079129 7.422901 0.317188
v 0.080527 7.451881 0.317188
v 0.077251 7.463553 0.317188
v 0.066465 7.468599 0.317188
v 0.059788 7.467527 0.317188
v 0.053097 7.463668 0.317188
v 0.112569 7.466375 0.317188
v 0.096025 7.460526 0.317188
v 0.088752 7.444172 0.317188
v 0.094455 7.427555 0.317188
v 0.110949 7.420235 0.317188
v 0.122550 7.422038 0.317188
v 0.131204 7.428913 0.317188
v 0.122143 7.433714 0.317188
v 0.111335 7.429912 0.317188
v 0.102983 7.433082 0.317188
v 0.099251 7.440716 0.317188
v 0.134600 7.439011 0.317188
v 0.134741 7.441105 0.317188
v 0.129097 7.458931 0.317188
v 0.112662 7.457016 0.317188
v 0.119963 7.454373 0.317188
v 0.123956 7.448232 0.317188
v 0.100213 7.449377 0.317188
v 0.104503 7.454837 0.317188
v 0.155984 7.478623 0.317188
v 0.146662 7.479073 0.317188
v 0.143802 7.419781 0.317188
v 0.160427 7.418979 0.317188
v 0.171782 7.420471 0.317188
v 0.178737 7.426297 0.317188
v 0.181758 7.435282 0.317188
v 0.179694 7.444411 0.317188
v 0.172101 7.451140 0.317188
v 0.177005 7.456095 0.317188
v 0.178733 7.462173 0.317188
v 0.176021 7.471353 0.317188
v 0.167799 7.477002 0.317188
v 0.158707 7.445042 0.317188
v 0.168092 7.442378 0.317188
v 0.170657 7.436224 0.317188
v 0.167976 7.431208 0.317188
v 0.158461 7.429899 0.317188
v 0.155646 7.430035 0.317188
v 0.156375 7.445154 0.317188
v 0.160353 7.467594 0.317188
v 0.166031 7.465692 0.317188
v 0.167711 7.461208 0.317188
v 0.165492 7.456612 0.317188
v 0.159310 7.455182 0.317188
v 0.156854 7.455301 0.317188
v 0.157454 7.467734 0.317188
v 0.202381 7.460911 0.317188
v 0.191377 7.461442 0.317188
v 0.189262 7.417588 0.317188
v 0.200265 7.417057 0.317188
v 0.197750 7.479234 0.317188
v 0.192707 7.477417 0.317188
v 0.190418 7.472558 0.317188
v 0.192241 7.467319 0.317188
v 0.197143 7.464961 0.317188
v 0.202145 7.466801 0.317188
v 0.204437 7.471720 0.317188
v 0.202613 7.476898 0.317188
v 0.230953 7.460664 0.317188
v 0.216731 7.455613 0.317188
v 0.209473 7.439157 0.317188
v 0.214782 7.422740 0.317188
v 0.229388 7.415653 0.317188
v 0.236665 7.416574 0.317188
v 0.242952 7.420452 0.317188
v 0.241482 7.413009 0.317188
v 0.237502 7.409646 0.317188
v 0.230301 7.408620 0.317188
v 0.224342 7.409857 0.317188
v 0.220324 7.412858 0.317188
v 0.208192 7.413443 0.317188
v 0.212300 7.405630 0.317188
v 0.219488 7.400536 0.317188
v 0.230253 7.398401 0.317188
v 0.248693 7.404621 0.317188
v 0.253956 7.420770 0.317188
v 0.255768 7.458336 0.317188
v 0.244805 7.458865 0.317188
v 0.244572 7.454028 0.317188
v 0.238041 7.458928 0.317188
v 0.232953 7.450204 0.317188
v 0.241371 7.446380 0.317188
v 0.244273 7.437356 0.317188
v 0.240533 7.428572 0.317188
v 0.231966 7.425569 0.317188
v 0.223472 7.429476 0.317188
v 0.220454 7.438586 0.317188
v 0.224244 7.447146 0.317188
v 0.288073 7.439850 0.317188
v 0.267597 7.440838 0.317188
v 0.267103 7.430599 0.317188
v 0.287579 7.429611 0.317188
v 0.314911 7.470957 0.317188
v 0.303464 7.471509 0.317188
v 0.300604 7.412217 0.317188
v 0.312051 7.411665 0.317188
v 0.313305 7.437663 0.317188
v 0.333096 7.436708 0.317188
v 0.331842 7.410711 0.317188
v 0.343249 7.410160 0.317188
v 0.346109 7.469452 0.317188
v 0.334702 7.470002 0.317188
v 0.333623 7.447631 0.317188
v 0.313832 7.448586 0.317188
v 0.367408 7.469919 0.317188
v 0.356687 7.470436 0.317188
v 0.357923 7.450014 0.317188
v 0.364211 7.449711 0.317188
v 0.388313 7.453074 0.317188
v 0.377877 7.449880 0.317188
v 0.373438 7.441186 0.317188
v 0.383431 7.427251 0.317188
v 0.387051 7.425217 0.317188
v 0.391608 7.420029 0.317188
v 0.390161 7.417674 0.317188
v 0.386604 7.416795 0.317188
v 0.382056 7.418408 0.317188
v 0.377697 7.422275 0.317188
v 0.370570 7.415225 0.317188
v 0.385525 7.406990 0.317188
v 0.397221 7.410344 0.317188
v 0.401984 7.419891 0.317188
v 0.399975 7.427664 0.317188
v 0.391538 7.434495 0.317188
v 0.387605 7.436704 0.317188
v 0.384418 7.438899 0.317188
v 0.383831 7.440563 0.317188
v 0.384974 7.442468 0.317188
v 0.387914 7.443114 0.317188
v 0.395252 7.438639 0.317188
v 0.402393 7.445122 0.317188
v 0.396264 7.450811 0.317188
v 0.426843 7.465557 0.317188
v 0.414885 7.466134 0.317188
v 0.412025 7.406843 0.317188
v 0.423311 7.406298 0.317188
v 0.424522 7.431409 0.317188
v 0.425555 7.431359 0.317188
v 0.437677 7.405605 0.317188
v 0.450015 7.405010 0.317188
v 0.437241 7.432048 0.317188
v 0.445971 7.437586 0.317188
v 0.449243 7.447225 0.317188
v 0.447172 7.456981 0.317188
v 0.440749 7.463129 0.317188
v 0.428751 7.454405 0.317188
v 0.434877 7.453484 0.317188
v 0.437457 7.451302 0.317188
v 0.438294 7.447895 0.317188
v 0.436050 7.443324 0.317188
v 0.428606 7.442272 0.317188
v 0.425087 7.442442 0.317188
v 0.425671 7.454554 0.317188
v 0.480736 7.448615 0.317188
v 0.464192 7.442767 0.317188
v 0.456919 7.426412 0.317188
v 0.462622 7.409795 0.317188
v 0.479116 7.402475 0.317188
v 0.490717 7.404279 0.317188
v 0.499371 7.411153 0.317188
v 0.490310 7.415954 0.317188
v 0.479502 7.412152 0.317188
v 0.471150 7.415323 0.317188
v 0.467418 7.422957 0.317188
v 0.502767 7.421252 0.317188
v 0.502908 7.423346 0.317188
v 0.497264 7.441172 0.317188
v 0.480829 7.439257 0.317188
v 0.488130 7.436614 0.317188
v 0.492122 7.430472 0.317188
v 0.468380 7.431617 0.317188
v 0.472670 7.437078 0.317188
v 0.531430 7.446170 0.317188
v 0.517208 7.441119 0.317188
v 0.509950 7.424663 0.317188
v 0.515259 7.408246 0.317188
v 0.529865 7.401158 0.317188
v 0.537142 7.402080 0.317188
v 0.543429 7.405958 0.317188
v 0.541959 7.398515 0.317188
v 0.537979 7.395151 0.317188
v 0.530778 7.394125 0.317188
v 0.524819 7.395363 0.317188
v 0.520802 7.398364 0.317188
v 0.508669 7.398949 0.317188
v 0.512777 7.391135 0.317188
v 0.519965 7.386042 0.317188
v 0.530730 7.383907 0.317188
v 0.549170 7.390127 0.317188
v 0.554433 7.406276 0.317188
v 0.556245 7.443842 0.317188
v 0.545282 7.444371 0.317188
v 0.545049 7.439533 0.317188
v 0.538518 7.444434 0.317188
v 0.533430 7.435709 0.317188
v 0.541848 7.431886 0.317188
v 0.544750 7.422862 0.317188
v 0.541010 7.414078 0.317188
v 0.532443 7.411075 0.317188
v 0.523949 7.414982 0.317188
v 0.520931 7.424092 0.317188
v 0.524721 7.432652 0.317188
v 0.585970 7.443539 0.317188
v 0.571082 7.437752 0.317188
v 0.564280 7.421395 0.317188
v 0.569690 7.404712 0.317188
v 0.584066 7.397413 0.317188
v 0.591157 7.398424 0.317188
v 0.597832 7.402526 0.317188
v 0.597608 7.397891 0.317188
v 0.608612 7.397360 0.317188
v 0.610728 7.441214 0.317188
v 0.599724 7.441745 0.317188
v 0.599491 7.436907 0.317188
v 0.593305 7.441690 0.317188
v 0.587718 7.433209 0.317188
v 0.596141 7.429265 0.317188
v 0.599094 7.419877 0.317188
v 0.595242 7.410636 0.317188
v 0.586516 7.407459 0.317188
v 0.578278 7.411515 0.317188
v 0.575310 7.420984 0.317188
v 0.579110 7.430026 0.317188
v 0.638379 7.441011 0.317188
v 0.632735 7.439586 0.317188
v 0.628425 7.434825 0.317188
v 0.628692 7.440347 0.317188
v 0.619260 7.440802 0.317188
v 0.617144 7.396948 0.317188
v 0.628067 7.396421 0.317188
v 0.628923 7.414156 0.317188
v 0.628985 7.416294 0.317188
v 0.631334 7.428543 0.317188
v 0.635779 7.431481 0.317188
v 0.638916 7.430360 0.317188
v 0.642799 7.439667 0.317188
v 0.692442 7.454240 0.317188
v 0.681438 7.454771 0.317188
v 0.680388 7.433005 0.317188
v 0.674202 7.437788 0.317188
v 0.666867 7.439637 0.317188
v 0.651979 7.433850 0.317188
v 0.645178 7.417493 0.317188
v 0.650587 7.400809 0.317188
v 0.664964 7.393511 0.317188
v 0.672055 7.394521 0.317188
v 0.678730 7.398623 0.317188
v 0.678506 7.393988 0.317188
v 0.689510 7.393458 0.317188
v 0.668616 7.429306 0.317188
v 0.677039 7.425363 0.317188
v 0.679992 7.415975 0.317188
v 0.676140 7.406733 0.317188
v 0.667413 7.403557 0.317188
v 0.659175 7.407613 0.317188
v 0.656207 7.417082 0.317188
v 0.660008 7.426124 0.317188
v 0.715206 7.437305 0.317188
v 0.704770 7.434112 0.317188
v 0.700331 7.425417 0.317188
v 0.710324 7.411482 0.317188
v 0.713943 7.409448 0.317188
v 0.718500 7.404260 0.317188
v 0.717054 7.401906 0.317188
v 0.713497 7.401026 0.317188
v 0.708948 7.402640 0.317188
v 0.704590 7.406506 0.317188
v 0.697463 7.399457 0.317188
v 0.712417 7.391222 0.317188
v 0.724114 7.394576 0.317188
v 0.728877 7.404123 0.317188
v 0.726868 7.411896 0.317188
v 0.718430 7.418727 0.317188
v 0.714498 7.420936 0.317188
v 0.711310 7.423130 0.317188
v 0.710724 7.424795 0.317188
v 0.711866 7.426699 0.317188
v 0.714807 7.427345 0.317188
v 0.722145 7.422871 0.317188
v 0.729286 7.429354 0.317188
v 0.723157 7.435043 0.317188
v 0.036556 7.484384 0.323725
v 0.003787 7.485964 0.323725
v 0.003250 7.474839 0.323725
v 0.013770 7.474332 0.323725
v 0.011447 7.426166 0.323725
v 0.022894 7.425613 0.323725
v 0.025217 7.473780 0.323725
v 0.036020 7.473259 0.323725
v 0.036556 7.484384 0.330262
v 0.003787 7.485964 0.330262
v 0.003250 7.474839 0.330262
v 0.013770 7.474332 0.330262
v 0.011447 7.426166 0.330262
v 0.022894 7.425613 0.330262
v 0.025217 7.473780 0.330262
v 0.036020 7.473259 0.330262
v 0.036556 7.484384 0.336799
v 0.003787 7.485964 0.336799
v 0.003250 7.474839 0.336799
v 0.013770 7.474332 0.336799
v 0.011447 7.426166 0.336799
v 0.022894 7.425613 0.336799
v 0.025217 7.473780 0.336799
v 0.036020 7.473259 0.336799
v 0.036556 7.484384 0.343336
v 0.003787 7.485964 0.343336
v 0.003250 7.474839 0.343336
v 0.013770 7.474332 0.343336
v 0.011447 7.426166 0.343336
v 0.022894 7.425613 0.343336
v 0.025217 7.473780 0.343336
v 0.036020 7.473259 0.343336
v 0.054128 7.485030 0.323725
v 0.043205 7.485557 0.323725
v 0.040273 7.424775 0.323725
v 0.051196 7.424248 0.323725
v 0.052045 7.441862 0.323725
v 0.052965 7.450867 0.323725
v 0.056581 7.456753 0.323725
v 0.062432 7.458693 0.323725
v 0.066701 7.457153 0.323725
v 0.068985 7.453004 0.323725
v 0.069213 7.442650 0.323725
v 0.068286 7.423424 0.323725
v 0.079129 7.422901 0.323725
v 0.080527 7.451881 0.323725
v 0.077251 7.463553 0.323725
v 0.066465 7.468599 0.323725
v 0.059788 7.467527 0.323725
v 0.053097 7.463668 0.323725
v 0.054128 7.485030 0.330262
v 0.043205 7.485557 0.330262
v 0.040273 7.424775 0.330262
v 0.051196 7.424248 0.330262
v 0.052045 7.441862 0.330262
v 0.052965 7.450867 0.330262
v 0.056581 7.456753 0.330262
v 0.062432 7.458693 0.330262
v 0.066701 7.457153 0.330262
v 0.068985 7.453004 0.330262
v 0.069213 7.442650 0.330262
v 0.068286 7.423424 0.330262
v 0.079129 7.422901 0.330262
v 0.080527 7.451881 0.330262
v 0.077251 7.463553 0.330262
v 0.066465 7.468599 0.330262
v 0.059788 7.467527 0.330262
v 0.053097 7.463668 0.330262
v 0.054128 7.485030 0.336799
v 0.043205 7.485557 0.336799
v 0.040273 7.424775 0.336799
v 0.051196 7.424248 0.336799
v 0.052045 7.441862 0.336799
v 0.052965 7.450867 0.336799
v 0.056581 7.456753 0.336799
v 0.062432 7.458693 0.336799
v 0.066701 7.457153 0.336799
v 0.068985 7.453004 0.336799
v 0.069213 7.442650 0.336799
v 0.068286 7.423424 0.336799
v 0.079129 7.422901 0.336799
v 0.080527 7.451881 0.336799
v 0.077251 7.463553 0.336799
v 0.066465 7.468599 0.336799
v 0.059788 7.467527 0.336799
v 0.053097 7.463668 0.336799
v 0.054128 7.485030 0.343336
v 0.043205 7.485557 0.343336
v 0.040273 7.424775 0.343336
v 0.051196 7.424248 0.343336
v 0.052045 7.441862 0.343336
v 0.052965 7.450867 0.343336
v 0.056581 7.456753 0.343336
v 0.062432 7.458693 0.343336
v 0.066701 7.457153 0.343336
v 0.068985 7.453004 0.343336
v 0.069213 7.442650 0.343336
v 0.068286 7.423424 0.343336
v 0.079129 7.422901 0.343336
v 0.080527 7.451881 0.343336
v 0.077251 7.463553 0.343336
v 0.066465 7.468599 0.343336
v 0.059788 7.467527 0.343336
v 0.053097 7.463668 0.343336
v 0.112569 7.466375 0.323725
v 0.096025 7.460526 0.323725
v 0.088752 7.444172 0.323725
v 0.094455 7.427555 0.323725
v 0.110949 7.420235 0.323725
v 0.122550 7.422038 0.323725
v 0.131204 7.428913 0.323725
v 0.122143 7.433714 0.323725
v 0.111335 7.429912 0.323725
v 0.102983 7.433082 0.323725
v 0.099251 7.440716 0.323725
v 0.134600 7.439011 0.323725
v 0.134741 7.441105 0.323725
v 0.129097 7.458931 0.323725
v 0.112662 7.457016 0.323725
v 0.119963 7.454373 0.323725
v 0.123956 7.448232 0.323725
v 0.100213 7.449377 0.323725
v 0.104503 7.454837 0.323725
v 0.112569 7.466375 0.330262
v 0.096025 7.460526 0.330262
v 0.088752 7.444172 0.330262
v 0.094455 7.427555 0.330262
v 0.110949 7.420235 0.330262
v 0.122550 7.422038 0.330262
v 0.131204 7.428913 0.330262
v 0.122143 7.433714 0.330262
v 0.111335 7.429912 0.330262
v 0.102983 7.433082 0.330262
v 0.099251 7.440716 0.330262
v 0.134600 7.439011 0.330262
v 0.134741 7.441105 0.330262
v 0.129097 7.458931 0.330262
v 0.112662 7.457016 0.330262
v 0.119963 7.454373 0.330262
v 0.123956 7.448232 0.330262
v 0.100213 7.449377 0.330262
v 0.104503 7.454837 0.330262
v 0.112569 7.466375 0.336799
v 0.096025 7.460526 0.336799
v 0.088752 7.444172 0.336799
v 0.094455 7.427555 0.336799
v 0.110949 7.420235 0.336799
v 0.122550 7.422038 0.336799
v 0.131204 7.428913 0.336799
v 0.122143 7.433714 0.336799
v 0.111335 7.429912 0.336799
v 0.102983 7.433082 0.336799
v 0.099251 7.440716 0.336799
v 0.134600 7.439011 0.336799
v 0.134741 7.441105 0.336799
v 0.129097 7.458931 0.336799
v 0.112662 7.457016 0.336799
v 0.119963 7.454373 0.336799
v 0.123956 7.448232 0.336799
v 0.100213 7.449377 0.336799
v 0.104503 7.454837 0.336799
v 0.112569 7.466375 0.343336
v 0.096025 7.460526 0.343336
v 0.088752 7.444172 0.343336
v 0.094455 7.427555 0.343336
v 0.110949 7.420235 0.343336
v 0.122550 7.422038 0.343336
v 0.131204 7.428913 0.343336
v 0.122143 7.433714 0.343336
v 0.111335 7.429912 0.343336
v 0.102983 7.433082 0.343336
v 0.099251 7.440716 0.343336
v 0.134600 7.439011 0.343336
v 0.134741 7.441105 0.343336
v 0.129097 7.458931 0.343336
v 0.112662 7.457016 0.343336
v 0.119963 7.454373 0.343336
v 0.123956 7.448232 0.343336
v 0.100213 7.449377 0.343336
v 0.104503 7.454837 0.343336
v 0.155984 7.478623 0.323725
v 0.146662 7.479073 0.323725
v 0.143802 7.419781 0.323725
v 0.160427 7.418979 0.323725
v 0.171782 7.420471 0.323725
v 0.178737 7.426297 0.323725
v 0.181758 7.435282 0.323725
v 0.179694 7.444411 0.323725
v 0.172101 7.451140 0.323725
v 0.177005 7.456095 0.323725
v 0.178733 7.462173 0.323725
v 0.176021 7.471353 0.323725
v 0.167799 7.477002 0.323725
v 0.158707 7.445042 0.323725
v 0.168092 7.442378 0.323725
v 0.170657 7.436224 0.323725
v 0.167976 7.431208 0.323725
v 0.158461 7.429899 0.323725
v 0.155646 7.430035 0.323725
v 0.156375 7.445154 0.323725
v 0.160353 7.467594 0.323725
v 0.166031 7.465692 0.323725
v 0.167711 7.461208 0.323725
v 0.165492 7.456612 0.323725
v 0.159310 7.455182 0.323725
v 0.156854 7.455301 0.323725
v 0.157454 7.467734 0.323725
v 0.155984 7.478623 0.330262
v 0.146662 7.479073 0.330262
v 0.143802 7.419781 0.330262
v 0.160427 7.418979 0.330262
v 0.171782 7.420471 0.330262
v 0.178737 7.426297 0.330262
v 0.181758 7.435282 0.330262
v 0.179694 7.444411 0.330262
v 0.172101 7.451140 0.330262
v 0.177005 7.456095 0.330262
v 0.178733 7.462173 0.330262
v 0.176021 7.471353 0.330262
v 0.167799 7.477002 0.330262
v 0.158707 7.445042 0.330262
v 0.168092 7.442378 0.330262
v 0.170657 7.436224 0.330262
v 0.167976 7.431208 0.330262
v 0.158461 7.429899 0.330262
v 0.155646 7.430035 0.330262
v 0.156375 7.445154 0.330262
v 0.160353 7.467594 0.330262
v 0.166031 7.465692 0.330262
v 0.167711 7.461208 0.330262
v 0.165492 7.456612 0.330262
v 0.159310 7.455182 0.330262
v 0.156854 7.455301 0.330262
v 0.157454 7.467734 0.330262
v 0.155984 7.478623 0.336799
v 0.146662 7.479073 0.336799
v 0.143802 7.419781 0.336799
v 0.160427 7.418979 0.336799
v 0.171782 7.420471 0.336799
v 0.178737 7.426297 0.336799
v 0.181758 7.435282 0.336799
v 0.179694 7.444411 0.336799
v 0.172101 7.451140 0.336799
v 0.177005 7.456095 0.336799
v 0.178733 7.462173 0.336799
v 0.176021 7.471353 0.336799
v 0.167799 7.477002 0.336799
v 0.158707 7.445042 0.336799
v 0.168092 7.442378 0.336799
v 0.170657 7.436224 0.336799
v 0.167976 7.431208 0.336799
v 0.158461 7.429899 0.336799
v 0.155646 7.430035 0.336799
v 0.156375 7.445154 0.336799
v 0.160353 7.467594 0.336799
v 0.166031 7.465692 0.336799
v 0.167711 7.461208 0.336799
v 0.165492 7.456612 0.336799
v 0.159310 7.455182 0.336799
v 0.156854 7.455301 0.336799
v 0.157454 7.467734 0.336799
v 0.155984 7.478623 0.343336
v 0.146662 7.479073 0.343336
v 0.143802 7.419781 0.343336
v 0.160427 7.418979 0.343336
v 0.171782 7.420471 0.343336
v 0.178737 7.426297 0.343336
v 0.181758 7.435282 0.343336
v 0.179694 7.444411 0.343336
v 0.172101 7.451140 0.343336
v 0.177005 7.456095 0.343336
v 0.178733 7.462173 0.343336
v 0.176021 7.471353 0.343336
v 0.167799 7.477002 0.343336
v 0.158707 7.445042 0.343336
v 0.168092 7.442378 0.343336
v 0.170657 7.436224 0.343336
v 0.167976 7.431208 0.343336
v 0.158461 7.429899 0.343336
v 0.155646 7.430035 0.343336
v 0.156375 7.445154 0.343336
v 0.160353 7.467594 0.343336
v 0.166031 7.465692 0.343336
v 0.167711 7.461208 0.343336
v 0.165492 7.456612 0.343336
v 0.159310 7.455182 0.343336
v 0.156854 7.455301 0.343336
v 0.157454 7.467734 0.343336
v 0.202381 7.460911 0.323725
v 0.191377 7.461442 0.323725
v 0.189262 7.417588 0.323725
v 0.200265 7.417057 0.323725
v 0.202381 7.460911 0.330262
v 0.191377 7.461442 0.330262
v 0.189262 7.417588 0.330262
v 0.200265 7.417057 0.330262
v 0.202381 7.460911 0.336799
v 0.191377 7.461442 0.336799
v 0.189262 7.417588 0.336799
v 0.200265 7.417057 0.336799
v 0.202381 7.460911 0.343336
v 0.191377 7.461442 0.343336
v 0.189262 7.417588 0.343336
v 0.200265 7.417057 0.343336
v 0.197750 7.479234 0.323725
v 0.192707 7.477417 0.323725
v 0.190418 7.472558 0.323725
v 0.192241 7.467319 0.323725
v 0.197143 7.464961 0.323725
v 0.202145 7.466801 0.323725
v 0.204437 7.471720 0.323725
v 0.202613 7.476898 0.323725
v 0.197750 7.479234 0.330262
v 0.192707 7.477417 0.330262
v 0.190418 7.472558 0.330262
v 0.192241 7.467319 0.330262
v 0.197143 7.464961 0.330262
v 0.202145 7.466801 0.330262
v 0.204437 7.471720 0.330262
v 0.202613 7.476898 0.330262
v 0.197750 7.479234 0.336799
v 0.192707 7.477417 0.336799
v 0.190418 7.472558 0.336799
v 0.192241 7.467319 0.336799
v 0.197143 7.464961 0.336799
v 0.202145 7.466801 0.336799
v 0.204437 7.471720 0.336799
v 0.202613 7.476898 0.336799
v 0.197750 7.479234 0.343336
v 0.192707 7.477417 0.343336
v 0.190418 7.472558 0.343336
v 0.192241 7.467319 0.343336
v 0.197143 7.464961 0.343336
v 0.202145 7.466801 0.343336
v 0.204437 7.471720 0.343336
v 0.202613 7.476898 0.343336
v 0.230953 7.460664 0.323725
v 0.216731 7.455613 0.323725
v 0.209473 7.439157 0.323725
v 0.214782 7.422740 0.323725
v 0.229388 7.415653 0.323725
v 0.236665 7.416574 0.323725
v 0.242952 7.420452 0.323725
v 0.241482 7.413009 0.323725
v 0.237502 7.409646 0.323725
v 0.230301 7.408620 0.323725
v 0.224342 7.409857 0.323725
v 0.220324 7.412858 0.323725
v 0.208192 7.413443 0.323725
v 0.212300 7.405630 0.323725
v 0.219488 7.400536 0.323725
v 0.230253 7.398401 0.323725
v 0.248693 7.404621 0.323725
v 0.253956 7.420770 0.323725
v 0.255768 7.458336 0.323725
v 0.244805 7.458865 0.323725
v 0.244572 7.454028 0.323725
v 0.238041 7.458928 0.323725
v 0.232953 7.450204 0.323725
v 0.241371 7.446380 0.323725
v 0.244273 7.437356 0.323725
v 0.240533 7.428572 0.323725
v 0.231966 7.425569 0.323725
v 0.223472 7.429476 0.323725
v 0.220454 7.438586 0.323725
v 0.224244 7.447146 0.323725
v 0.230953 7.460664 0.330262
v 0.216731 7.455613 0.330262
v 0.209473 7.439157 0.330262
v 0.214782 7.422740 0.330262
v 0.229388 7.415653 0.330262
v 0.236665 7.416574 0.330262
v 0.242952 7.420452 0.330262
v 0.241482 7.413009 0.330262
v 0.237502 7.409646 0.330262
v 0.230301 7.408620 0.330262
v 0.224342 7.409857 0.330262
v 0.220324 7.412858 0.330262
v 0.208192 7.413443 0.330262
v 0.212300 7.405630 0.330262
v 0.219488 7.400536 0.330262
v 0.230253 7.398401 0.330262
v 0.248693 7.404621 0.330262
v 0.253956 7.420770 0.330262
v 0.255768 7.458336 0.330262
v 0.244805 7.458865 0.330262
v 0.244572 7.454028 0.330262
v 0.238041 7.458928 0.330262
v 0.232953 7.450204 0.330262
v 0.241371 7.446380 0.330262
v 0.244273 7.437356 0.330262
v 0.240533 7.428572 0.330262
v 0.231966 7.425569 0.330262
v 0.223472 7.429476 0.330262
v 0.220454 7.438586 0.330262
v 0.224244 7.447146 0.330262
v 0.230953 7.460664 0.336799
v 0.216731 7.455613 0.336799
v 0.209473 7.439157 0.336799
v 0.214782 7.422740 0.336799
v 0.229388 7.415653 0.336799
v 0.236665 7.416574 0.336799
v 0.242952 7.420452 0.336799
v 0.241482 7.413009 0.336799
v 0.237502 7.409646 0.336799
v 0.230301 7.408620 0.336799
v 0.224342 7.409857 0.336799
v 0.220324 7.412858 0.336799
v 0.208192 7.413443 0.336799
v 0.212300 7.405630 0.336799
v 0.219488 7.400536 0.336799
v 0.230253 7.398401 0.336799
v 0.248693 7.404621 0.336799
v 0.253956 7.420770 0.336799
v 0.255768 7.458336 0.336799
v 0.244805 7.458865 0.336799
v 0.244572 7.454028 0.336799
v 0.238041 7.458928 0.336799
v 0.232953 7.450204 0.336799
v 0.241371 7.446380 0.336799
v 0.244273 7.437356 0.336799
v 0.240533 7.428572 0.336799
v 0.231966 7.425569 0.336799
v 0.223472 7.429476 0.336799
v 0.220454 7.438586 0.336799
v 0.224244 7.447146 0.336799
v 0.230953 7.460664 0.343336
v 0.216731 7.455613 0.343336
v 0.209473 7.439157 0.343336
v 0.214782 7.422740 0.343336
v 0.229388 7.415653 0.343336
v 0.236665 7.416574 0.343336
v 0.242952 7.420452 0.343336
v 0.241482 7.413009 0.343336
v 0.237502 7.409646 0.343336
v 0.230301 7.408620 0.343336
v 0.224342 7.409857 0.343336
v 0.220324 7.412858 0.343336
v 0.208192 7.413443 0.343336
v 0.212300 7.405630 0.343336
v 0.219488 7.400536 0.343336
v 0.230253 7.398401 0.343336
v 0.248693 7.404621 0.343336
v 0.253956 7.420770 0.343336
v 0.255768 7.458336 0.343336
v 0.244805 7.458865 0.343336
v 0.244572 7.454028 0.343336
v 0.238041 7.458928 0.343336
v 0.232953 7.450204 0.343336
v 0.241371 7.446380 0.343336
v 0.244273 7.437356 0.343336
v 0.240533 7.428572 0.343336
v 0.231966 7.425569 0.343336
v 0.223472 7.429476 0.343336
v 0.220454 7.438586 0.343336
v 0.224244 7.447146 0.343336
v 0.288073 7.439850 0.323725
v 0.267597 7.440838 0.323725
v 0.267103 7.430599 0.323725
v 0.287579 7.429611 0.323725
v 0.288073 7.439850 0.330262
v 0.267597 7.440838 0.330262
v 0.267103 7.430599 0.330262
v 0.287579 7.429611 0.330262
v 0.288073 7.439850 0.336799
v 0.267597 7.440838 0.336799
v 0.267103 7.430599 0.336799
v 0.287579 7.429611 0.336799
v 0.288073 7.439850 0.343336
v 0.267597 7.440838 0.343336
v 0.267103 7.430599 0.343336
v 0.287579 7.429611 0.343336
v 0.314911 7.470957 0.323725
v 0.303464 7.471509 0.323725
v 0.300604 7.412217 0.323725
v 0.312051 7.411665 0.323725
v 0.313305 7.437663 0.323725
v 0.333096 7.436708 0.323725
v 0.331842 7.410711 0.323725
v 0.343249 7.410160 0.323725
v 0.346109 7.469452 0.323725
v 0.334702 7.470002 0.323725
v 0.333623 7.447631 0.323725
v 0.313832 7.448586 0.323725
v 0.314911 7.470957 0.330262
v 0.303464 7.471509 0.330262
v 0.300604 7.412217 0.330262
v 0.312051 7.411665 0.330262
v 0.313305 7.437663 0.330262
v 0.333096 7.436708 0.330262
v 0.331842 7.410711 0.330262
v 0.343249 7.410160 0.330262
v 0.346109 7.469452 0.330262
v 0.334702 7.470002 0.330262
v 0.333623 7.447631 0.330262
v 0.313832 7.448586 0.330262
v 0.314911 7.470957 0.336799
v 0.303464 7.471509 0.336799
v 0.300604 7.412217 0.336799
v 0.312051 7.411665 0.336799
v 0.313305 7.437663 0.336799
v 0.333096 7.436708 0.336799
v 0.331842 7.410711 0.336799
v 0.343249 7.410160 0.336799
v 0.346109 7.469452 0.336799
v 0.334702 7.470002 0.336799
v 0.333623 7.447631 0.336799
v 0.313832 7.448586 0.336799
v 0.314911 7.470957 0.343336
v 0.303464 7.471509 0.343336
v 0.300604 7.412217 0.343336
v 0.312051 7.411665 0.343336
v 0.313305 7.437663 0.343336
v 0.333096 7.436708 0.343336
v 0.331842 7.410711 0.343336
v 0.343249 7.410160 0.343336
v 0.346109 7.469452 0.343336
v 0.334702 7.470002 0.343336
v 0.333623 7.447631 0.343336
v 0.313832 7.448586 0.343336
v 0.367408 7.469919 0.323725
v 0.356687 7.470436 0.323725
v 0.357923 7.450014 0.323725
v 0.364211 7.449711 0.323725
v 0.367408 7.469919 0.330262
v 0.356687 7.470436 0.330262
v 0.357923 7.450014 0.330262
v 0.364211 7.449711 0.330262
v 0.367408 7.469919 0.336799
v 0.356687 7.470436 0.336799
v 0.357923 7.450014 0.336799
v 0.364211 7.449711 0.336799
v 0.367408 7.469919 0.343336
v 0.356687 7.470436 0.343336
v 0.357923 7.450014 0.343336
v 0.364211 7.449711 0.343336
v 0.388313 7.453074 0.323725
v 0.377877 7.449880 0.323725
v 0.373438 7.441186 0.323725
v 0.383431 7.427251 0.323725
v 0.387051 7.425217 0.323725
v 0.391608 7.420029 0.323725
v 0.390161 7.417674 0.323725
v 0.386604 7.416795 0.323725
v 0.382056 7.418408 0.323725
v 0.377697 7.422275 0.323725
v 0.370570 7.415225 0.323725
v 0.385525 7.406990 0.323725
v 0.397221 7.410344 0.323725
v 0.401984 7.419891 0.323725
v 0.399975 7.427664 0.323725
v 0.391538 7.434495 0.323725
v 0.387605 7.436704 0.323725
v 0.384418 7.438899 0.323725
v 0.383831 7.440563 0.323725
v 0.384974 7.442468 0.323725
v 0.387914 7.443114 0.323725
v 0.395252 7.438639 0.323725
v 0.402393 7.445122 0.323725
v 0.396264 7.450811 0.323725
v 0.388313 7.453074 0.330262
v 0.377877 7.449880 0.330262
v 0.373438 7.441186 0.330262
v 0.383431 7.427251 0.330262
v 0.387051 7.425217 0.330262
v 0.391608 7.420029 0.330262
v 0.390161 7.417674 0.330262
v 0.386604 7.416795 0.330262
v 0.382056 7.418408 0.330262
v 0.377697 7.422275 0.330262
v 0.370570 7.415225 0.330262
v 0.385525 7.406990 0.330262
v 0.397221 7.410344 0.330262
v 0.401984 7.419891 0.330262
v 0.399975 7.427664 0.330262
v 0.391538 7.434495 0.330262
v 0.387605 7.436704 0.330262
v 0.384418 7.438899 0.330262
v 0.383831 7.440563 0.330262
v 0.384974 7.442468 0.330262
v 0.387914 7.443114 0.330262
v 0.395252 7.438639 0.330262
v 0.402393 7.445122 0.330262
v 0.396264 7.450811 0.330262
v 0.388313 7.453074 0.336799
v 0.377877 7.449880 0.336799
v 0.373438 7.441186 0.336799
v 0.383431 7.427251 0.336799
v 0.387051 7.425217 0.336799
v 0.391608 7.420029 0.336799
v 0.390161 7.417674 0.336799
v 0.386604 7.416795 0.336799
v 0.382056 7.418408 0.336799
v 0.377697 7.422275 0.336799
v 0.370570 7.415225 0.336799
v 0.385525 7.406990 0.336799
v 0.397221 7.410344 0.336799
v 0.401984 7.419891 0.336799
v 0.399975 7.427664 0.336799
v 0.391538 7.434495 0.336799
v 0.387605 7.436704 0.336799
v 0.384418 7.438899 0.336799
v 0.383831 7.440563 0.336799
v 0.384974 7.442468 0.336799
v 0.387914 7.443114 0.336799
v 0.395252 7.438639 0.336799
v 0.402393 7.445122 0.336799
v 0.396264 7.450811 0.336799
v 0.388313 7.453074 0.343336
v 0.377877 7.449880 0.343336
v 0.373438 7.441186 0.343336
v 0.383431 7.427251 0.343336
v 0.387051 7.425217 0.343336
v 0.391608 7.420029 0.343336
v 0.390161 7.417674 0.343336
v 0.386604 7.416795 0.343336
v 0.382056 7.418408 0.343336
v 0.377697 7.422275 0.343336
v 0.370570 7.415225 0.343336
v 0.385525 7.406990 0.343336
v 0.397221 7.410344 0.343336
v 0.401984 7.419891 0.343336
v 0.399975 7.427664 0.343336
v 0.391538 7.434495 0.343336
v 0.387605 7.436704 0.343336
v 0.384418 7.438899 0.343336
v 0.383831 7.440563 0.343336
v 0.384974 7.442468 0.343336
v 0.387914 7.443114 0.343336
v 0.395252 7.438639 0.343336
v 0.402393 7.445122 0.343336
v 0.396264 7.450811 0.343336
v 0.426843 7.465557 0.323725
v 0.414885 7.466134 0.323725
v 0.412025 7.406843 0.323725
v 0.423311 7.406298 0.323725
v 0.424522 7.431409 0.323725
v 0.425555 7.431359 0.323725
v 0.437677 7.405605 0.323725
v 0.450015 7.405010 0.323725
v 0.437241 7.432048 0.323725
v 0.445971 7.437586 0.323725
v 0.449243 7.447225 0.323725
v 0.447172 7.456981 0.323725
v 0.440749 7.463129 0.323725
v 0.428751 7.454405 0.323725
v 0.434877 7.453484 0.323725
v 0.437457 7.451302 0.323725
v 0.438294 7.447895 0.323725
v 0.436050 7.443324 0.323725
v 0.428606 7.442272 0.323725
v 0.425087 7.442442 0.323725
v 0.425671 7.454554 0.323725
v 0.426843 7.465557 0.330262
v 0.414885 7.466134 0.330262
v 0.412025 7.406843 0.330262
v 0.423311 7.406298 0.330262
v 0.424522 7.431409 0.330262
v 0.425555 7.431359 0.330262
v 0.437677 7.405605 0.330262
v 0.450015 7.405010 0.330262
v 0.437241 7.432048 0.330262
v 0.445971 7.437586 0.330262
v 0.449243 7.447225 0.330262
v 0.447172 7.456981 0.330262
v 0.440749 7.463129 0.330262
v 0.428751 7.454405 0.330262
v 0.434877 7.453484 0.330262
v 0.437457 7.451302 0.330262
v 0.438294 7.447895 0.330262
v 0.436050 7.443324 0.330262
v 0.428606 7.442272 0.330262
v 0.425087 7.442442 0.330262
v 0.425671 7.454554 0.330262
v 0.426843 7.465557 0.336799
v 0.414885 7.466134 0.336799
v 0.412025 7.406843 0.336799
v 0.423311 7.406298 0.336799
v 0.424522 7.431409 0.336799
v 0.425555 7.431359 0.336799
v 0.437677 7.405605 0.336799
v 0.450015 7.405010 0.336799
v 0.437241 7.432048 0.336799
v 0.445971 7.437586 0.336799
v 0.449243 7.447225 0.336799
v 0.447172 7.456981 0.336799
v 0.440749 7.463129 0.336799
v 0.428751 7.454405 0.336799
v 0.434877 7.453484 0.336799
v 0.437457 7.451302 0.336799
v 0.438294 7.447895 0.336799
v 0.436050 7.443324 0.336799
v 0.428606 7.442272 0.336799
v 0.425087 7.442442 0.336799
v 0.425671 7.454554 0.336799
v 0.426843 7.465557 0.343336
v 0.414885 7.466134 0.343336
v 0.412025 7.406843 0.343336
v 0.423311 7.406298 0.343336
v 0.424522 7.431409 0.343336
v 0.425555 7.431359 0.343336
v 0.437677 7.405605 0.343336
v 0.450015 7.405010 0.343336
v 0.437241 7.432048 0.343336
v 0.445971 7.437586 0.343336
v 0.449243 7.447225 0.343336
v 0.447172 7.456981 0.343336
v 0.440749 7.463129 0.343336
v 0.428751 7.454405 0.343336
v 0.434877 7.453484 0.343336
v 0.437457 7.451302 0.343336
v 0.438294 7.447895 0.343336
v 0.436050 7.443324 0.343336
v 0.428606 7.442272 0.343336
v 0.425087 7.442442 0.343336
v 0.425671 7.454554 0.343336
v 0.480736 7.448615 0.323725
v 0.464192 7.442767 0.323725
v 0.456919 7.426412 0.323725
v 0.462622 7.409795 0.323725
v 0.479116 7.402475 0.323725
v 0.490717 7.404279 0.323725
v 0.499371 7.411153 0.323725
v 0.490310 7.415954 0.323725
v 0.479502 7.412152 0.323725
v 0.471150 7.415323 0.323725
v 0.467418 7.422957 0.323725
v 0.502767 7.421252 0.323725
v 0.502908 7.423346 0.323725
v 0.497264 7.441172 0.323725
v 0.480829 7.439257 0.323725
v 0.488130 7.436614 0.323725
v 0.492122 7.430472 0.323725
v 0.468380 7.431617 0.323725
v 0.472670 7.437078 0.323725
v 0.480736 7.448615 0.330262
v 0.464192 7.442767 0.330262
v 0.456919 7.426412 0.330262
v 0.462622 7.409795 0.330262
v 0.479116 7.402475 0.330262
v 0.490717 7.404279 0.330262
v 0.499371 7.411153 0.330262
v 0.490310 7.415954 0.330262
v 0.479502 7.412152 0.330262
v 0.471150 7.415323 0.330262
v 0.467418 7.422957 0.330262
v 0.502767 7.421252 0.330262
v 0.502908 7.423346 0.330262
v 0.497264 7.441172 0.330262
v 0.480829 7.439257 0.330262
v 0.488130 7.436614 0.330262
v 0.492122 7.430472 0.330262
v 0.468380 7.431617 0.330262
v 0.472670 7.437078 0.330262
v 0.480736 7.448615 0.336799
v 0.464192 7.442767 0.336799
v 0.456919 7.426412 0.336799
v 0.462622 7.409795 0.336799
v 0.479116 7.402475 0.336799
v 0.490717 7.404279 0.336799
v 0.499371 7.411153 0.336799
v 0.490310 7.415954 0.336799
v 0.479502 7.412152 0.336799
v 0.471150 7.415323 0.336799
v 0.467418 7.422957 0.336799
v 0.502767 7.421252 0.336799
v 0.502908 7.423346 0.336799
v 0.497264 7.441172 0.336799
v 0.480829 7.439257 0.336799
v 0.488130 7.436614 0.336799
v 0.492122 7.430472 0.336799
v 0.468380 7.431617 0.336799
v 0.472670 7.437078 0.336799
v 0.480736 7.448615 0.343336
v 0.464192 7.442767 0.343336
v 0.456919 7.426412 0.343336
v 0.462622 7.409795 0.343336
v 0.479116 7.402475 0.343336
v 0.490717 7.404279 0.343336
v 0.499371 7.411153 0.343336
v 0.490310 7.415954 0.343336
v 0.479502 7.412152 0.343336
v 0.471150 7.415323 0.343336
v 0.467418 7.422957 0.343336
v 0.502767 7.421252 0.343336
v 0.502908 7.423346 0.343336
v 0.497264 7.441172 0.343336
v 0.480829 7.439257 0.343336
v 0.488130 7.436614 0.343336
v 0.492122 7.430472 0.343336
v 0.468380 7.431617 0.343336
v 0.472670 7.437078 0.343336
v 0.531430 7.446170 0.323725
v 0.517208 7.441119 0.323725
v 0.509950 7.424663 0.323725
v 0.515259 7.408246 0.323725
v 0.529865 7.401158 0.323725
v 0.537142 7.402080 0.323725
v 0.543429 7.405958 0.323725
v 0.541959 7.398515 0.323725
v 0.537979 7.395151 0.323725
v 0.530778 7.394125 0.323725
v 0.524819 7.395363 0.323725
v 0.520802 7.398364 0.323725
v 0.508669 7.398949 0.323725
v 0.512777 7.391135 0.323725
v 0.519965 7.386042 0.323725
v 0.530730 7.383907 0.323725
v 0.549170 7.390127 0.323725
v 0.554433 7.406276 0.323725
v 0.556245 7.443842 0.323725
v 0.545282 7.444371 0.323725
v 0.545049 7.439533 0.323725
v 0.538518 7.444434 0.323725
v 0.533430 7.435709 0.323725
v 0.541848 7.431886 0.323725
v 0.544750 7.422862 0.323725
v 0.541010 7.414078 0.323725
v 0.532443 7.411075 0.323725
v 0.523949 7.414982 0.323725
v 0.520931 7.424092 0.323725
v 0.524721 7.432652 0.323725
v 0.531430 7.446170 0.330262
v 0.517208 7.441119 0.330262
v 0.509950 7.424663 0.330262
v 0.515259 7.408246 0.330262
v 0.529865 7.401158 0.330262
v 0.537142 7.402080 0.330262
v 0.543429 7.405958 0.330262
v 0.541959 7.398515 0.330262
v 0.537979 7.395151 0.330262
v 0.530778 7.394125 0.330262
v 0.524819 7.395363 0.330262
v 0.520802 7.398364 0.330262
v 0.508669 7.398949 0.330262
v 0.512777 7.391135 0.330262
v 0.519965 7.386042 0.330262
v 0.530730 7.383907 0.330262
v 0.549170 7.390127 0.330262
v 0.554433 7.406276 0.330262
v 0.556245 7.443842 0.330262
v 0.545282 7.444371 0.330262
v 0.545049 7.439533 0.330262
v 0.538518 7.444434 0.330262
v 0.533430 7.435709 0.330262
v 0.541848 7.431886 0.330262
v 0.544750 7.422862 0.330262
v 0.541010 7.414078 0.330262
v 0.532443 7.411075 0.330262
v 0.523949 7.414982 0.330262
v 0.520931 7.424092 0.330262
v 0.524721 7.432652 0.330262
v 0.531430 7.446170 0.336799
v 0.517208 7.441119 0.336799
v 0.509950 7.424663 0.336799
v 0.515259 7.408246 0.336799
v 0.529865 7.401158 0.336799
v 0.537142 7.402080 0.336799
v 0.543429 7.405958 0.336799
v 0.541959 7.398515 0.336799
v 0.537979 7.395151 0.336799
v 0.530778 7.394125 0.336799
v 0.524819 7.395363 0.336799
v 0.520802 7.398364 0.336799
v 0.508669 7.398949 0.336799
v 0.512777 7.391135 0.336799
v 0.519965 7.386042 0.336799
v 0.530730 7.383907 0.336799
v 0.549170 7.390127 0.336799
v 0.554433 7.406276 0.336799
v 0.556245 7.443842 0.336799
v 0.545282 7.444371 0.336799
v 0.545049 7.439533 0.336799
v 0.538518 7.444434 0.336799
v 0.533430 7.435709 0.336799
v 0.541848 7.431886 0.336799
v 0.544750 7.422862 0.336799
v 0.541010 7.414078 0.336799
v 0.532443 7.411075 0.336799
v 0.523949 7.414982 0.336799
v 0.520931 7.424092 0.336799
v 0.524721 7.432652 0.336799
v 0.531430 7.446170 0.343336
v 0.517208 7.441119 0.343336
v 0.509950 7.424663 0.343336
v 0.515259 7.408246 0.343336
v 0.529865 7.401158 0.343336
v 0.537142 7.402080 0.343336
v 0.543429 7.405958 0.343336
v 0.541959 7.398515 0.343336
v 0.537979 7.395151 0.343336
v 0.530778 7.394125 0.343336
v 0.524819 7.395363 0.343336
v 0.520802 7.398364 0.343336
v 0.508669 7.398949 0.343336
v 0.512777 7.391135 0.343336
v 0.519965 7.386042 0.343336
v 0.530730 7.383907 0.343336
v 0.549170 7.390127 0.343336
v 0.554433 7.406276 0.343336
v 0.556245 7.443842 0.343336
v 0.545282 7.444371 0.343336
v 0.545049 7.439533 0.343336
v 0.538518 7.444434 0.343336
v 0.533430 7.435709 0.343336
v 0.541848 7.431886 0.343336
v 0.544750 7.422862 0.343336
v 0.541010 7.414078 0.343336
v 0.532443 7.411075 0.343336
v 0.523949 7.414982 0.343336
v 0.520931 7.424092 0.343336
v 0.524721 7.432652 0.343336
v 0.585970 7.443539 0.323725
v 0.571082 7.437752 0.323725
v 0.564280 7.421395 0.323725
v 0.569690 7.404712 0.323725
v 0.584066 7.397413 0.323725
v 0.591157 7.398424 0.323725
v 0.597832 7.402526 0.323725
v 0.597608 7.397891 0.323725
v 0.608612 7.397360 0.323725
v 0.610728 7.441214 0.323725
v 0.599724 7.441745 0.323725
v 0.599491 7.436907 0.323725
v 0.593305 7.441690 0.323725
v 0.587718 7.433209 0.323725
v 0.596141 7.429265 0.323725
v 0.599094 7.419877 0.323725
v 0.595242 7.410636 0.323725
v 0.586516 7.407459 0.323725
v 0.578278 7.411515 0.323725
v 0.575310 7.420984 0.323725
v 0.579110 7.430026 0.323725
v 0.585970 7.443539 0.330262
v 0.571082 7.437752 0.330262
v 0.564280 7.421395 0.330262
v 0.569690 7.404712 0.330262
v 0.584066 7.397413 0.330262
v 0.591157 7.398424 0.330262
v 0.597832 7.402526 0.330262
v 0.597608 7.397891 0.330262
v 0.608612 7.397360 0.330262
v 0.610728 7.441214 0.330262
v 0.599724 7.441745 0.330262
v 0.599491 7.436907 0.330262
v 0.593305 7.441690 0.330262
v 0.587718 7.433209 0.330262
v 0.596141 7.429265 0.330262
v 0.599094 7.419877 0.330262
v 0.595242 7.410636 0.330262
v 0.586516 7.407459 0.330262
v 0.578278 7.411515 0.330262
v 0.575310 7.420984 0.330262
v 0.579110 7.430026 0.330262
v 0.585970 7.443539 0.336799
v 0.571082 7.437752 0.336799
v 0.564280 7.421395 0.336799
v 0.569690 7.404712 0.336799
v 0.584066 7.397413 0.336799
v 0.591157 7.398424 0.336799
v 0.597832 7.402526 0.336799
v 0.597608 7.397891 0.336799
v 0.608612 7.397360 0.336799
v 0.610728 7.441214 0.336799
v 0.599724 7.441745 0.336799
v 0.599491 7.436907 0.336799
v 0.593305 7.441690 0.336799
v 0.587718 7.433209 0.336799
v 0.596141 7.429265 0.336799
v 0.599094 7.419877 0.336799
v 0.595242 7.410636 0.336799
v 0.586516 7.407459 0.336799
v 0.578278 7.411515 0.336799
v 0.575310 7.420984 0.336799
v 0.579110 7.430026 0.336799
v 0.585970 7.443539 0.343336
v 0.571082 7.437752 0.343336
v 0.564280 7.421395 0.343336
v 0.569690 7.404712 0.343336
v 0.584066 7.397413 0.343336
v 0.591157 7.398424 0.343336
v 0.597832 7.402526 0.343336
v 0.597608 7.397891 0.343336
v 0.608612 7.397360 0.343336
v 0.610728 7.441214 0.343336
v 0.599724 7.441745 0.343336
v 0.599491 7.436907 0.343336
v 0.593305 7.441690 0.343336
v 0.587718 7.433209 0.343336
v 0.596141 7.429265 0.343336
v 0.599094 7.419877 0.343336
v 0.595242 7.410636 0.343336
v 0.586516 7.407459 0.343336
v 0.578278 7.411515 0.343336
v 0.575310 7.420984 0.343336
v 0.579110 7.430026 0.343336
v 0.638379 7.441011 0.323725
v 0.632735 7.439586 0.323725
v 0.628425 7.434825 0.323725
v 0.628692 7.440347 0.323725
v 0.619260 7.440802 0.323725
v 0.617144 7.396948 0.323725
v 0.628067 7.396421 0.323725
v 0.628923 7.414156 0.323725
v 0.628985 7.416294 0.323725
v 0.631334 7.428543 0.323725
v 0.635779 7.431481 0.323725
v 0.638916 7.430360 0.323725
v 0.642799 7.439667 0.323725
v 0.638379 7.441011 0.330262
v 0.632735 7.439586 0.330262
v 0.628425 7.434825 0.330262
v 0.628692 7.440347 0.330262
v 0.619260 7.440802 0.330262
v 0.617144 7.396948 0.330262
v 0.628067 7.396421 0.330262
v 0.628923 7.414156 0.330262
v 0.628985 7.416294 0.330262
v 0.631334 7.428543 0.330262
v 0.635779 7.431481 0.330262
v 0.638916 7.430360 0.330262
v 0.642799 7.439667 0.330262
v 0.638379 7.441011 0.336799
v 0.632735 7.439586 0.336799
v 0.628425 7.434825 0.336799
v 0.628692 7.440347 0.336799
v 0.619260 7.440802 0.336799
v 0.617144 7.396948 0.336799
v 0.628067 7.396421 0.336799
v 0.628923 7.414156 0.336799
v 0.628985 7.416294 0.336799
v 0.631334 7.428543 0.336799
v 0.635779 7.431481 0.336799
v 0.638916 7.430360 0.336799
v 0.642799 7.439667 0.336799
v 0.638379 7.441011 0.343336
v 0.632735 7.439586 0.343336
v 0.628425 7.434825 0.343336
v 0.628692 7.440347 0.343336
v 0.619260 7.440802 0.343336
v 0.617144 7.396948 0.343336
v 0.628067 7.396421 0.343336
v 0.628923 7.414156 0.343336
v 0.628985 7.416294 0.343336
v 0.631334 7.428543 0.343336
v 0.635779 7.431481 0.343336
v 0.638916 7.430360 0.343336
v 0.642799 7.439667 0.343336
v 0.692442 7.454240 0.323725
v 0.681438 7.454771 0.323725
v 0.680388 7.433005 0.323725
v 0.674202 7.437788 0.323725
v 0.666867 7.439637 0.323725
v 0.651979 7.433850 0.323725
v 0.645178 7.417493 0.323725
v 0.650587 7.400809 0.323725
v 0.664964 7.393511 0.323725
v 0.672055 7.394521 0.323725
v 0.678730 7.398623 0.323725
v 0.678506 7.393988 0.323725
v 0.689510 7.393458 0.323725
v 0.668616 7.429306 0.323725
v 0.677039 7.425363 0.323725
v 0.679992 7.415975 0.323725
v 0.676140 7.406733 0.323725
v 0.667413 7.403557 0.323725
v 0.659175 7.407613 0.323725
v 0.656207 7.417082 0.323725
v 0.660008 7.426124 0.323725
v 0.692442 7.454240 0.330262
v 0.681438 7.454771 0.330262
v 0.680388 7.433005 0.330262
v 0.674202 7.437788 0.330262
v 0.666867 7.439637 0.330262
v 0.651979 7.433850 0.330262
v 0.645178 7.417493 0.330262
v 0.650587 7.400809 0.330262
v 0.664964 7.393511 0.330262
v 0.672055 7.394521 0.330262
v 0.678730 7.398623 0.330262
v 0.678506 7.393988 0.330262
v 0.689510 7.393458 0.330262
v 0.668616 7.429306 0.330262
v 0.677039 7.425363 0.330262
v 0.679992 7.415975 0.330262
v 0.676140 7.406733 0.330262
v 0.667413 7.403557 0.330262
v 0.659175 7.407613 0.330262
v 0.656207 7.417082 0.330262
v 0.660008 7.426124 0.330262
v 0.692442 7.454240 0.336799
v 0.681438 7.454771 0.336799
v 0.680388 7.433005 0.336799
v 0.674202 7.437788 0.336799
v 0.666867 7.439637 0.336799
v 0.651979 7.433850 0.336799
v 0.645178 7.417493 0.336799
v 0.650587 7.400809 0.336799
v 0.664964 7.393511 0.336799
v 0.672055 7.394521 0.336799
v 0.678730 7.398623 0.336799
v 0.678506 7.393988 0.336799
v 0.689510 7.393458 0.336799
v 0.668616 7.429306 0.336799
v 0.677039 7.425363 0.336799
v 0.679992 7.415975 0.336799
v 0.676140 7.406733 0.336799
v 0.667413 7.403557 0.336799
v 0.659175 7.407613 0.336799
v 0.656207 7.417082 0.336799
v 0.660008 7.426124 0.336799
v 0.692442 7.454240 0.343336
v 0.681438 7.454771 0.343336
v 0.680388 7.433005 0.343336
v 0.674202 7.437788 0.343336
v 0.666867 7.439637 0.343336
v 0.651979 7.433850 0.343336
v 0.645178 7.417493 0.343336
v 0.650587 7.400809 0.343336
v 0.664964 7.393511 0.343336
v 0.672055 7.394521 0.343336
v 0.678730 7.398623 0.343336
v 0.678506 7.393988 0.343336
v 0.689510 7.393458 0.343336
v 0.668616 7.429306 0.343336
v 0.677039 7.425363 0.343336
v 0.679992 7.415975 0.343336
v 0.676140 7.406733 0.343336
v 0.667413 7.403557 0.343336
v 0.659175 7.407613 0.343336
v 0.656207 7.417082 0.343336
v 0.660008 7.426124 0.343336
v 0.715206 7.437305 0.323725
v 0.704770 7.434112 0.323725
v 0.700331 7.425417 0.323725
v 0.710324 7.411482 0.323725
v 0.713943 7.409448 0.323725
v 0.718500 7.404260 0.323725
v 0.717054 7.401906 0.323725
v 0.713497 7.401026 0.323725
v 0.708948 7.402640 0.323725
v 0.704590 7.406506 0.323725
v 0.697463 7.399457 0.323725
v 0.712417 7.391222 0.323725
v 0.724114 7.394576 0.323725
v 0.728877 7.404123 0.323725
v 0.726868 7.411896 0.323725
v 0.718430 7.418727 0.323725
v 0.714498 7.420936 0.323725
v 0.711310 7.423130 0.323725
v 0.710724 7.424795 0.323725
v 0.711866 7.426699 0.323725
v 0.714807 7.427345 0.323725
v 0.722145 7.422871 0.323725
v 0.729286 7.429354 0.323725
v 0.723157 7.435043 0.323725
v 0.715206 7.437305 0.330262
v 0.704770 7.434112 0.330262
v 0.700331 7.425417 0.330262
v 0.710324 7.411482 0.330262
v 0.713943 7.409448 0.330262
v 0.718500 7.404260 0.330262
v 0.717054 7.401906 0.330262
v 0.713497 7.401026 0.330262
v 0.708948 7.402640 0.330262
v 0.704590 7.406506 0.330262
v 0.697463 7.399457 0.330262
v 0.712417 7.391222 0.330262
v 0.724114 7.394576 0.330262
v 0.728877 7.404123 0.330262
v 0.726868 7.411896 0.330262
v 0.718430 7.418727 0.330262
v 0.714498 7.420936 0.330262
v 0.711310 7.423130 0.330262
v 0.710724 7.424795 0.330262
v 0.711866 7.426699 0.330262
v 0.714807 7.427345 0.330262
v 0.722145 7.422871 0.330262
v 0.729286 7.429354 0.330262
v 0.723157 7.435043 0.330262
v 0.715206 7.437305 0.336799
v 0.704770 7.434112 0.336799
v 0.700331 7.425417 0.336799
v 0.710324 7.411482 0.336799
v 0.713943 7.409448 0.336799
v 0.718500 7.404260 0.336799
v 0.717054 7.401906 0.336799
v 0.713497 7.401026 0.336799
v 0.708948 7.402640 0.336799
v 0.704590 7.406506 0.336799
v 0.697463 7.399457 0.336799
v 0.712417 7.391222 0.336799
v 0.724114 7.394576 0.336799
v 0.728877 7.404123 0.336799
v 0.726868 7.411896 0.336799
v 0.718430 7.418727 0.336799
v 0.714498 7.420936 0.336799
v 0.711310 7.423130 0.336799
v 0.710724 7.424795 0.336799
v 0.711866 7.426699 0.336799
v 0.714807 7.427345 0.336799
v 0.722145 7.422871 0.336799
v 0.729286 7.429354 0.336799
v 0.723157 7.435043 0.336799
v 0.715206 7.437305 0.343336
v 0.704770 7.434112 0.343336
v 0.700331 7.425417 0.343336
v 0.710324 7.411482 0.343336
v 0.713943 7.409448 0.343336
v 0.718500 7.404260 0.343336
v 0.717054 7.401906 0.343336
v 0.713497 7.401026 0.343336
v 0.708948 7.402640 0.343336
v 0.704590 7.406506 0.343336
v 0.697463 7.399457 0.343336
v 0.712417 7.391222 0.343336
v 0.724114 7.394576 0.343336
v 0.728877 7.404123 0.343336
v 0.726868 7.411896 0.343336
v 0.718430 7.418727 0.343336
v 0.714498 7.420936 0.343336
v 0.711310 7.423130 0.343336
v 0.710724 7.424795 0.343336
v 0.711866 7.426699 0.343336
v 0.714807 7.427345 0.343336
v 0.722145 7.422871 0.343336
v 0.729286 7.429354 0.343336
v 0.723157 7.435043 0.343336
vt 0.016960 0.491752
vt 0.014778 0.491752
vt 0.014778 0.369312
vt 0.016960 0.369312
vt 0.014778 0.246872
vt 0.016960 0.246872
vt 0.014778 0.124432
vt 0.016960 0.124432
vt 0.014778 0.001992
vt 0.016960 0.001992
vt 0.042419 0.491752
vt 0.032972 0.491752
vt 0.032972 0.369312
vt 0.042419 0.369312
vt 0.032972 0.246872
vt 0.042419 0.246872
vt 0.032972 0.124432
vt 0.042419 0.124432
vt 0.032972 0.001992
vt 0.042419 0.001992
vt 0.058444 0.001992
vt 0.067891 0.001992
vt 0.067891 0.124432
vt 0.058444 0.124432
vt 0.067891 0.246872
vt 0.058444 0.246872
vt 0.067891 0.369312
vt 0.058444 0.369312
vt 0.067891 0.491752
vt 0.058444 0.491752
vt 0.083916 0.001992
vt 0.086098 0.001992
vt 0.086098 0.124432
vt 0.083916 0.124432
vt 0.086098 0.246872
vt 0.083916 0.246872
vt 0.086098 0.369312
vt 0.083916 0.369312
vt 0.086098 0.491752
vt 0.083916 0.491752
vt 0.114031 0.491752
vt 0.102110 0.491752
vt 0.102110 0.369312
vt 0.114031 0.369312
vt 0.102110 0.246872
vt 0.114031 0.246872
vt 0.102110 0.124432
vt 0.114031 0.124432
vt 0.102110 0.001992
vt 0.114031 0.001992
vt 0.129401 0.001992
vt 0.132856 0.001992
vt 0.132856 0.124432
vt 0.129401 0.124432
vt 0.134627 0.001992
vt 0.134627 0.124432
vt 0.132856 0.246872
vt 0.129401 0.246872
vt 0.135812 0.001992
vt 0.135812 0.124432
vt 0.134627 0.246872
vt 0.132856 0.369312
vt 0.129401 0.369312
vt 0.135812 0.246872
vt 0.134627 0.369312
vt 0.132856 0.491752
vt 0.129401 0.491752
vt 0.135812 0.369312
vt 0.134627 0.491752
vt 0.135812 0.491752
vt 0.157029 0.491752
vt 0.155005 0.491752
vt 0.155005 0.369312
vt 0.157029 0.369312
vt 0.151234 0.491752
vt 0.151234 0.369312
vt 0.155005 0.246872
vt 0.157029 0.246872
vt 0.157819 0.491752
vt 0.157819 0.369312
vt 0.151234 0.246872
vt 0.155005 0.124432
vt 0.157029 0.124432
vt 0.157819 0.246872
vt 0.151234 0.124432
vt 0.155005 0.001992
vt 0.157029 0.001992
vt 0.157819 0.124432
vt 0.151234 0.001992
vt 0.157819 0.001992
vt 0.173067 0.001992
vt 0.178751 0.001992
vt 0.178751 0.124432
vt 0.173067 0.124432
vt 0.181004 0.001992
vt 0.181004 0.124432
vt 0.178751 0.246872
vt 0.173067 0.246872
vt 0.181004 0.246872
vt 0.178751 0.369312
vt 0.173067 0.369312
vt 0.181004 0.369312
vt 0.178751 0.491752
vt 0.173067 0.491752
vt 0.181004 0.491752
vt 0.198539 0.001992
vt 0.202729 0.001992
vt 0.202729 0.124432
vt 0.198539 0.124432
vt 0.202729 0.246872
vt 0.198539 0.246872
vt 0.202729 0.369312
vt 0.198539 0.369312
vt 0.202729 0.491752
vt 0.198539 0.491752
vt 0.228658 0.491752
vt 0.225390 0.491752
vt 0.225390 0.369312
vt 0.228658 0.369312
vt 0.222192 0.491752
vt 0.222192 0.369312
vt 0.225390 0.246872
vt 0.228658 0.246872
vt 0.222192 0.246872
vt 0.225390 0.124432
vt 0.228658 0.124432
vt 0.222192 0.124432
vt 0.225390 0.001992
vt 0.228658 0.001992
vt 0.222192 0.001992
vt 0.262219 0.001992
vt 0.263678 0.001992
vt 0.263678 0.124432
vt 0.262219 0.124432
vt 0.263678 0.246872
vt 0.262219 0.246872
vt 0.263678 0.369312
vt 0.262219 0.369312
vt 0.263678 0.491752
vt 0.262219 0.491752
vt 0.282233 0.001992
vt 0.282644 0.001992
vt 0.282644 0.124432
vt 0.282233 0.124432
vt 0.286079 0.001992
vt 0.286079 0.124432
vt 0.282644 0.246872
vt 0.282233 0.246872
vt 0.286079 0.246872
vt 0.282644 0.369312
vt 0.282233 0.369312
vt 0.286079 0.369312
vt 0.282644 0.491752
vt 0.282233 0.491752
vt 0.286079 0.491752
vt 0.337528 0.491752
vt 0.325899 0.491752
vt 0.325899 0.369312
vt 0.337528 0.369312
vt 0.325899 0.246872
vt 0.337528 0.246872
vt 0.325899 0.124432
vt 0.337528 0.124432
vt 0.325899 0.001992
vt 0.337528 0.001992
vt 0.358035 0.001992
vt 0.359821 0.001992
vt 0.359821 0.124432
vt 0.358035 0.124432
vt 0.361588 0.001992
vt 0.361588 0.124432
vt 0.359821 0.246872
vt 0.358035 0.246872
vt 0.356829 0.001992
vt 0.356829 0.124432
vt 0.362833 0.001992
vt 0.362833 0.124432
vt 0.361588 0.246872
vt 0.359821 0.369312
vt 0.358035 0.369312
vt 0.356829 0.246872
vt 0.363849 0.001992
vt 0.363849 0.124432
vt 0.362833 0.246872
vt 0.361588 0.369312
vt 0.359821 0.491752
vt 0.358035 0.491752
vt 0.356829 0.369312
vt 0.365055 0.001992
vt 0.365055 0.124432
vt 0.363849 0.246872
vt 0.362833 0.369312
vt 0.361588 0.491752
vt 0.356829 0.491752
vt 0.366826 0.001992
vt 0.366826 0.124432
vt 0.365055 0.246872
vt 0.363849 0.369312
vt 0.362833 0.491752
vt 0.367853 0.001992
vt 0.367853 0.124432
vt 0.366826 0.246872
vt 0.365055 0.369312
vt 0.363849 0.491752
vt 0.367853 0.246872
vt 0.366826 0.369312
vt 0.365055 0.491752
vt 0.367853 0.369312
vt 0.366826 0.491752
vt 0.367853 0.491752
vt 0.386307 0.491752
vt 0.385127 0.491752
vt 0.385127 0.369312
vt 0.386307 0.369312
vt 0.384120 0.491752
vt 0.384120 0.369312
vt 0.385127 0.246872
vt 0.386307 0.246872
vt 0.384120 0.246872
vt 0.385127 0.124432
vt 0.386307 0.124432
vt 0.384120 0.124432
vt 0.385127 0.001992
vt 0.386307 0.001992
vt 0.384120 0.001992
vt 0.402315 0.001992
vt 0.405280 0.001992
vt 0.405280 0.124432
vt 0.402315 0.124432
vt 0.405280 0.246872
vt 0.402315 0.246872
vt 0.405280 0.369312
vt 0.402315 0.369312
vt 0.405280 0.491752
vt 0.402315 0.491752
vt 0.422291 0.491752
vt 0.421429 0.491752
vt 0.421429 0.369312
vt 0.422291 0.369312
vt 0.420509 0.491752
vt 0.420509 0.369312
vt 0.421429 0.246872
vt 0.422291 0.246872
vt 0.420509 0.246872
vt 0.421429 0.124432
vt 0.422291 0.124432
vt 0.420509 0.124432
vt 0.421429 0.001992
vt 0.422291 0.001992
vt 0.420509 0.001992
vt 0.438703 0.001992
vt 0.441142 0.001992
vt 0.441142 0.124432
vt 0.438703 0.124432
vt 0.441142 0.246872
vt 0.438703 0.246872
vt 0.441142 0.369312
vt 0.438703 0.369312
vt 0.441142 0.491752
vt 0.438703 0.491752
vt 0.465499 0.491752
vt 0.456897 0.491752
vt 0.456897 0.369312
vt 0.465499 0.369312
vt 0.456897 0.246872
vt 0.465499 0.246872
vt 0.456897 0.124432
vt 0.465499 0.124432
vt 0.456897 0.001992
vt 0.465499 0.001992
vt 0.480550 0.001992
vt 0.489151 0.001992
vt 0.489151 0.124432
vt 0.480550 0.124432
vt 0.489151 0.246872
vt 0.480550 0.246872
vt 0.489151 0.369312
vt 0.480550 0.369312
vt 0.489151 0.491752
vt 0.480550 0.491752
vt 0.506183 0.491752
vt 0.505210 0.491752
vt 0.505210 0.369312
vt 0.506183 0.369312
vt 0.504202 0.491752
vt 0.504202 0.369312
vt 0.505210 0.246872
vt 0.506183 0.246872
vt 0.504202 0.246872
vt 0.505210 0.124432
vt 0.506183 0.124432
vt 0.504202 0.124432
vt 0.505210 0.001992
vt 0.506183 0.001992
vt 0.504202 0.001992
vt 0.522397 0.001992
vt 0.523381 0.001992
vt 0.523381 0.124432
vt 0.522397 0.124432
vt 0.524377 0.001992
vt 0.524377 0.124432
vt 0.523381 0.246872
vt 0.522397 0.246872
vt 0.524377 0.246872
vt 0.523381 0.369312
vt 0.522397 0.369312
vt 0.524377 0.369312
vt 0.523381 0.491752
vt 0.522397 0.491752
vt 0.524377 0.491752
vt 0.550681 0.491752
vt 0.547392 0.491752
vt 0.547392 0.369312
vt 0.550681 0.369312
vt 0.544230 0.491752
vt 0.544230 0.369312
vt 0.547392 0.246872
vt 0.550681 0.246872
vt 0.544230 0.246872
vt 0.547392 0.124432
vt 0.550681 0.124432
vt 0.544230 0.124432
vt 0.547392 0.001992
vt 0.550681 0.001992
vt 0.544230 0.001992
vt 0.571868 0.491752
vt 0.570397 0.491752
vt 0.570397 0.369312
vt 0.571868 0.369312
vt 0.569702 0.491752
vt 0.569702 0.369312
vt 0.570397 0.246872
vt 0.571868 0.246872
vt 0.569702 0.246872
vt 0.570397 0.124432
vt 0.571868 0.124432
vt 0.569702 0.124432
vt 0.570397 0.001992
vt 0.571868 0.001992
vt 0.569702 0.001992
vt 0.606090 0.001992
vt 0.609300 0.001992
vt 0.609300 0.124432
vt 0.606090 0.124432
vt 0.616668 0.001992
vt 0.616668 0.124432
vt 0.609300 0.246872
vt 0.606090 0.246872
vt 0.616668 0.246872
vt 0.609300 0.369312
vt 0.606090 0.369312
vt 0.616668 0.369312
vt 0.609300 0.491752
vt 0.606090 0.491752
vt 0.616668 0.491752
vt 0.632511 0.491752
vt 0.631562 0.491752
vt 0.631562 0.369312
vt 0.632511 0.369312
vt 0.631562 0.246872
vt 0.632511 0.246872
vt 0.631562 0.124432
vt 0.632511 0.124432
vt 0.631562 0.001992
vt 0.632511 0.001992
vt 0.651429 0.491752
vt 0.649691 0.491752
vt 0.649691 0.369312
vt 0.651429 0.369312
vt 0.647937 0.491752
vt 0.647937 0.369312
vt 0.649691 0.246872
vt 0.651429 0.246872
vt 0.647937 0.246872
vt 0.649691 0.124432
vt 0.651429 0.124432
vt 0.647937 0.124432
vt 0.649691 0.001992
vt 0.651429 0.001992
vt 0.647937 0.001992
vt 0.667951 0.001992
vt 0.669705 0.001992
vt 0.669705 0.124432
vt 0.667951 0.124432
vt 0.671415 0.001992
vt 0.671415 0.124432
vt 0.669705 0.246872
vt 0.667951 0.246872
vt 0.671415 0.246872
vt 0.669705 0.369312
vt 0.667951 0.369312
vt 0.671415 0.369312
vt 0.669705 0.491752
vt 0.667951 0.491752
vt 0.671415 0.491752
vt 0.691792 0.491752
vt 0.689784 0.491752
vt 0.689784 0.369312
vt 0.691792 0.369312
vt 0.689784 0.246872
vt 0.691792 0.246872
vt 0.689784 0.124432
vt 0.691792 0.124432
vt 0.689784 0.001992
vt 0.691792 0.001992
vt 0.709797 0.001992
vt 0.711805 0.001992
vt 0.711805 0.124432
vt 0.709797 0.124432
vt 0.711805 0.246872
vt 0.709797 0.246872
vt 0.711805 0.369312
vt 0.709797 0.369312
vt 0.711805 0.491752
vt 0.709797 0.491752
vt 0.739620 0.491752
vt 0.727991 0.491752
vt 0.727991 0.369312
vt 0.739620 0.369312
vt 0.727991 0.246872
vt 0.739620 0.246872
vt 0.727991 0.124432
vt 0.739620 0.124432
vt 0.727991 0.001992
vt 0.739620 0.001992
vt 0.755283 0.001992
vt 0.760382 0.001992
vt 0.760382 0.124432
vt 0.755283 0.124432
vt 0.760382 0.246872
vt 0.755283 0.246872
vt 0.760382 0.369312
vt 0.755283 0.369312
vt 0.760382 0.491752
vt 0.755283 0.491752
vt 0.782215 0.491752
vt 0.777116 0.491752
vt 0.777116 0.369312
vt 0.782215 0.369312
vt 0.777116 0.246872
vt 0.782215 0.246872
vt 0.777116 0.124432
vt 0.782215 0.124432
vt 0.777116 0.001992
vt 0.782215 0.001992
vt 0.797130 0.001992
vt 0.808758 0.001992
vt 0.808758 0.124432
vt 0.797130 0.124432
vt 0.808758 0.246872
vt 0.797130 0.246872
vt 0.808758 0.369312
vt 0.797130 0.369312
vt 0.808758 0.491752
vt 0.797130 0.491752
vt 0.828808 0.491752
vt 0.824421 0.491752
vt 0.824421 0.369312
vt 0.828808 0.369312
vt 0.824421 0.246872
vt 0.828808 0.246872
vt 0.824421 0.124432
vt 0.828808 0.124432
vt 0.824421 0.001992
vt 0.828808 0.001992
vt 0.846254 0.001992
vt 0.850642 0.001992
vt 0.850642 0.124432
vt 0.846254 0.124432
vt 0.850642 0.246872
vt 0.846254 0.246872
vt 0.850642 0.369312
vt 0.846254 0.369312
vt 0.850642 0.491752
vt 0.846254 0.491752
vt 0.870252 0.491752
vt 0.866268 0.491752
vt 0.866268 0.369312
vt 0.870252 0.369312
vt 0.866268 0.246872
vt 0.870252 0.246872
vt 0.866268 0.124432
vt 0.870252 0.124432
vt 0.866268 0.001992
vt 0.870252 0.001992
vt 0.884462 0.001992
vt 0.888446 0.001992
vt 0.888446 0.124432
vt 0.884462 0.124432
vt 0.888446 0.246872
vt 0.884462 0.246872
vt 0.888446 0.369312
vt 0.884462 0.369312
vt 0.888446 0.491752
vt 0.884462 0.491752
vt 0.910671 0.491752
vt 0.908927 0.491752
vt 0.908927 0.369312
vt 0.910671 0.369312
vt 0.906295 0.491752
vt 0.906295 0.369312
vt 0.908927 0.246872
vt 0.910671 0.246872
vt 0.906295 0.246872
vt 0.908927 0.124432
vt 0.910671 0.124432
vt 0.906295 0.124432
vt 0.908927 0.001992
vt 0.910671 0.001992
vt 0.906295 0.001992
vt 0.924964 0.491752
vt 0.924489 0.491752
vt 0.924489 0.369312
vt 0.924964 0.369312
vt 0.924489 0.246872
vt 0.924964 0.246872
vt 0.925936 0.491752
vt 0.925936 0.369312
vt 0.924489 0.124432
vt 0.924964 0.124432
vt 0.925936 0.246872
vt 0.924489 0.001992
vt 0.924964 0.001992
vt 0.925936 0.124432
vt 0.925936 0.001992
vt 0.906481 0.495478
vt 0.908394 0.495478
vt 0.908394 0.617918
vt 0.906481 0.617918
vt 0.909896 0.495478
vt 0.909896 0.617918
vt 0.908394 0.740358
vt 0.906481 0.740358
vt 0.911153 0.495478
vt 0.911153 0.617918
vt 0.909896 0.740358
vt 0.908394 0.862798
vt 0.906481 0.862798
vt 0.911153 0.740358
vt 0.909896 0.862798
vt 0.908394 0.985238
vt 0.906481 0.985238
vt 0.911153 0.862798
vt 0.909896 0.985238
vt 0.911153 0.985238
vt 0.893532 0.495478
vt 0.893852 0.495478
vt 0.893852 0.617918
vt 0.893532 0.617918
vt 0.894235 0.495478
vt 0.894235 0.617918
vt 0.893852 0.740358
vt 0.893532 0.740358
vt 0.893133 0.495478
vt 0.893133 0.617918
vt 0.894235 0.740358
vt 0.893852 0.862798
vt 0.893532 0.862798
vt 0.893133 0.740358
vt 0.894235 0.862798
vt 0.893852 0.985238
vt 0.893532 0.985238
vt 0.893133 0.862798
vt 0.894235 0.985238
vt 0.893133 0.985238
vt 0.867477 0.985238
vt 0.855848 0.985238
vt 0.855848 0.862798
vt 0.867477 0.862798
vt 0.855848 0.740358
vt 0.867477 0.740358
vt 0.855848 0.617918
vt 0.867477 0.617918
vt 0.855848 0.495478
vt 0.867477 0.495478
vt 0.837255 0.495478
vt 0.842180 0.495478
vt 0.842180 0.617918
vt 0.837255 0.617918
vt 0.842180 0.740358
vt 0.837255 0.740358
vt 0.842180 0.862798
vt 0.837255 0.862798
vt 0.842180 0.985238
vt 0.837255 0.985238
vt 0.825597 0.985238
vt 0.820672 0.985238
vt 0.820672 0.862798
vt 0.825597 0.862798
vt 0.820672 0.740358
vt 0.825597 0.740358
vt 0.820672 0.617918
vt 0.825597 0.617918
vt 0.820672 0.495478
vt 0.825597 0.495478
vt 0.795512 0.495478
vt 0.800682 0.495478
vt 0.800682 0.617918
vt 0.795512 0.617918
vt 0.801848 0.495478
vt 0.801848 0.617918
vt 0.800682 0.740358
vt 0.795512 0.740358
vt 0.803765 0.495478
vt 0.803765 0.617918
vt 0.801848 0.740358
vt 0.800682 0.862798
vt 0.795512 0.862798
vt 0.805655 0.495478
vt 0.805655 0.617918
vt 0.803765 0.740358
vt 0.801848 0.862798
vt 0.800682 0.985238
vt 0.795512 0.985238
vt 0.806797 0.495478
vt 0.806797 0.617918
vt 0.805655 0.740358
vt 0.803765 0.862798
vt 0.801848 0.985238
vt 0.806797 0.740358
vt 0.805655 0.862798
vt 0.803765 0.985238
vt 0.806797 0.862798
vt 0.805655 0.985238
vt 0.806797 0.985238
vt 0.781843 0.985238
vt 0.781184 0.985238
vt 0.781184 0.862798
vt 0.781843 0.862798
vt 0.780268 0.985238
vt 0.780268 0.862798
vt 0.781184 0.740358
vt 0.781843 0.740358
vt 0.782245 0.985238
vt 0.782245 0.862798
vt 0.780268 0.740358
vt 0.781184 0.617918
vt 0.781843 0.617918
vt 0.782245 0.740358
vt 0.780268 0.617918
vt 0.781184 0.495478
vt 0.781843 0.495478
vt 0.782245 0.617918
vt 0.780268 0.495478
vt 0.782245 0.495478
vt 0.764301 0.495478
vt 0.766676 0.495478
vt 0.766676 0.617918
vt 0.764301 0.617918
vt 0.766676 0.740358
vt 0.764301 0.740358
vt 0.766676 0.862798
vt 0.764301 0.862798
vt 0.766676 0.985238
vt 0.764301 0.985238
vt 0.746359 0.985238
vt 0.743090 0.985238
vt 0.743090 0.862798
vt 0.746359 0.862798
vt 0.739893 0.985238
vt 0.739893 0.862798
vt 0.743090 0.740358
vt 0.746359 0.740358
vt 0.739893 0.740358
vt 0.743090 0.617918
vt 0.746359 0.617918
vt 0.739893 0.617918
vt 0.743090 0.495478
vt 0.746359 0.495478
vt 0.739893 0.495478
vt 0.708512 0.495478
vt 0.709970 0.495478
vt 0.709970 0.617918
vt 0.708512 0.617918
vt 0.709970 0.740358
vt 0.708512 0.740358
vt 0.709970 0.862798
vt 0.708512 0.862798
vt 0.709970 0.985238
vt 0.708512 0.985238
vt 0.686278 0.495478
vt 0.686689 0.495478
vt 0.686689 0.617918
vt 0.686278 0.617918
vt 0.690124 0.495478
vt 0.690124 0.617918
vt 0.686689 0.740358
vt 0.686278 0.740358
vt 0.690124 0.740358
vt 0.686689 0.862798
vt 0.686278 0.862798
vt 0.690124 0.862798
vt 0.686689 0.985238
vt 0.686278 0.985238
vt 0.690124 0.985238
vt 0.648592 0.985238
vt 0.645303 0.985238
vt 0.645303 0.862798
vt 0.648592 0.862798
vt 0.642141 0.985238
vt 0.642141 0.862798
vt 0.645303 0.740358
vt 0.648592 0.740358
vt 0.642141 0.740358
vt 0.645303 0.617918
vt 0.648592 0.617918
vt 0.642141 0.617918
vt 0.645303 0.495478
vt 0.648592 0.495478
vt 0.642141 0.495478
vt 0.625152 0.985238
vt 0.623681 0.985238
vt 0.623681 0.862798
vt 0.625152 0.862798
vt 0.622986 0.985238
vt 0.622986 0.862798
vt 0.623681 0.740358
vt 0.625152 0.740358
vt 0.622986 0.740358
vt 0.623681 0.617918
vt 0.625152 0.617918
vt 0.622986 0.617918
vt 0.623681 0.495478
vt 0.625152 0.495478
vt 0.622986 0.495478
vt 0.581446 0.495478
vt 0.584656 0.495478
vt 0.584656 0.617918
vt 0.581446 0.617918
vt 0.592024 0.495478
vt 0.592024 0.617918
vt 0.584656 0.740358
vt 0.581446 0.740358
vt 0.592024 0.740358
vt 0.584656 0.862798
vt 0.581446 0.862798
vt 0.592024 0.862798
vt 0.584656 0.985238
vt 0.581446 0.985238
vt 0.592024 0.985238
vt 0.567841 0.985238
vt 0.566892 0.985238
vt 0.566892 0.862798
vt 0.567841 0.862798
vt 0.566892 0.740358
vt 0.567841 0.740358
vt 0.566892 0.617918
vt 0.567841 0.617918
vt 0.566892 0.495478
vt 0.567841 0.495478
vt 0.552078 0.985238
vt 0.550340 0.985238
vt 0.550340 0.862798
vt 0.552078 0.862798
vt 0.548586 0.985238
vt 0.548586 0.862798
vt 0.550340 0.740358
vt 0.552078 0.740358
vt 0.548586 0.740358
vt 0.550340 0.617918
vt 0.552078 0.617918
vt 0.548586 0.617918
vt 0.550340 0.495478
vt 0.552078 0.495478
vt 0.548586 0.495478
vt 0.530319 0.495478
vt 0.532073 0.495478
vt 0.532073 0.617918
vt 0.530319 0.617918
vt 0.533784 0.495478
vt 0.533784 0.617918
vt 0.532073 0.740358
vt 0.530319 0.740358
vt 0.533784 0.740358
vt 0.532073 0.862798
vt 0.530319 0.862798
vt 0.533784 0.862798
vt 0.532073 0.985238
vt 0.530319 0.985238
vt 0.533784 0.985238
vt 0.513297 0.985238
vt 0.510032 0.985238
vt 0.510032 0.862798
vt 0.513297 0.862798
vt 0.506818 0.985238
vt 0.506818 0.862798
vt 0.510032 0.740358
vt 0.513297 0.740358
vt 0.506818 0.740358
vt 0.510032 0.617918
vt 0.513297 0.617918
vt 0.506818 0.617918
vt 0.510032 0.495478
vt 0.513297 0.495478
vt 0.506818 0.495478
vt 0.489836 0.985238
vt 0.488927 0.985238
vt 0.488927 0.862798
vt 0.489836 0.862798
vt 0.488927 0.740358
vt 0.489836 0.740358
vt 0.488927 0.617918
vt 0.489836 0.617918
vt 0.488927 0.495478
vt 0.489836 0.495478
vt 0.466712 0.495478
vt 0.475313 0.495478
vt 0.475313 0.617918
vt 0.466712 0.617918
vt 0.475313 0.740358
vt 0.466712 0.740358
vt 0.475313 0.862798
vt 0.466712 0.862798
vt 0.475313 0.985238
vt 0.466712 0.985238
vt 0.453099 0.985238
vt 0.452150 0.985238
vt 0.452150 0.862798
vt 0.453099 0.862798
vt 0.452150 0.740358
vt 0.453099 0.740358
vt 0.452150 0.617918
vt 0.453099 0.617918
vt 0.452150 0.495478
vt 0.453099 0.495478
vt 0.437355 0.985238
vt 0.435546 0.985238
vt 0.435546 0.862798
vt 0.437355 0.862798
vt 0.433702 0.985238
vt 0.433702 0.862798
vt 0.435546 0.740358
vt 0.437355 0.740358
vt 0.433702 0.740358
vt 0.435546 0.617918
vt 0.437355 0.617918
vt 0.433702 0.617918
vt 0.435546 0.495478
vt 0.437355 0.495478
vt 0.433702 0.495478
vt 0.415288 0.495478
vt 0.417113 0.495478
vt 0.417113 0.617918
vt 0.415288 0.617918
vt 0.418919 0.495478
vt 0.418919 0.617918
vt 0.417113 0.740358
vt 0.415288 0.740358
vt 0.418919 0.740358
vt 0.417113 0.862798
vt 0.415288 0.862798
vt 0.418919 0.862798
vt 0.417113 0.985238
vt 0.415288 0.985238
vt 0.418919 0.985238
vt 0.399983 0.495478
vt 0.401067 0.495478
vt 0.401067 0.617918
vt 0.399983 0.617918
vt 0.401067 0.740358
vt 0.399983 0.740358
vt 0.401067 0.862798
vt 0.399983 0.862798
vt 0.401067 0.985238
vt 0.399983 0.985238
vt 0.386678 0.985238
vt 0.378077 0.985238
vt 0.378077 0.862798
vt 0.386678 0.862798
vt 0.378077 0.740358
vt 0.386678 0.740358
vt 0.378077 0.617918
vt 0.386678 0.617918
vt 0.378077 0.495478
vt 0.386678 0.495478
vt 0.357547 0.495478
vt 0.361025 0.495478
vt 0.361025 0.617918
vt 0.357547 0.617918
vt 0.361444 0.495478
vt 0.361444 0.617918
vt 0.361025 0.740358
vt 0.357547 0.740358
vt 0.363863 0.495478
vt 0.363863 0.617918
vt 0.361444 0.740358
vt 0.361025 0.862798
vt 0.357547 0.862798
vt 0.364480 0.495478
vt 0.364480 0.617918
vt 0.363863 0.740358
vt 0.361444 0.862798
vt 0.361025 0.985238
vt 0.357547 0.985238
vt 0.364480 0.740358
vt 0.363863 0.862798
vt 0.361444 0.985238
vt 0.364480 0.862798
vt 0.363863 0.985238
vt 0.364480 0.985238
vt 0.343609 0.495478
vt 0.345467 0.495478
vt 0.345467 0.617918
vt 0.343609 0.617918
vt 0.345467 0.740358
vt 0.343609 0.740358
vt 0.345467 0.862798
vt 0.343609 0.862798
vt 0.345467 0.985238
vt 0.343609 0.985238
vt 0.329996 0.985238
vt 0.325727 0.985238
vt 0.325727 0.862798
vt 0.329996 0.862798
vt 0.325727 0.740358
vt 0.329996 0.740358
vt 0.325727 0.617918
vt 0.329996 0.617918
vt 0.325727 0.495478
vt 0.329996 0.495478
vt 0.308705 0.985238
vt 0.305440 0.985238
vt 0.305440 0.862798
vt 0.308705 0.862798
vt 0.302227 0.985238
vt 0.302227 0.862798
vt 0.305440 0.740358
vt 0.308705 0.740358
vt 0.302227 0.740358
vt 0.305440 0.617918
vt 0.308705 0.617918
vt 0.302227 0.617918
vt 0.305440 0.495478
vt 0.308705 0.495478
vt 0.302227 0.495478
vt 0.285244 0.985238
vt 0.284335 0.985238
vt 0.284335 0.862798
vt 0.285244 0.862798
vt 0.284335 0.740358
vt 0.285244 0.740358
vt 0.284335 0.617918
vt 0.285244 0.617918
vt 0.284335 0.495478
vt 0.285244 0.495478
vt 0.258800 0.495478
vt 0.270722 0.495478
vt 0.270722 0.617918
vt 0.258800 0.617918
vt 0.270722 0.740358
vt 0.258800 0.740358
vt 0.270722 0.862798
vt 0.258800 0.862798
vt 0.270722 0.985238
vt 0.258800 0.985238
vt 0.244006 0.985238
vt 0.242197 0.985238
vt 0.242197 0.862798
vt 0.244006 0.862798
vt 0.240352 0.985238
vt 0.240352 0.862798
vt 0.242197 0.740358
vt 0.244006 0.740358
vt 0.240352 0.740358
vt 0.242197 0.617918
vt 0.244006 0.617918
vt 0.240352 0.617918
vt 0.242197 0.495478
vt 0.244006 0.495478
vt 0.240352 0.495478
vt 0.221939 0.495478
vt 0.223764 0.495478
vt 0.223764 0.617918
vt 0.221939 0.617918
vt 0.225569 0.495478
vt 0.225569 0.617918
vt 0.223764 0.740358
vt 0.221939 0.740358
vt 0.225569 0.740358
vt 0.223764 0.862798
vt 0.221939 0.862798
vt 0.225569 0.862798
vt 0.223764 0.985238
vt 0.221939 0.985238
vt 0.225569 0.985238
vt 0.205642 0.985238
vt 0.203898 0.985238
vt 0.203898 0.862798
vt 0.205642 0.862798
vt 0.201266 0.985238
vt 0.201266 0.862798
vt 0.203898 0.740358
vt 0.205642 0.740358
vt 0.201266 0.740358
vt 0.203898 0.617918
vt 0.205642 0.617918
vt 0.201266 0.617918
vt 0.203898 0.495478
vt 0.205642 0.495478
vt 0.201266 0.495478
vt 0.188111 0.985238
vt 0.187637 0.985238
vt 0.187637 0.862798
vt 0.188111 0.862798
vt 0.187637 0.740358
vt 0.188111 0.740358
vt 0.189083 0.985238
vt 0.189083 0.862798
vt 0.187637 0.617918
vt 0.188111 0.617918
vt 0.189083 0.740358
vt 0.187637 0.495478
vt 0.188111 0.495478
vt 0.189083 0.617918
vt 0.189083 0.495478
vt 0.156711 0.495478
vt 0.158624 0.495478
vt 0.158624 0.617918
vt 0.156711 0.617918
vt 0.160126 0.495478
vt 0.160126 0.617918
vt 0.158624 0.740358
vt 0.156711 0.740358
vt 0.161383 0.495478
vt 0.161383 0.617918
vt 0.160126 0.740358
vt 0.158624 0.862798
vt 0.156711 0.862798
vt 0.161383 0.740358
vt 0.160126 0.862798
vt 0.158624 0.985238
vt 0.156711 0.985238
vt 0.161383 0.862798
vt 0.160126 0.985238
vt 0.161383 0.985238
vt 0.143761 0.495478
vt 0.144082 0.495478
vt 0.144082 0.617918
vt 0.143761 0.617918
vt 0.144465 0.495478
vt 0.144465 0.617918
vt 0.144082 0.740358
vt 0.143761 0.740358
vt 0.143362 0.495478
vt 0.143362 0.617918
vt 0.144465 0.740358
vt 0.144082 0.862798
vt 0.143761 0.862798
vt 0.143362 0.740358
vt 0.144465 0.862798
vt 0.144082 0.985238
vt 0.143761 0.985238
vt 0.143362 0.862798
vt 0.144465 0.985238
vt 0.143362 0.985238
vt 0.008287 0.491752
vt 0.001860 0.491752
vt 0.001860 0.369312
vt 0.008287 0.369312
vt 0.001860 0.246872
vt 0.008287 0.246872
vt 0.001860 0.124432
vt 0.008287 0.124432
vt 0.001860 0.001992
vt 0.008287 0.001992
vt 0.023875 0.001992
vt 0.025938 0.001992
vt 0.025938 0.124432
vt 0.023875 0.124432
vt 0.025938 0.246872
vt 0.023875 0.246872
vt 0.025938 0.369312
vt 0.023875 0.369312
vt 0.025938 0.491752
vt 0.023875 0.491752
vt 0.049347 0.001992
vt 0.051592 0.001992
vt 0.051592 0.124432
vt 0.049347 0.124432
vt 0.051592 0.246872
vt 0.049347 0.246872
vt 0.051592 0.369312
vt 0.049347 0.369312
vt 0.051592 0.491752
vt 0.049347 0.491752
vt 0.074819 0.001992
vt 0.076937 0.001992
vt 0.076937 0.124432
vt 0.074819 0.124432
vt 0.076937 0.246872
vt 0.074819 0.246872
vt 0.076937 0.369312
vt 0.074819 0.369312
vt 0.076937 0.491752
vt 0.074819 0.491752
vt 0.095155 0.491752
vt 0.093013 0.491752
vt 0.093013 0.369312
vt 0.095155 0.369312
vt 0.093013 0.246872
vt 0.095155 0.246872
vt 0.093013 0.124432
vt 0.095155 0.124432
vt 0.093013 0.001992
vt 0.095155 0.001992
vt 0.120304 0.001992
vt 0.122446 0.001992
vt 0.122446 0.124432
vt 0.120304 0.124432
vt 0.122446 0.246872
vt 0.120304 0.246872
vt 0.122446 0.369312
vt 0.120304 0.369312
vt 0.122446 0.491752
vt 0.120304 0.491752
vt 0.142137 0.001992
vt 0.143264 0.001992
vt 0.143264 0.124432
vt 0.142137 0.124432
vt 0.144114 0.001992
vt 0.144114 0.124432
vt 0.143264 0.246872
vt 0.142137 0.246872
vt 0.144114 0.246872
vt 0.143264 0.369312
vt 0.142137 0.369312
vt 0.144114 0.369312
vt 0.143264 0.491752
vt 0.142137 0.491752
vt 0.144114 0.491752
vt 0.163970 0.001992
vt 0.166097 0.001992
vt 0.166097 0.124432
vt 0.163970 0.124432
vt 0.166097 0.246872
vt 0.163970 0.246872
vt 0.166097 0.369312
vt 0.163970 0.369312
vt 0.166097 0.491752
vt 0.163970 0.491752
vt 0.192350 0.491752
vt 0.190192 0.491752
vt 0.190192 0.369312
vt 0.192350 0.369312
vt 0.188895 0.491752
vt 0.188895 0.369312
vt 0.190192 0.246872
vt 0.192350 0.246872
vt 0.187623 0.491752
vt 0.187623 0.369312
vt 0.188895 0.246872
vt 0.190192 0.124432
vt 0.192350 0.124432
vt 0.187623 0.246872
vt 0.188895 0.124432
vt 0.190192 0.001992
vt 0.192350 0.001992
vt 0.187623 0.124432
vt 0.188895 0.001992
vt 0.187623 0.001992
vt 0.212638 0.491752
vt 0.209456 0.491752
vt 0.209456 0.369312
vt 0.212638 0.369312
vt 0.209456 0.246872
vt 0.212638 0.246872
vt 0.215942 0.491752
vt 0.215942 0.369312
vt 0.209456 0.124432
vt 0.212638 0.124432
vt 0.215942 0.246872
vt 0.209456 0.001992
vt 0.212638 0.001992
vt 0.215942 0.124432
vt 0.215942 0.001992
vt 0.234928 0.001992
vt 0.238224 0.001992
vt 0.238224 0.124432
vt 0.234928 0.124432
vt 0.240477 0.001992
vt 0.240477 0.124432
vt 0.238224 0.246872
vt 0.234928 0.246872
vt 0.242106 0.001992
vt 0.242106 0.124432
vt 0.240477 0.246872
vt 0.238224 0.369312
vt 0.234928 0.369312
vt 0.242106 0.246872
vt 0.240477 0.369312
vt 0.238224 0.491752
vt 0.234928 0.491752
vt 0.242106 0.369312
vt 0.240477 0.491752
vt 0.242106 0.491752
vt 0.255045 0.491752
vt 0.253226 0.491752
vt 0.253226 0.369312
vt 0.255045 0.369312
vt 0.251147 0.491752
vt 0.251147 0.369312
vt 0.253226 0.246872
vt 0.255045 0.246872
vt 0.249483 0.491752
vt 0.249483 0.369312
vt 0.251147 0.246872
vt 0.253226 0.124432
vt 0.255045 0.124432
vt 0.249483 0.246872
vt 0.251147 0.124432
vt 0.253226 0.001992
vt 0.255045 0.001992
vt 0.249483 0.124432
vt 0.251147 0.001992
vt 0.249483 0.001992
vt 0.269497 0.001992
vt 0.276430 0.001992
vt 0.276430 0.124432
vt 0.269497 0.124432
vt 0.276430 0.246872
vt 0.269497 0.246872
vt 0.276430 0.369312
vt 0.269497 0.369312
vt 0.276430 0.491752
vt 0.269497 0.491752
vt 0.295513 0.001992
vt 0.296967 0.001992
vt 0.296967 0.124432
vt 0.295513 0.124432
vt 0.297806 0.001992
vt 0.297806 0.124432
vt 0.296967 0.246872
vt 0.295513 0.246872
vt 0.293937 0.001992
vt 0.293937 0.124432
vt 0.297806 0.246872
vt 0.296967 0.369312
vt 0.295513 0.369312
vt 0.293937 0.246872
vt 0.293149 0.001992
vt 0.293149 0.124432
vt 0.297806 0.369312
vt 0.296967 0.491752
vt 0.295513 0.491752
vt 0.293937 0.369312
vt 0.293149 0.246872
vt 0.297806 0.491752
vt 0.293937 0.491752
vt 0.293149 0.369312
vt 0.293149 0.491752
vt 0.308722 0.491752
vt 0.304066 0.491752
vt 0.304066 0.369312
vt 0.308722 0.369312
vt 0.304066 0.246872
vt 0.308722 0.246872
vt 0.304066 0.124432
vt 0.308722 0.124432
vt 0.304066 0.001992
vt 0.308722 0.001992
vt 0.316811 0.491752
vt 0.314982 0.491752
vt 0.314982 0.369312
vt 0.316811 0.369312
vt 0.314982 0.246872
vt 0.316811 0.246872
vt 0.319138 0.491752
vt 0.319138 0.369312
vt 0.314982 0.124432
vt 0.316811 0.124432
vt 0.319138 0.246872
vt 0.314982 0.001992
vt 0.316811 0.001992
vt 0.319138 0.124432
vt 0.319138 0.001992
vt 0.344093 0.001992
vt 0.347354 0.001992
vt 0.347354 0.124432
vt 0.344093 0.124432
vt 0.349562 0.001992
vt 0.349562 0.124432
vt 0.347354 0.246872
vt 0.344093 0.246872
vt 0.349562 0.246872
vt 0.347354 0.369312
vt 0.344093 0.369312
vt 0.349562 0.369312
vt 0.347354 0.491752
vt 0.344093 0.491752
vt 0.349562 0.491752
vt 0.375481 0.001992
vt 0.377342 0.001992
vt 0.377342 0.124432
vt 0.375481 0.124432
vt 0.377342 0.246872
vt 0.375481 0.246872
vt 0.375023 0.001992
vt 0.375023 0.124432
vt 0.377342 0.369312
vt 0.375481 0.369312
vt 0.375023 0.246872
vt 0.377342 0.491752
vt 0.375481 0.491752
vt 0.375023 0.369312
vt 0.375023 0.491752
vt 0.395619 0.491752
vt 0.393770 0.491752
vt 0.393770 0.369312
vt 0.395619 0.369312
vt 0.393218 0.491752
vt 0.393218 0.369312
vt 0.393770 0.246872
vt 0.395619 0.246872
vt 0.393218 0.246872
vt 0.393770 0.124432
vt 0.395619 0.124432
vt 0.393218 0.124432
vt 0.393770 0.001992
vt 0.395619 0.001992
vt 0.393218 0.001992
vt 0.411980 0.001992
vt 0.413109 0.001992
vt 0.413109 0.124432
vt 0.411980 0.124432
vt 0.413109 0.246872
vt 0.411980 0.246872
vt 0.411412 0.001992
vt 0.411412 0.124432
vt 0.413109 0.369312
vt 0.411980 0.369312
vt 0.411412 0.246872
vt 0.413109 0.491752
vt 0.411980 0.491752
vt 0.411412 0.369312
vt 0.411412 0.491752
vt 0.431284 0.491752
vt 0.430088 0.491752
vt 0.430088 0.369312
vt 0.431284 0.369312
vt 0.429606 0.491752
vt 0.429606 0.369312
vt 0.430088 0.246872
vt 0.431284 0.246872
vt 0.429606 0.246872
vt 0.430088 0.124432
vt 0.431284 0.124432
vt 0.429606 0.124432
vt 0.430088 0.001992
vt 0.431284 0.001992
vt 0.429606 0.001992
vt 0.449958 0.491752
vt 0.447800 0.491752
vt 0.447800 0.369312
vt 0.449958 0.369312
vt 0.447800 0.246872
vt 0.449958 0.246872
vt 0.447800 0.124432
vt 0.449958 0.124432
vt 0.447800 0.001992
vt 0.449958 0.001992
vt 0.471453 0.001992
vt 0.473611 0.001992
vt 0.473611 0.124432
vt 0.471453 0.124432
vt 0.473611 0.246872
vt 0.471453 0.246872
vt 0.473611 0.369312
vt 0.471453 0.369312
vt 0.473611 0.491752
vt 0.471453 0.491752
vt 0.496075 0.491752
vt 0.495105 0.491752
vt 0.495105 0.369312
vt 0.496075 0.369312
vt 0.495105 0.246872
vt 0.496075 0.246872
vt 0.497048 0.491752
vt 0.497048 0.369312
vt 0.495105 0.124432
vt 0.496075 0.124432
vt 0.497048 0.246872
vt 0.495105 0.001992
vt 0.496075 0.001992
vt 0.497048 0.124432
vt 0.497048 0.001992
vt 0.513300 0.001992
vt 0.514281 0.001992
vt 0.514281 0.124432
vt 0.513300 0.124432
vt 0.515242 0.001992
vt 0.515242 0.124432
vt 0.514281 0.246872
vt 0.513300 0.246872
vt 0.515242 0.246872
vt 0.514281 0.369312
vt 0.513300 0.369312
vt 0.515242 0.369312
vt 0.514281 0.491752
vt 0.513300 0.491752
vt 0.515242 0.491752
vt 0.534229 0.491752
vt 0.531494 0.491752
vt 0.531494 0.369312
vt 0.534229 0.369312
vt 0.531494 0.246872
vt 0.534229 0.246872
vt 0.535632 0.491752
vt 0.535632 0.369312
vt 0.531494 0.124432
vt 0.534229 0.124432
vt 0.535632 0.246872
vt 0.536957 0.491752
vt 0.536957 0.369312
vt 0.531494 0.001992
vt 0.534229 0.001992
vt 0.535632 0.124432
vt 0.536957 0.246872
vt 0.535632 0.001992
vt 0.536957 0.124432
vt 0.536957 0.001992
vt 0.556966 0.001992
vt 0.559891 0.001992
vt 0.559891 0.124432
vt 0.556966 0.124432
vt 0.561306 0.001992
vt 0.561306 0.124432
vt 0.559891 0.246872
vt 0.556966 0.246872
vt 0.562500 0.001992
vt 0.562500 0.124432
vt 0.561306 0.246872
vt 0.559891 0.369312
vt 0.556966 0.369312
vt 0.562500 0.246872
vt 0.561306 0.369312
vt 0.559891 0.491752
vt 0.556966 0.491752
vt 0.562500 0.369312
vt 0.561306 0.491752
vt 0.562500 0.491752
vt 0.584570 0.491752
vt 0.583170 0.491752
vt 0.583170 0.369312
vt 0.584570 0.369312
vt 0.581993 0.491752
vt 0.581993 0.369312
vt 0.583170 0.246872
vt 0.584570 0.246872
vt 0.581178 0.491752
vt 0.581178 0.369312
vt 0.581993 0.246872
vt 0.583170 0.124432
vt 0.584570 0.124432
vt 0.578799 0.491752
vt 0.578799 0.369312
vt 0.581178 0.246872
vt 0.581993 0.124432
vt 0.583170 0.001992
vt 0.584570 0.001992
vt 0.578799 0.246872
vt 0.581178 0.124432
vt 0.581993 0.001992
vt 0.578799 0.124432
vt 0.581178 0.001992
vt 0.578799 0.001992
vt 0.593867 0.001992
vt 0.595993 0.001992
vt 0.595993 0.124432
vt 0.593867 0.124432
vt 0.599543 0.001992
vt 0.599543 0.124432
vt 0.595993 0.246872
vt 0.593867 0.246872
vt 0.592412 0.001992
vt 0.592412 0.124432
vt 0.599543 0.246872
vt 0.595993 0.369312
vt 0.593867 0.369312
vt 0.592412 0.246872
vt 0.591535 0.001992
vt 0.591535 0.124432
vt 0.599543 0.369312
vt 0.595993 0.491752
vt 0.593867 0.491752
vt 0.592412 0.369312
vt 0.591535 0.246872
vt 0.599543 0.491752
vt 0.592412 0.491752
vt 0.591535 0.369312
vt 0.591535 0.491752
vt 0.624615 0.491752
vt 0.622465 0.491752
vt 0.622465 0.369312
vt 0.624615 0.369312
vt 0.622465 0.246872
vt 0.624615 0.246872
vt 0.622465 0.124432
vt 0.624615 0.124432
vt 0.622465 0.001992
vt 0.624615 0.001992
vt 0.640515 0.001992
vt 0.642198 0.001992
vt 0.642198 0.124432
vt 0.640515 0.124432
vt 0.642198 0.246872
vt 0.640515 0.246872
vt 0.638840 0.001992
vt 0.638840 0.124432
vt 0.642198 0.369312
vt 0.640515 0.369312
vt 0.638840 0.246872
vt 0.642198 0.491752
vt 0.640515 0.491752
vt 0.638840 0.369312
vt 0.638840 0.491752
vt 0.662200 0.491752
vt 0.660552 0.491752
vt 0.660552 0.369312
vt 0.662200 0.369312
vt 0.658853 0.491752
vt 0.658853 0.369312
vt 0.660552 0.246872
vt 0.662200 0.246872
vt 0.658853 0.246872
vt 0.660552 0.124432
vt 0.662200 0.124432
vt 0.658853 0.124432
vt 0.660552 0.001992
vt 0.662200 0.001992
vt 0.658853 0.001992
vt 0.682883 0.491752
vt 0.678867 0.491752
vt 0.678867 0.369312
vt 0.682883 0.369312
vt 0.678867 0.246872
vt 0.682883 0.246872
vt 0.678867 0.124432
vt 0.682883 0.124432
vt 0.678867 0.001992
vt 0.682883 0.001992
vt 0.698881 0.001992
vt 0.702897 0.001992
vt 0.702897 0.124432
vt 0.698881 0.124432
vt 0.702897 0.246872
vt 0.698881 0.246872
vt 0.702897 0.369312
vt 0.698881 0.369312
vt 0.702897 0.491752
vt 0.698881 0.491752
vt 0.721139 0.491752
vt 0.718894 0.491752
vt 0.718894 0.369312
vt 0.721139 0.369312
vt 0.718894 0.246872
vt 0.721139 0.246872
vt 0.718894 0.124432
vt 0.721139 0.124432
vt 0.718894 0.001992
vt 0.721139 0.001992
vt 0.746186 0.001992
vt 0.748431 0.001992
vt 0.748431 0.124432
vt 0.746186 0.124432
vt 0.748431 0.246872
vt 0.746186 0.246872
vt 0.748431 0.369312
vt 0.746186 0.369312
vt 0.748431 0.491752
vt 0.746186 0.491752
vt 0.766199 0.001992
vt 0.770081 0.001992
vt 0.770081 0.124432
vt 0.766199 0.124432
vt 0.770081 0.246872
vt 0.766199 0.246872
vt 0.770081 0.369312
vt 0.766199 0.369312
vt 0.770081 0.491752
vt 0.766199 0.491752
vt 0.788032 0.001992
vt 0.790269 0.001992
vt 0.790269 0.124432
vt 0.788032 0.124432
vt 0.790269 0.246872
vt 0.788032 0.246872
vt 0.790269 0.369312
vt 0.788032 0.369312
vt 0.790269 0.491752
vt 0.788032 0.491752
vt 0.817561 0.491752
vt 0.815324 0.491752
vt 0.815324 0.369312
vt 0.817561 0.369312
vt 0.815324 0.246872
vt 0.817561 0.246872
vt 0.815324 0.124432
vt 0.817561 0.124432
vt 0.815324 0.001992
vt 0.817561 0.001992
vt 0.839219 0.491752
vt 0.835337 0.491752
vt 0.835337 0.369312
vt 0.839219 0.369312
vt 0.835337 0.246872
vt 0.839219 0.246872
vt 0.835337 0.124432
vt 0.839219 0.124432
vt 0.835337 0.001992
vt 0.839219 0.001992
vt 0.859273 0.491752
vt 0.857170 0.491752
vt 0.857170 0.369312
vt 0.859273 0.369312
vt 0.857170 0.246872
vt 0.859273 0.246872
vt 0.857170 0.124432
vt 0.859273 0.124432
vt 0.857170 0.001992
vt 0.859273 0.001992
vt 0.877184 0.001992
vt 0.878417 0.001992
vt 0.878417 0.124432
vt 0.877184 0.124432
vt 0.878417 0.246872
vt 0.877184 0.246872
vt 0.878417 0.369312
vt 0.877184 0.369312
vt 0.878417 0.491752
vt 0.877184 0.491752
vt 0.897390 0.491752
vt 0.895378 0.491752
vt 0.895378 0.369312
vt 0.897390 0.369312
vt 0.895378 0.246872
vt 0.897390 0.246872
vt 0.898967 0.491752
vt 0.898967 0.369312
vt 0.895378 0.124432
vt 0.897390 0.124432
vt 0.898967 0.246872
vt 0.900220 0.491752
vt 0.900220 0.369312
vt 0.895378 0.001992
vt 0.897390 0.001992
vt 0.898967 0.124432
vt 0.900220 0.246872
vt 0.898967 0.001992
vt 0.900220 0.124432
vt 0.900220 0.001992
vt 0.917211 0.001992
vt 0.917939 0.001992
vt 0.917939 0.124432
vt 0.917211 0.124432
vt 0.917939 0.246872
vt 0.917211 0.246872
vt 0.917939 0.369312
vt 0.917211 0.369312
vt 0.917939 0.491752
vt 0.917211 0.491752
vt 0.931680 0.985238
vt 0.930992 0.985238
vt 0.930992 0.862798
vt 0.931680 0.862798
vt 0.930087 0.985238
vt 0.930087 0.862798
vt 0.930992 0.740358
vt 0.931680 0.740358
vt 0.929197 0.985238
vt 0.929197 0.862798
vt 0.930087 0.740358
vt 0.930992 0.617918
vt 0.931680 0.617918
vt 0.927869 0.985238
vt 0.927869 0.862798
vt 0.929197 0.740358
vt 0.930087 0.617918
vt 0.930992 0.495478
vt 0.931680 0.495478
vt 0.927869 0.740358
vt 0.929197 0.617918
vt 0.930087 0.495478
vt 0.927869 0.617918
vt 0.929197 0.495478
vt 0.927869 0.495478
vt 0.916880 0.495478
vt 0.919885 0.495478
vt 0.919885 0.617918
vt 0.916880 0.617918
vt 0.922142 0.495478
vt 0.922142 0.617918
vt 0.919885 0.740358
vt 0.916880 0.740358
vt 0.922142 0.740358
vt 0.919885 0.862798
vt 0.916880 0.862798
vt 0.922142 0.862798
vt 0.919885 0.985238
vt 0.916880 0.985238
vt 0.922142 0.985238
vt 0.900753 0.985238
vt 0.899963 0.985238
vt 0.899963 0.862798
vt 0.900753 0.862798
vt 0.899963 0.740358
vt 0.900753 0.740358
vt 0.899963 0.617918
vt 0.900753 0.617918
vt 0.899963 0.495478
vt 0.900753 0.495478
vt 0.884021 0.495478
vt 0.884591 0.495478
vt 0.884591 0.617918
vt 0.884021 0.617918
vt 0.886069 0.495478
vt 0.886069 0.617918
vt 0.884591 0.740358
vt 0.884021 0.740358
vt 0.887405 0.495478
vt 0.887405 0.617918
vt 0.886069 0.740358
vt 0.884591 0.862798
vt 0.884021 0.862798
vt 0.887405 0.740358
vt 0.886069 0.862798
vt 0.884591 0.985238
vt 0.884021 0.985238
vt 0.887405 0.862798
vt 0.886069 0.985238
vt 0.887405 0.985238
vt 0.875550 0.985238
vt 0.873205 0.985238
vt 0.873205 0.862798
vt 0.875550 0.862798
vt 0.873205 0.740358
vt 0.875550 0.740358
vt 0.878294 0.985238
vt 0.878294 0.862798
vt 0.873205 0.617918
vt 0.875550 0.617918
vt 0.878294 0.740358
vt 0.873205 0.495478
vt 0.875550 0.495478
vt 0.878294 0.617918
vt 0.878294 0.495478
vt 0.847907 0.495478
vt 0.850121 0.495478
vt 0.850121 0.617918
vt 0.847907 0.617918
vt 0.850121 0.740358
vt 0.847907 0.740358
vt 0.850121 0.862798
vt 0.847907 0.862798
vt 0.850121 0.985238
vt 0.847907 0.985238
vt 0.831325 0.495478
vt 0.831527 0.495478
vt 0.831527 0.617918
vt 0.831325 0.617918
vt 0.831527 0.740358
vt 0.831325 0.740358
vt 0.831527 0.862798
vt 0.831325 0.862798
vt 0.831527 0.985238
vt 0.831325 0.985238
vt 0.812525 0.495478
vt 0.814944 0.495478
vt 0.814944 0.617918
vt 0.812525 0.617918
vt 0.814944 0.740358
vt 0.812525 0.740358
vt 0.814944 0.862798
vt 0.812525 0.862798
vt 0.814944 0.985238
vt 0.812525 0.985238
vt 0.788577 0.495478
vt 0.789784 0.495478
vt 0.789784 0.617918
vt 0.788577 0.617918
vt 0.789784 0.740358
vt 0.788577 0.740358
vt 0.787973 0.495478
vt 0.787973 0.617918
vt 0.789784 0.862798
vt 0.788577 0.862798
vt 0.787973 0.740358
vt 0.789784 0.985238
vt 0.788577 0.985238
vt 0.787973 0.862798
vt 0.787973 0.985238
vt 0.774541 0.985238
vt 0.773094 0.985238
vt 0.773094 0.862798
vt 0.774541 0.862798
vt 0.772404 0.985238
vt 0.772404 0.862798
vt 0.773094 0.740358
vt 0.774541 0.740358
vt 0.772404 0.740358
vt 0.773094 0.617918
vt 0.774541 0.617918
vt 0.772404 0.617918
vt 0.773094 0.495478
vt 0.774541 0.495478
vt 0.772404 0.495478
vt 0.755269 0.985238
vt 0.752087 0.985238
vt 0.752087 0.862798
vt 0.755269 0.862798
vt 0.752087 0.740358
vt 0.755269 0.740358
vt 0.758573 0.985238
vt 0.758573 0.862798
vt 0.752087 0.617918
vt 0.755269 0.617918
vt 0.758573 0.740358
vt 0.752087 0.495478
vt 0.755269 0.495478
vt 0.758573 0.617918
vt 0.758573 0.495478
vt 0.726987 0.495478
vt 0.730283 0.495478
vt 0.730283 0.617918
vt 0.726987 0.617918
vt 0.732537 0.495478
vt 0.732537 0.617918
vt 0.730283 0.740358
vt 0.726987 0.740358
vt 0.734165 0.495478
vt 0.734165 0.617918
vt 0.732537 0.740358
vt 0.730283 0.862798
vt 0.726987 0.862798
vt 0.734165 0.740358
vt 0.732537 0.862798
vt 0.730283 0.985238
vt 0.726987 0.985238
vt 0.734165 0.862798
vt 0.732537 0.985238
vt 0.734165 0.985238
vt 0.721259 0.985238
vt 0.719441 0.985238
vt 0.719441 0.862798
vt 0.721259 0.862798
vt 0.717362 0.985238
vt 0.717362 0.862798
vt 0.719441 0.740358
vt 0.721259 0.740358
vt 0.715698 0.985238
vt 0.715698 0.862798
vt 0.717362 0.740358
vt 0.719441 0.617918
vt 0.721259 0.617918
vt 0.715698 0.740358
vt 0.717362 0.617918
vt 0.719441 0.495478
vt 0.721259 0.495478
vt 0.715698 0.617918
vt 0.717362 0.495478
vt 0.715698 0.495478
vt 0.695851 0.495478
vt 0.702784 0.495478
vt 0.702784 0.617918
vt 0.695851 0.617918
vt 0.702784 0.740358
vt 0.695851 0.740358
vt 0.702784 0.862798
vt 0.695851 0.862798
vt 0.702784 0.985238
vt 0.695851 0.985238
vt 0.678257 0.495478
vt 0.679711 0.495478
vt 0.679711 0.617918
vt 0.678257 0.617918
vt 0.680550 0.495478
vt 0.680550 0.617918
vt 0.679711 0.740358
vt 0.678257 0.740358
vt 0.676682 0.495478
vt 0.676682 0.617918
vt 0.680550 0.740358
vt 0.679711 0.862798
vt 0.678257 0.862798
vt 0.676682 0.740358
vt 0.675894 0.495478
vt 0.675894 0.617918
vt 0.680550 0.862798
vt 0.679711 0.985238
vt 0.678257 0.985238
vt 0.676682 0.862798
vt 0.675894 0.740358
vt 0.680550 0.985238
vt 0.676682 0.985238
vt 0.675894 0.862798
vt 0.675894 0.985238
vt 0.670166 0.985238
vt 0.665509 0.985238
vt 0.665509 0.862798
vt 0.670166 0.862798
vt 0.665509 0.740358
vt 0.670166 0.740358
vt 0.665509 0.617918
vt 0.670166 0.617918
vt 0.665509 0.495478
vt 0.670166 0.495478
vt 0.657054 0.985238
vt 0.654319 0.985238
vt 0.654319 0.862798
vt 0.657054 0.862798
vt 0.654319 0.740358
vt 0.657054 0.740358
vt 0.658458 0.985238
vt 0.658458 0.862798
vt 0.654319 0.617918
vt 0.657054 0.617918
vt 0.658458 0.740358
vt 0.659782 0.985238
vt 0.659782 0.862798
vt 0.654319 0.495478
vt 0.657054 0.495478
vt 0.658458 0.617918
vt 0.659782 0.740358
vt 0.658458 0.495478
vt 0.659782 0.617918
vt 0.659782 0.495478
vt 0.630879 0.495478
vt 0.633804 0.495478
vt 0.633804 0.617918
vt 0.630879 0.617918
vt 0.635219 0.495478
vt 0.635219 0.617918
vt 0.633804 0.740358
vt 0.630879 0.740358
vt 0.636413 0.495478
vt 0.636413 0.617918
vt 0.635219 0.740358
vt 0.633804 0.862798
vt 0.630879 0.862798
vt 0.636413 0.740358
vt 0.635219 0.862798
vt 0.633804 0.985238
vt 0.630879 0.985238
vt 0.636413 0.862798
vt 0.635219 0.985238
vt 0.636413 0.985238
vt 0.617258 0.985238
vt 0.615859 0.985238
vt 0.615859 0.862798
vt 0.617258 0.862798
vt 0.614681 0.985238
vt 0.614681 0.862798
vt 0.615859 0.740358
vt 0.617258 0.740358
vt 0.613867 0.985238
vt 0.613867 0.862798
vt 0.614681 0.740358
vt 0.615859 0.617918
vt 0.617258 0.617918
vt 0.611487 0.985238
vt 0.611487 0.862798
vt 0.613867 0.740358
vt 0.614681 0.617918
vt 0.615859 0.495478
vt 0.617258 0.495478
vt 0.611487 0.740358
vt 0.613867 0.617918
vt 0.614681 0.495478
vt 0.611487 0.617918
vt 0.613867 0.495478
vt 0.611487 0.495478
vt 0.600083 0.495478
vt 0.602210 0.495478
vt 0.602210 0.617918
vt 0.600083 0.617918
vt 0.605760 0.495478
vt 0.605760 0.617918
vt 0.602210 0.740358
vt 0.600083 0.740358
vt 0.598629 0.495478
vt 0.598629 0.617918
vt 0.605760 0.740358
vt 0.602210 0.862798
vt 0.600083 0.862798
vt 0.598629 0.740358
vt 0.597751 0.495478
vt 0.597751 0.617918
vt 0.605760 0.862798
vt 0.602210 0.985238
vt 0.600083 0.985238
vt 0.598629 0.862798
vt 0.597751 0.740358
vt 0.605760 0.985238
vt 0.598629 0.985238
vt 0.597751 0.862798
vt 0.597751 0.985238
vt 0.575719 0.985238
vt 0.573568 0.985238
vt 0.573568 0.862798
vt 0.575719 0.862798
vt 0.573568 0.740358
vt 0.575719 0.740358
vt 0.573568 0.617918
vt 0.575719 0.617918
vt 0.573568 0.495478
vt 0.575719 0.495478
vt 0.559481 0.495478
vt 0.561164 0.495478
vt 0.561164 0.617918
vt 0.559481 0.617918
vt 0.561164 0.740358
vt 0.559481 0.740358
vt 0.557806 0.495478
vt 0.557806 0.617918
vt 0.561164 0.862798
vt 0.559481 0.862798
vt 0.557806 0.740358
vt 0.561164 0.985238
vt 0.559481 0.985238
vt 0.557806 0.862798
vt 0.557806 0.985238
vt 0.542858 0.985238
vt 0.541210 0.985238
vt 0.541210 0.862798
vt 0.542858 0.862798
vt 0.539511 0.985238
vt 0.539511 0.862798
vt 0.541210 0.740358
vt 0.542858 0.740358
vt 0.539511 0.740358
vt 0.541210 0.617918
vt 0.542858 0.617918
vt 0.539511 0.617918
vt 0.541210 0.495478
vt 0.542858 0.495478
vt 0.539511 0.495478
vt 0.521883 0.985238
vt 0.519024 0.985238
vt 0.519024 0.862798
vt 0.521883 0.862798
vt 0.519024 0.740358
vt 0.521883 0.740358
vt 0.523336 0.985238
vt 0.523336 0.862798
vt 0.519024 0.617918
vt 0.521883 0.617918
vt 0.523336 0.740358
vt 0.524591 0.985238
vt 0.524591 0.862798
vt 0.519024 0.495478
vt 0.521883 0.495478
vt 0.523336 0.617918
vt 0.524591 0.740358
vt 0.523336 0.495478
vt 0.524591 0.617918
vt 0.524591 0.495478
vt 0.495563 0.495478
vt 0.498445 0.495478
vt 0.498445 0.617918
vt 0.495563 0.617918
vt 0.499823 0.495478
vt 0.499823 0.617918
vt 0.498445 0.740358
vt 0.495563 0.740358
vt 0.501091 0.495478
vt 0.501091 0.617918
vt 0.499823 0.740358
vt 0.498445 0.862798
vt 0.495563 0.862798
vt 0.501091 0.740358
vt 0.499823 0.862798
vt 0.498445 0.985238
vt 0.495563 0.985238
vt 0.501091 0.862798
vt 0.499823 0.985238
vt 0.501091 0.985238
vt 0.481041 0.495478
vt 0.483199 0.495478
vt 0.483199 0.617918
vt 0.481041 0.617918
vt 0.483199 0.740358
vt 0.481041 0.740358
vt 0.483199 0.862798
vt 0.481041 0.862798
vt 0.483199 0.985238
vt 0.481041 0.985238
vt 0.460985 0.985238
vt 0.458826 0.985238
vt 0.458826 0.862798
vt 0.460985 0.862798
vt 0.458826 0.740358
vt 0.460985 0.740358
vt 0.458826 0.617918
vt 0.460985 0.617918
vt 0.458826 0.495478
vt 0.460985 0.495478
vt 0.444737 0.495478
vt 0.446423 0.495478
vt 0.446423 0.617918
vt 0.444737 0.617918
vt 0.446423 0.740358
vt 0.444737 0.740358
vt 0.443083 0.495478
vt 0.443083 0.617918
vt 0.446423 0.862798
vt 0.444737 0.862798
vt 0.443083 0.740358
vt 0.446423 0.985238
vt 0.444737 0.985238
vt 0.443083 0.862798
vt 0.443083 0.985238
vt 0.427974 0.985238
vt 0.426296 0.985238
vt 0.426296 0.862798
vt 0.427974 0.862798
vt 0.424646 0.985238
vt 0.424646 0.862798
vt 0.426296 0.740358
vt 0.427974 0.740358
vt 0.424646 0.740358
vt 0.426296 0.617918
vt 0.427974 0.617918
vt 0.424646 0.617918
vt 0.426296 0.495478
vt 0.427974 0.495478
vt 0.424646 0.495478
vt 0.408683 0.985238
vt 0.407593 0.985238
vt 0.407593 0.862798
vt 0.408683 0.862798
vt 0.406794 0.985238
vt 0.406794 0.862798
vt 0.407593 0.740358
vt 0.408683 0.740358
vt 0.409561 0.985238
vt 0.409561 0.862798
vt 0.406794 0.740358
vt 0.407593 0.617918
vt 0.408683 0.617918
vt 0.409561 0.740358
vt 0.406794 0.617918
vt 0.407593 0.495478
vt 0.408683 0.495478
vt 0.409561 0.617918
vt 0.406794 0.495478
vt 0.409561 0.495478
vt 0.394256 0.985238
vt 0.392406 0.985238
vt 0.392406 0.862798
vt 0.394256 0.862798
vt 0.392406 0.740358
vt 0.394256 0.740358
vt 0.392406 0.617918
vt 0.394256 0.617918
vt 0.392406 0.495478
vt 0.394256 0.495478
vt 0.370207 0.495478
vt 0.372350 0.495478
vt 0.372350 0.617918
vt 0.370207 0.617918
vt 0.372350 0.740358
vt 0.370207 0.740358
vt 0.372350 0.862798
vt 0.370207 0.862798
vt 0.372350 0.985238
vt 0.370207 0.985238
vt 0.351195 0.495478
vt 0.351819 0.495478
vt 0.351819 0.617918
vt 0.351195 0.617918
vt 0.351819 0.740358
vt 0.351195 0.740358
vt 0.351819 0.862798
vt 0.351195 0.862798
vt 0.351819 0.985238
vt 0.351195 0.985238
vt 0.337882 0.985238
vt 0.335724 0.985238
vt 0.335724 0.862798
vt 0.337882 0.862798
vt 0.335724 0.740358
vt 0.337882 0.740358
vt 0.335724 0.617918
vt 0.337882 0.617918
vt 0.335724 0.495478
vt 0.337882 0.495478
vt 0.318744 0.985238
vt 0.317291 0.985238
vt 0.317291 0.862798
vt 0.318744 0.862798
vt 0.314433 0.985238
vt 0.314433 0.862798
vt 0.317291 0.740358
vt 0.318744 0.740358
vt 0.320000 0.985238
vt 0.320000 0.862798
vt 0.314433 0.740358
vt 0.317291 0.617918
vt 0.318744 0.617918
vt 0.320000 0.740358
vt 0.314433 0.617918
vt 0.317291 0.495478
vt 0.318744 0.495478
vt 0.320000 0.617918
vt 0.314433 0.495478
vt 0.320000 0.495478
vt 0.290972 0.495478
vt 0.293854 0.495478
vt 0.293854 0.617918
vt 0.290972 0.617918
vt 0.295232 0.495478
vt 0.295232 0.617918
vt 0.293854 0.740358
vt 0.290972 0.740358
vt 0.296499 0.495478
vt 0.296499 0.617918
vt 0.295232 0.740358
vt 0.293854 0.862798
vt 0.290972 0.862798
vt 0.296499 0.740358
vt 0.295232 0.862798
vt 0.293854 0.985238
vt 0.290972 0.985238
vt 0.296499 0.862798
vt 0.295232 0.985238
vt 0.296499 0.985238
vt 0.276449 0.495478
vt 0.278608 0.495478
vt 0.278608 0.617918
vt 0.276449 0.617918
vt 0.278608 0.740358
vt 0.276449 0.740358
vt 0.278608 0.862798
vt 0.276449 0.862798
vt 0.278608 0.985238
vt 0.276449 0.985238
vt 0.251388 0.495478
vt 0.253073 0.495478
vt 0.253073 0.617918
vt 0.251388 0.617918
vt 0.253073 0.740358
vt 0.251388 0.740358
vt 0.249733 0.495478
vt 0.249733 0.617918
vt 0.253073 0.862798
vt 0.251388 0.862798
vt 0.249733 0.740358
vt 0.253073 0.985238
vt 0.251388 0.985238
vt 0.249733 0.862798
vt 0.249733 0.985238
vt 0.234624 0.985238
vt 0.232947 0.985238
vt 0.232947 0.862798
vt 0.234624 0.862798
vt 0.231296 0.985238
vt 0.231296 0.862798
vt 0.232947 0.740358
vt 0.234624 0.740358
vt 0.231296 0.740358
vt 0.232947 0.617918
vt 0.234624 0.617918
vt 0.231296 0.617918
vt 0.232947 0.495478
vt 0.234624 0.495478
vt 0.231296 0.495478
vt 0.213381 0.985238
vt 0.211369 0.985238
vt 0.211369 0.862798
vt 0.213381 0.862798
vt 0.211369 0.740358
vt 0.213381 0.740358
vt 0.214958 0.985238
vt 0.214958 0.862798
vt 0.211369 0.617918
vt 0.213381 0.617918
vt 0.214958 0.740358
vt 0.216211 0.985238
vt 0.216211 0.862798
vt 0.211369 0.495478
vt 0.213381 0.495478
vt 0.214958 0.617918
vt 0.216211 0.740358
vt 0.214958 0.495478
vt 0.216211 0.617918
vt 0.216211 0.495478
vt 0.194811 0.495478
vt 0.195538 0.495478
vt 0.195538 0.617918
vt 0.194811 0.617918
vt 0.195538 0.740358
vt 0.194811 0.740358
vt 0.195538 0.862798
vt 0.194811 0.862798
vt 0.195538 0.985238
vt 0.194811 0.985238
vt 0.181909 0.985238
vt 0.181222 0.985238
vt 0.181222 0.862798
vt 0.181909 0.862798
vt 0.180316 0.985238
vt 0.180316 0.862798
vt 0.181222 0.740358
vt 0.181909 0.740358
vt 0.179427 0.985238
vt 0.179427 0.862798
vt 0.180316 0.740358
vt 0.181222 0.617918
vt 0.181909 0.617918
vt 0.178099 0.985238
vt 0.178099 0.862798
vt 0.179427 0.740358
vt 0.180316 0.617918
vt 0.181222 0.495478
vt 0.181909 0.495478
vt 0.178099 0.740358
vt 0.179427 0.617918
vt 0.180316 0.495478
vt 0.178099 0.617918
vt 0.179427 0.495478
vt 0.178099 0.495478
vt 0.167110 0.495478
vt 0.170114 0.495478
vt 0.170114 0.617918
vt 0.167110 0.617918
vt 0.172371 0.495478
vt 0.172371 0.617918
vt 0.170114 0.740358
vt 0.167110 0.740358
vt 0.172371 0.740358
vt 0.170114 0.862798
vt 0.167110 0.862798
vt 0.172371 0.862798
vt 0.170114 0.985238
vt 0.167110 0.985238
vt 0.172371 0.985238
vt 0.150983 0.985238
vt 0.150193 0.985238
vt 0.150193 0.862798
vt 0.150983 0.862798
vt 0.150193 0.740358
vt 0.150983 0.740358
vt 0.150193 0.617918
vt 0.150983 0.617918
vt 0.150193 0.495478
vt 0.150983 0.495478
vt 0.134251 0.495478
vt 0.134820 0.495478
vt 0.134820 0.617918
vt 0.134251 0.617918
vt 0.136299 0.495478
vt 0.136299 0.617918
vt 0.134820 0.740358
vt 0.134251 0.740358
vt 0.137635 0.495478
vt 0.137635 0.617918
vt 0.136299 0.740358
vt 0.134820 0.862798
vt 0.134251 0.862798
vt 0.137635 0.740358
vt 0.136299 0.862798
vt 0.134820 0.985238
vt 0.134251 0.985238
vt 0.137635 0.862798
vt 0.136299 0.985238
vt 0.137635 0.985238
vt 0.014115 0.497660
vt 0.011996 0.497660
vt 0.011996 0.507107
vt 0.009751 0.507107
vt 0.009751 0.497660
vt 0.007688 0.497660
vt 0.007688 0.495478
vt 0.014115 0.495478
vt 0.008287 0.522462
vt 0.001860 0.522462
vt 0.001860 0.520280
vt 0.003923 0.520280
vt 0.003923 0.510833
vt 0.006168 0.510833
vt 0.006168 0.520280
vt 0.008287 0.520280
vt 0.035333 0.499668
vt 0.036606 0.498850
vt 0.037903 0.498577
vt 0.040061 0.499462
vt 0.040812 0.501715
vt 0.040812 0.507399
vt 0.038685 0.507399
vt 0.038685 0.503628
vt 0.038543 0.501605
vt 0.038057 0.500814
vt 0.037207 0.500553
vt 0.036080 0.500988
vt 0.035428 0.502174
vt 0.035333 0.503945
vt 0.035333 0.507399
vt 0.033191 0.507399
vt 0.033191 0.495478
vt 0.035333 0.495478
vt 0.021985 0.507399
vt 0.019843 0.507399
vt 0.019843 0.495478
vt 0.021985 0.495478
vt 0.021985 0.498933
vt 0.022080 0.500704
vt 0.022732 0.501889
vt 0.023858 0.502324
vt 0.024708 0.502063
vt 0.025194 0.501273
vt 0.025337 0.499249
vt 0.025337 0.495478
vt 0.027463 0.495478
vt 0.027463 0.501162
vt 0.026712 0.503415
vt 0.024554 0.504301
vt 0.023258 0.504028
vt 0.021985 0.503209
vt 0.109865 0.512695
vt 0.111138 0.516130
vt 0.111130 0.516541
vt 0.104197 0.516541
vt 0.104999 0.517999
vt 0.106663 0.518541
vt 0.108742 0.517695
vt 0.110561 0.518549
vt 0.108932 0.519976
vt 0.106679 0.520438
vt 0.103383 0.519162
vt 0.102110 0.515964
vt 0.103379 0.512695
vt 0.106561 0.511394
vt 0.105091 0.513728
vt 0.104303 0.514837
vt 0.108960 0.514837
vt 0.108121 0.513673
vt 0.106667 0.513225
vt 0.122935 0.520438
vt 0.119753 0.519138
vt 0.118485 0.515869
vt 0.119757 0.512671
vt 0.123054 0.511394
vt 0.125307 0.511857
vt 0.126936 0.513284
vt 0.125117 0.514137
vt 0.123038 0.513291
vt 0.121374 0.513833
vt 0.120572 0.515292
vt 0.127505 0.515292
vt 0.127513 0.515703
vt 0.126240 0.519138
vt 0.123042 0.518608
vt 0.124496 0.518159
vt 0.125335 0.516995
vt 0.120678 0.516995
vt 0.121466 0.518104
vt 0.018933 0.511331
vt 0.020595 0.512359
vt 0.021213 0.514130
vt 0.020932 0.515335
vt 0.020019 0.516351
vt 0.021568 0.517596
vt 0.022058 0.519363
vt 0.021552 0.521150
vt 0.020246 0.522355
vt 0.018038 0.522754
vt 0.014778 0.522754
vt 0.014778 0.511126
vt 0.016606 0.511126
vt 0.016998 0.517671
vt 0.016998 0.520636
vt 0.017550 0.520636
vt 0.019400 0.520290
vt 0.019877 0.519283
vt 0.019317 0.518104
vt 0.017456 0.517671
vt 0.016996 0.513242
vt 0.016996 0.515681
vt 0.017478 0.515681
vt 0.018674 0.515343
vt 0.019065 0.514422
vt 0.018694 0.513561
vt 0.017565 0.513242
vt 0.031161 0.522755
vt 0.029333 0.522755
vt 0.029333 0.511126
vt 0.032594 0.511126
vt 0.034801 0.511525
vt 0.036107 0.512730
vt 0.036614 0.514517
vt 0.036124 0.516284
vt 0.034574 0.517529
vt 0.035487 0.518545
vt 0.035768 0.519750
vt 0.035151 0.521521
vt 0.033488 0.522549
vt 0.032011 0.516209
vt 0.033873 0.515777
vt 0.034433 0.514597
vt 0.033955 0.513590
vt 0.032106 0.513244
vt 0.031554 0.513244
vt 0.031554 0.516209
vt 0.032120 0.520638
vt 0.033249 0.520319
vt 0.033620 0.519458
vt 0.033229 0.518537
vt 0.032033 0.518199
vt 0.031552 0.518199
vt 0.031552 0.520638
vt 0.275294 0.997565
vt 0.273136 0.997565
vt 0.273136 0.988964
vt 0.275294 0.988964
vt 0.284391 0.997565
vt 0.282233 0.997565
vt 0.282233 0.988964
vt 0.284391 0.988964
vt 0.330064 0.989375
vt 0.330469 0.990371
vt 0.330067 0.991356
vt 0.329106 0.991763
vt 0.328124 0.991348
vt 0.327718 0.990340
vt 0.328120 0.989367
vt 0.329090 0.988964
vt 0.338187 0.991763
vt 0.337217 0.991359
vt 0.336815 0.990387
vt 0.337222 0.989379
vt 0.338203 0.988964
vt 0.339165 0.989371
vt 0.339567 0.990355
vt 0.339161 0.991351
vt 0.125049 0.495751
vt 0.126373 0.496648
vt 0.126373 0.495699
vt 0.128524 0.495699
vt 0.128524 0.503067
vt 0.127646 0.506277
vt 0.124096 0.507668
vt 0.121970 0.507352
vt 0.120515 0.506423
vt 0.119638 0.504933
vt 0.122017 0.504933
vt 0.122832 0.505482
vt 0.124010 0.505668
vt 0.125409 0.505399
vt 0.126156 0.504704
vt 0.126373 0.503233
vt 0.125180 0.504052
vt 0.123764 0.504301
vt 0.120839 0.503052
vt 0.119646 0.499889
vt 0.120911 0.496601
vt 0.123646 0.495478
vt 0.122461 0.498187
vt 0.121800 0.499897
vt 0.122476 0.501652
vt 0.124175 0.502336
vt 0.125823 0.501667
vt 0.126472 0.499913
vt 0.125819 0.498175
vt 0.124136 0.497506
vt 0.109033 0.507668
vt 0.106297 0.506545
vt 0.105032 0.503257
vt 0.106226 0.500095
vt 0.109151 0.498846
vt 0.110566 0.499095
vt 0.111760 0.499913
vt 0.111543 0.498443
vt 0.110796 0.497747
vt 0.109396 0.497478
vt 0.108218 0.497664
vt 0.107404 0.498213
vt 0.105024 0.498213
vt 0.105902 0.496723
vt 0.107357 0.495794
vt 0.109483 0.495478
vt 0.113033 0.496869
vt 0.113910 0.500079
vt 0.113910 0.507447
vt 0.111760 0.507447
vt 0.111760 0.506498
vt 0.110436 0.507395
vt 0.109523 0.505640
vt 0.111206 0.504971
vt 0.111859 0.503233
vt 0.111210 0.501479
vt 0.109562 0.500810
vt 0.107863 0.501495
vt 0.107186 0.503249
vt 0.107847 0.504960
vt 0.293338 0.988964
vt 0.293338 0.992980
vt 0.291330 0.992980
vt 0.291330 0.988964
vt 0.302435 0.988964
vt 0.302435 0.992980
vt 0.300427 0.992980
vt 0.300427 0.988964
vt 0.046133 0.515734
vt 0.050015 0.515734
vt 0.050015 0.511347
vt 0.052252 0.511347
vt 0.052252 0.522976
vt 0.050015 0.522976
vt 0.050015 0.517877
vt 0.046133 0.517877
vt 0.046133 0.522976
vt 0.043888 0.522976
vt 0.043888 0.511347
vt 0.046133 0.511347
vt 0.060689 0.522976
vt 0.058444 0.522976
vt 0.058444 0.511347
vt 0.060689 0.511347
vt 0.060689 0.516446
vt 0.064570 0.516446
vt 0.064570 0.511347
vt 0.066808 0.511347
vt 0.066808 0.522976
vt 0.064570 0.522976
vt 0.064570 0.518588
vt 0.060689 0.518588
vt 0.311192 0.992948
vt 0.309959 0.992948
vt 0.309524 0.988964
vt 0.311627 0.988964
vt 0.320724 0.992948
vt 0.318621 0.992948
vt 0.319056 0.988964
vt 0.320289 0.988964
vt 0.139551 0.989332
vt 0.140804 0.990387
vt 0.139468 0.991723
vt 0.137990 0.990917
vt 0.137421 0.991071
vt 0.137215 0.991454
vt 0.137346 0.991774
vt 0.137990 0.992174
vt 0.138780 0.992569
vt 0.140496 0.993826
vt 0.140962 0.995328
vt 0.140121 0.997241
vt 0.137863 0.998008
vt 0.134859 0.996538
vt 0.136188 0.995091
vt 0.137077 0.995806
vt 0.137982 0.996079
vt 0.138670 0.995874
vt 0.138931 0.995399
vt 0.137990 0.994427
vt 0.137263 0.994063
vt 0.135176 0.991431
vt 0.135962 0.989687
vt 0.137974 0.988964
vt 0.150710 0.998008
vt 0.148698 0.997285
vt 0.147912 0.995541
vt 0.149999 0.992909
vt 0.150726 0.992545
vt 0.151667 0.991573
vt 0.151406 0.991098
vt 0.150718 0.990893
vt 0.149813 0.991166
vt 0.148924 0.991881
vt 0.147595 0.990434
vt 0.150599 0.988964
vt 0.152857 0.989731
vt 0.153698 0.991644
vt 0.153232 0.993146
vt 0.151516 0.994403
vt 0.150726 0.994798
vt 0.150082 0.995197
vt 0.149951 0.995518
vt 0.150157 0.995901
vt 0.150726 0.996055
vt 0.152204 0.995249
vt 0.153540 0.996585
vt 0.152287 0.997640
vt 0.078088 0.511738
vt 0.079403 0.512881
vt 0.079901 0.514770
vt 0.079351 0.516687
vt 0.077695 0.517853
vt 0.080450 0.523023
vt 0.078030 0.523023
vt 0.075415 0.518098
vt 0.075213 0.518098
vt 0.075213 0.523023
vt 0.072999 0.523023
vt 0.072999 0.511394
vt 0.075344 0.511394
vt 0.075219 0.513558
vt 0.075219 0.515934
vt 0.075909 0.515934
vt 0.077356 0.515658
vt 0.077752 0.514742
vt 0.077556 0.514084
vt 0.077031 0.513681
vt 0.075823 0.513558
vt 0.089900 0.523023
vt 0.087554 0.523023
vt 0.087554 0.511394
vt 0.089768 0.511394
vt 0.089768 0.516319
vt 0.089971 0.516319
vt 0.092586 0.511394
vt 0.095005 0.511394
vt 0.092251 0.516564
vt 0.093907 0.517730
vt 0.094456 0.519648
vt 0.093959 0.521537
vt 0.092644 0.522679
vt 0.090378 0.520859
vt 0.091586 0.520737
vt 0.092111 0.520334
vt 0.092307 0.519675
vt 0.091911 0.518760
vt 0.090465 0.518484
vt 0.089774 0.518484
vt 0.089774 0.520859
vt 0.168087 0.990265
vt 0.169359 0.993699
vt 0.169351 0.994110
vt 0.162418 0.994110
vt 0.163221 0.995569
vt 0.164885 0.996111
vt 0.166964 0.995265
vt 0.168782 0.996119
vt 0.167154 0.997545
vt 0.164901 0.998008
vt 0.161604 0.996731
vt 0.160331 0.993533
vt 0.161600 0.990265
vt 0.164782 0.988964
vt 0.163313 0.991298
vt 0.162525 0.992407
vt 0.167182 0.992407
vt 0.166342 0.991243
vt 0.164889 0.990794
vt 0.181157 0.998008
vt 0.177975 0.996707
vt 0.176706 0.993438
vt 0.177979 0.990241
vt 0.181275 0.988964
vt 0.183529 0.989426
vt 0.185157 0.990853
vt 0.183339 0.991707
vt 0.181260 0.990861
vt 0.179596 0.991403
vt 0.178793 0.992861
vt 0.185726 0.992861
vt 0.185734 0.993272
vt 0.184461 0.996707
vt 0.181263 0.996178
vt 0.182717 0.995729
vt 0.183556 0.994565
vt 0.178900 0.994565
vt 0.179688 0.995674
vt 0.095822 0.495751
vt 0.097147 0.496648
vt 0.097147 0.495699
vt 0.099297 0.495699
vt 0.099297 0.503067
vt 0.098419 0.506277
vt 0.094870 0.507668
vt 0.092743 0.507352
vt 0.091289 0.506423
vt 0.090411 0.504933
vt 0.092791 0.504933
vt 0.093605 0.505482
vt 0.094783 0.505668
vt 0.096182 0.505399
vt 0.096929 0.504704
vt 0.097147 0.503233
vt 0.095953 0.504052
vt 0.094538 0.504301
vt 0.091613 0.503052
vt 0.090419 0.499889
vt 0.091684 0.496601
vt 0.094419 0.495478
vt 0.093234 0.498187
vt 0.092573 0.499897
vt 0.093250 0.501652
vt 0.094949 0.502336
vt 0.096597 0.501667
vt 0.097246 0.499913
vt 0.096593 0.498175
vt 0.094909 0.497506
vt 0.079806 0.507668
vt 0.077071 0.506545
vt 0.075806 0.503257
vt 0.076999 0.500095
vt 0.079924 0.498846
vt 0.081340 0.499095
vt 0.082533 0.499913
vt 0.082316 0.498443
vt 0.081569 0.497747
vt 0.080170 0.497478
vt 0.078992 0.497664
vt 0.078177 0.498213
vt 0.075798 0.498213
vt 0.076675 0.496723
vt 0.078130 0.495794
vt 0.080256 0.495478
vt 0.083806 0.496869
vt 0.084684 0.500079
vt 0.084684 0.507447
vt 0.082533 0.507447
vt 0.082533 0.506498
vt 0.081209 0.507395
vt 0.080296 0.505640
vt 0.081979 0.504971
vt 0.082632 0.503233
vt 0.081983 0.501479
vt 0.080335 0.500810
vt 0.078636 0.501495
vt 0.077960 0.503249
vt 0.078621 0.504960
vt 0.198569 0.989257
vt 0.199824 0.990134
vt 0.199824 0.989185
vt 0.201983 0.989185
vt 0.201983 0.997787
vt 0.199824 0.997787
vt 0.199824 0.996877
vt 0.198557 0.997743
vt 0.197179 0.998008
vt 0.194297 0.996715
vt 0.193081 0.993502
vt 0.194258 0.990237
vt 0.197116 0.988964
vt 0.195902 0.991673
vt 0.195243 0.993478
vt 0.195913 0.995303
vt 0.197564 0.996019
vt 0.199241 0.995315
vt 0.199908 0.993470
vt 0.199241 0.991661
vt 0.197556 0.990969
vt 0.213491 0.998008
vt 0.210632 0.996735
vt 0.209456 0.993470
vt 0.210672 0.990257
vt 0.213554 0.988964
vt 0.214932 0.989229
vt 0.216199 0.990094
vt 0.216199 0.989185
vt 0.218358 0.989185
vt 0.218358 0.997787
vt 0.216199 0.997787
vt 0.216199 0.996838
vt 0.214944 0.997715
vt 0.213931 0.996003
vt 0.215616 0.995311
vt 0.216282 0.993502
vt 0.215616 0.991657
vt 0.213938 0.990953
vt 0.212288 0.991669
vt 0.211618 0.993494
vt 0.212276 0.995299
vt 0.255919 0.989185
vt 0.255247 0.991043
vt 0.254623 0.990853
vt 0.253781 0.991470
vt 0.253437 0.993889
vt 0.253445 0.994308
vt 0.253445 0.997787
vt 0.251303 0.997787
vt 0.251303 0.989185
vt 0.253153 0.989185
vt 0.253153 0.990268
vt 0.253951 0.989296
vt 0.255042 0.988964
vt 0.265958 0.997787
vt 0.264867 0.997454
vt 0.264069 0.996482
vt 0.264069 0.997565
vt 0.262219 0.997565
vt 0.262219 0.988964
vt 0.264361 0.988964
vt 0.264361 0.992442
vt 0.264353 0.992861
vt 0.264697 0.995280
vt 0.265539 0.995897
vt 0.266164 0.995707
vt 0.266836 0.997565
vt 0.070070 0.507399
vt 0.067912 0.507399
vt 0.067912 0.506490
vt 0.066645 0.507356
vt 0.065267 0.507621
vt 0.062385 0.506328
vt 0.061169 0.503115
vt 0.062345 0.499850
vt 0.065204 0.498577
vt 0.066656 0.498869
vt 0.067912 0.499747
vt 0.067912 0.495478
vt 0.070070 0.495478
vt 0.063989 0.501286
vt 0.063331 0.503091
vt 0.064001 0.504916
vt 0.065651 0.505632
vt 0.067329 0.504928
vt 0.067995 0.503083
vt 0.067329 0.501274
vt 0.065643 0.500582
vt 0.055441 0.507621
vt 0.053283 0.507621
vt 0.053283 0.503352
vt 0.052027 0.504229
vt 0.050574 0.504522
vt 0.047716 0.503249
vt 0.046539 0.499984
vt 0.047755 0.496771
vt 0.050637 0.495478
vt 0.052015 0.495743
vt 0.053283 0.496608
vt 0.053283 0.495699
vt 0.055441 0.495699
vt 0.051014 0.502517
vt 0.052700 0.501825
vt 0.053366 0.500016
vt 0.052700 0.498171
vt 0.051022 0.497467
vt 0.049372 0.498183
vt 0.048701 0.500008
vt 0.049360 0.501813
vt 0.230522 0.989332
vt 0.231775 0.990387
vt 0.230439 0.991723
vt 0.228961 0.990917
vt 0.228392 0.991071
vt 0.228186 0.991454
vt 0.228317 0.991774
vt 0.228961 0.992174
vt 0.229752 0.992569
vt 0.231467 0.993826
vt 0.231934 0.995328
vt 0.231092 0.997241
vt 0.228835 0.998008
vt 0.225831 0.996538
vt 0.227159 0.995091
vt 0.228048 0.995806
vt 0.228953 0.996079
vt 0.229641 0.995874
vt 0.229902 0.995399
vt 0.228961 0.994427
vt 0.228234 0.994063
vt 0.226147 0.991431
vt 0.226933 0.989687
vt 0.228945 0.988964
vt 0.241681 0.998008
vt 0.239669 0.997285
vt 0.238883 0.995541
vt 0.240970 0.992909
vt 0.241697 0.992545
vt 0.242638 0.991573
vt 0.242377 0.991098
vt 0.241689 0.990893
vt 0.240784 0.991166
vt 0.239895 0.991881
vt 0.238567 0.990434
vt 0.241571 0.988964
vt 0.243828 0.989731
vt 0.244670 0.991644
vt 0.244203 0.993146
vt 0.242488 0.994403
vt 0.241697 0.994798
vt 0.241053 0.995197
vt 0.240922 0.995518
vt 0.241128 0.995901
vt 0.241697 0.996055
vt 0.243175 0.995249
vt 0.244511 0.996585
vt 0.243258 0.997640
vn 0.000000 0.000000 -1.000000
vn 0.000000 0.000000 -1.000000
vn 0.000000 0.000000 -1.000000
vn 0.000000 0.000000 -1.000000
vn 0.000000 0.000000 -1.000000
vn 0.000000 0.000000 -1.000000
vn 0.000000 0.000000 -1.000000
vn 0.000000 0.000000 -1.000000
vn 0.048181 0.998839 0.000000
vn 0.048181 0.998839 0.000000
vn 0.048181 0.998839 0.000000
vn 0.048181 0.998839 0.000000
vn -0.998839 0.048181 0.000000
vn -0.998839 0.048181 0.000000
vn -0.998839 0.048181 0.000000
vn -0.998839 0.048181 0.000000
vn -0.048181 -0.998839 0.000000
vn -0.048181 -0.998839 0.000000
vn -0.048181 -0.998839 0.000000
vn -0.048181 -0.998839 0.000000
vn -0.998839 0.048181 0.000000
vn -0.998839 0.048181 0.000000
vn -0.998839 0.048181 0.000000
vn -0.998839 0.048181 0.000000
vn -0.048181 -0.998839 0.000000
vn -0.048181 -0.998839 0.000000
vn -0.048181 -0.998839 0.000000
vn -0.048181 -0.998839 0.000000
vn 0.998839 -0.048181 0.000000
vn 0.998839 -0.048181 0.000000
vn 0.998839 -0.048181 0.000000
vn 0.998839 -0.048181 0.000000
vn -0.048181 -0.998839 0.000000
vn -0.048181 -0.998839 0.000000
vn -0.048181 -0.998839 0.000000
vn -0.048181 -0.998839 0.000000
vn 0.998839 -0.048181 0.000000
vn 0.998839 -0.048181 0.000000
vn 0.998839 -0.048181 0.000000
vn 0.998839 -0.048181 0.000000
vn 0.048181 0.998839 0.000000
vn 0.048181 0.998839 0.000000
vn -0.998839 0.048181 0.000000
vn -0.998839 0.048181 0.000000
vn -0.048181 -0.998839 0.000000
vn -0.048181 -0.998839 0.000000
vn -0.998839 0.048181 0.000000
vn -0.998839 0.048181 0.000000
vn -0.048181 -0.998839 0.000000
vn -0.048181 -0.998839 0.000000
vn 0.998839 -0.048181 0.000000
vn 0.998839 -0.048181 0.000000
vn -0.048181 -0.998839 0.000000
vn -0.048181 -0.998839 0.000000
vn 0.998839 -0.048181 0.000000
vn 0.998839 -0.048181 0.000000
vn 0.048181 0.998839 0.000000
vn 0.048181 0.998839 0.000000
vn -0.998839 0.048181 0.000000
vn -0.998839 0.048181 0.000000
vn -0.048181 -0.998839 0.000000
vn -0.048181 -0.998839 0.000000
vn -0.998839 0.048181 0.000000
vn -0.998839 0.048181 0.000000
vn -0.048181 -0.998839 0.000000
vn -0.048181 -0.998839 0.000000
vn 0.998839 -0.048181 0.000000
vn 0.998839 -0.048181 0.000000
vn -0.048181 -0.998839 0.000000
vn -0.048181 -0.998839 0.000000
vn 0.998839 -0.048181 0.000000
vn 0.998839 -0.048181 0.000000
vn 0.048181 0.998839 0.000000
vn 0.048181 0.998839 0.000000
vn -0.998839 0.048181 0.000000
vn -0.998839 0.048181 0.000000
vn -0.048181 -0.998839 0.000000
vn -0.048181 -0.998839 0.000000
vn -0.998839 0.048181 0.000000
vn -0.998839 0.048181 0.000000
vn -0.048181 -0.998839 0.000000
vn -0.048181 -0.998839 0.000000
vn 0.998839 -0.048181 0.000000
vn 0.998839 -0.048181 0.000000
vn -0.048181 -0.998839 0.000000
vn -0.048181 -0.998839 0.000000
vn 0.998839 -0.048181 0.000000
vn 0.998839 -0.048181 0.000000
vn 0.000000 -0.000000 1.000000
vn 0.000000 -0.000000 1.000000
vn 0.000000 -0.000000 1.000000
vn 0.000000 -0.000000 1.000000
vn 0.000000 -0.000000 1.000000
vn 0.000000 -0.000000 1.000000
vn 0.000000 -0.000000 1.000000
vn 0.000000 -0.000000 1.000000
vn 0.000000 0.000000 -1.000000
vn 0.000000 0.000000 -1.000000
vn 0.000000 0.000000 -1.000000
vn 0.000000 0.000000 -1.000000
vn 0.000000 0.000000 -1.000000
vn 0.000000 0.000000 -1.000000
vn 0.000000 0.000000 -1.000000
vn 0.000000 0.000000 -1.000000
vn 0.000000 0.000000 -1.000000
vn 0.000000 0.000000 -1.000000
vn 0.000000 0.000000 -1.000000
vn 0.000000 0.000000 -1.000000
vn 0.000000 0.000000 -1.000000
vn 0.000000 0.000000 -1.000000
vn 0.000000 0.000000 -1.000000
vn 0.000000 0.000000 -1.000000
vn 0.000000 0.000000 -1.000000
vn 0.000000 0.000000 -1.000000
vn 0.048181 0.998839 0.000000
vn 0.048181 0.998839 0.000000
vn 0.048181 0.998839 0.000000
vn 0.048181 0.998839 0.000000
vn -0.998839 0.048181 0.000000
vn -0.998839 0.048181 0.000000
vn -0.998839 0.048181 0.000000
vn -0.998839 0.048181 0.000000
vn -0.048181 -0.998839 0.000000
vn -0.048181 -0.998839 0.000000
vn -0.048181 -0.998839 0.000000
vn -0.048181 -0.998839 0.000000
vn 0.998839 -0.048181 0.000000
vn 0.997799 -0.066306 0.000000
vn 0.997799 -0.066306 0.000000
vn 0.998839 -0.048181 0.000000
vn 0.956605 -0.291387 0.000000
vn 0.956605 -0.291387 0.000000
vn 0.851989 -0.523559 0.000000
vn 0.851989 -0.523559 0.000000
vn 0.314762 -0.949171 0.000000
vn 0.314762 -0.949171 0.000000
vn 0.314762 -0.949171 0.000000
vn 0.314762 -0.949171 0.000000
vn -0.339292 -0.940681 0.000000
vn -0.339292 -0.940681 0.000000
vn -0.339292 -0.940681 0.000000
vn -0.339292 -0.940681 0.000000
vn -0.876015 -0.482284 0.000000
vn -0.985325 -0.170688 0.000000
vn -0.985325 -0.170688 0.000000
vn -0.876015 -0.482284 0.000000
vn -0.999720 0.023644 0.000000
vn -0.999720 0.023644 0.000000
vn -0.998839 0.048181 0.000000
vn -0.998839 0.048181 0.000000
vn -0.048181 -0.998839 0.000000
vn -0.048181 -0.998839 0.000000
vn -0.048181 -0.998839 0.000000
vn -0.048181 -0.998839 0.000000
vn 0.998839 -0.048181 0.000000
vn 0.998935 0.046132 0.000000
vn 0.998935 0.046132 0.000000
vn 0.998839 -0.048181 0.000000
vn 0.962812 0.270173 0.000000
vn 0.962812 0.270173 0.000000
vn 0.423708 0.905799 0.000000
vn 0.423708 0.905799 0.000000
vn 0.423708 0.905799 0.000000
vn 0.423708 0.905799 0.000000
vn -0.158518 0.987356 0.000000
vn -0.346077 0.938206 0.000000
vn -0.346077 0.938206 0.000000
vn -0.158518 0.987356 0.000000
vn -0.499640 0.866234 0.000000
vn -0.499640 0.866234 0.000000
vn 0.998839 -0.048181 0.000000
vn 0.998839 -0.048181 0.000000
vn 0.998839 -0.048181 0.000000
vn 0.998839 -0.048181 0.000000
vn 0.048181 0.998839 0.000000
vn 0.048181 0.998839 0.000000
vn -0.998839 0.048181 0.000000
vn -0.998839 0.048181 0.000000
vn -0.048181 -0.998839 0.000000
vn -0.048181 -0.998839 0.000000
vn 0.997799 -0.066306 0.000000
vn 0.998839 -0.048181 0.000000
vn 0.956605 -0.291387 0.000000
vn 0.851989 -0.523559 0.000000
vn 0.314762 -0.949171 0.000000
vn 0.314762 -0.949171 0.000000
vn -0.339292 -0.940681 0.000000
vn -0.339292 -0.940681 0.000000
vn -0.985325 -0.170688 0.000000
vn -0.876015 -0.482284 0.000000
vn -0.999720 0.023644 0.000000
vn -0.998839 0.048181 0.000000
vn -0.048181 -0.998839 0.000000
vn -0.048181 -0.998839 0.000000
vn 0.998935 0.046132 0.000000
vn 0.998839 -0.048181 0.000000
vn 0.962812 0.270173 0.000000
vn 0.423708 0.905799 0.000000
vn 0.423708 0.905799 0.000000
vn -0.346077 0.938206 0.000000
vn -0.158518 0.987356 0.000000
vn -0.499640 0.866234 0.000000
vn 0.998839 -0.048181 0.000000
vn 0.998839 -0.048181 0.000000
vn 0.048181 0.998839 0.000000
vn 0.048181 0.998839 0.000000
vn -0.998839 0.048181 0.000000
vn -0.998839 0.048181 0.000000
vn -0.048181 -0.998839 0.000000
vn -0.048181 -0.998839 0.000000
vn 0.997799 -0.066306 0.000000
vn 0.998839 -0.048181 0.000000
vn 0.956605 -0.291387 0.000000
vn 0.851989 -0.523559 0.000000
vn 0.314762 -0.949171 0.000000
vn 0.314762 -0.949171 0.000000
vn -0.339292 -0.940681 0.000000
vn -0.339292 -0.940681 0.000000
vn -0.985325 -0.170688 0.000000
vn -0.876015 -0.482284 0.000000
vn -0.999720 0.023644 0.000000
vn -0.998839 0.048181 0.000000
vn -0.048181 -0.998839 0.000000
vn -0.048181 -0.998839 0.000000
vn 0.998935 0.046132 0.000000
vn 0.998839 -0.048181 0.000000
vn 0.962812 0.270173 0.000000
vn 0.423708 0.905799 0.000000
vn 0.423708 0.905799 0.000000
vn -0.346077 0.938206 0.000000
vn -0.158518 0.987356 0.000000
vn -0.499640 0.866234 0.000000
vn 0.998839 -0.048181 0.000000
vn 0.998839 -0.048181 0.000000
vn 0.048181 0.998839 0.000000
vn 0.048181 0.998839 0.000000
vn -0.998839 0.048181 0.000000
vn -0.998839 0.048181 0.000000
vn -0.048181 -0.998839 0.000000
vn -0.048181 -0.998839 0.000000
vn 0.997799 -0.066306 0.000000
vn 0.998839 -0.048181 0.000000
vn 0.956605 -0.291387 0.000000
vn 0.851989 -0.523559 0.000000
vn 0.314762 -0.949171 0.000000
vn 0.314762 -0.949171 0.000000
vn -0.339292 -0.940681 0.000000
vn -0.339292 -0.940681 0.000000
vn -0.985325 -0.170688 0.000000
vn -0.876015 -0.482284 0.000000
vn -0.999720 0.023644 0.000000
vn -0.998839 0.048181 0.000000
vn -0.048181 -0.998839 0.000000
vn -0.048181 -0.998839 0.000000
vn 0.998935 0.046132 0.000000
vn 0.998839 -0.048181 0.000000
vn 0.962812 0.270173 0.000000
vn 0.423708 0.905799 0.000000
vn 0.423708 0.905799 0.000000
vn -0.346077 0.938206 0.000000
vn -0.158518 0.987356 0.000000
vn -0.499639 0.866234 0.000000
vn 0.998839 -0.048181 0.000000
vn 0.998839 -0.048181 0.000000
vn 0.000000 0.000000 1.000000
vn 0.000000 0.000000 1.000000
vn 0.000000 0.000000 1.000000
vn 0.000000 0.000000 1.000000
vn 0.000000 0.000000 1.000000
vn 0.000000 0.000000 1.000000
vn 0.000000 0.000000 1.000000
vn 0.000000 0.000000 1.000000
vn 0.000000 0.000000 1.000000
vn 0.000000 0.000000 1.000000
vn 0.000000 0.000000 1.000000
vn 0.000000 0.000000 1.000000
vn 0.000000 0.000000 1.000000
vn 0.000000 0.000000 1.000000
vn 0.000000 0.000000 1.000000
vn 0.000000 0.000000 1.000000
vn 0.000000 0.000000 1.000000
vn 0.000000 0.000000 1.000000
vn 0.000000 0.000000 -1.000000
vn 0.000000 0.000000 -1.000000
vn 0.000000 0.000000 -1.000000
vn 0.000000 0.000000 -1.000000
vn 0.000000 0.000000 -1.000000
vn 0.000000 0.000000 -1.000000
vn 0.000000 0.000000 -1.000000
vn 0.000000 0.000000 -1.000000
vn 0.000000 0.000000 -1.000000
vn 0.000000 0.000000 -1.000000
vn 0.000000 0.000000 -1.000000
vn 0.000000 0.000000 -1.000000
vn 0.000000 0.000000 -1.000000
vn 0.000000 0.000000 -1.000000
vn 0.000000 0.000000 -1.000000
vn 0.000000 0.000000 -1.000000
vn 0.000000 0.000000 -1.000000
vn 0.000000 0.000000 -1.000000
vn 0.000000 0.000000 -1.000000
vn -0.333300 0.942821 0.000000
vn -0.333300 0.942821 0.000000
vn -0.333300 0.942821 0.000000
vn -0.333300 0.942821 0.000000
vn -0.913733 0.406315 0.000000
vn -0.913733 0.406315 0.000000
vn -0.913733 0.406315 0.000000
vn -0.913733 0.406315 0.000000
vn -0.945852 -0.324597 0.000000
vn -0.945852 -0.324597 0.000000
vn -0.945852 -0.324597 0.000000
vn -0.945852 -0.324597 0.000000
vn -0.405637 -0.914034 0.000000
vn -0.405637 -0.914034 0.000000
vn -0.405637 -0.914034 0.000000
vn -0.405637 -0.914034 0.000000
vn 0.153610 -0.988132 0.000000
vn 0.393802 -0.919195 0.000000
vn 0.393802 -0.919195 0.000000
vn 0.153610 -0.988132 0.000000
vn 0.621981 -0.783032 0.000000
vn 0.621981 -0.783032 0.000000
vn 0.468178 0.883634 0.000000
vn 0.468178 0.883634 0.000000
vn 0.468178 0.883634 0.000000
vn 0.468178 0.883634 0.000000
vn -0.331827 0.943340 0.000000
vn -0.331827 0.943340 0.000000
vn -0.331827 0.943340 0.000000
vn -0.331827 0.943340 0.000000
vn 0.354905 0.934902 0.000000
vn 0.354905 0.934902 0.000000
vn 0.354905 0.934902 0.000000
vn 0.354905 0.934902 0.000000
vn 0.898378 0.439222 0.000000
vn 0.898378 0.439222 0.000000
vn 0.898378 0.439222 0.000000
vn 0.898378 0.439222 0.000000
vn -0.048181 -0.998839 0.000000
vn -0.048181 -0.998839 0.000000
vn -0.048181 -0.998839 0.000000
vn -0.048181 -0.998839 0.000000
vn 0.997723 -0.067451 0.000000
vn 0.963896 0.266277 0.000000
vn 0.963896 0.266277 0.000000
vn 0.997723 -0.067451 0.000000
vn 0.953349 0.301871 0.000000
vn 0.953349 0.301871 0.000000
vn 0.410645 0.911795 0.000000
vn 0.410645 0.911795 0.000000
vn 0.410645 0.911795 0.000000
vn 0.410645 0.911795 0.000000
vn -0.340403 -0.940279 0.000000
vn -0.340403 -0.940279 0.000000
vn -0.340403 -0.940279 0.000000
vn -0.340403 -0.940279 0.000000
vn -0.838433 -0.545005 0.000000
vn -0.838433 -0.545005 0.000000
vn -0.838433 -0.545005 0.000000
vn -0.838433 -0.545005 0.000000
vn 0.048181 0.998839 0.000000
vn 0.048181 0.998839 0.000000
vn 0.048181 0.998839 0.000000
vn 0.048181 0.998839 0.000000
vn 0.786342 -0.617791 0.000000
vn 0.786342 -0.617791 0.000000
vn 0.786342 -0.617791 0.000000
vn 0.786342 -0.617791 0.000000
vn 0.258063 -0.966128 0.000000
vn 0.258063 -0.966128 0.000000
vn 0.258063 -0.966128 0.000000
vn 0.258063 -0.966128 0.000000
vn -0.333300 0.942821 0.000000
vn -0.333300 0.942821 0.000000
vn -0.913733 0.406315 0.000000
vn -0.913733 0.406315 0.000000
vn -0.945852 -0.324597 0.000000
vn -0.945852 -0.324597 0.000000
vn -0.405637 -0.914034 0.000000
vn -0.405637 -0.914034 0.000000
vn 0.393802 -0.919195 0.000000
vn 0.153610 -0.988132 0.000000
vn 0.621981 -0.783032 0.000000
vn 0.468178 0.883634 0.000000
vn 0.468178 0.883634 0.000000
vn -0.331827 0.943340 0.000000
vn -0.331827 0.943340 0.000000
vn 0.354905 0.934902 0.000000
vn 0.354905 0.934902 0.000000
vn 0.898378 0.439222 0.000000
vn 0.898378 0.439222 0.000000
vn -0.048181 -0.998839 0.000000
vn -0.048181 -0.998839 0.000000
vn 0.963896 0.266277 0.000000
vn 0.997723 -0.067451 0.000000
vn 0.953349 0.301871 0.000000
vn 0.410645 0.911795 0.000000
vn 0.410645 0.911795 0.000000
vn -0.340403 -0.940279 0.000000
vn -0.340403 -0.940279 0.000000
vn -0.838433 -0.545005 0.000000
vn -0.838433 -0.545005 0.000000
vn 0.048181 0.998839 0.000000
vn 0.048181 0.998839 0.000000
vn 0.786342 -0.617791 0.000000
vn 0.786342 -0.617791 0.000000
vn 0.258063 -0.966128 0.000000
vn 0.258063 -0.966128 0.000000
vn -0.333300 0.942821 0.000000
vn -0.333300 0.942821 0.000000
vn -0.913733 0.406315 0.000000
vn -0.913733 0.406315 0.000000
vn -0.945852 -0.324597 0.000000
vn -0.945852 -0.324597 0.000000
vn -0.405637 -0.914034 0.000000
vn -0.405637 -0.914034 0.000000
vn 0.393802 -0.919196 0.000000
vn 0.153610 -0.988132 0.000000
vn 0.621981 -0.783032 0.000000
vn 0.468178 0.883634 0.000000
vn 0.468178 0.883634 0.000000
vn -0.331827 0.943340 0.000000
vn -0.331827 0.943340 0.000000
vn 0.354905 0.934902 0.000000
vn 0.354905 0.934902 0.000000
vn 0.898378 0.439222 0.000000
vn 0.898378 0.439222 0.000000
vn -0.048181 -0.998839 0.000000
vn -0.048181 -0.998839 0.000000
vn 0.963896 0.266277 0.000000
vn 0.997723 -0.067451 0.000000
vn 0.953349 0.301871 0.000000
vn 0.410645 0.911795 0.000000
vn 0.410645 0.911795 0.000000
vn -0.340403 -0.940279 0.000000
vn -0.340403 -0.940279 0.000000
vn -0.838433 -0.545005 0.000000
vn -0.838433 -0.545005 0.000000
vn 0.048181 0.998839 0.000000
vn 0.048181 0.998839 0.000000
vn 0.786342 -0.617791 0.000000
vn 0.786342 -0.617791 0.000000
vn 0.258063 -0.966128 0.000000
vn 0.258063 -0.966128 0.000000
vn -0.333300 0.942821 0.000000
vn -0.333300 0.942821 0.000000
vn -0.913733 0.406315 0.000000
vn -0.913733 0.406315 0.000000
vn -0.945852 -0.324597 0.000000
vn -0.945852 -0.324597 0.000000
vn -0.405637 -0.914034 0.000000
vn -0.405637 -0.914034 0.000000
vn 0.393802 -0.919196 0.000000
vn 0.153610 -0.988132 0.000000
vn 0.621981 -0.783032 0.000000
vn 0.468178 0.883634 0.000000
vn 0.468178 0.883634 0.000000
vn -0.331827 0.943340 0.000000
vn -0.331827 0.943340 0.000000
vn 0.354905 0.934902 0.000000
vn 0.354905 0.934902 0.000000
vn 0.898378 0.439222 0.000000
vn 0.898378 0.439222 0.000000
vn -0.048181 -0.998839 0.000000
vn -0.048181 -0.998839 0.000000
vn 0.963896 0.266277 0.000000
vn 0.997723 -0.067451 0.000000
vn 0.953349 0.301871 0.000000
vn 0.410645 0.911795 0.000000
vn 0.410645 0.911795 0.000000
vn -0.340403 -0.940279 0.000000
vn -0.340403 -0.940279 0.000000
vn -0.838433 -0.545005 0.000000
vn -0.838433 -0.545005 0.000000
vn 0.048181 0.998839 0.000000
vn 0.048181 0.998839 0.000000
vn 0.786342 -0.617791 0.000000
vn 0.786342 -0.617791 0.000000
vn 0.258063 -0.966128 0.000000
vn 0.258063 -0.966128 0.000000
vn -0.000000 0.000000 1.000000
vn -0.000000 0.000000 1.000000
vn -0.000000 0.000000 1.000000
vn -0.000000 0.000000 1.000000
vn -0.000000 0.000000 1.000000
vn -0.000000 0.000000 1.000000
vn -0.000000 0.000000 1.000000
vn -0.000000 0.000000 1.000000
vn -0.000000 0.000000 1.000000
vn -0.000000 0.000000 1.000000
vn -0.000000 0.000000 1.000000
vn -0.000000 0.000000 1.000000
vn -0.000000 0.000000 1.000000
vn -0.000000 0.000000 1.000000
vn -0.000000 0.000000 1.000000
vn -0.000000 0.000000 1.000000
vn -0.000000 0.000000 1.000000
vn -0.000000 0.000000 1.000000
vn -0.000000 0.000000 1.000000
vn 0.000000 0.000000 -1.000000
vn 0.000000 0.000000 -1.000000
vn 0.000000 0.000000 -1.000000
vn 0.000000 0.000000 -1.000000
vn 0.000000 0.000000 -1.000000
vn 0.000000 0.000000 -1.000000
vn 0.000000 0.000000 -1.000000
vn 0.000000 0.000000 -1.000000
vn 0.000000 0.000000 -1.000000
vn 0.000000 0.000000 -1.000000
vn 0.000000 0.000000 -1.000000
vn 0.000000 0.000000 -1.000000
vn 0.000000 0.000000 -1.000000
vn 0.000000 0.000000 -1.000000
vn 0.000000 0.000000 -1.000000
vn 0.000000 0.000000 -1.000000
vn 0.000000 0.000000 -1.000000
vn 0.000000 0.000000 -1.000000
vn 0.000000 0.000000 -1.000000
vn 0.000000 0.000000 -1.000000
vn 0.000000 0.000000 -1.000000
vn 0.000000 0.000000 -1.000000
vn 0.000000 0.000000 -1.000000
vn 0.000000 0.000000 -1.000000
vn 0.000000 0.000000 -1.000000
vn 0.000000 0.000000 -1.000000
vn 0.000000 0.000000 -1.000000
vn 0.097487 0.995237 0.000000
vn 0.048181 0.998839 0.000000
vn 0.048181 0.998839 0.000000
vn 0.097487 0.995237 0.000000
vn -0.998839 0.048181 0.000000
vn -0.998839 0.048181 0.000000
vn -0.998839 0.048181 0.000000
vn -0.998839 0.048181 0.000000
vn -0.048181 -0.998839 0.000000
vn 0.024649 -0.999696 0.000000
vn 0.024649 -0.999696 0.000000
vn -0.048181 -0.998839 0.000000
vn 0.130256 -0.991480 0.000000
vn 0.130256 -0.991480 0.000000
vn 0.642164 -0.766568 0.000000
vn 0.642164 -0.766568 0.000000
vn 0.642164 -0.766568 0.000000
vn 0.642164 -0.766568 0.000000
vn 0.947837 -0.318755 0.000000
vn 0.947837 -0.318755 0.000000
vn 0.947837 -0.318755 0.000000
vn 0.947837 -0.318755 0.000000
vn 0.975377 0.220544 0.000000
vn 0.975377 0.220544 0.000000
vn 0.975377 0.220544 0.000000
vn 0.975377 0.220544 0.000000
vn 0.663213 0.748431 0.000000
vn 0.663213 0.748431 0.000000
vn 0.663213 0.748431 0.000000
vn 0.663213 0.748431 0.000000
vn 0.710727 -0.703468 0.000000
vn 0.857050 -0.515234 0.000000
vn 0.857050 -0.515234 0.000000
vn 0.710727 -0.703468 0.000000
vn 0.961880 -0.273471 0.000000
vn 0.961880 -0.273471 0.000000
vn 0.959025 0.283322 0.000000
vn 0.959025 0.283322 0.000000
vn 0.959025 0.283322 0.000000
vn 0.959025 0.283322 0.000000
vn 0.566259 0.824227 0.000000
vn 0.341066 0.940040 0.000000
vn 0.341066 0.940040 0.000000
vn 0.566259 0.824227 0.000000
vn -0.230590 -0.973051 0.000000
vn -0.273084 -0.961990 0.000000
vn -0.273084 -0.961990 0.000000
vn -0.230590 -0.973051 0.000000
vn -0.922983 -0.384842 0.000000
vn -0.922983 -0.384842 0.000000
vn -0.922983 -0.384842 0.000000
vn -0.922983 -0.384842 0.000000
vn -0.881910 0.471418 0.000000
vn -0.881910 0.471418 0.000000
vn -0.881910 0.471418 0.000000
vn -0.881910 0.471418 0.000000
vn -0.136328 0.990664 0.000000
vn -0.094756 0.995501 0.000000
vn -0.094756 0.995501 0.000000
vn -0.136328 0.990664 0.000000
vn 0.048181 0.998839 0.000000
vn 0.048181 0.998839 0.000000
vn 0.998839 -0.048181 0.000000
vn 0.998839 -0.048181 0.000000
vn 0.998839 -0.048181 0.000000
vn 0.998839 -0.048181 0.000000
vn -0.048181 -0.998839 0.000000
vn -0.048181 -0.998839 0.000000
vn -0.231620 -0.972806 0.000000
vn -0.317654 -0.948207 0.000000
vn -0.317654 -0.948207 0.000000
vn -0.231620 -0.972806 0.000000
vn -0.936426 -0.350865 0.000000
vn -0.936426 -0.350865 0.000000
vn -0.936426 -0.350865 0.000000
vn -0.936426 -0.350865 0.000000
vn -0.900547 0.434759 0.000000
vn -0.900547 0.434759 0.000000
vn -0.900547 0.434759 0.000000
vn -0.900547 0.434759 0.000000
vn -0.225317 0.974285 0.000000
vn -0.150103 0.988670 0.000000
vn -0.150103 0.988670 0.000000
vn -0.225317 0.974285 0.000000
vn 0.048181 0.998839 0.000000
vn 0.048181 0.998839 0.000000
vn 0.998839 -0.048181 0.000000
vn 0.998839 -0.048181 0.000000
vn 0.998839 -0.048181 0.000000
vn 0.998839 -0.048181 0.000000
vn -0.048181 -0.998839 0.000000
vn -0.048181 -0.998839 0.000000
vn 0.048181 0.998839 0.000000
vn 0.097487 0.995237 0.000000
vn -0.998839 0.048181 0.000000
vn -0.998839 0.048181 0.000000
vn 0.024649 -0.999696 0.000000
vn -0.048181 -0.998839 0.000000
vn 0.130256 -0.991480 0.000000
vn 0.642164 -0.766567 0.000000
vn 0.642164 -0.766567 0.000000
vn 0.947837 -0.318755 0.000000
vn 0.947837 -0.318755 0.000000
vn 0.975377 0.220544 0.000000
vn 0.975377 0.220544 0.000000
vn 0.663213 0.748431 0.000000
vn 0.663213 0.748431 0.000000
vn 0.857050 -0.515234 0.000000
vn 0.710727 -0.703468 0.000000
vn 0.961880 -0.273471 0.000000
vn 0.959025 0.283322 0.000000
vn 0.959025 0.283322 0.000000
vn 0.341066 0.940040 0.000000
vn 0.566259 0.824227 0.000000
vn -0.273084 -0.961990 0.000000
vn -0.230590 -0.973051 0.000000
vn -0.922983 -0.384842 0.000000
vn -0.922983 -0.384842 0.000000
vn -0.881910 0.471418 0.000000
vn -0.881910 0.471418 0.000000
vn -0.094756 0.995501 0.000000
vn -0.136328 0.990664 0.000000
vn 0.048181 0.998839 0.000000
vn 0.998839 -0.048181 0.000000
vn 0.998839 -0.048181 0.000000
vn -0.048181 -0.998839 0.000000
vn -0.317654 -0.948207 0.000000
vn -0.231620 -0.972806 0.000000
vn -0.936426 -0.350865 0.000000
vn -0.936426 -0.350865 0.000000
vn -0.900547 0.434759 0.000000
vn -0.900547 0.434759 0.000000
vn -0.150103 0.988670 0.000000
vn -0.225317 0.974285 0.000000
vn 0.048181 0.998839 0.000000
vn 0.998839 -0.048181 0.000000
vn 0.998839 -0.048181 0.000000
vn -0.048181 -0.998839 0.000000
vn 0.048181 0.998839 0.000000
vn 0.097487 0.995237 0.000000
vn -0.998839 0.048181 0.000000
vn -0.998839 0.048181 0.000000
vn 0.024649 -0.999696 0.000000
vn -0.048181 -0.998839 0.000000
vn 0.130256 -0.991480 0.000000
vn 0.642164 -0.766567 0.000000
vn 0.642164 -0.766567 0.000000
vn 0.947837 -0.318755 0.000000
vn 0.947837 -0.318755 0.000000
vn 0.975377 0.220544 0.000000
vn 0.975377 0.220544 0.000000
vn 0.663213 0.748431 0.000000
vn 0.663213 0.748431 0.000000
vn 0.857050 -0.515234 0.000000
vn 0.710727 -0.703468 0.000000
vn 0.961880 -0.273471 0.000000
vn 0.959025 0.283322 0.000000
vn 0.959025 0.283322 0.000000
vn 0.341066 0.940040 0.000000
vn 0.566259 0.824227 0.000000
vn -0.273084 -0.961990 0.000000
vn -0.230590 -0.973051 0.000000
vn -0.922982 -0.384842 0.000000
vn -0.922982 -0.384842 0.000000
vn -0.881910 0.471418 0.000000
vn -0.881910 0.471418 0.000000
vn -0.094756 0.995501 0.000000
vn -0.136328 0.990664 0.000000
vn 0.048181 0.998839 0.000000
vn 0.998839 -0.048181 0.000000
vn 0.998839 -0.048181 0.000000
vn -0.048181 -0.998839 0.000000
vn -0.317654 -0.948207 0.000000
vn -0.231620 -0.972806 0.000000
vn -0.936426 -0.350865 0.000000
vn -0.936426 -0.350865 0.000000
vn -0.900547 0.434759 0.000000
vn -0.900547 0.434759 0.000000
vn -0.150103 0.988670 0.000000
vn -0.225317 0.974285 0.000000
vn 0.048181 0.998839 0.000000
vn 0.998839 -0.048181 0.000000
vn 0.998839 -0.048181 0.000000
vn -0.048181 -0.998839 0.000000
vn 0.048181 0.998839 0.000000
vn 0.097487 0.995237 0.000000
vn -0.998839 0.048181 0.000000
vn -0.998839 0.048181 0.000000
vn 0.024649 -0.999696 0.000000
vn -0.048181 -0.998839 0.000000
vn 0.130256 -0.991480 0.000000
vn 0.642164 -0.766568 0.000000
vn 0.642164 -0.766568 0.000000
vn 0.947837 -0.318755 0.000000
vn 0.947837 -0.318755 0.000000
vn 0.975377 0.220544 0.000000
vn 0.975377 0.220544 0.000000
vn 0.663213 0.748431 0.000000
vn 0.663213 0.748431 0.000000
vn 0.857050 -0.515234 0.000000
vn 0.710727 -0.703468 0.000000
vn 0.961880 -0.273471 0.000000
vn 0.959025 0.283322 0.000000
vn 0.959025 0.283322 0.000000
vn 0.341066 0.940040 0.000000
vn 0.566260 0.824227 0.000000
vn -0.273084 -0.961990 0.000000
vn -0.230590 -0.973051 0.000000
vn -0.922983 -0.384842 0.000000
vn -0.922983 -0.384842 0.000000
vn -0.881910 0.471418 0.000000
vn -0.881910 0.471418 0.000000
vn -0.094756 0.995501 0.000000
vn -0.136328 0.990664 0.000000
vn 0.048181 0.998839 0.000000
vn 0.998839 -0.048181 0.000000
vn 0.998839 -0.048181 0.000000
vn -0.048181 -0.998839 0.000000
vn -0.317654 -0.948207 0.000000
vn -0.231620 -0.972806 0.000000
vn -0.936426 -0.350865 0.000000
vn -0.936426 -0.350865 0.000000
vn -0.900547 0.434759 0.000000
vn -0.900547 0.434759 0.000000
vn -0.150103 0.988670 0.000000
vn -0.225317 0.974285 0.000000
vn 0.048181 0.998839 0.000000
vn 0.998839 -0.048181 0.000000
vn 0.998839 -0.048181 0.000000
vn -0.048181 -0.998839 0.000000
vn -0.000000 0.000000 1.000000
vn -0.000000 0.000000 1.000000
vn -0.000000 0.000000 1.000000
vn -0.000000 0.000000 1.000000
vn -0.000000 0.000000 1.000000
vn -0.000000 0.000000 1.000000
vn -0.000000 0.000000 1.000000
vn -0.000000 0.000000 1.000000
vn -0.000000 0.000000 1.000000
vn -0.000000 0.000000 1.000000
vn -0.000000 0.000000 1.000000
vn -0.000000 0.000000 1.000000
vn -0.000000 0.000000 1.000000
vn -0.000000 0.000000 1.000000
vn -0.000000 0.000000 1.000000
vn -0.000000 0.000000 1.000000
vn -0.000000 0.000000 1.000000
vn -0.000000 0.000000 1.000000
vn -0.000000 0.000000 1.000000
vn -0.000000 0.000000 1.000000
vn -0.000000 0.000000 1.000000
vn -0.000000 0.000000 1.000000
vn -0.000000 0.000000 1.000000
vn -0.000000 0.000000 1.000000
vn -0.000000 0.000000 1.000000
vn -0.000000 0.000000 1.000000
vn -0.000000 0.000000 1.000000
vn 0.000000 0.000000 -1.000000
vn 0.000000 0.000000 -1.000000
vn 0.000000 0.000000 -1.000000
vn 0.000000 0.000000 -1.000000
vn 0.048181 0.998839 0.000000
vn 0.048181 0.998839 0.000000
vn 0.048181 0.998839 0.000000
vn 0.048181 0.998839 0.000000
vn -0.998839 0.048181 0.000000
vn -0.998839 0.048181 0.000000
vn -0.998839 0.048181 0.000000
vn -0.998839 0.048181 0.000000
vn -0.048181 -0.998839 0.000000
vn -0.048181 -0.998839 0.000000
vn -0.048181 -0.998839 0.000000
vn -0.048181 -0.998839 0.000000
vn 0.998839 -0.048181 0.000000
vn 0.998839 -0.048181 0.000000
vn 0.998839 -0.048181 0.000000
vn 0.998839 -0.048181 0.000000
vn 0.048181 0.998839 0.000000
vn 0.048181 0.998839 0.000000
vn -0.998839 0.048181 0.000000
vn -0.998839 0.048181 0.000000
vn -0.048181 -0.998839 0.000000
vn -0.048181 -0.998839 0.000000
vn 0.998839 -0.048181 0.000000
vn 0.998839 -0.048181 0.000000
vn 0.048181 0.998839 0.000000
vn 0.048181 0.998839 0.000000
vn -0.998839 0.048181 0.000000
vn -0.998839 0.048181 0.000000
vn -0.048181 -0.998839 0.000000
vn -0.048181 -0.998839 0.000000
vn 0.998839 -0.048181 0.000000
vn 0.998839 -0.048181 0.000000
vn 0.048181 0.998839 0.000000
vn 0.048181 0.998839 0.000000
vn -0.998839 0.048181 0.000000
vn -0.998839 0.048181 0.000000
vn -0.048181 -0.998839 0.000000
vn -0.048181 -0.998839 0.000000
vn 0.998839 -0.048181 0.000000
vn 0.998839 -0.048181 0.000000
vn 0.000000 0.000000 1.000000
vn 0.000000 0.000000 1.000000
vn 0.000000 0.000000 1.000000
vn 0.000000 0.000000 1.000000
vn 0.000000 0.000000 -1.000000
vn 0.000000 0.000000 -1.000000
vn 0.000000 0.000000 -1.000000
vn 0.000000 0.000000 -1.000000
vn 0.000000 0.000000 -1.000000
vn 0.000000 0.000000 -1.000000
vn 0.000000 0.000000 -1.000000
vn 0.000000 0.000000 -1.000000
vn -0.339102 0.940750 0.000000
vn -0.339102 0.940750 0.000000
vn -0.339102 0.940750 0.000000
vn -0.339102 0.940750 0.000000
vn -0.904657 0.426141 0.000000
vn -0.904657 0.426141 0.000000
vn -0.904657 0.426141 0.000000
vn -0.904657 0.426141 0.000000
vn -0.944477 -0.328579 0.000000
vn -0.944477 -0.328579 0.000000
vn -0.944477 -0.328579 0.000000
vn -0.944477 -0.328579 0.000000
vn -0.433474 -0.901166 0.000000
vn -0.433474 -0.901166 0.000000
vn -0.433474 -0.901166 0.000000
vn -0.433474 -0.901166 0.000000
vn 0.345129 -0.938555 0.000000
vn 0.345129 -0.938555 0.000000
vn 0.345129 -0.938555 0.000000
vn 0.345129 -0.938555 0.000000
vn 0.906459 -0.422294 0.000000
vn 0.906459 -0.422294 0.000000
vn 0.906459 -0.422294 0.000000
vn 0.906459 -0.422294 0.000000
vn 0.943167 0.332320 0.000000
vn 0.943167 0.332320 0.000000
vn 0.943167 0.332320 0.000000
vn 0.943167 0.332320 0.000000
vn 0.433057 0.901367 0.000000
vn 0.433057 0.901367 0.000000
vn 0.433057 0.901367 0.000000
vn 0.433057 0.901367 0.000000
vn -0.339102 0.940750 0.000000
vn -0.339102 0.940750 0.000000
vn -0.904657 0.426141 0.000000
vn -0.904657 0.426141 0.000000
vn -0.944477 -0.328579 0.000000
vn -0.944477 -0.328579 0.000000
vn -0.433474 -0.901166 0.000000
vn -0.433474 -0.901166 0.000000
vn 0.345129 -0.938555 0.000000
vn 0.345129 -0.938555 0.000000
vn 0.906459 -0.422294 0.000000
vn 0.906459 -0.422294 0.000000
vn 0.943167 0.332320 0.000000
vn 0.943167 0.332320 0.000000
vn 0.433057 0.901367 0.000000
vn 0.433057 0.901367 0.000000
vn -0.339102 0.940750 0.000000
vn -0.339102 0.940750 0.000000
vn -0.904657 0.426141 0.000000
vn -0.904657 0.426141 0.000000
vn -0.944477 -0.328579 0.000000
vn -0.944477 -0.328579 0.000000
vn -0.433474 -0.901166 0.000000
vn -0.433474 -0.901166 0.000000
vn 0.345129 -0.938555 0.000000
vn 0.345129 -0.938555 0.000000
vn 0.906459 -0.422294 0.000000
vn 0.906459 -0.422294 0.000000
vn 0.943167 0.332320 0.000000
vn 0.943167 0.332320 0.000000
vn 0.433057 0.901367 0.000000
vn 0.433057 0.901367 0.000000
vn -0.339102 0.940750 0.000000
vn -0.339102 0.940750 0.000000
vn -0.904657 0.426141 0.000000
vn -0.904657 0.426141 0.000000
vn -0.944477 -0.328579 0.000000
vn -0.944477 -0.328579 0.000000
vn -0.433474 -0.901166 0.000000
vn -0.433474 -0.901166 0.000000
vn 0.345129 -0.938555 0.000000
vn 0.345129 -0.938555 0.000000
vn 0.906459 -0.422294 0.000000
vn 0.906459 -0.422294 0.000000
vn 0.943167 0.332320 0.000000
vn 0.943167 0.332320 0.000000
vn 0.433057 0.901367 0.000000
vn 0.433057 0.901367 0.000000
vn 0.000000 -0.000000 1.000000
vn 0.000000 -0.000000 1.000000
vn 0.000000 -0.000000 1.000000
vn 0.000000 -0.000000 1.000000
vn 0.000000 -0.000000 1.000000
vn 0.000000 -0.000000 1.000000
vn 0.000000 -0.000000 1.000000
vn 0.000000 -0.000000 1.000000
vn 0.000000 0.000000 -1.000000
vn 0.000000 0.000000 -1.000000
vn 0.000000 0.000000 -1.000000
vn 0.000000 0.000000 -1.000000
vn 0.000000 0.000000 -1.000000
vn 0.000000 0.000000 -1.000000
vn 0.000000 0.000000 -1.000000
vn 0.000000 0.000000 -1.000000
vn 0.000000 0.000000 -1.000000
vn 0.000000 0.000000 -1.000000
vn 0.000000 0.000000 -1.000000
vn 0.000000 0.000000 -1.000000
vn 0.000000 0.000000 -1.000000
vn 0.000000 0.000000 -1.000000
vn 0.000000 0.000000 -1.000000
vn 0.000000 0.000000 -1.000000
vn 0.000000 0.000000 -1.000000
vn 0.000000 0.000000 -1.000000
vn 0.000000 0.000000 -1.000000
vn 0.000000 0.000000 -1.000000
vn 0.000000 0.000000 -1.000000
vn 0.000000 0.000000 -1.000000
vn 0.000000 0.000000 -1.000000
vn 0.000000 0.000000 -1.000000
vn 0.000000 0.000000 -1.000000
vn 0.000000 0.000000 -1.000000
vn 0.000000 0.000000 -1.000000
vn 0.000000 0.000000 -1.000000
vn 0.000000 0.000000 -1.000000
vn 0.000000 0.000000 -1.000000
vn -0.334669 0.942336 0.000000
vn -0.334669 0.942336 0.000000
vn -0.334669 0.942336 0.000000
vn -0.334669 0.942336 0.000000
vn -0.914971 0.403519 0.000000
vn -0.914971 0.403519 0.000000
vn -0.914971 0.403519 0.000000
vn -0.914971 0.403519 0.000000
vn -0.951493 -0.307672 0.000000
vn -0.951493 -0.307672 0.000000
vn -0.951493 -0.307672 0.000000
vn -0.951493 -0.307672 0.000000
vn -0.436545 -0.899682 0.000000
vn -0.436545 -0.899682 0.000000
vn -0.436545 -0.899682 0.000000
vn -0.436545 -0.899682 0.000000
vn 0.125637 -0.992076 0.000000
vn 0.333544 -0.942735 0.000000
vn 0.333544 -0.942735 0.000000
vn 0.125637 -0.992076 0.000000
vn 0.524916 -0.851154 0.000000
vn 0.524916 -0.851154 0.000000
vn -0.981042 0.193795 0.000000
vn -0.981042 0.193795 0.000000
vn -0.981042 0.193795 0.000000
vn -0.981042 0.193795 0.000000
vn -0.645471 0.763785 0.000000
vn -0.645471 0.763785 0.000000
vn -0.645471 0.763785 0.000000
vn -0.645471 0.763785 0.000000
vn -0.141080 0.989998 0.000000
vn 0.016046 0.999871 0.000000
vn 0.016046 0.999871 0.000000
vn -0.141080 0.989998 0.000000
vn 0.391013 0.920385 0.000000
vn 0.391013 0.920385 0.000000
vn 0.598513 0.801113 0.000000
vn 0.598513 0.801113 0.000000
vn 0.048181 0.998839 0.000000
vn 0.048181 0.998839 0.000000
vn 0.048181 0.998839 0.000000
vn 0.048181 0.998839 0.000000
vn -0.885141 -0.465322 0.000000
vn -0.752530 -0.658558 0.000000
vn -0.752530 -0.658558 0.000000
vn -0.885141 -0.465322 0.000000
vn -0.373513 -0.927625 0.000000
vn -0.373513 -0.927625 0.000000
vn 0.138531 -0.990358 0.000000
vn 0.138531 -0.990358 0.000000
vn 0.319634 -0.947541 0.000000
vn 0.319634 -0.947541 0.000000
vn 0.950770 -0.309897 0.000000
vn 0.991436 -0.130598 0.000000
vn 0.991436 -0.130598 0.000000
vn 0.950770 -0.309897 0.000000
vn 0.998839 -0.048181 0.000000
vn 0.998839 -0.048181 0.000000
vn 0.048181 0.998839 0.000000
vn 0.048181 0.998839 0.000000
vn 0.048181 0.998839 0.000000
vn 0.048181 0.998839 0.000000
vn -0.998839 0.048181 0.000000
vn -0.998839 0.048181 0.000000
vn -0.998839 0.048181 0.000000
vn -0.998839 0.048181 0.000000
vn 0.600179 0.799866 0.000000
vn 0.438076 0.898938 0.000000
vn 0.438076 0.898938 0.000000
vn 0.600179 0.799866 0.000000
vn 0.237917 0.971286 0.000000
vn 0.237917 0.971286 0.000000
vn -0.413545 -0.910484 0.000000
vn -0.413545 -0.910484 0.000000
vn -0.413545 -0.910484 0.000000
vn -0.413545 -0.910484 0.000000
vn -0.952001 -0.306094 0.000000
vn -0.952001 -0.306094 0.000000
vn -0.952001 -0.306094 0.000000
vn -0.952001 -0.306094 0.000000
vn -0.920083 0.391724 0.000000
vn -0.920083 0.391724 0.000000
vn -0.920083 0.391724 0.000000
vn -0.920083 0.391724 0.000000
vn -0.330832 0.943690 0.000000
vn -0.330832 0.943690 0.000000
vn -0.330832 0.943690 0.000000
vn -0.330832 0.943690 0.000000
vn 0.417892 0.908497 0.000000
vn 0.417892 0.908497 0.000000
vn 0.417892 0.908497 0.000000
vn 0.417892 0.908497 0.000000
vn 0.949258 0.314499 0.000000
vn 0.949258 0.314499 0.000000
vn 0.949258 0.314499 0.000000
vn 0.949258 0.314499 0.000000
vn 0.914390 -0.404835 0.000000
vn 0.914390 -0.404835 0.000000
vn 0.914390 -0.404835 0.000000
vn 0.914390 -0.404835 0.000000
vn 0.331223 -0.943552 0.000000
vn 0.331223 -0.943552 0.000000
vn 0.331223 -0.943552 0.000000
vn 0.331223 -0.943552 0.000000
vn -0.334669 0.942336 0.000000
vn -0.334669 0.942336 0.000000
vn -0.914971 0.403519 0.000000
vn -0.914971 0.403519 0.000000
vn -0.951493 -0.307672 0.000000
vn -0.951493 -0.307672 0.000000
vn -0.436545 -0.899682 0.000000
vn -0.436545 -0.899682 0.000000
vn 0.333544 -0.942735 0.000000
vn 0.125637 -0.992076 0.000000
vn 0.524916 -0.851154 0.000000
vn -0.981042 0.193795 0.000000
vn -0.981042 0.193795 0.000000
vn -0.645471 0.763785 0.000000
vn -0.645471 0.763785 0.000000
vn 0.016046 0.999871 0.000000
vn -0.141080 0.989998 0.000000
vn 0.391013 0.920385 0.000000
vn 0.598513 0.801113 0.000000
vn 0.048181 0.998839 0.000000
vn 0.048181 0.998839 0.000000
vn -0.752530 -0.658558 0.000000
vn -0.885142 -0.465322 0.000000
vn -0.373513 -0.927625 0.000000
vn 0.138531 -0.990358 0.000000
vn 0.319634 -0.947541 0.000000
vn 0.991436 -0.130598 0.000000
vn 0.950770 -0.309897 0.000000
vn 0.998839 -0.048181 0.000000
vn 0.048181 0.998839 0.000000
vn 0.048181 0.998839 0.000000
vn -0.998839 0.048181 0.000000
vn -0.998839 0.048181 0.000000
vn 0.438076 0.898938 0.000000
vn 0.600179 0.799866 0.000000
vn 0.237917 0.971286 0.000000
vn -0.413545 -0.910484 0.000000
vn -0.413545 -0.910484 0.000000
vn -0.952001 -0.306094 0.000000
vn -0.952001 -0.306094 0.000000
vn -0.920083 0.391724 0.000000
vn -0.920083 0.391724 0.000000
vn -0.330832 0.943690 0.000000
vn -0.330832 0.943690 0.000000
vn 0.417892 0.908497 0.000000
vn 0.417892 0.908497 0.000000
vn 0.949258 0.314499 0.000000
vn 0.949258 0.314499 0.000000
vn 0.914390 -0.404835 0.000000
vn 0.914390 -0.404835 0.000000
vn 0.331223 -0.943552 0.000000
vn 0.331223 -0.943552 0.000000
vn -0.334669 0.942336 0.000000
vn -0.334669 0.942336 0.000000
vn -0.914971 0.403519 0.000000
vn -0.914971 0.403519 0.000000
vn -0.951493 -0.307672 0.000000
vn -0.951493 -0.307672 0.000000
vn -0.436545 -0.899682 0.000000
vn -0.436545 -0.899682 0.000000
vn 0.333544 -0.942735 0.000000
vn 0.125637 -0.992076 0.000000
vn 0.524916 -0.851154 0.000000
vn -0.981042 0.193795 0.000000
vn -0.981042 0.193795 0.000000
vn -0.645471 0.763785 0.000000
vn -0.645471 0.763785 0.000000
vn 0.016046 0.999871 0.000000
vn -0.141080 0.989998 0.000000
vn 0.391013 0.920385 0.000000
vn 0.598513 0.801113 0.000000
vn 0.048181 0.998839 0.000000
vn 0.048181 0.998839 0.000000
vn -0.752530 -0.658558 0.000000
vn -0.885142 -0.465322 0.000000
vn -0.373513 -0.927625 0.000000
vn 0.138531 -0.990358 0.000000
vn 0.319634 -0.947541 0.000000
vn 0.991435 -0.130598 0.000000
vn 0.950770 -0.309897 0.000000
vn 0.998839 -0.048181 0.000000
vn 0.048181 0.998839 0.000000
vn 0.048181 0.998839 0.000000
vn -0.998839 0.048181 0.000000
vn -0.998839 0.048181 0.000000
vn 0.438076 0.898938 0.000000
vn 0.600179 0.799866 0.000000
vn 0.237917 0.971286 0.000000
vn -0.413545 -0.910484 0.000000
vn -0.413545 -0.910484 0.000000
vn -0.952001 -0.306094 0.000000
vn -0.952001 -0.306094 0.000000
vn -0.920083 0.391724 0.000000
vn -0.920083 0.391724 0.000000
vn -0.330832 0.943690 0.000000
vn -0.330832 0.943690 0.000000
vn 0.417892 0.908497 0.000000
vn 0.417892 0.908497 0.000000
vn 0.949258 0.314499 0.000000
vn 0.949258 0.314499 0.000000
vn 0.914390 -0.404835 0.000000
vn 0.914390 -0.404835 0.000000
vn 0.331223 -0.943552 0.000000
vn 0.331223 -0.943552 0.000000
vn -0.334669 0.942336 0.000000
vn -0.334669 0.942336 0.000000
vn -0.914971 0.403519 0.000000
vn -0.914971 0.403519 0.000000
vn -0.951493 -0.307672 0.000000
vn -0.951493 -0.307672 0.000000
vn -0.436545 -0.899682 0.000000
vn -0.436545 -0.899682 0.000000
vn 0.333544 -0.942735 0.000000
vn 0.125637 -0.992076 0.000000
vn 0.524916 -0.851154 0.000000
vn -0.981042 0.193795 0.000000
vn -0.981042 0.193795 0.000000
vn -0.645471 0.763785 0.000000
vn -0.645471 0.763785 0.000000
vn 0.016046 0.999871 0.000000
vn -0.141080 0.989998 0.000000
vn 0.391013 0.920385 0.000000
vn 0.598513 0.801113 0.000000
vn 0.048181 0.998839 0.000000
vn 0.048181 0.998839 0.000000
vn -0.752530 -0.658558 0.000000
vn -0.885141 -0.465322 0.000000
vn -0.373513 -0.927625 0.000000
vn 0.138531 -0.990358 0.000000
vn 0.319634 -0.947541 0.000000
vn 0.991435 -0.130598 0.000000
vn 0.950770 -0.309897 0.000000
vn 0.998839 -0.048181 0.000000
vn 0.048181 0.998839 0.000000
vn 0.048181 0.998839 0.000000
vn -0.998839 0.048181 0.000000
vn -0.998839 0.048181 0.000000
vn 0.438076 0.898938 0.000000
vn 0.600179 0.799866 0.000000
vn 0.237917 0.971286 0.000000
vn -0.413545 -0.910484 0.000000
vn -0.413545 -0.910484 0.000000
vn -0.952001 -0.306094 0.000000
vn -0.952001 -0.306094 0.000000
vn -0.920083 0.391724 0.000000
vn -0.920083 0.391724 0.000000
vn -0.330832 0.943690 0.000000
vn -0.330832 0.943690 0.000000
vn 0.417892 0.908497 0.000000
vn 0.417892 0.908497 0.000000
vn 0.949258 0.314499 0.000000
vn 0.949258 0.314499 0.000000
vn 0.914390 -0.404835 0.000000
vn 0.914390 -0.404835 0.000000
vn 0.331223 -0.943552 0.000000
vn 0.331223 -0.943552 0.000000
vn -0.000000 0.000000 1.000000
vn -0.000000 0.000000 1.000000
vn -0.000000 0.000000 1.000000
vn -0.000000 0.000000 1.000000
vn -0.000000 0.000000 1.000000
vn -0.000000 0.000000 1.000000
vn -0.000000 0.000000 1.000000
vn -0.000000 0.000000 1.000000
vn -0.000000 0.000000 1.000000
vn -0.000000 0.000000 1.000000
vn -0.000000 0.000000 1.000000
vn -0.000000 0.000000 1.000000
vn -0.000000 0.000000 1.000000
vn -0.000000 0.000000 1.000000
vn -0.000000 0.000000 1.000000
vn -0.000000 0.000000 1.000000
vn -0.000000 0.000000 1.000000
vn -0.000000 0.000000 1.000000
vn -0.000000 0.000000 1.000000
vn -0.000000 0.000000 1.000000
vn -0.000000 0.000000 1.000000
vn -0.000000 0.000000 1.000000
vn -0.000000 0.000000 1.000000
vn -0.000000 0.000000 1.000000
vn -0.000000 0.000000 1.000000
vn -0.000000 0.000000 1.000000
vn -0.000000 0.000000 1.000000
vn -0.000000 0.000000 1.000000
vn -0.000000 0.000000 1.000000
vn -0.000000 0.000000 1.000000
vn 0.000000 0.000000 -1.000000
vn 0.000000 0.000000 -1.000000
vn 0.000000 0.000000 -1.000000
vn 0.000000 0.000000 -1.000000
vn 0.048181 0.998839 0.000000
vn 0.048181 0.998839 0.000000
vn 0.048181 0.998839 0.000000
vn 0.048181 0.998839 0.000000
vn -0.998839 0.048181 0.000000
vn -0.998839 0.048181 0.000000
vn -0.998839 0.048181 0.000000
vn -0.998839 0.048181 0.000000
vn -0.048181 -0.998839 0.000000
vn -0.048181 -0.998839 0.000000
vn -0.048181 -0.998839 0.000000
vn -0.048181 -0.998839 0.000000
vn 0.998839 -0.048181 0.000000
vn 0.998839 -0.048181 0.000000
vn 0.998839 -0.048181 0.000000
vn 0.998839 -0.048181 0.000000
vn 0.048181 0.998839 0.000000
vn 0.048181 0.998839 0.000000
vn -0.998839 0.048181 0.000000
vn -0.998839 0.048181 0.000000
vn -0.048181 -0.998839 0.000000
vn -0.048181 -0.998839 0.000000
vn 0.998839 -0.048181 0.000000
vn 0.998839 -0.048181 0.000000
vn 0.048181 0.998839 0.000000
vn 0.048181 0.998839 0.000000
vn -0.998839 0.048181 0.000000
vn -0.998839 0.048181 0.000000
vn -0.048181 -0.998839 0.000000
vn -0.048181 -0.998839 0.000000
vn 0.998839 -0.048181 0.000000
vn 0.998839 -0.048181 0.000000
vn 0.048181 0.998839 0.000000
vn 0.048181 0.998839 0.000000
vn -0.998839 0.048181 0.000000
vn -0.998839 0.048181 0.000000
vn -0.048181 -0.998839 0.000000
vn -0.048181 -0.998839 0.000000
vn 0.998839 -0.048181 0.000000
vn 0.998839 -0.048181 0.000000
vn 0.000000 0.000000 1.000000
vn 0.000000 0.000000 1.000000
vn 0.000000 0.000000 1.000000
vn 0.000000 0.000000 1.000000
vn 0.000000 0.000000 -1.000000
vn 0.000000 0.000000 -1.000000
vn 0.000000 0.000000 -1.000000
vn 0.000000 0.000000 -1.000000
vn 0.000000 0.000000 -1.000000
vn 0.000000 0.000000 -1.000000
vn 0.000000 0.000000 -1.000000
vn 0.000000 0.000000 -1.000000
vn 0.000000 0.000000 -1.000000
vn 0.000000 0.000000 -1.000000
vn 0.000000 0.000000 -1.000000
vn 0.000000 0.000000 -1.000000
vn 0.048181 0.998839 0.000000
vn 0.048181 0.998839 0.000000
vn 0.048181 0.998839 0.000000
vn 0.048181 0.998839 0.000000
vn -0.998839 0.048181 0.000000
vn -0.998839 0.048181 0.000000
vn -0.998839 0.048181 0.000000
vn -0.998839 0.048181 0.000000
vn -0.048181 -0.998839 0.000000
vn -0.048181 -0.998839 0.000000
vn -0.048181 -0.998839 0.000000
vn -0.048181 -0.998839 0.000000
vn 0.998839 -0.048181 0.000000
vn 0.998839 -0.048181 0.000000
vn 0.998839 -0.048181 0.000000
vn 0.998839 -0.048181 0.000000
vn -0.048181 -0.998839 0.000000
vn -0.048181 -0.998839 0.000000
vn -0.048181 -0.998839 0.000000
vn -0.048181 -0.998839 0.000000
vn -0.998839 0.048181 0.000000
vn -0.998839 0.048181 0.000000
vn -0.998839 0.048181 0.000000
vn -0.998839 0.048181 0.000000
vn -0.048181 -0.998839 0.000000
vn -0.048181 -0.998839 0.000000
vn -0.048181 -0.998839 0.000000
vn -0.048181 -0.998839 0.000000
vn 0.998839 -0.048181 0.000000
vn 0.998839 -0.048181 0.000000
vn 0.998839 -0.048181 0.000000
vn 0.998839 -0.048181 0.000000
vn 0.048181 0.998839 0.000000
vn 0.048181 0.998839 0.000000
vn 0.048181 0.998839 0.000000
vn 0.048181 0.998839 0.000000
vn -0.998839 0.048181 0.000000
vn -0.998839 0.048181 0.000000
vn -0.998839 0.048181 0.000000
vn -0.998839 0.048181 0.000000
vn 0.048181 0.998839 0.000000
vn 0.048181 0.998839 0.000000
vn 0.048181 0.998839 0.000000
vn 0.048181 0.998839 0.000000
vn 0.998839 -0.048181 0.000000
vn 0.998839 -0.048181 0.000000
vn 0.998839 -0.048181 0.000000
vn 0.998839 -0.048181 0.000000
vn 0.048181 0.998839 0.000000
vn 0.048181 0.998839 0.000000
vn -0.998839 0.048181 0.000000
vn -0.998839 0.048181 0.000000
vn -0.048181 -0.998839 0.000000
vn -0.048181 -0.998839 0.000000
vn 0.998839 -0.048181 0.000000
vn 0.998839 -0.048181 0.000000
vn -0.048181 -0.998839 0.000000
vn -0.048181 -0.998839 0.000000
vn -0.998839 0.048181 0.000000
vn -0.998839 0.048181 0.000000
vn -0.048181 -0.998839 0.000000
vn -0.048181 -0.998839 0.000000
vn 0.998839 -0.048181 0.000000
vn 0.998839 -0.048181 0.000000
vn 0.048181 0.998839 0.000000
vn 0.048181 0.998839 0.000000
vn -0.998839 0.048181 0.000000
vn -0.998839 0.048181 0.000000
vn 0.048181 0.998839 0.000000
vn 0.048181 0.998839 0.000000
vn 0.998839 -0.048181 0.000000
vn 0.998839 -0.048181 0.000000
vn 0.048181 0.998839 0.000000
vn 0.048181 0.998839 0.000000
vn -0.998839 0.048181 0.000000
vn -0.998839 0.048181 0.000000
vn -0.048181 -0.998839 0.000000
vn -0.048181 -0.998839 0.000000
vn 0.998839 -0.048181 0.000000
vn 0.998839 -0.048181 0.000000
vn -0.048181 -0.998839 0.000000
vn -0.048181 -0.998839 0.000000
vn -0.998839 0.048181 0.000000
vn -0.998839 0.048181 0.000000
vn -0.048181 -0.998839 0.000000
vn -0.048181 -0.998839 0.000000
vn 0.998839 -0.048181 0.000000
vn 0.998839 -0.048181 0.000000
vn 0.048181 0.998839 0.000000
vn 0.048181 0.998839 0.000000
vn -0.998839 0.048181 0.000000
vn -0.998839 0.048181 0.000000
vn 0.048181 0.998839 0.000000
vn 0.048181 0.998839 0.000000
vn 0.998839 -0.048181 0.000000
vn 0.998839 -0.048181 0.000000
vn 0.048181 0.998839 0.000000
vn 0.048181 0.998839 0.000000
vn -0.998839 0.048181 0.000000
vn -0.998839 0.048181 0.000000
vn -0.048181 -0.998839 0.000000
vn -0.048181 -0.998839 0.000000
vn 0.998839 -0.048181 0.000000
vn 0.998839 -0.048181 0.000000
vn -0.048181 -0.998839 0.000000
vn -0.048181 -0.998839 0.000000
vn -0.998839 0.048181 0.000000
vn -0.998839 0.048181 0.000000
vn -0.048181 -0.998839 0.000000
vn -0.048181 -0.998839 0.000000
vn 0.998839 -0.048181 0.000000
vn 0.998839 -0.048181 0.000000
vn 0.048181 0.998839 0.000000
vn 0.048181 0.998839 0.000000
vn -0.998839 0.048181 0.000000
vn -0.998839 0.048181 0.000000
vn 0.048181 0.998839 0.000000
vn 0.048181 0.998839 0.000000
vn 0.998839 -0.048181 0.000000
vn 0.998839 -0.048181 0.000000
vn 0.000000 0.000000 1.000000
vn 0.000000 0.000000 1.000000
vn 0.000000 0.000000 1.000000
vn 0.000000 0.000000 1.000000
vn 0.000000 0.000000 1.000000
vn 0.000000 0.000000 1.000000
vn 0.000000 0.000000 1.000000
vn 0.000000 0.000000 1.000000
vn 0.000000 0.000000 1.000000
vn 0.000000 0.000000 1.000000
vn 0.000000 0.000000 1.000000
vn 0.000000 0.000000 1.000000
vn 0.000000 0.000000 -1.000000
vn 0.000000 0.000000 -1.000000
vn 0.000000 0.000000 -1.000000
vn 0.000000 0.000000 -1.000000
vn 0.048181 0.998839 0.000000
vn 0.048181 0.998839 0.000000
vn 0.048181 0.998839 0.000000
vn 0.048181 0.998839 0.000000
vn -0.998172 -0.060440 0.000000
vn -0.998172 -0.060440 0.000000
vn -0.998172 -0.060440 0.000000
vn -0.998172 -0.060440 0.000000
vn -0.048181 -0.998839 0.000000
vn -0.048181 -0.998839 0.000000
vn -0.048181 -0.998839 0.000000
vn -0.048181 -0.998839 0.000000
vn 0.987714 -0.156273 0.000000
vn 0.987714 -0.156273 0.000000
vn 0.987714 -0.156273 0.000000
vn 0.987714 -0.156273 0.000000
vn 0.048181 0.998839 0.000000
vn 0.048181 0.998839 0.000000
vn -0.998172 -0.060440 0.000000
vn -0.998172 -0.060440 0.000000
vn -0.048181 -0.998839 0.000000
vn -0.048181 -0.998839 0.000000
vn 0.987714 -0.156273 0.000000
vn 0.987714 -0.156273 0.000000
vn 0.048181 0.998839 0.000000
vn 0.048181 0.998839 0.000000
vn -0.998172 -0.060440 0.000000
vn -0.998172 -0.060440 0.000000
vn -0.048181 -0.998839 0.000000
vn -0.048181 -0.998839 0.000000
vn 0.987714 -0.156273 0.000000
vn 0.987714 -0.156273 0.000000
vn 0.048181 0.998839 0.000000
vn 0.048181 0.998839 0.000000
vn -0.998172 -0.060440 0.000000
vn -0.998172 -0.060440 0.000000
vn -0.048181 -0.998839 0.000000
vn -0.048181 -0.998839 0.000000
vn 0.987714 -0.156273 0.000000
vn 0.987714 -0.156273 0.000000
vn 0.000000 0.000000 1.000000
vn 0.000000 0.000000 1.000000
vn 0.000000 0.000000 1.000000
vn 0.000000 0.000000 1.000000
vn 0.000000 0.000000 -1.000000
vn 0.000000 0.000000 -1.000000
vn 0.000000 0.000000 -1.000000
vn 0.000000 0.000000 -1.000000
vn 0.000000 0.000000 -1.000000
vn 0.000000 0.000000 -1.000000
vn 0.000000 0.000000 -1.000000
vn 0.000000 0.000000 -1.000000
vn 0.000000 0.000000 -1.000000
vn 0.000000 0.000000 -1.000000
vn 0.000000 0.000000 -1.000000
vn 0.000000 0.000000 -1.000000
vn 0.000000 0.000000 -1.000000
vn 0.000000 0.000000 -1.000000
vn 0.000000 0.000000 -1.000000
vn 0.000000 0.000000 -1.000000
vn 0.000000 0.000000 -1.000000
vn 0.000000 0.000000 -1.000000
vn 0.000000 0.000000 -1.000000
vn 0.000000 0.000000 -1.000000
vn 0.000000 0.000000 -1.000000
vn 0.000000 0.000000 -1.000000
vn 0.000000 0.000000 -1.000000
vn 0.000000 0.000000 -1.000000
vn -0.292603 0.956234 0.000000
vn -0.292603 0.956234 0.000000
vn -0.292603 0.956234 0.000000
vn -0.292603 0.956234 0.000000
vn -0.890640 0.454709 0.000000
vn -0.890640 0.454709 0.000000
vn -0.890640 0.454709 0.000000
vn -0.890640 0.454709 0.000000
vn -0.812639 -0.582768 0.000000
vn -0.761017 -0.648733 0.000000
vn -0.761017 -0.648733 0.000000
vn -0.812639 -0.582768 0.000000
vn -0.662020 -0.749487 0.000000
vn -0.662020 -0.749487 0.000000
vn -0.751349 -0.659905 0.000000
vn -0.751349 -0.659905 0.000000
vn -0.852052 0.523457 0.000000
vn -0.852052 0.523457 0.000000
vn -0.852052 0.523457 0.000000
vn -0.852052 0.523457 0.000000
vn -0.239941 0.970788 0.000000
vn -0.239941 0.970788 0.000000
vn -0.239941 0.970788 0.000000
vn -0.239941 0.970788 0.000000
vn 0.334354 0.942448 0.000000
vn 0.524037 0.851696 0.000000
vn 0.524037 0.851696 0.000000
vn 0.334354 0.942448 0.000000
vn 0.663635 0.748057 0.000000
vn 0.663635 0.748057 0.000000
vn -0.703237 0.710956 0.000000
vn -0.703237 0.710956 0.000000
vn -0.703237 0.710956 0.000000
vn -0.703237 0.710956 0.000000
vn -0.482372 -0.875966 0.000000
vn -0.482372 -0.875966 0.000000
vn -0.482372 -0.875966 0.000000
vn -0.482372 -0.875966 0.000000
vn 0.275669 -0.961253 0.000000
vn 0.275669 -0.961253 0.000000
vn 0.275669 -0.961253 0.000000
vn 0.275669 -0.961253 0.000000
vn 0.894816 -0.446435 0.000000
vn 0.894816 -0.446435 0.000000
vn 0.894816 -0.446435 0.000000
vn 0.894816 -0.446435 0.000000
vn 0.968188 0.250225 0.000000
vn 0.968188 0.250225 0.000000
vn 0.968188 0.250225 0.000000
vn 0.968188 0.250225 0.000000
vn 0.629225 0.777224 0.000000
vn 0.590035 0.807378 0.000000
vn 0.590035 0.807378 0.000000
vn 0.629225 0.777224 0.000000
vn 0.526001 0.850484 0.000000
vn 0.526001 0.850484 0.000000
vn 0.567039 0.823691 0.000000
vn 0.567039 0.823691 0.000000
vn 0.943169 0.332312 0.000000
vn 0.943169 0.332312 0.000000
vn 0.943169 0.332312 0.000000
vn 0.943169 0.332312 0.000000
vn 0.857457 -0.514555 0.000000
vn 0.857457 -0.514555 0.000000
vn 0.857457 -0.514555 0.000000
vn 0.857457 -0.514555 0.000000
vn 0.214544 -0.976714 0.000000
vn 0.214544 -0.976714 0.000000
vn 0.214544 -0.976714 0.000000
vn 0.214544 -0.976714 0.000000
vn -0.520595 -0.853804 0.000000
vn -0.520595 -0.853804 0.000000
vn -0.520595 -0.853804 0.000000
vn -0.520595 -0.853804 0.000000
vn 0.672217 -0.740354 0.000000
vn 0.672217 -0.740354 0.000000
vn 0.672217 -0.740354 0.000000
vn 0.672217 -0.740354 0.000000
vn 0.680295 0.732939 0.000000
vn 0.491741 0.870741 0.000000
vn 0.491741 0.870741 0.000000
vn 0.680295 0.732939 0.000000
vn 0.273710 0.961812 0.000000
vn 0.273710 0.961812 0.000000
vn -0.292603 0.956234 0.000000
vn -0.292603 0.956234 0.000000
vn -0.890640 0.454709 0.000000
vn -0.890640 0.454709 0.000000
vn -0.761017 -0.648732 0.000000
vn -0.812639 -0.582768 0.000000
vn -0.662020 -0.749487 0.000000
vn -0.751349 -0.659905 0.000000
vn -0.852052 0.523457 0.000000
vn -0.852052 0.523457 0.000000
vn -0.239941 0.970788 0.000000
vn -0.239941 0.970788 0.000000
vn 0.524037 0.851696 0.000000
vn 0.334354 0.942448 0.000000
vn 0.663635 0.748057 0.000000
vn -0.703237 0.710956 0.000000
vn -0.703237 0.710956 0.000000
vn -0.482372 -0.875966 0.000000
vn -0.482372 -0.875966 0.000000
vn 0.275669 -0.961253 0.000000
vn 0.275669 -0.961253 0.000000
vn 0.894816 -0.446435 0.000000
vn 0.894816 -0.446435 0.000000
vn 0.968188 0.250225 0.000000
vn 0.968188 0.250225 0.000000
vn 0.590035 0.807378 0.000000
vn 0.629225 0.777224 0.000000
vn 0.526001 0.850484 0.000000
vn 0.567039 0.823691 0.000000
vn 0.943169 0.332312 0.000000
vn 0.943169 0.332312 0.000000
vn 0.857457 -0.514555 0.000000
vn 0.857457 -0.514555 0.000000
vn 0.214544 -0.976714 0.000000
vn 0.214544 -0.976714 0.000000
vn -0.520595 -0.853804 0.000000
vn -0.520595 -0.853804 0.000000
vn 0.672217 -0.740354 0.000000
vn 0.672217 -0.740354 0.000000
vn 0.491741 0.870741 0.000000
vn 0.680295 0.732939 0.000000
vn 0.273710 0.961812 0.000000
vn -0.292603 0.956234 0.000000
vn -0.292603 0.956234 0.000000
vn -0.890640 0.454709 0.000000
vn -0.890640 0.454709 0.000000
vn -0.761017 -0.648733 0.000000
vn -0.812639 -0.582768 0.000000
vn -0.662020 -0.749487 0.000000
vn -0.751349 -0.659905 0.000000
vn -0.852052 0.523457 0.000000
vn -0.852052 0.523457 0.000000
vn -0.239941 0.970788 0.000000
vn -0.239941 0.970788 0.000000
vn 0.524037 0.851696 0.000000
vn 0.334354 0.942448 0.000000
vn 0.663635 0.748057 0.000000
vn -0.703237 0.710956 0.000000
vn -0.703237 0.710956 0.000000
vn -0.482372 -0.875966 0.000000
vn -0.482372 -0.875966 0.000000
vn 0.275669 -0.961253 0.000000
vn 0.275669 -0.961253 0.000000
vn 0.894816 -0.446435 0.000000
vn 0.894816 -0.446435 0.000000
vn 0.968188 0.250225 0.000000
vn 0.968188 0.250225 0.000000
vn 0.590035 0.807378 0.000000
vn 0.629225 0.777224 0.000000
vn 0.526001 0.850484 0.000000
vn 0.567039 0.823691 0.000000
vn 0.943169 0.332312 0.000000
vn 0.943169 0.332312 0.000000
vn 0.857457 -0.514555 0.000000
vn 0.857457 -0.514555 0.000000
vn 0.214544 -0.976714 0.000000
vn 0.214544 -0.976714 0.000000
vn -0.520595 -0.853804 0.000000
vn -0.520595 -0.853804 0.000000
vn 0.672217 -0.740354 0.000000
vn 0.672217 -0.740354 0.000000
vn 0.491741 0.870741 0.000000
vn 0.680295 0.732939 0.000000
vn 0.273710 0.961812 0.000000
vn -0.292603 0.956234 0.000000
vn -0.292603 0.956234 0.000000
vn -0.890640 0.454709 0.000000
vn -0.890640 0.454709 0.000000
vn -0.761016 -0.648733 0.000000
vn -0.812639 -0.582768 0.000000
vn -0.662020 -0.749487 0.000000
vn -0.751349 -0.659905 0.000000
vn -0.852052 0.523457 0.000000
vn -0.852052 0.523457 0.000000
vn -0.239941 0.970788 0.000000
vn -0.239941 0.970788 0.000000
vn 0.524037 0.851696 0.000000
vn 0.334354 0.942448 0.000000
vn 0.663635 0.748057 0.000000
vn -0.703237 0.710956 0.000000
vn -0.703237 0.710956 0.000000
vn -0.482372 -0.875966 0.000000
vn -0.482372 -0.875966 0.000000
vn 0.275669 -0.961253 0.000000
vn 0.275669 -0.961253 0.000000
vn 0.894816 -0.446435 0.000000
vn 0.894816 -0.446435 0.000000
vn 0.968188 0.250225 0.000000
vn 0.968188 0.250225 0.000000
vn 0.590035 0.807378 0.000000
vn 0.629225 0.777224 0.000000
vn 0.526001 0.850484 0.000000
vn 0.567039 0.823691 0.000000
vn 0.943169 0.332312 0.000000
vn 0.943169 0.332312 0.000000
vn 0.857457 -0.514555 0.000000
vn 0.857457 -0.514555 0.000000
vn 0.214544 -0.976714 0.000000
vn 0.214544 -0.976714 0.000000
vn -0.520595 -0.853804 0.000000
vn -0.520595 -0.853804 0.000000
vn 0.672217 -0.740354 0.000000
vn 0.672217 -0.740354 0.000000
vn 0.491741 0.870741 0.000000
vn 0.680295 0.732939 0.000000
vn 0.273710 0.961812 0.000000
vn 0.000000 -0.000000 1.000000
vn 0.000000 -0.000000 1.000000
vn 0.000000 -0.000000 1.000000
vn 0.000000 -0.000000 1.000000
vn 0.000000 -0.000000 1.000000
vn 0.000000 -0.000000 1.000000
vn 0.000000 -0.000000 1.000000
vn 0.000000 -0.000000 1.000000
vn 0.000000 -0.000000 1.000000
vn 0.000000 -0.000000 1.000000
vn 0.000000 -0.000000 1.000000
vn 0.000000 -0.000000 1.000000
vn 0.000000 -0.000000 1.000000
vn 0.000000 -0.000000 1.000000
vn 0.000000 -0.000000 1.000000
vn 0.000000 -0.000000 1.000000
vn 0.000000 -0.000000 1.000000
vn 0.000000 -0.000000 1.000000
vn 0.000000 -0.000000 1.000000
vn 0.000000 -0.000000 1.000000
vn 0.000000 -0.000000 1.000000
vn 0.000000 -0.000000 1.000000
vn 0.000000 -0.000000 1.000000
vn 0.000000 -0.000000 1.000000
vn 0.000000 0.000000 -1.000000
vn 0.000000 0.000000 -1.000000
vn 0.000000 0.000000 -1.000000
vn 0.000000 0.000000 -1.000000
vn 0.000000 0.000000 -1.000000
vn 0.000000 0.000000 -1.000000
vn 0.000000 0.000000 -1.000000
vn 0.000000 0.000000 -1.000000
vn 0.000000 0.000000 -1.000000
vn 0.000000 0.000000 -1.000000
vn 0.000000 0.000000 -1.000000
vn 0.000000 0.000000 -1.000000
vn 0.000000 0.000000 -1.000000
vn 0.000000 0.000000 -1.000000
vn 0.000000 0.000000 -1.000000
vn 0.000000 0.000000 -1.000000
vn 0.000000 0.000000 -1.000000
vn 0.000000 0.000000 -1.000000
vn 0.000000 0.000000 -1.000000
vn 0.000000 0.000000 -1.000000
vn 0.000000 0.000000 -1.000000
vn 0.115410 0.993318 0.000000
vn 0.048181 0.998839 0.000000
vn 0.048181 0.998839 0.000000
vn 0.115410 0.993318 0.000000
vn -0.998839 0.048181 0.000000
vn -0.998839 0.048181 0.000000
vn -0.998839 0.048181 0.000000
vn -0.998839 0.048181 0.000000
vn -0.048181 -0.998839 0.000000
vn -0.048181 -0.998839 0.000000
vn -0.048181 -0.998839 0.000000
vn -0.048181 -0.998839 0.000000
vn 0.998839 -0.048181 0.000000
vn 0.998839 -0.048181 0.000000
vn 0.998839 -0.048181 0.000000
vn 0.998839 -0.048181 0.000000
vn -0.048181 -0.998839 0.000000
vn -0.048181 -0.998839 0.000000
vn -0.048181 -0.998839 0.000000
vn -0.048181 -0.998839 0.000000
vn -0.904783 -0.425873 0.000000
vn -0.904783 -0.425873 0.000000
vn -0.904783 -0.425873 0.000000
vn -0.904783 -0.425873 0.000000
vn -0.048181 -0.998839 0.000000
vn -0.048181 -0.998839 0.000000
vn -0.048181 -0.998839 0.000000
vn -0.048181 -0.998839 0.000000
vn 0.904168 0.427177 0.000000
vn 0.904168 0.427177 0.000000
vn 0.904168 0.427177 0.000000
vn 0.904168 0.427177 0.000000
vn 0.535672 -0.844426 0.000000
vn 0.535672 -0.844426 0.000000
vn 0.535672 -0.844426 0.000000
vn 0.535672 -0.844426 0.000000
vn 0.946924 -0.321459 0.000000
vn 0.946924 -0.321459 0.000000
vn 0.946924 -0.321459 0.000000
vn 0.946924 -0.321459 0.000000
vn 0.978197 0.207680 0.000000
vn 0.978197 0.207680 0.000000
vn 0.978197 0.207680 0.000000
vn 0.978197 0.207680 0.000000
vn 0.691486 0.722390 0.000000
vn 0.691486 0.722390 0.000000
vn 0.691486 0.722390 0.000000
vn 0.691486 0.722390 0.000000
vn 0.172015 0.985094 0.000000
vn 0.172015 0.985094 0.000000
vn -0.115425 -0.993316 0.000000
vn -0.148689 -0.988884 0.000000
vn -0.148689 -0.988884 0.000000
vn -0.115425 -0.993316 0.000000
vn -0.645803 -0.763504 0.000000
vn -0.645803 -0.763504 0.000000
vn -0.645803 -0.763504 0.000000
vn -0.645803 -0.763504 0.000000
vn -0.971095 -0.238694 0.000000
vn -0.971095 -0.238694 0.000000
vn -0.971095 -0.238694 0.000000
vn -0.971095 -0.238694 0.000000
vn -0.897634 0.440741 0.000000
vn -0.897634 0.440741 0.000000
vn -0.897634 0.440741 0.000000
vn -0.897634 0.440741 0.000000
vn -0.139919 0.990163 0.000000
vn -0.080214 0.996778 0.000000
vn -0.080214 0.996778 0.000000
vn -0.139919 0.990163 0.000000
vn 0.048181 0.998839 0.000000
vn 0.048181 0.998839 0.000000
vn 0.998839 -0.048181 0.000000
vn 0.998839 -0.048181 0.000000
vn 0.998839 -0.048181 0.000000
vn 0.998839 -0.048181 0.000000
vn -0.048181 -0.998839 0.000000
vn -0.048181 -0.998839 0.000000
vn 0.048181 0.998839 0.000000
vn 0.115410 0.993318 0.000000
vn -0.998839 0.048181 0.000000
vn -0.998839 0.048181 0.000000
vn -0.048181 -0.998839 0.000000
vn -0.048181 -0.998839 0.000000
vn 0.998839 -0.048181 0.000000
vn 0.998839 -0.048181 0.000000
vn -0.048181 -0.998839 0.000000
vn -0.048181 -0.998839 0.000000
vn -0.904783 -0.425873 0.000000
vn -0.904783 -0.425873 0.000000
vn -0.048181 -0.998839 0.000000
vn -0.048181 -0.998839 0.000000
vn 0.904168 0.427177 0.000000
vn 0.904168 0.427177 0.000000
vn 0.535672 -0.844426 0.000000
vn 0.535672 -0.844426 0.000000
vn 0.946924 -0.321459 0.000000
vn 0.946924 -0.321459 0.000000
vn 0.978197 0.207680 0.000000
vn 0.978197 0.207680 0.000000
vn 0.691486 0.722390 0.000000
vn 0.691486 0.722390 0.000000
vn 0.172015 0.985094 0.000000
vn -0.148689 -0.988884 0.000000
vn -0.115425 -0.993316 0.000000
vn -0.645803 -0.763504 0.000000
vn -0.645803 -0.763504 0.000000
vn -0.971095 -0.238694 0.000000
vn -0.971095 -0.238694 0.000000
vn -0.897634 0.440741 0.000000
vn -0.897634 0.440741 0.000000
vn -0.080214 0.996778 0.000000
vn -0.139919 0.990163 0.000000
vn 0.048181 0.998839 0.000000
vn 0.998839 -0.048181 0.000000
vn 0.998839 -0.048181 0.000000
vn -0.048181 -0.998839 0.000000
vn 0.048181 0.998839 0.000000
vn 0.115410 0.993318 0.000000
vn -0.998839 0.048181 0.000000
vn -0.998839 0.048181 0.000000
vn -0.048181 -0.998839 0.000000
vn -0.048181 -0.998839 0.000000
vn 0.998839 -0.048181 0.000000
vn 0.998839 -0.048181 0.000000
vn -0.048181 -0.998839 0.000000
vn -0.048181 -0.998839 0.000000
vn -0.904783 -0.425873 0.000000
vn -0.904783 -0.425873 0.000000
vn -0.048181 -0.998839 0.000000
vn -0.048181 -0.998839 0.000000
vn 0.904168 0.427177 0.000000
vn 0.904168 0.427177 0.000000
vn 0.535672 -0.844426 0.000000
vn 0.535672 -0.844426 0.000000
vn 0.946924 -0.321459 0.000000
vn 0.946924 -0.321459 0.000000
vn 0.978197 0.207680 0.000000
vn 0.978197 0.207680 0.000000
vn 0.691486 0.722390 0.000000
vn 0.691486 0.722390 0.000000
vn 0.172015 0.985094 0.000000
vn -0.148689 -0.988884 0.000000
vn -0.115425 -0.993316 0.000000
vn -0.645803 -0.763504 0.000000
vn -0.645803 -0.763504 0.000000
vn -0.971095 -0.238694 0.000000
vn -0.971095 -0.238694 0.000000
vn -0.897634 0.440741 0.000000
vn -0.897634 0.440741 0.000000
vn -0.080214 0.996778 0.000000
vn -0.139919 0.990163 0.000000
vn 0.048181 0.998839 0.000000
vn 0.998839 -0.048181 0.000000
vn 0.998839 -0.048181 0.000000
vn -0.048181 -0.998839 0.000000
vn 0.048181 0.998839 0.000000
vn 0.115410 0.993318 0.000000
vn -0.998839 0.048181 0.000000
vn -0.998839 0.048181 0.000000
vn -0.048181 -0.998839 0.000000
vn -0.048181 -0.998839 0.000000
vn 0.998839 -0.048181 0.000000
vn 0.998839 -0.048181 0.000000
vn -0.048181 -0.998839 0.000000
vn -0.048181 -0.998839 0.000000
vn -0.904783 -0.425873 0.000000
vn -0.904783 -0.425873 0.000000
vn -0.048181 -0.998839 0.000000
vn -0.048181 -0.998839 0.000000
vn 0.904168 0.427177 0.000000
vn 0.904168 0.427177 0.000000
vn 0.535672 -0.844426 0.000000
vn 0.535672 -0.844426 0.000000
vn 0.946924 -0.321459 0.000000
vn 0.946924 -0.321459 0.000000
vn 0.978197 0.207680 0.000000
vn 0.978197 0.207680 0.000000
vn 0.691486 0.722390 0.000000
vn 0.691486 0.722390 0.000000
vn 0.172015 0.985094 0.000000
vn -0.148689 -0.988884 0.000000
vn -0.115425 -0.993316 0.000000
vn -0.645803 -0.763504 0.000000
vn -0.645803 -0.763504 0.000000
vn -0.971095 -0.238694 0.000000
vn -0.971095 -0.238694 0.000000
vn -0.897634 0.440741 0.000000
vn -0.897634 0.440741 0.000000
vn -0.080214 0.996778 0.000000
vn -0.139919 0.990163 0.000000
vn 0.048181 0.998839 0.000000
vn 0.998839 -0.048181 0.000000
vn 0.998839 -0.048181 0.000000
vn -0.048181 -0.998839 0.000000
vn 0.000000 -0.000000 1.000000
vn 0.000000 -0.000000 1.000000
vn 0.000000 -0.000000 1.000000
vn 0.000000 -0.000000 1.000000
vn 0.000000 -0.000000 1.000000
vn 0.000000 -0.000000 1.000000
vn 0.000000 -0.000000 1.000000
vn 0.000000 -0.000000 1.000000
vn 0.000000 -0.000000 1.000000
vn 0.000000 -0.000000 1.000000
vn 0.000000 -0.000000 1.000000
vn 0.000000 -0.000000 1.000000
vn 0.000000 -0.000000 1.000000
vn 0.000000 -0.000000 1.000000
vn 0.000000 -0.000000 1.000000
vn 0.000000 -0.000000 1.000000
vn 0.000000 -0.000000 1.000000
vn 0.000000 -0.000000 1.000000
vn 0.000000 -0.000000 1.000000
vn 0.000000 -0.000000 1.000000
vn 0.000000 -0.000000 1.000000
vn 0.000000 0.000000 -1.000000
vn 0.000000 0.000000 -1.000000
vn 0.000000 0.000000 -1.000000
vn 0.000000 0.000000 -1.000000
vn 0.000000 0.000000 -1.000000
vn 0.000000 0.000000 -1.000000
vn 0.000000 0.000000 -1.000000
vn 0.000000 0.000000 -1.000000
vn 0.000000 0.000000 -1.000000
vn 0.000000 0.000000 -1.000000
vn 0.000000 0.000000 -1.000000
vn 0.000000 0.000000 -1.000000
vn 0.000000 0.000000 -1.000000
vn 0.000000 0.000000 -1.000000
vn 0.000000 0.000000 -1.000000
vn 0.000000 0.000000 -1.000000
vn 0.000000 0.000000 -1.000000
vn 0.000000 0.000000 -1.000000
vn 0.000000 0.000000 -1.000000
vn -0.333301 0.942821 0.000000
vn -0.333301 0.942821 0.000000
vn -0.333301 0.942821 0.000000
vn -0.333301 0.942821 0.000000
vn -0.913733 0.406316 0.000000
vn -0.913733 0.406316 0.000000
vn -0.913733 0.406316 0.000000
vn -0.913733 0.406316 0.000000
vn -0.945852 -0.324598 0.000000
vn -0.945852 -0.324598 0.000000
vn -0.945852 -0.324598 0.000000
vn -0.945852 -0.324598 0.000000
vn -0.405638 -0.914034 0.000000
vn -0.405638 -0.914034 0.000000
vn -0.405638 -0.914034 0.000000
vn -0.405638 -0.914034 0.000000
vn 0.153610 -0.988132 0.000000
vn 0.393801 -0.919196 0.000000
vn 0.393801 -0.919196 0.000000
vn 0.153610 -0.988132 0.000000
vn 0.621981 -0.783032 0.000000
vn 0.621981 -0.783032 0.000000
vn 0.468178 0.883634 0.000000
vn 0.468178 0.883634 0.000000
vn 0.468178 0.883634 0.000000
vn 0.468178 0.883634 0.000000
vn -0.331828 0.943340 0.000000
vn -0.331828 0.943340 0.000000
vn -0.331828 0.943340 0.000000
vn -0.331828 0.943340 0.000000
vn 0.354905 0.934902 0.000000
vn 0.354905 0.934902 0.000000
vn 0.354905 0.934902 0.000000
vn 0.354905 0.934902 0.000000
vn 0.898380 0.439220 0.000000
vn 0.898380 0.439220 0.000000
vn 0.898380 0.439220 0.000000
vn 0.898380 0.439220 0.000000
vn -0.048181 -0.998839 0.000000
vn -0.048181 -0.998839 0.000000
vn -0.048181 -0.998839 0.000000
vn -0.048181 -0.998839 0.000000
vn 0.997723 -0.067440 0.000000
vn 0.963897 0.266277 0.000000
vn 0.963897 0.266277 0.000000
vn 0.997723 -0.067440 0.000000
vn 0.953349 0.301870 0.000000
vn 0.953349 0.301870 0.000000
vn 0.410645 0.911795 0.000000
vn 0.410645 0.911795 0.000000
vn 0.410645 0.911795 0.000000
vn 0.410645 0.911795 0.000000
vn -0.340404 -0.940279 0.000000
vn -0.340404 -0.940279 0.000000
vn -0.340404 -0.940279 0.000000
vn -0.340404 -0.940279 0.000000
vn -0.838433 -0.545005 0.000000
vn -0.838433 -0.545005 0.000000
vn -0.838433 -0.545005 0.000000
vn -0.838433 -0.545005 0.000000
vn 0.048181 0.998839 0.000000
vn 0.048181 0.998839 0.000000
vn 0.048181 0.998839 0.000000
vn 0.048181 0.998839 0.000000
vn 0.786343 -0.617790 0.000000
vn 0.786343 -0.617790 0.000000
vn 0.786343 -0.617790 0.000000
vn 0.786343 -0.617790 0.000000
vn 0.258064 -0.966128 0.000000
vn 0.258064 -0.966128 0.000000
vn 0.258064 -0.966128 0.000000
vn 0.258064 -0.966128 0.000000
vn -0.333301 0.942820 0.000000
vn -0.333301 0.942820 0.000000
vn -0.913733 0.406316 0.000000
vn -0.913733 0.406316 0.000000
vn -0.945852 -0.324598 0.000000
vn -0.945852 -0.324598 0.000000
vn -0.405637 -0.914034 0.000000
vn -0.405637 -0.914034 0.000000
vn 0.393801 -0.919196 0.000000
vn 0.153610 -0.988132 0.000000
vn 0.621981 -0.783033 0.000000
vn 0.468178 0.883634 0.000000
vn 0.468178 0.883634 0.000000
vn -0.331828 0.943340 0.000000
vn -0.331828 0.943340 0.000000
vn 0.354905 0.934902 0.000000
vn 0.354905 0.934902 0.000000
vn 0.898380 0.439220 0.000000
vn 0.898380 0.439220 0.000000
vn -0.048181 -0.998839 0.000000
vn -0.048181 -0.998839 0.000000
vn 0.963897 0.266277 0.000000
vn 0.997723 -0.067440 0.000000
vn 0.953349 0.301870 0.000000
vn 0.410645 0.911795 0.000000
vn 0.410645 0.911795 0.000000
vn -0.340404 -0.940279 0.000000
vn -0.340404 -0.940279 0.000000
vn -0.838433 -0.545005 0.000000
vn -0.838433 -0.545005 0.000000
vn 0.048181 0.998839 0.000000
vn 0.048181 0.998839 0.000000
vn 0.786343 -0.617790 0.000000
vn 0.786343 -0.617790 0.000000
vn 0.258064 -0.966128 0.000000
vn 0.258064 -0.966128 0.000000
vn -0.333301 0.942820 0.000000
vn -0.333301 0.942820 0.000000
vn -0.913733 0.406316 0.000000
vn -0.913733 0.406316 0.000000
vn -0.945852 -0.324598 0.000000
vn -0.945852 -0.324598 0.000000
vn -0.405638 -0.914034 0.000000
vn -0.405638 -0.914034 0.000000
vn 0.393801 -0.919196 0.000000
vn 0.153610 -0.988132 0.000000
vn 0.621981 -0.783032 0.000000
vn 0.468178 0.883634 0.000000
vn 0.468178 0.883634 0.000000
vn -0.331828 0.943340 0.000000
vn -0.331828 0.943340 0.000000
vn 0.354905 0.934902 0.000000
vn 0.354905 0.934902 0.000000
vn 0.898380 0.439220 0.000000
vn 0.898380 0.439220 0.000000
vn -0.048181 -0.998839 0.000000
vn -0.048181 -0.998839 0.000000
vn 0.963897 0.266277 0.000000
vn 0.997723 -0.067440 0.000000
vn 0.953349 0.301870 0.000000
vn 0.410645 0.911795 0.000000
vn 0.410645 0.911795 0.000000
vn -0.340404 -0.940279 0.000000
vn -0.340404 -0.940279 0.000000
vn -0.838433 -0.545005 0.000000
vn -0.838433 -0.545005 0.000000
vn 0.048181 0.998839 0.000000
vn 0.048181 0.998839 0.000000
vn 0.786343 -0.617790 0.000000
vn 0.786343 -0.617790 0.000000
vn 0.258064 -0.966128 0.000000
vn 0.258064 -0.966128 0.000000
vn -0.333301 0.942821 0.000000
vn -0.333301 0.942821 0.000000
vn -0.913733 0.406316 0.000000
vn -0.913733 0.406316 0.000000
vn -0.945852 -0.324598 0.000000
vn -0.945852 -0.324598 0.000000
vn -0.405638 -0.914034 0.000000
vn -0.405638 -0.914034 0.000000
vn 0.393801 -0.919196 0.000000
vn 0.153610 -0.988132 0.000000
vn 0.621981 -0.783032 0.000000
vn 0.468178 0.883634 0.000000
vn 0.468178 0.883634 0.000000
vn -0.331828 0.943340 0.000000
vn -0.331828 0.943340 0.000000
vn 0.354905 0.934902 0.000000
vn 0.354905 0.934902 0.000000
vn 0.898380 0.439220 0.000000
vn 0.898380 0.439220 0.000000
vn -0.048181 -0.998839 0.000000
vn -0.048181 -0.998839 0.000000
vn 0.963897 0.266277 0.000000
vn 0.997723 -0.067440 0.000000
vn 0.953349 0.301870 0.000000
vn 0.410645 0.911795 0.000000
vn 0.410645 0.911795 0.000000
vn -0.340404 -0.940279 0.000000
vn -0.340404 -0.940279 0.000000
vn -0.838433 -0.545005 0.000000
vn -0.838433 -0.545005 0.000000
vn 0.048181 0.998839 0.000000
vn 0.048181 0.998839 0.000000
vn 0.786343 -0.617790 0.000000
vn 0.786343 -0.617790 0.000000
vn 0.258064 -0.966128 0.000000
vn 0.258064 -0.966128 0.000000
vn -0.000000 0.000000 1.000000
vn -0.000000 0.000000 1.000000
vn -0.000000 0.000000 1.000000
vn -0.000000 0.000000 1.000000
vn -0.000000 0.000000 1.000000
vn -0.000000 0.000000 1.000000
vn -0.000000 0.000000 1.000000
vn -0.000000 0.000000 1.000000
vn -0.000000 0.000000 1.000000
vn -0.000000 0.000000 1.000000
vn -0.000000 0.000000 1.000000
vn -0.000000 0.000000 1.000000
vn -0.000000 0.000000 1.000000
vn -0.000000 0.000000 1.000000
vn -0.000000 0.000000 1.000000
vn -0.000000 0.000000 1.000000
vn -0.000000 0.000000 1.000000
vn -0.000000 0.000000 1.000000
vn -0.000000 0.000000 1.000000
vn 0.000000 0.000000 -1.000000
vn 0.000000 0.000000 -1.000000
vn 0.000000 0.000000 -1.000000
vn 0.000000 0.000000 -1.000000
vn 0.000000 0.000000 -1.000000
vn 0.000000 0.000000 -1.000000
vn 0.000000 0.000000 -1.000000
vn 0.000000 0.000000 -1.000000
vn 0.000000 0.000000 -1.000000
vn 0.000000 0.000000 -1.000000
vn 0.000000 0.000000 -1.000000
vn 0.000000 0.000000 -1.000000
vn 0.000000 0.000000 -1.000000
vn 0.000000 0.000000 -1.000000
vn 0.000000 0.000000 -1.000000
vn 0.000000 0.000000 -1.000000
vn 0.000000 0.000000 -1.000000
vn 0.000000 0.000000 -1.000000
vn 0.000000 0.000000 -1.000000
vn 0.000000 0.000000 -1.000000
vn 0.000000 0.000000 -1.000000
vn 0.000000 0.000000 -1.000000
vn 0.000000 0.000000 -1.000000
vn 0.000000 0.000000 -1.000000
vn 0.000000 0.000000 -1.000000
vn 0.000000 0.000000 -1.000000
vn 0.000000 0.000000 -1.000000
vn 0.000000 0.000000 -1.000000
vn 0.000000 0.000000 -1.000000
vn 0.000000 0.000000 -1.000000
vn -0.334670 0.942335 0.000000
vn -0.334670 0.942335 0.000000
vn -0.334670 0.942335 0.000000
vn -0.334670 0.942335 0.000000
vn -0.914971 0.403519 0.000000
vn -0.914971 0.403519 0.000000
vn -0.914971 0.403519 0.000000
vn -0.914971 0.403519 0.000000
vn -0.951493 -0.307671 0.000000
vn -0.951493 -0.307671 0.000000
vn -0.951493 -0.307671 0.000000
vn -0.951493 -0.307671 0.000000
vn -0.436546 -0.899682 0.000000
vn -0.436546 -0.899682 0.000000
vn -0.436546 -0.899682 0.000000
vn -0.436546 -0.899682 0.000000
vn 0.125636 -0.992076 0.000000
vn 0.333543 -0.942735 0.000000
vn 0.333543 -0.942735 0.000000
vn 0.125636 -0.992076 0.000000
vn 0.524916 -0.851154 0.000000
vn 0.524916 -0.851154 0.000000
vn -0.981042 0.193795 0.000000
vn -0.981042 0.193795 0.000000
vn -0.981042 0.193795 0.000000
vn -0.981042 0.193795 0.000000
vn -0.645471 0.763785 0.000000
vn -0.645471 0.763785 0.000000
vn -0.645471 0.763785 0.000000
vn -0.645471 0.763785 0.000000
vn -0.141081 0.989998 0.000000
vn 0.016046 0.999871 0.000000
vn 0.016046 0.999871 0.000000
vn -0.141081 0.989998 0.000000
vn 0.391013 0.920385 0.000000
vn 0.391013 0.920385 0.000000
vn 0.598513 0.801113 0.000000
vn 0.598513 0.801113 0.000000
vn 0.048181 0.998839 0.000000
vn 0.048181 0.998839 0.000000
vn 0.048181 0.998839 0.000000
vn 0.048181 0.998839 0.000000
vn -0.885140 -0.465324 0.000000
vn -0.752531 -0.658557 0.000000
vn -0.752531 -0.658557 0.000000
vn -0.885140 -0.465324 0.000000
vn -0.373514 -0.927625 0.000000
vn -0.373514 -0.927625 0.000000
vn 0.138531 -0.990358 0.000000
vn 0.138531 -0.990358 0.000000
vn 0.319633 -0.947541 0.000000
vn 0.319633 -0.947541 0.000000
vn 0.950771 -0.309895 0.000000
vn 0.991436 -0.130597 0.000000
vn 0.991436 -0.130597 0.000000
vn 0.950771 -0.309895 0.000000
vn 0.998839 -0.048181 0.000000
vn 0.998839 -0.048181 0.000000
vn 0.048181 0.998839 0.000000
vn 0.048181 0.998839 0.000000
vn 0.048181 0.998839 0.000000
vn 0.048181 0.998839 0.000000
vn -0.998839 0.048181 0.000000
vn -0.998839 0.048181 0.000000
vn -0.998839 0.048181 0.000000
vn -0.998839 0.048181 0.000000
vn 0.600180 0.799865 0.000000
vn 0.438076 0.898938 0.000000
vn 0.438076 0.898938 0.000000
vn 0.600180 0.799865 0.000000
vn 0.237917 0.971286 0.000000
vn 0.237917 0.971286 0.000000
vn -0.413547 -0.910483 0.000000
vn -0.413547 -0.910483 0.000000
vn -0.413547 -0.910483 0.000000
vn -0.413547 -0.910483 0.000000
vn -0.952001 -0.306096 0.000000
vn -0.952001 -0.306096 0.000000
vn -0.952001 -0.306096 0.000000
vn -0.952001 -0.306096 0.000000
vn -0.920082 0.391726 0.000000
vn -0.920082 0.391726 0.000000
vn -0.920082 0.391726 0.000000
vn -0.920082 0.391726 0.000000
vn -0.330833 0.943689 0.000000
vn -0.330833 0.943689 0.000000
vn -0.330833 0.943689 0.000000
vn -0.330833 0.943689 0.000000
vn 0.417891 0.908497 0.000000
vn 0.417891 0.908497 0.000000
vn 0.417891 0.908497 0.000000
vn 0.417891 0.908497 0.000000
vn 0.949258 0.314499 0.000000
vn 0.949258 0.314499 0.000000
vn 0.949258 0.314499 0.000000
vn 0.949258 0.314499 0.000000
vn 0.914389 -0.404837 0.000000
vn 0.914389 -0.404837 0.000000
vn 0.914389 -0.404837 0.000000
vn 0.914389 -0.404837 0.000000
vn 0.331223 -0.943552 0.000000
vn 0.331223 -0.943552 0.000000
vn 0.331223 -0.943552 0.000000
vn 0.331223 -0.943552 0.000000
vn -0.334670 0.942335 0.000000
vn -0.334670 0.942335 0.000000
vn -0.914971 0.403519 0.000000
vn -0.914971 0.403519 0.000000
vn -0.951493 -0.307671 0.000000
vn -0.951493 -0.307671 0.000000
vn -0.436546 -0.899682 0.000000
vn -0.436546 -0.899682 0.000000
vn 0.333543 -0.942735 0.000000
vn 0.125636 -0.992076 0.000000
vn 0.524916 -0.851154 0.000000
vn -0.981042 0.193795 0.000000
vn -0.981042 0.193795 0.000000
vn -0.645471 0.763785 0.000000
vn -0.645471 0.763785 0.000000
vn 0.016046 0.999871 0.000000
vn -0.141081 0.989998 0.000000
vn 0.391013 0.920385 0.000000
vn 0.598513 0.801113 0.000000
vn 0.048181 0.998839 0.000000
vn 0.048181 0.998839 0.000000
vn -0.752531 -0.658557 0.000000
vn -0.885140 -0.465324 0.000000
vn -0.373514 -0.927625 0.000000
vn 0.138531 -0.990358 0.000000
vn 0.319633 -0.947541 0.000000
vn 0.991436 -0.130597 0.000000
vn 0.950771 -0.309895 0.000000
vn 0.998839 -0.048181 0.000000
vn 0.048181 0.998839 0.000000
vn 0.048181 0.998839 0.000000
vn -0.998839 0.048181 0.000000
vn -0.998839 0.048181 0.000000
vn 0.438076 0.898938 0.000000
vn 0.600180 0.799865 0.000000
vn 0.237917 0.971286 0.000000
vn -0.413547 -0.910483 0.000000
vn -0.413547 -0.910483 0.000000
vn -0.952001 -0.306096 0.000000
vn -0.952001 -0.306096 0.000000
vn -0.920082 0.391726 0.000000
vn -0.920082 0.391726 0.000000
vn -0.330833 0.943689 0.000000
vn -0.330833 0.943689 0.000000
vn 0.417891 0.908497 0.000000
vn 0.417891 0.908497 0.000000
vn 0.949258 0.314499 0.000000
vn 0.949258 0.314499 0.000000
vn 0.914389 -0.404837 0.000000
vn 0.914389 -0.404837 0.000000
vn 0.331223 -0.943552 0.000000
vn 0.331223 -0.943552 0.000000
vn -0.334670 0.942335 0.000000
vn -0.334670 0.942335 0.000000
vn -0.914971 0.403519 0.000000
vn -0.914971 0.403519 0.000000
vn -0.951493 -0.307671 0.000000
vn -0.951493 -0.307671 0.000000
vn -0.436546 -0.899682 0.000000
vn -0.436546 -0.899682 0.000000
vn 0.333543 -0.942735 0.000000
vn 0.125636 -0.992076 0.000000
vn 0.524916 -0.851154 0.000000
vn -0.981042 0.193795 0.000000
vn -0.981042 0.193795 0.000000
vn -0.645471 0.763785 0.000000
vn -0.645471 0.763785 0.000000
vn 0.016046 0.999871 0.000000
vn -0.141081 0.989998 0.000000
vn 0.391013 0.920385 0.000000
vn 0.598513 0.801113 0.000000
vn 0.048181 0.998839 0.000000
vn 0.048181 0.998839 0.000000
vn -0.752531 -0.658557 0.000000
vn -0.885140 -0.465324 0.000000
vn -0.373514 -0.927625 0.000000
vn 0.138531 -0.990358 0.000000
vn 0.319633 -0.947541 0.000000
vn 0.991436 -0.130597 0.000000
vn 0.950771 -0.309895 0.000000
vn 0.998839 -0.048181 0.000000
vn 0.048181 0.998839 0.000000
vn 0.048181 0.998839 0.000000
vn -0.998839 0.048181 0.000000
vn -0.998839 0.048181 0.000000
vn 0.438076 0.898938 0.000000
vn 0.600180 0.799865 0.000000
vn 0.237917 0.971286 0.000000
vn -0.413547 -0.910483 0.000000
vn -0.413547 -0.910483 0.000000
vn -0.952001 -0.306096 0.000000
vn -0.952001 -0.306096 0.000000
vn -0.920082 0.391726 0.000000
vn -0.920082 0.391726 0.000000
vn -0.330833 0.943689 0.000000
vn -0.330833 0.943689 0.000000
vn 0.417891 0.908497 0.000000
vn 0.417891 0.908497 0.000000
vn 0.949258 0.314499 0.000000
vn 0.949258 0.314499 0.000000
vn 0.914389 -0.404837 0.000000
vn 0.914389 -0.404837 0.000000
vn 0.331223 -0.943552 0.000000
vn 0.331223 -0.943552 0.000000
vn -0.334670 0.942335 0.000000
vn -0.334670 0.942335 0.000000
vn -0.914971 0.403519 0.000000
vn -0.914971 0.403519 0.000000
vn -0.951493 -0.307671 0.000000
vn -0.951493 -0.307671 0.000000
vn -0.436546 -0.899682 0.000000
vn -0.436546 -0.899682 0.000000
vn 0.333543 -0.942735 0.000000
vn 0.125636 -0.992076 0.000000
vn 0.524916 -0.851154 0.000000
vn -0.981042 0.193795 0.000000
vn -0.981042 0.193795 0.000000
vn -0.645471 0.763785 0.000000
vn -0.645471 0.763785 0.000000
vn 0.016046 0.999871 0.000000
vn -0.141081 0.989998 0.000000
vn 0.391013 0.920385 0.000000
vn 0.598513 0.801113 0.000000
vn 0.048181 0.998839 0.000000
vn 0.048181 0.998839 0.000000
vn -0.752531 -0.658557 0.000000
vn -0.885140 -0.465324 0.000000
vn -0.373514 -0.927625 0.000000
vn 0.138531 -0.990358 0.000000
vn 0.319633 -0.947541 0.000000
vn 0.991436 -0.130597 0.000000
vn 0.950771 -0.309895 0.000000
vn 0.998839 -0.048181 0.000000
vn 0.048181 0.998839 0.000000
vn 0.048181 0.998839 0.000000
vn -0.998839 0.048181 0.000000
vn -0.998839 0.048181 0.000000
vn 0.438076 0.898938 0.000000
vn 0.600180 0.799865 0.000000
vn 0.237917 0.971286 0.000000
vn -0.413547 -0.910483 0.000000
vn -0.413547 -0.910483 0.000000
vn -0.952001 -0.306096 0.000000
vn -0.952001 -0.306096 0.000000
vn -0.920082 0.391726 0.000000
vn -0.920082 0.391726 0.000000
vn -0.330833 0.943689 0.000000
vn -0.330833 0.943689 0.000000
vn 0.417891 0.908497 0.000000
vn 0.417891 0.908497 0.000000
vn 0.949258 0.314499 0.000000
vn 0.949258 0.314499 0.000000
vn 0.914389 -0.404837 0.000000
vn 0.914389 -0.404837 0.000000
vn 0.331223 -0.943552 0.000000
vn 0.331223 -0.943552 0.000000
vn -0.000000 0.000000 1.000000
vn -0.000000 0.000000 1.000000
vn -0.000000 0.000000 1.000000
vn -0.000000 0.000000 1.000000
vn -0.000000 0.000000 1.000000
vn -0.000000 0.000000 1.000000
vn -0.000000 0.000000 1.000000
vn -0.000000 0.000000 1.000000
vn -0.000000 0.000000 1.000000
vn -0.000000 0.000000 1.000000
vn -0.000000 0.000000 1.000000
vn -0.000000 0.000000 1.000000
vn -0.000000 0.000000 1.000000
vn -0.000000 0.000000 1.000000
vn -0.000000 0.000000 1.000000
vn -0.000000 0.000000 1.000000
vn -0.000000 0.000000 1.000000
vn -0.000000 0.000000 1.000000
vn -0.000000 0.000000 1.000000
vn -0.000000 0.000000 1.000000
vn -0.000000 0.000000 1.000000
vn -0.000000 0.000000 1.000000
vn -0.000000 0.000000 1.000000
vn -0.000000 0.000000 1.000000
vn -0.000000 0.000000 1.000000
vn -0.000000 0.000000 1.000000
vn -0.000000 0.000000 1.000000
vn -0.000000 0.000000 1.000000
vn -0.000000 0.000000 1.000000
vn -0.000000 0.000000 1.000000
vn 0.000000 0.000000 -1.000000
vn 0.000000 0.000000 -1.000000
vn 0.000000 0.000000 -1.000000
vn 0.000000 0.000000 -1.000000
vn 0.000000 0.000000 -1.000000
vn 0.000000 0.000000 -1.000000
vn 0.000000 0.000000 -1.000000
vn 0.000000 0.000000 -1.000000
vn 0.000000 0.000000 -1.000000
vn 0.000000 0.000000 -1.000000
vn 0.000000 0.000000 -1.000000
vn 0.000000 0.000000 -1.000000
vn 0.000000 0.000000 -1.000000
vn 0.000000 0.000000 -1.000000
vn 0.000000 0.000000 -1.000000
vn 0.000000 0.000000 -1.000000
vn 0.000000 0.000000 -1.000000
vn 0.000000 0.000000 -1.000000
vn 0.000000 0.000000 -1.000000
vn 0.000000 0.000000 -1.000000
vn 0.000000 0.000000 -1.000000
vn -0.362295 0.932063 0.000000
vn -0.362295 0.932063 0.000000
vn -0.362295 0.932063 0.000000
vn -0.362295 0.932063 0.000000
vn -0.923352 0.383954 0.000000
vn -0.923352 0.383954 0.000000
vn -0.923352 0.383954 0.000000
vn -0.923352 0.383954 0.000000
vn -0.951238 -0.308459 0.000000
vn -0.951238 -0.308459 0.000000
vn -0.951238 -0.308459 0.000000
vn -0.951238 -0.308459 0.000000
vn -0.452682 -0.891672 0.000000
vn -0.452682 -0.891672 0.000000
vn -0.452682 -0.891672 0.000000
vn -0.452682 -0.891672 0.000000
vn 0.141120 -0.989993 0.000000
vn 0.348186 -0.937426 0.000000
vn 0.348186 -0.937426 0.000000
vn 0.141120 -0.989993 0.000000
vn 0.523595 -0.851967 0.000000
vn 0.523595 -0.851967 0.000000
vn -0.998839 0.048181 0.000000
vn -0.998839 0.048181 0.000000
vn -0.998839 0.048181 0.000000
vn -0.998839 0.048181 0.000000
vn -0.048181 -0.998839 0.000000
vn -0.048181 -0.998839 0.000000
vn -0.048181 -0.998839 0.000000
vn -0.048181 -0.998839 0.000000
vn 0.998839 -0.048181 0.000000
vn 0.998839 -0.048181 0.000000
vn 0.998839 -0.048181 0.000000
vn 0.998839 -0.048181 0.000000
vn 0.048181 0.998839 0.000000
vn 0.048181 0.998839 0.000000
vn 0.048181 0.998839 0.000000
vn 0.048181 0.998839 0.000000
vn -0.998839 0.048181 0.000000
vn -0.998839 0.048181 0.000000
vn -0.998839 0.048181 0.000000
vn -0.998839 0.048181 0.000000
vn 0.611684 0.791102 0.000000
vn 0.440368 0.897817 0.000000
vn 0.440368 0.897817 0.000000
vn 0.611684 0.791102 0.000000
vn 0.244422 0.969669 0.000000
vn 0.244422 0.969669 0.000000
vn -0.424054 -0.905637 0.000000
vn -0.424054 -0.905637 0.000000
vn -0.424054 -0.905637 0.000000
vn -0.424054 -0.905637 0.000000
vn -0.953920 -0.300060 0.000000
vn -0.953920 -0.300060 0.000000
vn -0.953920 -0.300060 0.000000
vn -0.953920 -0.300060 0.000000
vn -0.923042 0.384699 0.000000
vn -0.923042 0.384699 0.000000
vn -0.923042 0.384699 0.000000
vn -0.923042 0.384699 0.000000
vn -0.342063 0.939677 0.000000
vn -0.342063 0.939677 0.000000
vn -0.342063 0.939677 0.000000
vn -0.342063 0.939677 0.000000
vn 0.441718 0.897154 0.000000
vn 0.441718 0.897154 0.000000
vn 0.441718 0.897154 0.000000
vn 0.441718 0.897154 0.000000
vn 0.954224 0.299094 0.000000
vn 0.954224 0.299094 0.000000
vn 0.954224 0.299094 0.000000
vn 0.954224 0.299094 0.000000
vn 0.921868 -0.387505 0.000000
vn 0.921868 -0.387505 0.000000
vn 0.921868 -0.387505 0.000000
vn 0.921868 -0.387505 0.000000
vn 0.346782 -0.937946 0.000000
vn 0.346782 -0.937946 0.000000
vn 0.346782 -0.937946 0.000000
vn 0.346782 -0.937946 0.000000
vn -0.362295 0.932063 0.000000
vn -0.362295 0.932063 0.000000
vn -0.923352 0.383954 0.000000
vn -0.923352 0.383954 0.000000
vn -0.951238 -0.308459 0.000000
vn -0.951238 -0.308459 0.000000
vn -0.452682 -0.891672 0.000000
vn -0.452682 -0.891672 0.000000
vn 0.348186 -0.937426 0.000000
vn 0.141120 -0.989993 0.000000
vn 0.523595 -0.851967 0.000000
vn -0.998839 0.048181 0.000000
vn -0.998839 0.048181 0.000000
vn -0.048181 -0.998839 0.000000
vn -0.048181 -0.998839 0.000000
vn 0.998839 -0.048181 0.000000
vn 0.998839 -0.048181 0.000000
vn 0.048181 0.998839 0.000000
vn 0.048181 0.998839 0.000000
vn -0.998839 0.048181 0.000000
vn -0.998839 0.048181 0.000000
vn 0.440368 0.897817 0.000000
vn 0.611684 0.791102 0.000000
vn 0.244422 0.969669 0.000000
vn -0.424054 -0.905637 0.000000
vn -0.424054 -0.905637 0.000000
vn -0.953920 -0.300060 0.000000
vn -0.953920 -0.300060 0.000000
vn -0.923042 0.384699 0.000000
vn -0.923042 0.384699 0.000000
vn -0.342063 0.939677 0.000000
vn -0.342063 0.939677 0.000000
vn 0.441718 0.897154 0.000000
vn 0.441718 0.897154 0.000000
vn 0.954224 0.299094 0.000000
vn 0.954224 0.299094 0.000000
vn 0.921868 -0.387505 0.000000
vn 0.921868 -0.387505 0.000000
vn 0.346782 -0.937946 0.000000
vn 0.346782 -0.937946 0.000000
vn -0.362295 0.932063 0.000000
vn -0.362295 0.932063 0.000000
vn -0.923352 0.383954 0.000000
vn -0.923352 0.383954 0.000000
vn -0.951238 -0.308459 0.000000
vn -0.951238 -0.308459 0.000000
vn -0.452682 -0.891672 0.000000
vn -0.452682 -0.891672 0.000000
vn 0.348185 -0.937426 0.000000
vn 0.141120 -0.989993 0.000000
vn 0.523595 -0.851967 0.000000
vn -0.998839 0.048181 0.000000
vn -0.998839 0.048181 0.000000
vn -0.048181 -0.998839 0.000000
vn -0.048181 -0.998839 0.000000
vn 0.998839 -0.048181 0.000000
vn 0.998839 -0.048181 0.000000
vn 0.048181 0.998839 0.000000
vn 0.048181 0.998839 0.000000
vn -0.998839 0.048181 0.000000
vn -0.998839 0.048181 0.000000
vn 0.440368 0.897817 0.000000
vn 0.611684 0.791102 0.000000
vn 0.244422 0.969669 0.000000
vn -0.424054 -0.905637 0.000000
vn -0.424054 -0.905637 0.000000
vn -0.953920 -0.300060 0.000000
vn -0.953920 -0.300060 0.000000
vn -0.923042 0.384699 0.000000
vn -0.923042 0.384699 0.000000
vn -0.342063 0.939677 0.000000
vn -0.342063 0.939677 0.000000
vn 0.441718 0.897154 0.000000
vn 0.441718 0.897154 0.000000
vn 0.954224 0.299094 0.000000
vn 0.954224 0.299094 0.000000
vn 0.921868 -0.387505 0.000000
vn 0.921868 -0.387505 0.000000
vn 0.346782 -0.937946 0.000000
vn 0.346782 -0.937946 0.000000
vn -0.362295 0.932063 0.000000
vn -0.362295 0.932063 0.000000
vn -0.923352 0.383954 0.000000
vn -0.923352 0.383954 0.000000
vn -0.951238 -0.308459 0.000000
vn -0.951238 -0.308459 0.000000
vn -0.452682 -0.891672 0.000000
vn -0.452682 -0.891672 0.000000
vn 0.348185 -0.937426 0.000000
vn 0.141120 -0.989993 0.000000
vn 0.523595 -0.851967 0.000000
vn -0.998839 0.048181 0.000000
vn -0.998839 0.048181 0.000000
vn -0.048181 -0.998839 0.000000
vn -0.048181 -0.998839 0.000000
vn 0.998839 -0.048181 0.000000
vn 0.998839 -0.048181 0.000000
vn 0.048181 0.998839 0.000000
vn 0.048181 0.998839 0.000000
vn -0.998839 0.048181 0.000000
vn -0.998839 0.048181 0.000000
vn 0.440368 0.897817 0.000000
vn 0.611684 0.791102 0.000000
vn 0.244422 0.969669 0.000000
vn -0.424054 -0.905637 0.000000
vn -0.424054 -0.905637 0.000000
vn -0.953920 -0.300060 0.000000
vn -0.953920 -0.300060 0.000000
vn -0.923042 0.384699 0.000000
vn -0.923042 0.384699 0.000000
vn -0.342063 0.939677 0.000000
vn -0.342063 0.939677 0.000000
vn 0.441718 0.897154 0.000000
vn 0.441718 0.897154 0.000000
vn 0.954224 0.299094 0.000000
vn 0.954224 0.299094 0.000000
vn 0.921868 -0.387505 0.000000
vn 0.921868 -0.387505 0.000000
vn 0.346782 -0.937946 0.000000
vn 0.346782 -0.937946 0.000000
vn -0.000000 0.000000 1.000000
vn -0.000000 0.000000 1.000000
vn -0.000000 0.000000 1.000000
vn -0.000000 0.000000 1.000000
vn -0.000000 0.000000 1.000000
vn -0.000000 0.000000 1.000000
vn -0.000000 0.000000 1.000000
vn -0.000000 0.000000 1.000000
vn -0.000000 0.000000 1.000000
vn -0.000000 0.000000 1.000000
vn -0.000000 0.000000 1.000000
vn -0.000000 0.000000 1.000000
vn -0.000000 0.000000 1.000000
vn -0.000000 0.000000 1.000000
vn -0.000000 0.000000 1.000000
vn -0.000000 0.000000 1.000000
vn -0.000000 0.000000 1.000000
vn -0.000000 0.000000 1.000000
vn -0.000000 0.000000 1.000000
vn -0.000000 0.000000 1.000000
vn -0.000000 0.000000 1.000000
vn 0.000000 0.000000 -1.000000
vn 0.000000 0.000000 -1.000000
vn 0.000000 0.000000 -1.000000
vn 0.000000 0.000000 -1.000000
vn 0.000000 0.000000 -1.000000
vn 0.000000 0.000000 -1.000000
vn 0.000000 0.000000 -1.000000
vn 0.000000 0.000000 -1.000000
vn 0.000000 0.000000 -1.000000
vn 0.000000 0.000000 -1.000000
vn 0.000000 0.000000 -1.000000
vn 0.000000 0.000000 -1.000000
vn 0.000000 0.000000 -1.000000
vn -0.244769 0.969581 0.000000
vn -0.244769 0.969581 0.000000
vn -0.244769 0.969581 0.000000
vn -0.244769 0.969581 0.000000
vn -0.741414 0.671048 0.000000
vn -0.741414 0.671048 0.000000
vn -0.741414 0.671048 0.000000
vn -0.741414 0.671048 0.000000
vn 0.998839 -0.048181 0.000000
vn 0.998839 -0.048181 0.000000
vn 0.998839 -0.048181 0.000000
vn 0.998839 -0.048181 0.000000
vn 0.048181 0.998839 0.000000
vn 0.048181 0.998839 0.000000
vn 0.048181 0.998839 0.000000
vn 0.048181 0.998839 0.000000
vn -0.998839 0.048181 0.000000
vn -0.998839 0.048181 0.000000
vn -0.998839 0.048181 0.000000
vn -0.998839 0.048181 0.000000
vn -0.048181 -0.998839 0.000000
vn -0.048181 -0.998839 0.000000
vn -0.048181 -0.998839 0.000000
vn -0.048181 -0.998839 0.000000
vn 0.998839 -0.048181 0.000000
vn 0.998935 -0.046149 0.000000
vn 0.998935 -0.046149 0.000000
vn 0.998839 -0.048181 0.000000
vn 0.986249 -0.165267 0.000000
vn 0.986249 -0.165267 0.000000
vn 0.982115 -0.188283 0.000000
vn 0.982115 -0.188283 0.000000
vn 0.551299 -0.834308 0.000000
vn 0.551299 -0.834308 0.000000
vn 0.551299 -0.834308 0.000000
vn 0.551299 -0.834308 0.000000
vn -0.336500 -0.941684 0.000000
vn -0.336500 -0.941684 0.000000
vn -0.336500 -0.941684 0.000000
vn -0.336500 -0.941684 0.000000
vn 0.922912 -0.385011 0.000000
vn 0.922912 -0.385011 0.000000
vn 0.922912 -0.385011 0.000000
vn 0.922912 -0.385011 0.000000
vn 0.290991 0.956726 0.000000
vn 0.290991 0.956726 0.000000
vn 0.290991 0.956726 0.000000
vn 0.290991 0.956726 0.000000
vn -0.244769 0.969581 0.000000
vn -0.244769 0.969581 0.000000
vn -0.741414 0.671048 0.000000
vn -0.741414 0.671048 0.000000
vn 0.998839 -0.048181 0.000000
vn 0.998839 -0.048181 0.000000
vn 0.048181 0.998839 0.000000
vn 0.048181 0.998839 0.000000
vn -0.998839 0.048181 0.000000
vn -0.998839 0.048181 0.000000
vn -0.048181 -0.998839 0.000000
vn -0.048181 -0.998839 0.000000
vn 0.998935 -0.046149 0.000000
vn 0.998839 -0.048181 0.000000
vn 0.986249 -0.165267 0.000000
vn 0.982115 -0.188283 0.000000
vn 0.551299 -0.834308 0.000000
vn 0.551299 -0.834308 0.000000
vn -0.336500 -0.941684 0.000000
vn -0.336500 -0.941684 0.000000
vn 0.922912 -0.385011 0.000000
vn 0.922912 -0.385011 0.000000
vn 0.290991 0.956726 0.000000
vn 0.290991 0.956726 0.000000
vn -0.244769 0.969581 0.000000
vn -0.244769 0.969581 0.000000
vn -0.741414 0.671048 0.000000
vn -0.741414 0.671048 0.000000
vn 0.998839 -0.048181 0.000000
vn 0.998839 -0.048181 0.000000
vn 0.048181 0.998839 0.000000
vn 0.048181 0.998839 0.000000
vn -0.998839 0.048181 0.000000
vn -0.998839 0.048181 0.000000
vn -0.048181 -0.998839 0.000000
vn -0.048181 -0.998839 0.000000
vn 0.998935 -0.046149 0.000000
vn 0.998839 -0.048181 0.000000
vn 0.986249 -0.165267 0.000000
vn 0.982115 -0.188283 0.000000
vn 0.551299 -0.834308 0.000000
vn 0.551299 -0.834308 0.000000
vn -0.336500 -0.941684 0.000000
vn -0.336500 -0.941684 0.000000
vn 0.922912 -0.385011 0.000000
vn 0.922912 -0.385011 0.000000
vn 0.290991 0.956726 0.000000
vn 0.290991 0.956726 0.000000
vn -0.244769 0.969581 0.000000
vn -0.244769 0.969581 0.000000
vn -0.741414 0.671048 0.000000
vn -0.741414 0.671048 0.000000
vn 0.998839 -0.048181 0.000000
vn 0.998839 -0.048181 0.000000
vn 0.048181 0.998839 0.000000
vn 0.048181 0.998839 0.000000
vn -0.998839 0.048181 0.000000
vn -0.998839 0.048181 0.000000
vn -0.048181 -0.998839 0.000000
vn -0.048181 -0.998839 0.000000
vn 0.998935 -0.046149 0.000000
vn 0.998839 -0.048181 0.000000
vn 0.986249 -0.165267 0.000000
vn 0.982115 -0.188283 0.000000
vn 0.551299 -0.834308 0.000000
vn 0.551299 -0.834308 0.000000
vn -0.336500 -0.941684 0.000000
vn -0.336500 -0.941684 0.000000
vn 0.922912 -0.385011 0.000000
vn 0.922912 -0.385011 0.000000
vn 0.290991 0.956726 0.000000
vn 0.290991 0.956726 0.000000
vn -0.000000 0.000000 1.000000
vn -0.000000 0.000000 1.000000
vn -0.000000 0.000000 1.000000
vn -0.000000 0.000000 1.000000
vn -0.000000 0.000000 1.000000
vn -0.000000 0.000000 1.000000
vn -0.000000 0.000000 1.000000
vn -0.000000 0.000000 1.000000
vn -0.000000 0.000000 1.000000
vn -0.000000 0.000000 1.000000
vn -0.000000 0.000000 1.000000
vn -0.000000 0.000000 1.000000
vn -0.000000 0.000000 1.000000
vn 0.000000 0.000000 -1.000000
vn 0.000000 0.000000 -1.000000
vn 0.000000 0.000000 -1.000000
vn 0.000000 0.000000 -1.000000
vn 0.000000 0.000000 -1.000000
vn 0.000000 0.000000 -1.000000
vn 0.000000 0.000000 -1.000000
vn 0.000000 0.000000 -1.000000
vn 0.000000 0.000000 -1.000000
vn 0.000000 0.000000 -1.000000
vn 0.000000 0.000000 -1.000000
vn 0.000000 0.000000 -1.000000
vn 0.000000 0.000000 -1.000000
vn 0.000000 0.000000 -1.000000
vn 0.000000 0.000000 -1.000000
vn 0.000000 0.000000 -1.000000
vn 0.000000 0.000000 -1.000000
vn 0.000000 0.000000 -1.000000
vn 0.000000 0.000000 -1.000000
vn 0.000000 0.000000 -1.000000
vn 0.000000 0.000000 -1.000000
vn 0.048181 0.998839 0.000000
vn 0.048181 0.998839 0.000000
vn 0.048181 0.998839 0.000000
vn 0.048181 0.998839 0.000000
vn -0.998839 0.048181 0.000000
vn -0.998839 0.048181 0.000000
vn -0.998839 0.048181 0.000000
vn -0.998839 0.048181 0.000000
vn 0.611684 0.791102 0.000000
vn 0.440368 0.897817 0.000000
vn 0.440368 0.897817 0.000000
vn 0.611684 0.791102 0.000000
vn 0.244422 0.969669 0.000000
vn 0.244422 0.969669 0.000000
vn -0.362295 0.932063 0.000000
vn -0.362295 0.932063 0.000000
vn -0.362295 0.932063 0.000000
vn -0.362295 0.932063 0.000000
vn -0.923352 0.383954 0.000000
vn -0.923352 0.383954 0.000000
vn -0.923352 0.383954 0.000000
vn -0.923352 0.383954 0.000000
vn -0.951238 -0.308459 0.000000
vn -0.951238 -0.308459 0.000000
vn -0.951238 -0.308459 0.000000
vn -0.951238 -0.308459 0.000000
vn -0.452682 -0.891672 0.000000
vn -0.452682 -0.891672 0.000000
vn -0.452682 -0.891672 0.000000
vn -0.452682 -0.891672 0.000000
vn 0.141120 -0.989993 0.000000
vn 0.348186 -0.937426 0.000000
vn 0.348186 -0.937426 0.000000
vn 0.141120 -0.989993 0.000000
vn 0.523595 -0.851967 0.000000
vn 0.523595 -0.851967 0.000000
vn -0.998839 0.048181 0.000000
vn -0.998839 0.048181 0.000000
vn -0.998839 0.048181 0.000000
vn -0.998839 0.048181 0.000000
vn -0.048181 -0.998839 0.000000
vn -0.048181 -0.998839 0.000000
vn -0.048181 -0.998839 0.000000
vn -0.048181 -0.998839 0.000000
vn 0.998839 -0.048181 0.000000
vn 0.998839 -0.048181 0.000000
vn 0.998839 -0.048181 0.000000
vn 0.998839 -0.048181 0.000000
vn -0.424053 -0.905638 0.000000
vn -0.424053 -0.905638 0.000000
vn -0.424053 -0.905638 0.000000
vn -0.424053 -0.905638 0.000000
vn -0.953920 -0.300060 0.000000
vn -0.953920 -0.300060 0.000000
vn -0.953920 -0.300060 0.000000
vn -0.953920 -0.300060 0.000000
vn -0.923042 0.384699 0.000000
vn -0.923042 0.384699 0.000000
vn -0.923042 0.384699 0.000000
vn -0.923042 0.384699 0.000000
vn -0.342063 0.939677 0.000000
vn -0.342063 0.939677 0.000000
vn -0.342063 0.939677 0.000000
vn -0.342063 0.939677 0.000000
vn 0.441718 0.897154 0.000000
vn 0.441718 0.897154 0.000000
vn 0.441718 0.897154 0.000000
vn 0.441718 0.897154 0.000000
vn 0.954224 0.299094 0.000000
vn 0.954224 0.299094 0.000000
vn 0.954224 0.299094 0.000000
vn 0.954224 0.299094 0.000000
vn 0.921868 -0.387505 0.000000
vn 0.921868 -0.387505 0.000000
vn 0.921868 -0.387505 0.000000
vn 0.921868 -0.387505 0.000000
vn 0.346784 -0.937945 0.000000
vn 0.346784 -0.937945 0.000000
vn 0.346784 -0.937945 0.000000
vn 0.346784 -0.937945 0.000000
vn 0.048181 0.998839 0.000000
vn 0.048181 0.998839 0.000000
vn -0.998839 0.048181 0.000000
vn -0.998839 0.048181 0.000000
vn 0.440368 0.897817 0.000000
vn 0.611684 0.791102 0.000000
vn 0.244422 0.969669 0.000000
vn -0.362295 0.932063 0.000000
vn -0.362295 0.932063 0.000000
vn -0.923352 0.383954 0.000000
vn -0.923352 0.383954 0.000000
vn -0.951238 -0.308459 0.000000
vn -0.951238 -0.308459 0.000000
vn -0.452682 -0.891672 0.000000
vn -0.452682 -0.891672 0.000000
vn 0.348186 -0.937426 0.000000
vn 0.141120 -0.989993 0.000000
vn 0.523595 -0.851967 0.000000
vn -0.998839 0.048181 0.000000
vn -0.998839 0.048181 0.000000
vn -0.048181 -0.998839 0.000000
vn -0.048181 -0.998839 0.000000
vn 0.998839 -0.048181 0.000000
vn 0.998839 -0.048181 0.000000
vn -0.424053 -0.905638 0.000000
vn -0.424053 -0.905638 0.000000
vn -0.953920 -0.300060 0.000000
vn -0.953920 -0.300060 0.000000
vn -0.923042 0.384699 0.000000
vn -0.923042 0.384699 0.000000
vn -0.342063 0.939677 0.000000
vn -0.342063 0.939677 0.000000
vn 0.441718 0.897154 0.000000
vn 0.441718 0.897154 0.000000
vn 0.954224 0.299094 0.000000
vn 0.954224 0.299094 0.000000
vn 0.921868 -0.387505 0.000000
vn 0.921868 -0.387505 0.000000
vn 0.346784 -0.937945 0.000000
vn 0.346784 -0.937945 0.000000
vn 0.048181 0.998839 0.000000
vn 0.048181 0.998839 0.000000
vn -0.998839 0.048181 0.000000
vn -0.998839 0.048181 0.000000
vn 0.440368 0.897817 0.000000
vn 0.611684 0.791102 0.000000
vn 0.244422 0.969669 0.000000
vn -0.362295 0.932063 0.000000
vn -0.362295 0.932063 0.000000
vn -0.923352 0.383954 0.000000
vn -0.923352 0.383954 0.000000
vn -0.951238 -0.308459 0.000000
vn -0.951238 -0.308459 0.000000
vn -0.452682 -0.891672 0.000000
vn -0.452682 -0.891672 0.000000
vn 0.348185 -0.937426 0.000000
vn 0.141120 -0.989993 0.000000
vn 0.523595 -0.851967 0.000000
vn -0.998839 0.048181 0.000000
vn -0.998839 0.048181 0.000000
vn -0.048181 -0.998839 0.000000
vn -0.048181 -0.998839 0.000000
vn 0.998839 -0.048181 0.000000
vn 0.998839 -0.048181 0.000000
vn -0.424053 -0.905638 0.000000
vn -0.424053 -0.905638 0.000000
vn -0.953920 -0.300060 0.000000
vn -0.953920 -0.300060 0.000000
vn -0.923042 0.384699 0.000000
vn -0.923042 0.384699 0.000000
vn -0.342063 0.939677 0.000000
vn -0.342063 0.939677 0.000000
vn 0.441718 0.897154 0.000000
vn 0.441718 0.897154 0.000000
vn 0.954224 0.299094 0.000000
vn 0.954224 0.299094 0.000000
vn 0.921868 -0.387505 0.000000
vn 0.921868 -0.387505 0.000000
vn 0.346784 -0.937945 0.000000
vn 0.346784 -0.937945 0.000000
vn 0.048181 0.998839 0.000000
vn 0.048181 0.998839 0.000000
vn -0.998839 0.048181 0.000000
vn -0.998839 0.048181 0.000000
vn 0.440368 0.897817 0.000000
vn 0.611684 0.791102 0.000000
vn 0.244422 0.969669 0.000000
vn -0.362295 0.932063 0.000000
vn -0.362295 0.932063 0.000000
vn -0.923352 0.383954 0.000000
vn -0.923352 0.383954 0.000000
vn -0.951238 -0.308459 0.000000
vn -0.951238 -0.308459 0.000000
vn -0.452682 -0.891672 0.000000
vn -0.452682 -0.891672 0.000000
vn 0.348185 -0.937426 0.000000
vn 0.141120 -0.989993 0.000000
vn 0.523595 -0.851967 0.000000
vn -0.998839 0.048181 0.000000
vn -0.998839 0.048181 0.000000
vn -0.048181 -0.998839 0.000000
vn -0.048181 -0.998839 0.000000
vn 0.998839 -0.048181 0.000000
vn 0.998839 -0.048181 0.000000
vn -0.424053 -0.905638 0.000000
vn -0.424053 -0.905638 0.000000
vn -0.953920 -0.300060 0.000000
vn -0.953920 -0.300060 0.000000
vn -0.923042 0.384699 0.000000
vn -0.923042 0.384699 0.000000
vn -0.342063 0.939677 0.000000
vn -0.342063 0.939677 0.000000
vn 0.441718 0.897154 0.000000
vn 0.441718 0.897154 0.000000
vn 0.954224 0.299094 0.000000
vn 0.954224 0.299094 0.000000
vn 0.921868 -0.387505 0.000000
vn 0.921868 -0.387505 0.000000
vn 0.346784 -0.937945 0.000000
vn 0.346784 -0.937945 0.000000
vn -0.000000 0.000000 1.000000
vn -0.000000 0.000000 1.000000
vn -0.000000 0.000000 1.000000
vn -0.000000 0.000000 1.000000
vn -0.000000 0.000000 1.000000
vn -0.000000 0.000000 1.000000
vn -0.000000 0.000000 1.000000
vn -0.000000 0.000000 1.000000
vn -0.000000 0.000000 1.000000
vn -0.000000 0.000000 1.000000
vn -0.000000 0.000000 1.000000
vn -0.000000 0.000000 1.000000
vn -0.000000 0.000000 1.000000
vn -0.000000 0.000000 1.000000
vn -0.000000 0.000000 1.000000
vn -0.000000 0.000000 1.000000
vn -0.000000 0.000000 1.000000
vn -0.000000 0.000000 1.000000
vn -0.000000 0.000000 1.000000
vn -0.000000 0.000000 1.000000
vn -0.000000 0.000000 1.000000
vn 0.000000 0.000000 -1.000000
vn 0.000000 0.000000 -1.000000
vn 0.000000 0.000000 -1.000000
vn 0.000000 0.000000 -1.000000
vn 0.000000 0.000000 -1.000000
vn 0.000000 0.000000 -1.000000
vn 0.000000 0.000000 -1.000000
vn 0.000000 0.000000 -1.000000
vn 0.000000 0.000000 -1.000000
vn 0.000000 0.000000 -1.000000
vn 0.000000 0.000000 -1.000000
vn 0.000000 0.000000 -1.000000
vn 0.000000 0.000000 -1.000000
vn 0.000000 0.000000 -1.000000
vn 0.000000 0.000000 -1.000000
vn 0.000000 0.000000 -1.000000
vn 0.000000 0.000000 -1.000000
vn 0.000000 0.000000 -1.000000
vn 0.000000 0.000000 -1.000000
vn 0.000000 0.000000 -1.000000
vn 0.000000 0.000000 -1.000000
vn 0.000000 0.000000 -1.000000
vn 0.000000 0.000000 -1.000000
vn 0.000000 0.000000 -1.000000
vn -0.292604 0.956234 0.000000
vn -0.292604 0.956234 0.000000
vn -0.292604 0.956234 0.000000
vn -0.292604 0.956234 0.000000
vn -0.890640 0.454709 0.000000
vn -0.890640 0.454709 0.000000
vn -0.890640 0.454709 0.000000
vn -0.890640 0.454709 0.000000
vn -0.812638 -0.582769 0.000000
vn -0.761017 -0.648732 0.000000
vn -0.761017 -0.648732 0.000000
vn -0.812638 -0.582769 0.000000
vn -0.662019 -0.749487 0.000000
vn -0.662019 -0.749487 0.000000
vn -0.751344 -0.659911 0.000000
vn -0.751344 -0.659911 0.000000
vn -0.852036 0.523483 0.000000
vn -0.852036 0.523483 0.000000
vn -0.852036 0.523483 0.000000
vn -0.852036 0.523483 0.000000
vn -0.239944 0.970787 0.000000
vn -0.239944 0.970787 0.000000
vn -0.239944 0.970787 0.000000
vn -0.239944 0.970787 0.000000
vn 0.334355 0.942447 0.000000
vn 0.524037 0.851696 0.000000
vn 0.524037 0.851696 0.000000
vn 0.334355 0.942447 0.000000
vn 0.663633 0.748058 0.000000
vn 0.663633 0.748058 0.000000
vn -0.703234 0.710958 0.000000
vn -0.703234 0.710958 0.000000
vn -0.703234 0.710958 0.000000
vn -0.703234 0.710958 0.000000
vn -0.482372 -0.875966 0.000000
vn -0.482372 -0.875966 0.000000
vn -0.482372 -0.875966 0.000000
vn -0.482372 -0.875966 0.000000
vn 0.275667 -0.961253 0.000000
vn 0.275667 -0.961253 0.000000
vn 0.275667 -0.961253 0.000000
vn 0.275667 -0.961253 0.000000
vn 0.894818 -0.446431 0.000000
vn 0.894818 -0.446431 0.000000
vn 0.894818 -0.446431 0.000000
vn 0.894818 -0.446431 0.000000
vn 0.968188 0.250222 0.000000
vn 0.968188 0.250222 0.000000
vn 0.968188 0.250222 0.000000
vn 0.968188 0.250222 0.000000
vn 0.629224 0.777224 0.000000
vn 0.590035 0.807378 0.000000
vn 0.590034 0.807378 0.000000
vn 0.629224 0.777224 0.000000
vn 0.526003 0.850483 0.000000
vn 0.526003 0.850483 0.000000
vn 0.567042 0.823689 0.000000
vn 0.567042 0.823689 0.000000
vn 0.943169 0.332312 0.000000
vn 0.943169 0.332312 0.000000
vn 0.943169 0.332312 0.000000
vn 0.943169 0.332312 0.000000
vn 0.857467 -0.514539 0.000000
vn 0.857467 -0.514539 0.000000
vn 0.857467 -0.514539 0.000000
vn 0.857467 -0.514539 0.000000
vn 0.214541 -0.976715 0.000000
vn 0.214541 -0.976715 0.000000
vn 0.214541 -0.976715 0.000000
vn 0.214541 -0.976715 0.000000
vn -0.520594 -0.853804 0.000000
vn -0.520594 -0.853804 0.000000
vn -0.520594 -0.853804 0.000000
vn -0.520594 -0.853804 0.000000
vn 0.672217 -0.740354 0.000000
vn 0.672217 -0.740354 0.000000
vn 0.672217 -0.740354 0.000000
vn 0.672217 -0.740354 0.000000
vn 0.680295 0.732939 0.000000
vn 0.491740 0.870742 0.000000
vn 0.491740 0.870742 0.000000
vn 0.680295 0.732939 0.000000
vn 0.273708 0.961813 0.000000
vn 0.273708 0.961813 0.000000
vn -0.292604 0.956234 0.000000
vn -0.292604 0.956234 0.000000
vn -0.890640 0.454709 0.000000
vn -0.890640 0.454709 0.000000
vn -0.761017 -0.648732 0.000000
vn -0.812638 -0.582769 0.000000
vn -0.662019 -0.749487 0.000000
vn -0.751344 -0.659911 0.000000
vn -0.852036 0.523483 0.000000
vn -0.852036 0.523483 0.000000
vn -0.239944 0.970787 0.000000
vn -0.239944 0.970787 0.000000
vn 0.524037 0.851696 0.000000
vn 0.334355 0.942447 0.000000
vn 0.663633 0.748058 0.000000
vn -0.703234 0.710958 0.000000
vn -0.703234 0.710958 0.000000
vn -0.482372 -0.875966 0.000000
vn -0.482372 -0.875966 0.000000
vn 0.275667 -0.961253 0.000000
vn 0.275667 -0.961253 0.000000
vn 0.894818 -0.446431 0.000000
vn 0.894818 -0.446431 0.000000
vn 0.968188 0.250222 0.000000
vn 0.968188 0.250222 0.000000
vn 0.590034 0.807378 0.000000
vn 0.629224 0.777224 0.000000
vn 0.526003 0.850483 0.000000
vn 0.567042 0.823689 0.000000
vn 0.943169 0.332312 0.000000
vn 0.943169 0.332312 0.000000
vn 0.857467 -0.514539 0.000000
vn 0.857467 -0.514539 0.000000
vn 0.214541 -0.976715 0.000000
vn 0.214541 -0.976715 0.000000
vn -0.520594 -0.853804 0.000000
vn -0.520594 -0.853804 0.000000
vn 0.672217 -0.740354 0.000000
vn 0.672217 -0.740354 0.000000
vn 0.491740 0.870742 0.000000
vn 0.680295 0.732939 0.000000
vn 0.273708 0.961813 0.000000
vn -0.292604 0.956234 0.000000
vn -0.292604 0.956234 0.000000
vn -0.890640 0.454709 0.000000
vn -0.890640 0.454709 0.000000
vn -0.761017 -0.648732 0.000000
vn -0.812638 -0.582769 0.000000
vn -0.662018 -0.749488 0.000000
vn -0.751344 -0.659911 0.000000
vn -0.852036 0.523483 0.000000
vn -0.852036 0.523483 0.000000
vn -0.239944 0.970787 0.000000
vn -0.239944 0.970787 0.000000
vn 0.524037 0.851696 0.000000
vn 0.334355 0.942447 0.000000
vn 0.663633 0.748058 0.000000
vn -0.703234 0.710958 0.000000
vn -0.703234 0.710958 0.000000
vn -0.482372 -0.875966 0.000000
vn -0.482372 -0.875966 0.000000
vn 0.275667 -0.961253 0.000000
vn 0.275667 -0.961253 0.000000
vn 0.894818 -0.446431 0.000000
vn 0.894818 -0.446431 0.000000
vn 0.968188 0.250222 0.000000
vn 0.968188 0.250222 0.000000
vn 0.590034 0.807378 0.000000
vn 0.629224 0.777224 0.000000
vn 0.526003 0.850483 0.000000
vn 0.567042 0.823689 0.000000
vn 0.943169 0.332312 0.000000
vn 0.943169 0.332312 0.000000
vn 0.857467 -0.514539 0.000000
vn 0.857467 -0.514539 0.000000
vn 0.214541 -0.976715 0.000000
vn 0.214541 -0.976715 0.000000
vn -0.520594 -0.853805 0.000000
vn -0.520594 -0.853805 0.000000
vn 0.672217 -0.740354 0.000000
vn 0.672217 -0.740354 0.000000
vn 0.491740 0.870742 0.000000
vn 0.680295 0.732939 0.000000
vn 0.273708 0.961813 0.000000
vn -0.292604 0.956234 0.000000
vn -0.292604 0.956234 0.000000
vn -0.890640 0.454709 0.000000
vn -0.890640 0.454709 0.000000
vn -0.761017 -0.648732 0.000000
vn -0.812638 -0.582769 0.000000
vn -0.662018 -0.749488 0.000000
vn -0.751344 -0.659911 0.000000
vn -0.852036 0.523483 0.000000
vn -0.852036 0.523483 0.000000
vn -0.239944 0.970787 0.000000
vn -0.239944 0.970787 0.000000
vn 0.524037 0.851696 0.000000
vn 0.334355 0.942447 0.000000
vn 0.663633 0.748058 0.000000
vn -0.703234 0.710958 0.000000
vn -0.703234 0.710958 0.000000
vn -0.482372 -0.875966 0.000000
vn -0.482372 -0.875966 0.000000
vn 0.275667 -0.961253 0.000000
vn 0.275667 -0.961253 0.000000
vn 0.894818 -0.446431 0.000000
vn 0.894818 -0.446431 0.000000
vn 0.968188 0.250222 0.000000
vn 0.968188 0.250222 0.000000
vn 0.590035 0.807378 0.000000
vn 0.629224 0.777224 0.000000
vn 0.526003 0.850483 0.000000
vn 0.567042 0.823689 0.000000
vn 0.943169 0.332312 0.000000
vn 0.943169 0.332312 0.000000
vn 0.857467 -0.514539 0.000000
vn 0.857467 -0.514539 0.000000
vn 0.214541 -0.976715 0.000000
vn 0.214541 -0.976715 0.000000
vn -0.520594 -0.853805 0.000000
vn -0.520594 -0.853805 0.000000
vn 0.672217 -0.740354 0.000000
vn 0.672217 -0.740354 0.000000
vn 0.491740 0.870742 0.000000
vn 0.680295 0.732939 0.000000
vn 0.273708 0.961813 0.000000
vn 0.000000 -0.000000 1.000000
vn 0.000000 -0.000000 1.000000
vn 0.000000 -0.000000 1.000000
vn 0.000000 -0.000000 1.000000
vn 0.000000 -0.000000 1.000000
vn 0.000000 -0.000000 1.000000
vn 0.000000 -0.000000 1.000000
vn 0.000000 -0.000000 1.000000
vn 0.000000 -0.000000 1.000000
vn 0.000000 -0.000000 1.000000
vn 0.000000 -0.000000 1.000000
vn 0.000000 -0.000000 1.000000
vn 0.000000 -0.000000 1.000000
vn 0.000000 -0.000000 1.000000
vn 0.000000 -0.000000 1.000000
vn 0.000000 -0.000000 1.000000
vn 0.000000 -0.000000 1.000000
vn 0.000000 -0.000000 1.000000
vn 0.000000 -0.000000 1.000000
vn 0.000000 -0.000000 1.000000
vn 0.000000 -0.000000 1.000000
vn 0.000000 -0.000000 1.000000
vn 0.000000 -0.000000 1.000000
vn 0.000000 -0.000000 1.000000
s off
g GunName
usemtl standardSurface6SG
f 1037/4536/2596 1036/4537/2597 1035/4538/2598 1034/4539/2599 1033/4540/2600 1032/4541/2601 1031/4542/2602 1030/4543/2603
s 1
f 1030/3226/2604 1031/3227/2605 1338/3228/2606 1337/3229/2607
s 2
f 1031/2171/2608 1032/2172/2609 1339/2173/2610 1338/2174/2611
s 3
f 1032/3236/2612 1033/3237/2613 1340/3238/2614 1339/3239/2615
s 4
f 1033/2181/2616 1034/2182/2617 1341/2183/2618 1340/2184/2619
s 5
f 1034/3246/2620 1035/3247/2621 1342/3248/2622 1341/3249/2623
s 6
f 1035/2191/2624 1036/2192/2625 1343/2193/2626 1342/2194/2627
s 7
f 1036/3256/2628 1037/3257/2629 1344/3258/2630 1343/3259/2631
s 8
f 1037/2201/2632 1030/2202/2633 1337/2203/2634 1344/2204/2635
s 1
f 1337/3229/2607 1338/3228/2606 1346/3230/2636 1345/3231/2637
s 2
f 1338/2174/2611 1339/2173/2610 1347/2175/2638 1346/2176/2639
s 3
f 1339/3239/2615 1340/3238/2614 1348/3240/2640 1347/3241/2641
s 4
f 1340/2184/2619 1341/2183/2618 1349/2185/2642 1348/2186/2643
s 5
f 1341/3249/2623 1342/3248/2622 1350/3250/2644 1349/3251/2645
s 6
f 1342/2194/2627 1343/2193/2626 1351/2195/2646 1350/2196/2647
s 7
f 1343/3259/2631 1344/3258/2630 1352/3260/2648 1351/3261/2649
s 8
f 1344/2204/2635 1337/2203/2634 1345/2205/2650 1352/2206/2651
s 1
f 1345/3231/2637 1346/3230/2636 1354/3232/2652 1353/3233/2653
s 2
f 1346/2176/2639 1347/2175/2638 1355/2177/2654 1354/2178/2655
s 3
f 1347/3241/2641 1348/3240/2640 1356/3242/2656 1355/3243/2657
s 4
f 1348/2186/2643 1349/2185/2642 1357/2187/2658 1356/2188/2659
s 5
f 1349/3251/2645 1350/3250/2644 1358/3252/2660 1357/3253/2661
s 6
f 1350/2196/2647 1351/2195/2646 1359/2197/2662 1358/2198/2663
s 7
f 1351/3261/2649 1352/3260/2648 1360/3262/2664 1359/3263/2665
s 8
f 1352/2206/2651 1345/2205/2650 1353/2207/2666 1360/2208/2667
s 1
f 1353/3233/2653 1354/3232/2652 1362/3234/2668 1361/3235/2669
s 2
f 1354/2178/2655 1355/2177/2654 1363/2179/2670 1362/2180/2671
s 3
f 1355/3243/2657 1356/3242/2656 1364/3244/2672 1363/3245/2673
s 4
f 1356/2188/2659 1357/2187/2658 1365/2189/2674 1364/2190/2675
s 5
f 1357/3253/2661 1358/3252/2660 1366/3254/2676 1365/3255/2677
s 6
f 1358/2198/2663 1359/2197/2662 1367/2199/2678 1366/2200/2679
s 7
f 1359/3263/2665 1360/3262/2664 1368/3264/2680 1367/3265/2681
s 8
f 1360/2208/2667 1353/2207/2666 1361/2209/2682 1368/2210/2683
s off
f 1361/4544/2684 1362/4545/2685 1363/4546/2686 1364/4547/2687 1365/4548/2688 1366/4549/2689 1367/4550/2690 1368/4551/2691
f 1055/4552/2692 1054/4553/2693 1053/4554/2694 1052/4555/2695 1051/4556/2696 1050/4557/2697 1049/4558/2698 1048/4559/2699 1047/4560/2700 1046/4561/2701 1045/4562/2702 1044/4563/2703 1043/4564/2704 1042/4565/2705 1041/4566/2706 1040/4567/2707 1039/4568/2708 1038/4569/2709
s 9
f 1038/3266/2710 1039/3267/2711 1370/3268/2712 1369/3269/2713
s 10
f 1039/2211/2714 1040/2212/2715 1371/2213/2716 1370/2214/2717
s 11
f 1040/3276/2718 1041/3277/2719 1372/3278/2720 1371/3279/2721
s 12
f 1041/2221/2722 1042/2222/2723 1373/2223/2724 1372/2224/2725
f 1042/2222/2723 1043/2225/2726 1374/2226/2727 1373/2223/2724
f 1043/2225/2726 1044/2229/2728 1375/2230/2729 1374/2226/2727
s 13
f 1044/3286/2730 1045/3287/2731 1376/3288/2732 1375/3289/2733
s 14
f 1045/3287/2734 1046/3290/2735 1377/3291/2736 1376/3288/2737
s 15
f 1046/2249/2738 1047/2241/2739 1378/2244/2740 1377/2250/2741
f 1047/2241/2739 1048/2242/2742 1379/2243/2743 1378/2244/2740
f 1048/2242/2742 1049/2245/2744 1380/2246/2745 1379/2243/2743
s 16
f 1049/3301/2746 1050/3302/2747 1381/3303/2748 1380/3304/2749
s 17
f 1050/2261/2750 1051/2262/2751 1382/2263/2752 1381/2264/2753
f 1051/2262/2751 1052/2265/2754 1383/2266/2755 1382/2263/2752
s 18
f 1052/3311/2756 1053/3312/2757 1384/3313/2758 1383/3314/2759
s 19
f 1053/3312/2760 1054/3315/2761 1385/3316/2762 1384/3313/2763
f 1054/3315/2761 1055/3319/2764 1386/3320/2765 1385/3316/2762
s 20
f 1055/2276/2766 1038/2277/2767 1369/2278/2768 1386/2279/2769
s 9
f 1369/3269/2713 1370/3268/2712 1388/3270/2770 1387/3271/2771
s 10
f 1370/2214/2717 1371/2213/2716 1389/2215/2772 1388/2216/2773
s 11
f 1371/3279/2721 1372/3278/2720 1390/3280/2774 1389/3281/2775
s 12
f 1372/2224/2725 1373/2223/2724 1391/2227/2776 1390/2228/2777
f 1373/2223/2724 1374/2226/2727 1392/2231/2778 1391/2227/2776
f 1374/2226/2727 1375/2230/2729 1393/2234/2779 1392/2231/2778
s 13
f 1375/3289/2733 1376/3288/2732 1394/3292/2780 1393/3293/2781
s 14
f 1376/3288/2737 1377/3291/2736 1395/3294/2782 1394/3292/2783
s 15
f 1377/2250/2741 1378/2244/2740 1396/2248/2784 1395/2254/2785
f 1378/2244/2740 1379/2243/2743 1397/2247/2786 1396/2248/2784
f 1379/2243/2743 1380/2246/2745 1398/2251/2787 1397/2247/2786
s 16
f 1380/3304/2749 1381/3303/2748 1399/3305/2788 1398/3306/2789
s 17
f 1381/2264/2753 1382/2263/2752 1400/2267/2790 1399/2268/2791
f 1382/2263/2752 1383/2266/2755 1401/2269/2792 1400/2267/2790
s 18
f 1383/3314/2759 1384/3313/2758 1402/3317/2793 1401/3318/2794
s 19
f 1384/3313/2763 1385/3316/2762 1403/3321/2795 1402/3317/2796
f 1385/3316/2762 1386/3320/2765 1404/3324/2797 1403/3321/2795
s 20
f 1386/2279/2769 1369/2278/2768 1387/2280/2798 1404/2281/2799
s 9
f 1387/3271/2771 1388/3270/2770 1406/3272/2800 1405/3273/2801
s 10
f 1388/2216/2773 1389/2215/2772 1407/2217/2802 1406/2218/2803
s 11
f 1389/3281/2775 1390/3280/2774 1408/3282/2804 1407/3283/2805
s 12
f 1390/2228/2777 1391/2227/2776 1409/2232/2806 1408/2233/2807
f 1391/2227/2776 1392/2231/2778 1410/2235/2808 1409/2232/2806
f 1392/2231/2778 1393/2234/2779 1411/2238/2809 1410/2235/2808
s 13
f 1393/3293/2781 1394/3292/2780 1412/3295/2810 1411/3296/2811
s 14
f 1394/3292/2783 1395/3294/2782 1413/3297/2812 1412/3295/2813
s 15
f 1395/2254/2785 1396/2248/2784 1414/2253/2814 1413/2258/2815
f 1396/2248/2784 1397/2247/2786 1415/2252/2816 1414/2253/2814
f 1397/2247/2786 1398/2251/2787 1416/2255/2817 1415/2252/2816
s 16
f 1398/3306/2789 1399/3305/2788 1417/3307/2818 1416/3308/2819
s 17
f 1399/2268/2791 1400/2267/2790 1418/2270/2820 1417/2271/2821
f 1400/2267/2790 1401/2269/2792 1419/2272/2822 1418/2270/2820
s 18
f 1401/3318/2794 1402/3317/2793 1420/3322/2823 1419/3323/2824
s 19
f 1402/3317/2796 1403/3321/2795 1421/3325/2825 1420/3322/2826
f 1403/3321/2795 1404/3324/2797 1422/3328/2827 1421/3325/2825
s 20
f 1404/2281/2799 1387/2280/2798 1405/2282/2828 1422/2283/2829
s 9
f 1405/3273/2801 1406/3272/2800 1424/3274/2830 1423/3275/2831
s 10
f 1406/2218/2803 1407/2217/2802 1425/2219/2832 1424/2220/2833
s 11
f 1407/3283/2805 1408/3282/2804 1426/3284/2834 1425/3285/2835
s 12
f 1408/2233/2807 1409/2232/2806 1427/2236/2836 1426/2237/2837
f 1409/2232/2806 1410/2235/2808 1428/2239/2838 1427/2236/2836
f 1410/2235/2808 1411/2238/2809 1429/2240/2839 1428/2239/2838
s 13
f 1411/3296/2811 1412/3295/2810 1430/3298/2840 1429/3299/2841
s 14
f 1412/3295/2813 1413/3297/2812 1431/3300/2842 1430/3298/2843
s 15
f 1413/2258/2815 1414/2253/2814 1432/2257/2844 1431/2260/2845
f 1414/2253/2814 1415/2252/2816 1433/2256/2846 1432/2257/2844
f 1415/2252/2816 1416/2255/2817 1434/2259/2847 1433/2256/2846
s 16
f 1416/3308/2819 1417/3307/2818 1435/3309/2848 1434/3310/2849
s 17
f 1417/2271/2821 1418/2270/2820 1436/2273/2850 1435/2274/2851
f 1418/2270/2820 1419/2272/2822 1437/2275/2852 1436/2273/2850
s 18
f 1419/3323/2824 1420/3322/2823 1438/3326/2853 1437/3327/2854
s 19
f 1420/3322/2826 1421/3325/2825 1439/3329/2855 1438/3326/2856
f 1421/3325/2825 1422/3328/2827 1440/3330/2857 1439/3329/2855
s 20
f 1422/2283/2829 1405/2282/2828 1423/2284/2858 1440/2285/2859
s off
f 1423/4570/2860 1424/4571/2861 1425/4572/2862 1426/4573/2863 1427/4574/2864 1428/4575/2865 1429/4576/2866 1430/4577/2867 1431/4578/2868 1432/4579/2869 1433/4580/2870 1434/4581/2871 1435/4582/2872 1436/4583/2873 1437/4584/2874 1438/4585/2875 1439/4586/2876 1440/4587/2877
f 1069/4588/2878 1068/4589/2879 1067/4590/2880 1066/4591/2881 1065/4592/2882 1064/4593/2883 1063/4594/2884 1062/4595/2885 1061/4596/2886 1060/4597/2887 1059/4598/2888 1058/4599/2889 1057/4600/2890 1056/4601/2891 1074/4602/2892 1073/4603/2893 1072/4604/2894 1071/4605/2895 1070/4606/2896
s 21
f 1056/3331/2897 1057/3332/2898 1442/3333/2899 1441/3334/2900
s 22
f 1057/2286/2901 1058/2287/2902 1443/2288/2903 1442/2289/2904
s 23
f 1058/2287/2905 1059/2290/2906 1444/2291/2907 1443/2288/2908
s 24
f 1059/3346/2909 1060/3347/2910 1445/3348/2911 1444/3349/2912
s 25
f 1060/3347/2913 1061/3350/2914 1446/3351/2915 1445/3348/2916
f 1061/3350/2914 1062/3354/2917 1447/3355/2918 1446/3351/2915
s 26
f 1062/3366/2919 1063/3367/2920 1448/3368/2921 1447/3369/2922
s 27
f 1063/3367/2923 1064/3370/2924 1449/3371/2925 1448/3368/2926
s 28
f 1064/3370/2927 1065/3374/2928 1450/3375/2929 1449/3371/2930
s 29
f 1065/2301/2931 1066/2302/2932 1451/2303/2933 1450/2304/2934
s 30
f 1066/3386/2935 1067/3387/2936 1452/3388/2937 1451/3389/2938
s 31
f 1067/2311/2939 1068/2312/2940 1453/2313/2941 1452/2314/2942
f 1068/2312/2940 1069/2315/2943 1454/2316/2944 1453/2313/2941
s 32
f 1069/3337/2945 1056/3331/2946 1441/3334/2947 1454/3338/2948
s 33
f 1070/3396/2949 1071/3397/2950 1456/3398/2951 1455/3399/2952
s 34
f 1071/3397/2953 1072/3400/2954 1457/3401/2955 1456/3398/2956
s 35
f 1072/3421/2957 1073/3422/2958 1458/3423/2959 1457/3424/2960
s 36
f 1073/3410/2961 1074/3404/2962 1459/3405/2963 1458/3411/2964
s 37
f 1074/3404/2965 1070/3396/2966 1455/3399/2967 1459/3405/2968
s 21
f 1441/3334/2900 1442/3333/2899 1461/3335/2969 1460/3336/2970
s 22
f 1442/2289/2904 1443/2288/2903 1462/2292/2971 1461/2293/2972
s 23
f 1443/2288/2908 1444/2291/2907 1463/2294/2973 1462/2292/2974
s 24
f 1444/3349/2912 1445/3348/2911 1464/3352/2975 1463/3353/2976
s 25
f 1445/3348/2916 1446/3351/2915 1465/3356/2977 1464/3352/2978
f 1446/3351/2915 1447/3355/2918 1466/3359/2979 1465/3356/2977
s 26
f 1447/3369/2922 1448/3368/2921 1467/3372/2980 1466/3373/2981
s 27
f 1448/3368/2926 1449/3371/2925 1468/3376/2982 1467/3372/2983
s 28
f 1449/3371/2930 1450/3375/2929 1469/3379/2984 1468/3376/2985
s 29
f 1450/2304/2934 1451/2303/2933 1470/2305/2986 1469/2306/2987
s 30
f 1451/3389/2938 1452/3388/2937 1471/3390/2988 1470/3391/2989
s 31
f 1452/2314/2942 1453/2313/2941 1472/2317/2990 1471/2318/2991
f 1453/2313/2941 1454/2316/2944 1473/2319/2992 1472/2317/2990
s 32
f 1454/3338/2948 1441/3334/2947 1460/3336/2993 1473/3341/2994
s 33
f 1455/3399/2952 1456/3398/2951 1475/3402/2995 1474/3403/2996
s 34
f 1456/3398/2956 1457/3401/2955 1476/3406/2997 1475/3402/2998
s 35
f 1457/3424/2960 1458/3423/2959 1477/3425/2999 1476/3426/3000
s 36
f 1458/3411/2964 1459/3405/2963 1478/3409/3001 1477/3416/3002
s 37
f 1459/3405/2968 1455/3399/2967 1474/3403/3003 1478/3409/3004
s 21
f 1460/3336/2970 1461/3335/2969 1480/3339/3005 1479/3340/3006
s 22
f 1461/2293/2972 1462/2292/2971 1481/2295/3007 1480/2296/3008
s 23
f 1462/2292/2974 1463/2294/2973 1482/2297/3009 1481/2295/3010
s 24
f 1463/3353/2976 1464/3352/2975 1483/3357/3011 1482/3358/3012
s 25
f 1464/3352/2978 1465/3356/2977 1484/3360/3013 1483/3357/3014
f 1465/3356/2977 1466/3359/2979 1485/3363/3015 1484/3360/3013
s 26
f 1466/3373/2981 1467/3372/2980 1486/3377/3016 1485/3378/3017
s 27
f 1467/3372/2983 1468/3376/2982 1487/3380/3018 1486/3377/3019
s 28
f 1468/3376/2985 1469/3379/2984 1488/3383/3020 1487/3380/3021
s 29
f 1469/2306/2987 1470/2305/2986 1489/2307/3022 1488/2308/3023
s 30
f 1470/3391/2989 1471/3390/2988 1490/3392/3024 1489/3393/3025
s 31
f 1471/2318/2991 1472/2317/2990 1491/2320/3026 1490/2321/3027
f 1472/2317/2990 1473/2319/2992 1492/2322/3028 1491/2320/3026
s 32
f 1473/3341/2994 1460/3336/2993 1479/3340/3029 1492/3344/3030
s 33
f 1474/3403/2996 1475/3402/2995 1494/3407/3031 1493/3408/3032
s 34
f 1475/3402/2998 1476/3406/2997 1495/3412/3033 1494/3407/3034
s 35
f 1476/3426/3000 1477/3425/2999 1496/3427/3035 1495/3428/3036
s 36
f 1477/3416/3002 1478/3409/3001 1497/3415/3037 1496/3419/3038
s 37
f 1478/3409/3004 1474/3403/3003 1493/3408/3039 1497/3415/3040
s 21
f 1479/3340/3006 1480/3339/3005 1499/3342/3041 1498/3343/3042
s 22
f 1480/2296/3008 1481/2295/3007 1500/2298/3043 1499/2299/3044
s 23
f 1481/2295/3010 1482/2297/3009 1501/2300/3045 1500/2298/3046
s 24
f 1482/3358/3012 1483/3357/3011 1502/3361/3047 1501/3362/3048
s 25
f 1483/3357/3014 1484/3360/3013 1503/3364/3049 1502/3361/3050
f 1484/3360/3013 1485/3363/3015 1504/3365/3051 1503/3364/3049
s 26
f 1485/3378/3017 1486/3377/3016 1505/3381/3052 1504/3382/3053
s 27
f 1486/3377/3019 1487/3380/3018 1506/3384/3054 1505/3381/3055
s 28
f 1487/3380/3021 1488/3383/3020 1507/3385/3056 1506/3384/3057
s 29
f 1488/2308/3023 1489/2307/3022 1508/2309/3058 1507/2310/3059
s 30
f 1489/3393/3025 1490/3392/3024 1509/3394/3060 1508/3395/3061
s 31
f 1490/2321/3027 1491/2320/3026 1510/2323/3062 1509/2324/3063
f 1491/2320/3026 1492/2322/3028 1511/2325/3064 1510/2323/3062
s 32
f 1492/3344/3030 1479/3340/3029 1498/3343/3065 1511/3345/3066
s 33
f 1493/3408/3032 1494/3407/3031 1513/3413/3067 1512/3414/3068
s 34
f 1494/3407/3034 1495/3412/3033 1514/3417/3069 1513/3413/3070
s 35
f 1495/3428/3036 1496/3427/3035 1515/3429/3071 1514/3430/3072
s 36
f 1496/3419/3038 1497/3415/3037 1516/3418/3073 1515/3420/3074
s 37
f 1497/3415/3040 1493/3408/3039 1512/3414/3075 1516/3418/3076
s off
f 1498/4607/3077 1499/4608/3078 1500/4609/3079 1501/4610/3080 1502/4611/3081 1503/4612/3082 1504/4613/3083 1505/4614/3084 1506/4615/3085 1507/4616/3086 1508/4617/3087 1509/4618/3088 1510/4619/3089 1511/4620/3090 1512/4621/3091 1513/4622/3092 1514/4623/3093 1515/4624/3094 1516/4625/3095
f 1087/4626/3096 1086/4627/3097 1085/4628/3098 1084/4629/3099 1083/4630/3100 1082/4631/3101 1081/4632/3102 1080/4633/3103 1079/4634/3104 1078/4635/3105 1077/4636/3106 1076/4637/3107 1075/4638/3108 1094/4639/3109 1093/4640/3110 1092/4641/3111 1091/4642/3112 1090/4643/3113 1089/4644/3114 1088/4645/3115 1101/4646/3116 1100/4647/3117 1099/4648/3118 1098/4649/3119 1097/4650/3120 1096/4651/3121 1095/4652/3122
s 38
f 1075/3431/3123 1076/3432/3124 1518/3433/3125 1517/3434/3126
s 39
f 1076/2326/3127 1077/2327/3128 1519/2328/3129 1518/2329/3130
s 40
f 1077/3446/3131 1078/3447/3132 1520/3448/3133 1519/3449/3134
f 1078/3447/3132 1079/3450/3135 1521/3451/3136 1520/3448/3133
s 41
f 1079/2344/3137 1080/2336/3138 1522/2339/3139 1521/2345/3140
s 42
f 1080/2336/3141 1081/2337/3142 1523/2338/3143 1522/2339/3144
s 43
f 1081/2337/3145 1082/2340/3146 1524/2341/3147 1523/2338/3148
s 44
f 1082/2340/3149 1083/2346/3150 1525/2347/3151 1524/2341/3152
s 45
f 1083/2346/3153 1084/2352/3154 1526/2353/3155 1525/2347/3156
f 1084/2352/3154 1085/2359/3157 1527/2360/3158 1526/2353/3155
s 46
f 1085/2359/3159 1086/2365/3160 1528/2366/3161 1527/2360/3162
s 38
f 1086/2365/3163 1087/2370/3164 1529/2371/3165 1528/2366/3166
f 1087/3437/3164 1075/3431/3123 1517/3434/3126 1529/3438/3165
s 47
f 1088/3461/3167 1089/3462/3168 1531/3463/3169 1530/3464/3170
s 48
f 1089/2381/3171 1090/2382/3172 1532/2383/3173 1531/2384/3174
s 49
f 1090/2382/3175 1091/2385/3176 1533/2386/3177 1532/2383/3178
s 50
f 1091/3476/3179 1092/3477/3180 1534/3478/3181 1533/3479/3182
f 1092/3477/3180 1093/3480/3183 1535/3481/3184 1534/3478/3181
s 51
f 1093/2396/3185 1094/2397/3186 1536/2398/3187 1535/2399/3188
s 47
f 1094/3467/3189 1088/3461/3167 1530/3464/3170 1536/3468/3190
s 52
f 1095/3491/3191 1096/3492/3192 1538/3493/3193 1537/3494/3194
s 53
f 1096/2406/3195 1097/2407/3196 1539/2408/3197 1538/2409/3198
s 54
f 1097/2407/3199 1098/2410/3200 1540/2411/3201 1539/2408/3202
s 55
f 1098/3506/3203 1099/3507/3204 1541/3508/3205 1540/3509/3206
f 1099/3507/3204 1100/3510/3207 1542/3511/3208 1541/3508/3205
s 56
f 1100/2421/3209 1101/2422/3210 1543/2423/3211 1542/2424/3212
s 52
f 1101/3497/3213 1095/3491/3191 1537/3494/3194 1543/3498/3214
s 38
f 1517/3434/3126 1518/3433/3125 1545/3435/3215 1544/3436/3216
s 39
f 1518/2329/3130 1519/2328/3129 1546/2330/3217 1545/2331/3218
s 40
f 1519/3449/3134 1520/3448/3133 1547/3452/3219 1546/3453/3220
f 1520/3448/3133 1521/3451/3136 1548/3454/3221 1547/3452/3219
s 41
f 1521/2345/3140 1522/2339/3139 1549/2343/3222 1548/2351/3223
s 42
f 1522/2339/3144 1523/2338/3143 1550/2342/3224 1549/2343/3225
s 43
f 1523/2338/3148 1524/2341/3147 1551/2348/3226 1550/2342/3227
s 44
f 1524/2341/3152 1525/2347/3151 1552/2354/3228 1551/2348/3229
s 45
f 1525/2347/3156 1526/2353/3155 1553/2361/3230 1552/2354/3231
f 1526/2353/3155 1527/2360/3158 1554/2367/3232 1553/2361/3230
s 46
f 1527/2360/3162 1528/2366/3161 1555/2372/3233 1554/2367/3234
s 38
f 1528/2366/3166 1529/2371/3165 1556/2375/3235 1555/2372/3236
f 1529/3438/3165 1517/3434/3126 1544/3436/3216 1556/3441/3235
s 47
f 1530/3464/3170 1531/3463/3169 1558/3465/3237 1557/3466/3238
s 48
f 1531/2384/3174 1532/2383/3173 1559/2387/3239 1558/2388/3240
s 49
f 1532/2383/3178 1533/2386/3177 1560/2389/3241 1559/2387/3242
s 50
f 1533/3479/3182 1534/3478/3181 1561/3482/3243 1560/3483/3244
f 1534/3478/3181 1535/3481/3184 1562/3484/3245 1561/3482/3243
s 51
f 1535/2399/3188 1536/2398/3187 1563/2400/3246 1562/2401/3247
s 47
f 1536/3468/3190 1530/3464/3170 1557/3466/3238 1563/3471/3248
s 52
f 1537/3494/3194 1538/3493/3193 1565/3495/3249 1564/3496/3250
s 53
f 1538/2409/3198 1539/2408/3197 1566/2412/3251 1565/2413/3252
s 54
f 1539/2408/3202 1540/2411/3201 1567/2414/3253 1566/2412/3254
s 55
f 1540/3509/3206 1541/3508/3205 1568/3512/3255 1567/3513/3256
f 1541/3508/3205 1542/3511/3208 1569/3514/3257 1568/3512/3255
s 56
f 1542/2424/3212 1543/2423/3211 1570/2425/3258 1569/2426/3259
s 52
f 1543/3498/3214 1537/3494/3194 1564/3496/3250 1570/3501/3260
s 38
f 1544/3436/3216 1545/3435/3215 1572/3439/3261 1571/3440/3262
s 39
f 1545/2331/3218 1546/2330/3217 1573/2332/3263 1572/2333/3264
s 40
f 1546/3453/3220 1547/3452/3219 1574/3455/3265 1573/3456/3266
f 1547/3452/3219 1548/3454/3221 1575/3457/3267 1574/3455/3265
s 41
f 1548/2351/3223 1549/2343/3222 1576/2350/3268 1575/2358/3269
s 42
f 1549/2343/3225 1550/2342/3224 1577/2349/3270 1576/2350/3271
s 43
f 1550/2342/3227 1551/2348/3226 1578/2355/3272 1577/2349/3273
s 44
f 1551/2348/3229 1552/2354/3228 1579/2362/3274 1578/2355/3275
s 45
f 1552/2354/3231 1553/2361/3230 1580/2368/3276 1579/2362/3277
f 1553/2361/3230 1554/2367/3232 1581/2373/3278 1580/2368/3276
s 46
f 1554/2367/3234 1555/2372/3233 1582/2376/3279 1581/2373/3280
s 38
f 1555/2372/3236 1556/2375/3235 1583/2378/3281 1582/2376/3282
f 1556/3441/3235 1544/3436/3216 1571/3440/3262 1583/3444/3281
s 47
f 1557/3466/3238 1558/3465/3237 1585/3469/3283 1584/3470/3284
s 48
f 1558/2388/3240 1559/2387/3239 1586/2390/3285 1585/2391/3286
s 49
f 1559/2387/3242 1560/2389/3241 1587/2392/3287 1586/2390/3288
s 50
f 1560/3483/3244 1561/3482/3243 1588/3485/3289 1587/3486/3290
f 1561/3482/3243 1562/3484/3245 1589/3487/3291 1588/3485/3289
s 51
f 1562/2401/3247 1563/2400/3246 1590/2402/3292 1589/2403/3293
s 47
f 1563/3471/3248 1557/3466/3238 1584/3470/3284 1590/3474/3294
s 52
f 1564/3496/3250 1565/3495/3249 1592/3499/3295 1591/3500/3296
s 53
f 1565/2413/3252 1566/2412/3251 1593/2415/3297 1592/2416/3298
s 54
f 1566/2412/3254 1567/2414/3253 1594/2417/3299 1593/2415/3300
s 55
f 1567/3513/3256 1568/3512/3255 1595/3515/3301 1594/3516/3302
f 1568/3512/3255 1569/3514/3257 1596/3517/3303 1595/3515/3301
s 56
f 1569/2426/3259 1570/2425/3258 1597/2427/3304 1596/2428/3305
s 52
f 1570/3501/3260 1564/3496/3250 1591/3500/3296 1597/3504/3306
s 38
f 1571/3440/3262 1572/3439/3261 1599/3442/3307 1598/3443/3308
s 39
f 1572/2333/3264 1573/2332/3263 1600/2334/3309 1599/2335/3310
s 40
f 1573/3456/3266 1574/3455/3265 1601/3458/3311 1600/3459/3312
f 1574/3455/3265 1575/3457/3267 1602/3460/3313 1601/3458/3311
s 41
f 1575/2358/3269 1576/2350/3268 1603/2357/3314 1602/2364/3315
s 42
f 1576/2350/3271 1577/2349/3270 1604/2356/3316 1603/2357/3317
s 43
f 1577/2349/3273 1578/2355/3272 1605/2363/3318 1604/2356/3319
s 44
f 1578/2355/3275 1579/2362/3274 1606/2369/3320 1605/2363/3321
s 45
f 1579/2362/3277 1580/2368/3276 1607/2374/3322 1606/2369/3323
f 1580/2368/3276 1581/2373/3278 1608/2377/3324 1607/2374/3322
s 46
f 1581/2373/3280 1582/2376/3279 1609/2379/3325 1608/2377/3326
s 38
f 1582/2376/3282 1583/2378/3281 1610/2380/3327 1609/2379/3328
f 1583/3444/3281 1571/3440/3262 1598/3443/3308 1610/3445/3327
s 47
f 1584/3470/3284 1585/3469/3283 1612/3472/3329 1611/3473/3330
s 48
f 1585/2391/3286 1586/2390/3285 1613/2393/3331 1612/2394/3332
s 49
f 1586/2390/3288 1587/2392/3287 1614/2395/3333 1613/2393/3334
s 50
f 1587/3486/3290 1588/3485/3289 1615/3488/3335 1614/3489/3336
f 1588/3485/3289 1589/3487/3291 1616/3490/3337 1615/3488/3335
s 51
f 1589/2403/3293 1590/2402/3292 1617/2404/3338 1616/2405/3339
s 47
f 1590/3474/3294 1584/3470/3284 1611/3473/3330 1617/3475/3340
s 52
f 1591/3500/3296 1592/3499/3295 1619/3502/3341 1618/3503/3342
s 53
f 1592/2416/3298 1593/2415/3297 1620/2418/3343 1619/2419/3344
s 54
f 1593/2415/3300 1594/2417/3299 1621/2420/3345 1620/2418/3346
s 55
f 1594/3516/3302 1595/3515/3301 1622/3518/3347 1621/3519/3348
f 1595/3515/3301 1596/3517/3303 1623/3520/3349 1622/3518/3347
s 56
f 1596/2428/3305 1597/2427/3304 1624/2429/3350 1623/2430/3351
s 52
f 1597/3504/3306 1591/3500/3296 1618/3503/3342 1624/3505/3352
s off
f 1598/4653/3353 1599/4654/3354 1600/4655/3355 1601/4656/3356 1602/4657/3357 1603/4658/3358 1604/4659/3359 1605/4660/3360 1606/4661/3361 1607/4662/3362 1608/4663/3363 1609/4664/3364 1610/4665/3365 1611/4666/3366 1612/4667/3367 1613/4668/3368 1614/4669/3369 1615/4670/3370 1616/4671/3371 1617/4672/3372 1618/4673/3373 1619/4674/3374 1620/4675/3375 1621/4676/3376 1622/4677/3377 1623/4678/3378 1624/4679/3379
f 1105/4680/3380 1104/4681/3381 1103/4682/3382 1102/4683/3383
s 57
f 1102/3521/3384 1103/3522/3385 1626/3523/3386 1625/3524/3387
s 58
f 1103/2431/3388 1104/2432/3389 1627/2433/3390 1626/2434/3391
s 59
f 1104/3531/3392 1105/3532/3393 1628/3533/3394 1627/3534/3395
s 60
f 1105/2441/3396 1102/2442/3397 1625/2443/3398 1628/2444/3399
s 57
f 1625/3524/3387 1626/3523/3386 1630/3525/3400 1629/3526/3401
s 58
f 1626/2434/3391 1627/2433/3390 1631/2435/3402 1630/2436/3403
s 59
f 1627/3534/3395 1628/3533/3394 1632/3535/3404 1631/3536/3405
s 60
f 1628/2444/3399 1625/2443/3398 1629/2445/3406 1632/2446/3407
s 57
f 1629/3526/3401 1630/3525/3400 1634/3527/3408 1633/3528/3409
s 58
f 1630/2436/3403 1631/2435/3402 1635/2437/3410 1634/2438/3411
s 59
f 1631/3536/3405 1632/3535/3404 1636/3537/3412 1635/3538/3413
s 60
f 1632/2446/3407 1629/2445/3406 1633/2447/3414 1636/2448/3415
s 57
f 1633/3528/3409 1634/3527/3408 1638/3529/3416 1637/3530/3417
s 58
f 1634/2438/3411 1635/2437/3410 1639/2439/3418 1638/2440/3419
s 59
f 1635/3538/3413 1636/3537/3412 1640/3539/3420 1639/3540/3421
s 60
f 1636/2448/3415 1633/2447/3414 1637/2449/3422 1640/2450/3423
s off
f 1637/4684/3424 1638/4685/3425 1639/4686/3426 1640/4687/3427
f 1113/4688/3428 1112/4689/3429 1111/4690/3430 1110/4691/3431 1109/4692/3432 1108/4693/3433 1107/4694/3434 1106/4695/3435
s 61
f 1106/3541/3436 1107/3542/3437 1642/3543/3438 1641/3544/3439
s 62
f 1107/2451/3440 1108/2452/3441 1643/2453/3442 1642/2454/3443
s 63
f 1108/2452/3444 1109/2455/3445 1644/2456/3446 1643/2453/3447
s 64
f 1109/3556/3448 1110/3557/3449 1645/3558/3450 1644/3559/3451
s 65
f 1110/3557/3452 1111/3560/3453 1646/3561/3454 1645/3558/3455
s 66
f 1111/2466/3456 1112/2467/3457 1647/2468/3458 1646/2469/3459
s 67
f 1112/2467/3460 1113/2470/3461 1648/2471/3462 1647/2468/3463
s 68
f 1113/3547/3464 1106/3541/3465 1641/3544/3466 1648/3548/3467
s 61
f 1641/3544/3439 1642/3543/3438 1650/3545/3468 1649/3546/3469
s 62
f 1642/2454/3443 1643/2453/3442 1651/2457/3470 1650/2458/3471
s 63
f 1643/2453/3447 1644/2456/3446 1652/2459/3472 1651/2457/3473
s 64
f 1644/3559/3451 1645/3558/3450 1653/3562/3474 1652/3563/3475
s 65
f 1645/3558/3455 1646/3561/3454 1654/3564/3476 1653/3562/3477
s 66
f 1646/2469/3459 1647/2468/3458 1655/2472/3478 1654/2473/3479
s 67
f 1647/2468/3463 1648/2471/3462 1656/2474/3480 1655/2472/3481
s 68
f 1648/3548/3467 1641/3544/3466 1649/3546/3482 1656/3551/3483
s 61
f 1649/3546/3469 1650/3545/3468 1658/3549/3484 1657/3550/3485
s 62
f 1650/2458/3471 1651/2457/3470 1659/2460/3486 1658/2461/3487
s 63
f 1651/2457/3473 1652/2459/3472 1660/2462/3488 1659/2460/3489
s 64
f 1652/3563/3475 1653/3562/3474 1661/3565/3490 1660/3566/3491
s 65
f 1653/3562/3477 1654/3564/3476 1662/3567/3492 1661/3565/3493
s 66
f 1654/2473/3479 1655/2472/3478 1663/2475/3494 1662/2476/3495
s 67
f 1655/2472/3481 1656/2474/3480 1664/2477/3496 1663/2475/3497
s 68
f 1656/3551/3483 1649/3546/3482 1657/3550/3498 1664/3554/3499
s 61
f 1657/3550/3485 1658/3549/3484 1666/3552/3500 1665/3553/3501
s 62
f 1658/2461/3487 1659/2460/3486 1667/2463/3502 1666/2464/3503
s 63
f 1659/2460/3489 1660/2462/3488 1668/2465/3504 1667/2463/3505
s 64
f 1660/3566/3491 1661/3565/3490 1669/3568/3506 1668/3569/3507
s 65
f 1661/3565/3493 1662/3567/3492 1670/3570/3508 1669/3568/3509
s 66
f 1662/2476/3495 1663/2475/3494 1671/2478/3510 1670/2479/3511
s 67
f 1663/2475/3497 1664/2477/3496 1672/2480/3512 1671/2478/3513
s 68
f 1664/3554/3499 1657/3550/3498 1665/3553/3514 1672/3555/3515
s off
f 1665/4696/3516 1666/4697/3517 1667/4698/3518 1668/4699/3519 1669/4700/3520 1670/4701/3521 1671/4702/3522 1672/4703/3523
f 1135/4704/3524 1134/4705/3525 1133/4706/3526 1132/4707/3527 1131/4708/3528 1130/4709/3529 1129/4710/3530 1128/4711/3531 1127/4712/3532 1126/4713/3533 1125/4714/3534 1124/4715/3535 1123/4716/3536 1122/4717/3537 1121/4718/3538 1120/4719/3539 1119/4720/3540 1118/4721/3541 1117/4722/3542 1116/4723/3543 1115/4724/3544 1114/4725/3545 1143/4726/3546 1142/4727/3547 1141/4728/3548 1140/4729/3549 1139/4730/3550 1138/4731/3551 1137/4732/3552 1136/4733/3553
s 69
f 1114/3571/3554 1115/3572/3555 1674/3573/3556 1673/3574/3557
s 70
f 1115/2481/3558 1116/2482/3559 1675/2483/3560 1674/2484/3561
s 71
f 1116/2482/3562 1117/2485/3563 1676/2486/3564 1675/2483/3565
s 72
f 1117/3591/3566 1118/3592/3567 1677/3593/3568 1676/3594/3569
s 73
f 1118/3592/3570 1119/3595/3571 1678/3596/3572 1677/3593/3573
f 1119/3595/3571 1120/3599/3574 1679/3600/3575 1678/3596/3572
s 74
f 1120/2496/3576 1121/2497/3577 1680/2498/3578 1679/2499/3579
s 75
f 1121/2497/3580 1122/2500/3581 1681/2501/3582 1680/2498/3583
s 76
f 1122/3611/3584 1123/3612/3585 1682/3613/3586 1681/3614/3587
f 1123/3612/3585 1124/3615/3588 1683/3616/3589 1682/3613/3586
f 1124/3615/3588 1125/3619/3590 1684/3620/3591 1683/3616/3589
s 77
f 1125/3619/3592 1126/3624/3593 1685/3625/3594 1684/3620/3595
s 78
f 1126/3650/3596 1127/3644/3597 1686/3645/3598 1685/3651/3599
f 1127/3644/3597 1128/3636/3600 1687/3639/3601 1686/3645/3598
f 1128/3636/3600 1129/3637/3602 1688/3638/3603 1687/3639/3601
f 1129/3637/3602 1130/3640/3604 1689/3641/3605 1688/3638/3603
s 79
f 1130/2511/3606 1131/2512/3607 1690/2513/3608 1689/2514/3609
f 1131/2512/3607 1132/2515/3610 1691/2516/3611 1690/2513/3608
s 80
f 1132/3661/3612 1133/3662/3613 1692/3663/3614 1691/3664/3615
s 81
f 1133/2526/3616 1134/2527/3617 1693/2528/3618 1692/2529/3619
s 82
f 1134/3582/3620 1135/3577/3621 1694/3578/3622 1693/3583/3623
f 1135/3577/3621 1114/3571/3624 1673/3574/3625 1694/3578/3622
s 83
f 1136/3671/3626 1137/3672/3627 1696/3673/3628 1695/3674/3629
s 84
f 1137/2536/3630 1138/2537/3631 1697/2538/3632 1696/2539/3633
s 85
f 1138/2537/3634 1139/2540/3635 1698/2541/3636 1697/2538/3637
s 86
f 1139/3686/3638 1140/3687/3639 1699/3688/3640 1698/3689/3641
s 87
f 1140/3687/3642 1141/3690/3643 1700/3691/3644 1699/3688/3645
s 88
f 1141/2551/3646 1142/2552/3647 1701/2553/3648 1700/2554/3649
s 89
f 1142/2552/3650 1143/2555/3651 1702/2556/3652 1701/2553/3653
s 90
f 1143/3677/3654 1136/3671/3655 1695/3674/3656 1702/3678/3657
s 69
f 1673/3574/3557 1674/3573/3556 1704/3575/3658 1703/3576/3659
s 70
f 1674/2484/3561 1675/2483/3560 1705/2487/3660 1704/2488/3661
s 71
f 1675/2483/3565 1676/2486/3564 1706/2489/3662 1705/2487/3663
s 72
f 1676/3594/3569 1677/3593/3568 1707/3597/3664 1706/3598/3665
s 73
f 1677/3593/3573 1678/3596/3572 1708/3601/3666 1707/3597/3667
f 1678/3596/3572 1679/3600/3575 1709/3604/3668 1708/3601/3666
s 74
f 1679/2499/3579 1680/2498/3578 1710/2502/3669 1709/2503/3670
s 75
f 1680/2498/3583 1681/2501/3582 1711/2504/3671 1710/2502/3672
s 76
f 1681/3614/3587 1682/3613/3586 1712/3617/3673 1711/3618/3674
f 1682/3613/3586 1683/3616/3589 1713/3621/3675 1712/3617/3673
f 1683/3616/3589 1684/3620/3591 1714/3626/3676 1713/3621/3675
s 77
f 1684/3620/3595 1685/3625/3594 1715/3630/3677 1714/3626/3678
s 78
f 1685/3651/3599 1686/3645/3598 1716/3649/3679 1715/3656/3680
f 1686/3645/3598 1687/3639/3601 1717/3643/3681 1716/3649/3679
f 1687/3639/3601 1688/3638/3603 1718/3642/3682 1717/3643/3681
f 1688/3638/3603 1689/3641/3605 1719/3646/3683 1718/3642/3682
s 79
f 1689/2514/3609 1690/2513/3608 1720/2517/3684 1719/2518/3685
f 1690/2513/3608 1691/2516/3611 1721/2519/3686 1720/2517/3684
s 80
f 1691/3664/3615 1692/3663/3614 1722/3665/3687 1721/3666/3688
s 81
f 1692/2529/3619 1693/2528/3618 1723/2530/3689 1722/2531/3690
s 82
f 1693/3583/3623 1694/3578/3622 1724/3581/3691 1723/3587/3692
f 1694/3578/3622 1673/3574/3625 1703/3576/3693 1724/3581/3691
s 83
f 1695/3674/3629 1696/3673/3628 1726/3675/3694 1725/3676/3695
s 84
f 1696/2539/3633 1697/2538/3632 1727/2542/3696 1726/2543/3697
s 85
f 1697/2538/3637 1698/2541/3636 1728/2544/3698 1727/2542/3699
s 86
f 1698/3689/3641 1699/3688/3640 1729/3692/3700 1728/3693/3701
s 87
f 1699/3688/3645 1700/3691/3644 1730/3694/3702 1729/3692/3703
s 88
f 1700/2554/3649 1701/2553/3648 1731/2557/3704 1730/2558/3705
s 89
f 1701/2553/3653 1702/2556/3652 1732/2559/3706 1731/2557/3707
s 90
f 1702/3678/3657 1695/3674/3656 1725/3676/3708 1732/3681/3709
s 69
f 1703/3576/3659 1704/3575/3658 1734/3579/3710 1733/3580/3711
s 70
f 1704/2488/3661 1705/2487/3660 1735/2490/3712 1734/2491/3713
s 71
f 1705/2487/3663 1706/2489/3662 1736/2492/3714 1735/2490/3715
s 72
f 1706/3598/3665 1707/3597/3664 1737/3602/3716 1736/3603/3717
s 73
f 1707/3597/3667 1708/3601/3666 1738/3605/3718 1737/3602/3719
f 1708/3601/3666 1709/3604/3668 1739/3608/3720 1738/3605/3718
s 74
f 1709/2503/3670 1710/2502/3669 1740/2505/3721 1739/2506/3722
s 75
f 1710/2502/3672 1711/2504/3671 1741/2507/3723 1740/2505/3724
s 76
f 1711/3618/3674 1712/3617/3673 1742/3622/3725 1741/3623/3726
f 1712/3617/3673 1713/3621/3675 1743/3627/3727 1742/3622/3725
f 1713/3621/3675 1714/3626/3676 1744/3631/3728 1743/3627/3727
s 77
f 1714/3626/3678 1715/3630/3677 1745/3633/3729 1744/3631/3730
s 78
f 1715/3656/3680 1716/3649/3679 1746/3655/3731 1745/3659/3732
f 1716/3649/3679 1717/3643/3681 1747/3648/3733 1746/3655/3731
f 1717/3643/3681 1718/3642/3682 1748/3647/3734 1747/3648/3733
f 1718/3642/3682 1719/3646/3683 1749/3652/3735 1748/3647/3734
s 79
f 1719/2518/3685 1720/2517/3684 1750/2520/3736 1749/2521/3737
f 1720/2517/3684 1721/2519/3686 1751/2522/3738 1750/2520/3736
s 80
f 1721/3666/3688 1722/3665/3687 1752/3667/3739 1751/3668/3740
s 81
f 1722/2531/3690 1723/2530/3689 1753/2532/3741 1752/2533/3742
s 82
f 1723/3587/3692 1724/3581/3691 1754/3586/3743 1753/3589/3744
f 1724/3581/3691 1703/3576/3693 1733/3580/3745 1754/3586/3743
s 83
f 1725/3676/3695 1726/3675/3694 1756/3679/3746 1755/3680/3747
s 84
f 1726/2543/3697 1727/2542/3696 1757/2545/3748 1756/2546/3749
s 85
f 1727/2542/3699 1728/2544/3698 1758/2547/3750 1757/2545/3751
s 86
f 1728/3693/3701 1729/3692/3700 1759/3695/3752 1758/3696/3753
s 87
f 1729/3692/3703 1730/3694/3702 1760/3697/3754 1759/3695/3755
s 88
f 1730/2558/3705 1731/2557/3704 1761/2560/3756 1760/2561/3757
s 89
f 1731/2557/3707 1732/2559/3706 1762/2562/3758 1761/2560/3759
s 90
f 1732/3681/3709 1725/3676/3708 1755/3680/3760 1762/3684/3761
s 69
f 1733/3580/3711 1734/3579/3710 1764/3584/3762 1763/3585/3763
s 70
f 1734/2491/3713 1735/2490/3712 1765/2493/3764 1764/2494/3765
s 71
f 1735/2490/3715 1736/2492/3714 1766/2495/3766 1765/2493/3767
s 72
f 1736/3603/3717 1737/3602/3716 1767/3606/3768 1766/3607/3769
s 73
f 1737/3602/3719 1738/3605/3718 1768/3609/3770 1767/3606/3771
f 1738/3605/3718 1739/3608/3720 1769/3610/3772 1768/3609/3770
s 74
f 1739/2506/3722 1740/2505/3721 1770/2508/3773 1769/2509/3774
s 75
f 1740/2505/3724 1741/2507/3723 1771/2510/3775 1770/2508/3776
s 76
f 1741/3623/3726 1742/3622/3725 1772/3628/3777 1771/3629/3778
f 1742/3622/3725 1743/3627/3727 1773/3632/3779 1772/3628/3777
f 1743/3627/3727 1744/3631/3728 1774/3634/3780 1773/3632/3779
s 77
f 1744/3631/3730 1745/3633/3729 1775/3635/3781 1774/3634/3782
s 78
f 1745/3659/3732 1746/3655/3731 1776/3658/3783 1775/3660/3784
f 1746/3655/3731 1747/3648/3733 1777/3654/3785 1776/3658/3783
f 1747/3648/3733 1748/3647/3734 1778/3653/3786 1777/3654/3785
f 1748/3647/3734 1749/3652/3735 1779/3657/3787 1778/3653/3786
s 79
f 1749/2521/3737 1750/2520/3736 1780/2523/3788 1779/2524/3789
f 1750/2520/3736 1751/2522/3738 1781/2525/3790 1780/2523/3788
s 80
f 1751/3668/3740 1752/3667/3739 1782/3669/3791 1781/3670/3792
s 81
f 1752/2533/3742 1753/2532/3741 1783/2534/3793 1782/2535/3794
s 82
f 1753/3589/3744 1754/3586/3743 1784/3588/3795 1783/3590/3796
f 1754/3586/3743 1733/3580/3745 1763/3585/3797 1784/3588/3795
s 83
f 1755/3680/3747 1756/3679/3746 1786/3682/3798 1785/3683/3799
s 84
f 1756/2546/3749 1757/2545/3748 1787/2548/3800 1786/2549/3801
s 85
f 1757/2545/3751 1758/2547/3750 1788/2550/3802 1787/2548/3803
s 86
f 1758/3696/3753 1759/3695/3752 1789/3698/3804 1788/3699/3805
s 87
f 1759/3695/3755 1760/3697/3754 1790/3700/3806 1789/3698/3807
s 88
f 1760/2561/3757 1761/2560/3756 1791/2563/3808 1790/2564/3809
s 89
f 1761/2560/3759 1762/2562/3758 1792/2565/3810 1791/2563/3811
s 90
f 1762/3684/3761 1755/3680/3760 1785/3683/3812 1792/3685/3813
s off
f 1763/4734/3814 1764/4735/3815 1765/4736/3816 1766/4737/3817 1767/4738/3818 1768/4739/3819 1769/4740/3820 1770/4741/3821 1771/4742/3822 1772/4743/3823 1773/4744/3824 1774/4745/3825 1775/4746/3826 1776/4747/3827 1777/4748/3828 1778/4749/3829 1779/4750/3830 1780/4751/3831 1781/4752/3832 1782/4753/3833 1783/4754/3834 1784/4755/3835 1785/4756/3836 1786/4757/3837 1787/4758/3838 1788/4759/3839 1789/4760/3840 1790/4761/3841 1791/4762/3842 1792/4763/3843
f 1147/4764/3844 1146/4765/3845 1145/4766/3846 1144/4767/3847
s 91
f 1144/3701/3848 1145/3702/3849 1794/3703/3850 1793/3704/3851
s 92
f 1145/2566/3852 1146/2567/3853 1795/2568/3854 1794/2569/3855
s 93
f 1146/3711/3856 1147/3712/3857 1796/3713/3858 1795/3714/3859
s 94
f 1147/2576/3860 1144/2577/3861 1793/2578/3862 1796/2579/3863
s 91
f 1793/3704/3851 1794/3703/3850 1798/3705/3864 1797/3706/3865
s 92
f 1794/2569/3855 1795/2568/3854 1799/2570/3866 1798/2571/3867
s 93
f 1795/3714/3859 1796/3713/3858 1800/3715/3868 1799/3716/3869
s 94
f 1796/2579/3863 1793/2578/3862 1797/2580/3870 1800/2581/3871
s 91
f 1797/3706/3865 1798/3705/3864 1802/3707/3872 1801/3708/3873
s 92
f 1798/2571/3867 1799/2570/3866 1803/2572/3874 1802/2573/3875
s 93
f 1799/3716/3869 1800/3715/3868 1804/3717/3876 1803/3718/3877
s 94
f 1800/2581/3871 1797/2580/3870 1801/2582/3878 1804/2583/3879
s 91
f 1801/3708/3873 1802/3707/3872 1806/3709/3880 1805/3710/3881
s 92
f 1802/2573/3875 1803/2572/3874 1807/2574/3882 1806/2575/3883
s 93
f 1803/3718/3877 1804/3717/3876 1808/3719/3884 1807/3720/3885
s 94
f 1804/2583/3879 1801/2582/3878 1805/2584/3886 1808/2585/3887
s off
f 1805/4768/3888 1806/4769/3889 1807/4770/3890 1808/4771/3891
f 1159/4772/3892 1158/4773/3893 1157/4774/3894 1156/4775/3895 1155/4776/3896 1154/4777/3897 1153/4778/3898 1152/4779/3899 1151/4780/3900 1150/4781/3901 1149/4782/3902 1148/4783/3903
s 95
f 1148/3721/3904 1149/3722/3905 1810/3723/3906 1809/3724/3907
s 96
f 1149/2586/3908 1150/2587/3909 1811/2588/3910 1810/2589/3911
s 97
f 1150/3731/3912 1151/3732/3913 1812/3733/3914 1811/3734/3915
s 98
f 1151/2596/3916 1152/2597/3917 1813/2598/3918 1812/2599/3919
s 99
f 1152/3741/3920 1153/3742/3921 1814/3743/3922 1813/3744/3923
s 100
f 1153/2606/3924 1154/2607/3925 1815/2608/3926 1814/2609/3927
s 101
f 1154/3751/3928 1155/3752/3929 1816/3753/3930 1815/3754/3931
s 102
f 1155/2616/3932 1156/2617/3933 1817/2618/3934 1816/2619/3935
s 103
f 1156/3761/3936 1157/3762/3937 1818/3763/3938 1817/3764/3939
s 104
f 1157/2626/3940 1158/2627/3941 1819/2628/3942 1818/2629/3943
s 105
f 1158/3771/3944 1159/3772/3945 1820/3773/3946 1819/3774/3947
s 106
f 1159/2636/3948 1148/2637/3949 1809/2638/3950 1820/2639/3951
s 95
f 1809/3724/3907 1810/3723/3906 1822/3725/3952 1821/3726/3953
s 96
f 1810/2589/3911 1811/2588/3910 1823/2590/3954 1822/2591/3955
s 97
f 1811/3734/3915 1812/3733/3914 1824/3735/3956 1823/3736/3957
s 98
f 1812/2599/3919 1813/2598/3918 1825/2600/3958 1824/2601/3959
s 99
f 1813/3744/3923 1814/3743/3922 1826/3745/3960 1825/3746/3961
s 100
f 1814/2609/3927 1815/2608/3926 1827/2610/3962 1826/2611/3963
s 101
f 1815/3754/3931 1816/3753/3930 1828/3755/3964 1827/3756/3965
s 102
f 1816/2619/3935 1817/2618/3934 1829/2620/3966 1828/2621/3967
s 103
f 1817/3764/3939 1818/3763/3938 1830/3765/3968 1829/3766/3969
s 104
f 1818/2629/3943 1819/2628/3942 1831/2630/3970 1830/2631/3971
s 105
f 1819/3774/3947 1820/3773/3946 1832/3775/3972 1831/3776/3973
s 106
f 1820/2639/3951 1809/2638/3950 1821/2640/3974 1832/2641/3975
s 95
f 1821/3726/3953 1822/3725/3952 1834/3727/3976 1833/3728/3977
s 96
f 1822/2591/3955 1823/2590/3954 1835/2592/3978 1834/2593/3979
s 97
f 1823/3736/3957 1824/3735/3956 1836/3737/3980 1835/3738/3981
s 98
f 1824/2601/3959 1825/2600/3958 1837/2602/3982 1836/2603/3983
s 99
f 1825/3746/3961 1826/3745/3960 1838/3747/3984 1837/3748/3985
s 100
f 1826/2611/3963 1827/2610/3962 1839/2612/3986 1838/2613/3987
s 101
f 1827/3756/3965 1828/3755/3964 1840/3757/3988 1839/3758/3989
s 102
f 1828/2621/3967 1829/2620/3966 1841/2622/3990 1840/2623/3991
s 103
f 1829/3766/3969 1830/3765/3968 1842/3767/3992 1841/3768/3993
s 104
f 1830/2631/3971 1831/2630/3970 1843/2632/3994 1842/2633/3995
s 105
f 1831/3776/3973 1832/3775/3972 1844/3777/3996 1843/3778/3997
s 106
f 1832/2641/3975 1821/2640/3974 1833/2642/3998 1844/2643/3999
s 95
f 1833/3728/3977 1834/3727/3976 1846/3729/4000 1845/3730/4001
s 96
f 1834/2593/3979 1835/2592/3978 1847/2594/4002 1846/2595/4003
s 97
f 1835/3738/3981 1836/3737/3980 1848/3739/4004 1847/3740/4005
s 98
f 1836/2603/3983 1837/2602/3982 1849/2604/4006 1848/2605/4007
s 99
f 1837/3748/3985 1838/3747/3984 1850/3749/4008 1849/3750/4009
s 100
f 1838/2613/3987 1839/2612/3986 1851/2614/4010 1850/2615/4011
s 101
f 1839/3758/3989 1840/3757/3988 1852/3759/4012 1851/3760/4013
s 102
f 1840/2623/3991 1841/2622/3990 1853/2624/4014 1852/2625/4015
s 103
f 1841/3768/3993 1842/3767/3992 1854/3769/4016 1853/3770/4017
s 104
f 1842/2633/3995 1843/2632/3994 1855/2634/4018 1854/2635/4019
s 105
f 1843/3778/3997 1844/3777/3996 1856/3779/4020 1855/3780/4021
s 106
f 1844/2643/3999 1833/2642/3998 1845/2644/4022 1856/2645/4023
s off
f 1845/4784/4024 1846/4785/4025 1847/4786/4026 1848/4787/4027 1849/4788/4028 1850/4789/4029 1851/4790/4030 1852/4791/4031 1853/4792/4032 1854/4793/4033 1855/4794/4034 1856/4795/4035
f 1163/4796/4036 1162/4797/4037 1161/4798/4038 1160/4799/4039
s 107
f 1160/3781/4040 1161/3782/4041 1858/3783/4042 1857/3784/4043
s 108
f 1161/2646/4044 1162/2647/4045 1859/2648/4046 1858/2649/4047
s 109
f 1162/3791/4048 1163/3792/4049 1860/3793/4050 1859/3794/4051
s 110
f 1163/2656/4052 1160/2657/4053 1857/2658/4054 1860/2659/4055
s 107
f 1857/3784/4043 1858/3783/4042 1862/3785/4056 1861/3786/4057
s 108
f 1858/2649/4047 1859/2648/4046 1863/2650/4058 1862/2651/4059
s 109
f 1859/3794/4051 1860/3793/4050 1864/3795/4060 1863/3796/4061
s 110
f 1860/2659/4055 1857/2658/4054 1861/2660/4062 1864/2661/4063
s 107
f 1861/3786/4057 1862/3785/4056 1866/3787/4064 1865/3788/4065
s 108
f 1862/2651/4059 1863/2650/4058 1867/2652/4066 1866/2653/4067
s 109
f 1863/3796/4061 1864/3795/4060 1868/3797/4068 1867/3798/4069
s 110
f 1864/2661/4063 1861/2660/4062 1865/2662/4070 1868/2663/4071
s 107
f 1865/3788/4065 1866/3787/4064 1870/3789/4072 1869/3790/4073
s 108
f 1866/2653/4067 1867/2652/4066 1871/2654/4074 1870/2655/4075
s 109
f 1867/3798/4069 1868/3797/4068 1872/3799/4076 1871/3800/4077
s 110
f 1868/2663/4071 1865/2662/4070 1869/2664/4078 1872/2665/4079
s off
f 1869/4800/4080 1870/4801/4081 1871/4802/4082 1872/4803/4083
f 1187/4804/4084 1186/4805/4085 1185/4806/4086 1184/4807/4087 1183/4808/4088 1182/4809/4089 1181/4810/4090 1180/4811/4091 1179/4812/4092 1178/4813/4093 1177/4814/4094 1176/4815/4095 1175/4816/4096 1174/4817/4097 1173/4818/4098 1172/4819/4099 1171/4820/4100 1170/4821/4101 1169/4822/4102 1168/4823/4103 1167/4824/4104 1166/4825/4105 1165/4826/4106 1164/4827/4107
s 111
f 1164/3801/4108 1165/3802/4109 1874/3803/4110 1873/3804/4111
s 112
f 1165/2666/4112 1166/2667/4113 1875/2668/4114 1874/2669/4115
s 113
f 1166/2667/4116 1167/2670/4117 1876/2671/4118 1875/2668/4119
f 1167/3821/4117 1168/3822/4120 1877/3823/4121 1876/3824/4118
f 1168/2687/4120 1169/2681/4122 1878/2684/4123 1877/2688/4121
s 114
f 1169/2681/4124 1170/2682/4125 1879/2683/4126 1878/2684/4127
s 115
f 1170/3831/4128 1171/3832/4129 1880/3833/4130 1879/3834/4131
s 116
f 1171/3832/4132 1172/3835/4133 1881/3836/4134 1880/3833/4135
f 1172/3835/4133 1173/3839/4136 1882/3840/4137 1881/3836/4134
s 117
f 1173/3839/4138 1174/3844/4139 1883/3845/4140 1882/3840/4141
s 118
f 1174/3856/4142 1175/3857/4143 1884/3858/4144 1883/3859/4145
s 119
f 1175/3857/4146 1176/3860/4147 1885/3861/4148 1884/3858/4149
s 120
f 1176/2696/4150 1177/2697/4151 1886/2698/4152 1885/2699/4153
s 121
f 1177/2697/4154 1178/2700/4155 1887/2701/4156 1886/2698/4157
s 122
f 1178/2700/4158 1179/2704/4159 1888/2705/4160 1887/2701/4161
f 1179/3871/4159 1180/3872/4162 1889/3873/4163 1888/3874/4160
f 1180/2724/4162 1181/2716/4164 1890/2719/4165 1889/2725/4163
s 123
f 1181/2716/4166 1182/2717/4167 1891/2718/4168 1890/2719/4169
s 124
f 1182/2717/4170 1183/2720/4171 1892/2721/4172 1891/2718/4173
s 125
f 1183/3881/4174 1184/3882/4175 1893/3883/4176 1892/3884/4177
s 126
f 1184/3882/4178 1185/3885/4179 1894/3886/4180 1893/3883/4181
s 127
f 1185/3885/4182 1186/3889/4183 1895/3890/4184 1894/3886/4185
s 128
f 1186/3812/4186 1187/3807/4187 1896/3808/4188 1895/3813/4189
f 1187/3807/4187 1164/3801/4190 1873/3804/4191 1896/3808/4188
s 111
f 1873/3804/4111 1874/3803/4110 1898/3805/4192 1897/3806/4193
s 112
f 1874/2669/4115 1875/2668/4114 1899/2672/4194 1898/2673/4195
s 113
f 1875/2668/4119 1876/2671/4118 1900/2674/4196 1899/2672/4197
f 1876/3824/4118 1877/3823/4121 1901/3825/4198 1900/3826/4196
f 1877/2688/4121 1878/2684/4123 1902/2686/4199 1901/2691/4198
s 114
f 1878/2684/4127 1879/2683/4126 1903/2685/4200 1902/2686/4201
s 115
f 1879/3834/4131 1880/3833/4130 1904/3837/4202 1903/3838/4203
s 116
f 1880/3833/4135 1881/3836/4134 1905/3841/4204 1904/3837/4205
f 1881/3836/4134 1882/3840/4137 1906/3846/4206 1905/3841/4204
s 117
f 1882/3840/4141 1883/3845/4140 1907/3850/4207 1906/3846/4208
s 118
f 1883/3859/4145 1884/3858/4144 1908/3862/4209 1907/3863/4210
s 119
f 1884/3858/4149 1885/3861/4148 1909/3864/4211 1908/3862/4212
s 120
f 1885/2699/4153 1886/2698/4152 1910/2702/4213 1909/2703/4214
s 121
f 1886/2698/4157 1887/2701/4156 1911/2706/4215 1910/2702/4216
s 122
f 1887/2701/4161 1888/2705/4160 1912/2709/4217 1911/2706/4218
f 1888/3874/4160 1889/3873/4163 1913/3875/4219 1912/3876/4217
f 1889/2725/4163 1890/2719/4165 1914/2723/4220 1913/2729/4219
s 123
f 1890/2719/4169 1891/2718/4168 1915/2722/4221 1914/2723/4222
s 124
f 1891/2718/4173 1892/2721/4172 1916/2726/4223 1915/2722/4224
s 125
f 1892/3884/4177 1893/3883/4176 1917/3887/4225 1916/3888/4226
s 126
f 1893/3883/4181 1894/3886/4180 1918/3891/4227 1917/3887/4228
s 127
f 1894/3886/4185 1895/3890/4184 1919/3894/4229 1918/3891/4230
s 128
f 1895/3813/4189 1896/3808/4188 1920/3811/4231 1919/3817/4232
f 1896/3808/4188 1873/3804/4191 1897/3806/4233 1920/3811/4231
s 111
f 1897/3806/4193 1898/3805/4192 1922/3809/4234 1921/3810/4235
s 112
f 1898/2673/4195 1899/2672/4194 1923/2675/4236 1922/2676/4237
s 113
f 1899/2672/4197 1900/2674/4196 1924/2677/4238 1923/2675/4239
f 1900/3826/4196 1901/3825/4198 1925/3827/4240 1924/3828/4238
f 1901/2691/4198 1902/2686/4199 1926/2690/4241 1925/2694/4240
s 114
f 1902/2686/4201 1903/2685/4200 1927/2689/4242 1926/2690/4243
s 115
f 1903/3838/4203 1904/3837/4202 1928/3842/4244 1927/3843/4245
s 116
f 1904/3837/4205 1905/3841/4204 1929/3847/4246 1928/3842/4247
f 1905/3841/4204 1906/3846/4206 1930/3851/4248 1929/3847/4246
s 117
f 1906/3846/4208 1907/3850/4207 1931/3853/4249 1930/3851/4250
s 118
f 1907/3863/4210 1908/3862/4209 1932/3865/4251 1931/3866/4252
s 119
f 1908/3862/4212 1909/3864/4211 1933/3867/4253 1932/3865/4254
s 120
f 1909/2703/4214 1910/2702/4213 1934/2707/4255 1933/2708/4256
s 121
f 1910/2702/4216 1911/2706/4215 1935/2710/4257 1934/2707/4258
s 122
f 1911/2706/4218 1912/2709/4217 1936/2713/4259 1935/2710/4260
f 1912/3876/4217 1913/3875/4219 1937/3877/4261 1936/3878/4259
f 1913/2729/4219 1914/2723/4220 1938/2728/4262 1937/2733/4261
s 123
f 1914/2723/4222 1915/2722/4221 1939/2727/4263 1938/2728/4264
s 124
f 1915/2722/4224 1916/2726/4223 1940/2730/4265 1939/2727/4266
s 125
f 1916/3888/4226 1917/3887/4225 1941/3892/4267 1940/3893/4268
s 126
f 1917/3887/4228 1918/3891/4227 1942/3895/4269 1941/3892/4270
s 127
f 1918/3891/4230 1919/3894/4229 1943/3898/4271 1942/3895/4272
s 128
f 1919/3817/4232 1920/3811/4231 1944/3816/4273 1943/3819/4274
f 1920/3811/4231 1897/3806/4233 1921/3810/4275 1944/3816/4273
s 111
f 1921/3810/4235 1922/3809/4234 1946/3814/4276 1945/3815/4277
s 112
f 1922/2676/4237 1923/2675/4236 1947/2678/4278 1946/2679/4279
s 113
f 1923/2675/4239 1924/2677/4238 1948/2680/4280 1947/2678/4281
f 1924/3828/4238 1925/3827/4240 1949/3829/4282 1948/3830/4280
f 1925/2694/4240 1926/2690/4241 1950/2693/4283 1949/2695/4282
s 114
f 1926/2690/4243 1927/2689/4242 1951/2692/4284 1950/2693/4285
s 115
f 1927/3843/4245 1928/3842/4244 1952/3848/4286 1951/3849/4287
s 116
f 1928/3842/4247 1929/3847/4246 1953/3852/4288 1952/3848/4289
f 1929/3847/4246 1930/3851/4248 1954/3854/4290 1953/3852/4288
s 117
f 1930/3851/4250 1931/3853/4249 1955/3855/4291 1954/3854/4292
s 118
f 1931/3866/4252 1932/3865/4251 1956/3868/4293 1955/3869/4294
s 119
f 1932/3865/4254 1933/3867/4253 1957/3870/4295 1956/3868/4296
s 120
f 1933/2708/4256 1934/2707/4255 1958/2711/4297 1957/2712/4298
s 121
f 1934/2707/4258 1935/2710/4257 1959/2714/4299 1958/2711/4300
s 122
f 1935/2710/4260 1936/2713/4259 1960/2715/4301 1959/2714/4302
f 1936/3878/4259 1937/3877/4261 1961/3879/4303 1960/3880/4301
f 1937/2733/4261 1938/2728/4262 1962/2732/4304 1961/2735/4303
s 123
f 1938/2728/4264 1939/2727/4263 1963/2731/4305 1962/2732/4306
s 124
f 1939/2727/4266 1940/2730/4265 1964/2734/4307 1963/2731/4308
s 125
f 1940/3893/4268 1941/3892/4267 1965/3896/4309 1964/3897/4310
s 126
f 1941/3892/4270 1942/3895/4269 1966/3899/4311 1965/3896/4312
s 127
f 1942/3895/4272 1943/3898/4271 1967/3900/4313 1966/3899/4314
s 128
f 1943/3819/4274 1944/3816/4273 1968/3818/4315 1967/3820/4316
f 1944/3816/4273 1921/3810/4275 1945/3815/4317 1968/3818/4315
s off
f 1945/4828/4318 1946/4829/4319 1947/4830/4320 1948/4831/4321 1949/4832/4322 1950/4833/4323 1951/4834/4324 1952/4835/4325 1953/4836/4326 1954/4837/4327 1955/4838/4328 1956/4839/4329 1957/4840/4330 1958/4841/4331 1959/4842/4332 1960/4843/4333 1961/4844/4334 1962/4845/4335 1963/4846/4336 1964/4847/4337 1965/4848/4338 1966/4849/4339 1967/4850/4340 1968/4851/4341
f 1200/4852/4342 1199/4853/4343 1198/4854/4344 1197/4855/4345 1196/4856/4346 1195/4857/4347 1194/4858/4348 1193/4859/4349 1192/4860/4350 1191/4861/4351 1190/4862/4352 1189/4863/4353 1188/4864/4354 1208/4865/4355 1207/4866/4356 1206/4867/4357 1205/4868/4358 1204/4869/4359 1203/4870/4360 1202/4871/4361 1201/4872/4362
s 129
f 1188/3901/4363 1189/3902/4364 1970/3903/4365 1969/3904/4366
s 130
f 1189/2736/4367 1190/2737/4368 1971/2738/4369 1970/2739/4370
s 131
f 1190/3916/4371 1191/3917/4372 1972/3918/4373 1971/3919/4374
s 132
f 1191/2746/4375 1192/2747/4376 1973/2748/4377 1972/2749/4378
s 133
f 1192/3926/4379 1193/3927/4380 1974/3928/4381 1973/3929/4382
s 134
f 1193/2756/4383 1194/2757/4384 1975/2758/4385 1974/2759/4386
s 135
f 1194/3936/4387 1195/3937/4388 1976/3938/4389 1975/3939/4390
s 136
f 1195/2766/4391 1196/2767/4392 1977/2768/4393 1976/2769/4394
s 137
f 1196/2767/4395 1197/2770/4396 1978/2771/4397 1977/2768/4398
s 138
f 1197/2770/4399 1198/2774/4400 1979/2775/4401 1978/2771/4402
s 139
f 1198/2774/4403 1199/2779/4404 1980/2780/4405 1979/2775/4406
s 140
f 1199/2779/4407 1200/2785/4408 1981/2786/4409 1980/2780/4410
s 129
f 1200/3907/4411 1188/3901/4363 1969/3904/4366 1981/3908/4412
s 141
f 1201/3946/4413 1202/3947/4414 1983/3948/4415 1982/3949/4416
s 142
f 1202/2804/4417 1203/2796/4418 1984/2799/4419 1983/2805/4420
s 143
f 1203/2796/4421 1204/2797/4422 1985/2798/4423 1984/2799/4424
s 144
f 1204/2797/4425 1205/2800/4426 1986/2801/4427 1985/2798/4428
s 145
f 1205/3961/4429 1206/3962/4430 1987/3963/4431 1986/3964/4432
f 1206/3962/4430 1207/3965/4433 1988/3966/4434 1987/3963/4431
s 146
f 1207/2816/4435 1208/2817/4436 1989/2818/4437 1988/2819/4438
s 141
f 1208/3952/4439 1201/3946/4413 1982/3949/4416 1989/3953/4440
s 129
f 1969/3904/4366 1970/3903/4365 1991/3905/4441 1990/3906/4442
s 130
f 1970/2739/4370 1971/2738/4369 1992/2740/4443 1991/2741/4444
s 131
f 1971/3919/4374 1972/3918/4373 1993/3920/4445 1992/3921/4446
s 132
f 1972/2749/4378 1973/2748/4377 1994/2750/4447 1993/2751/4448
s 133
f 1973/3929/4382 1974/3928/4381 1995/3930/4449 1994/3931/4450
s 134
f 1974/2759/4386 1975/2758/4385 1996/2760/4451 1995/2761/4452
s 135
f 1975/3939/4390 1976/3938/4389 1997/3940/4453 1996/3941/4454
s 136
f 1976/2769/4394 1977/2768/4393 1998/2772/4455 1997/2773/4456
s 137
f 1977/2768/4398 1978/2771/4397 1999/2776/4457 1998/2772/4458
s 138
f 1978/2771/4402 1979/2775/4401 2000/2781/4459 1999/2776/4460
s 139
f 1979/2775/4406 1980/2780/4405 2001/2787/4461 2000/2781/4462
s 140
f 1980/2780/4410 1981/2786/4409 2002/2790/4463 2001/2787/4464
s 129
f 1981/3908/4412 1969/3904/4366 1990/3906/4442 2002/3911/4465
s 141
f 1982/3949/4416 1983/3948/4415 2004/3950/4466 2003/3951/4467
s 142
f 1983/2805/4420 1984/2799/4419 2005/2803/4468 2004/2809/4469
s 143
f 1984/2799/4424 1985/2798/4423 2006/2802/4470 2005/2803/4471
s 144
f 1985/2798/4428 1986/2801/4427 2007/2806/4472 2006/2802/4473
s 145
f 1986/3964/4432 1987/3963/4431 2008/3967/4474 2007/3968/4475
f 1987/3963/4431 1988/3966/4434 2009/3969/4476 2008/3967/4474
s 146
f 1988/2819/4438 1989/2818/4437 2010/2820/4477 2009/2821/4478
s 141
f 1989/3953/4440 1982/3949/4416 2003/3951/4467 2010/3956/4479
s 129
f 1990/3906/4442 1991/3905/4441 2012/3909/4480 2011/3910/4481
s 130
f 1991/2741/4444 1992/2740/4443 2013/2742/4482 2012/2743/4483
s 131
f 1992/3921/4446 1993/3920/4445 2014/3922/4484 2013/3923/4485
s 132
f 1993/2751/4448 1994/2750/4447 2015/2752/4486 2014/2753/4487
s 133
f 1994/3931/4450 1995/3930/4449 2016/3932/4488 2015/3933/4489
s 134
f 1995/2761/4452 1996/2760/4451 2017/2762/4490 2016/2763/4491
s 135
f 1996/3941/4454 1997/3940/4453 2018/3942/4492 2017/3943/4493
s 136
f 1997/2773/4456 1998/2772/4455 2019/2777/4494 2018/2778/4495
s 137
f 1998/2772/4458 1999/2776/4457 2020/2782/4496 2019/2777/4497
s 138
f 1999/2776/4460 2000/2781/4459 2021/2788/4498 2020/2782/4499
s 139
f 2000/2781/4462 2001/2787/4461 2022/2791/4500 2021/2788/4501
s 140
f 2001/2787/4464 2002/2790/4463 2023/2793/4502 2022/2791/4503
s 129
f 2002/3911/4465 1990/3906/4442 2011/3910/4481 2023/3914/4504
s 141
f 2003/3951/4467 2004/3950/4466 2025/3954/4505 2024/3955/4506
s 142
f 2004/2809/4469 2005/2803/4468 2026/2808/4507 2025/2813/4508
s 143
f 2005/2803/4471 2006/2802/4470 2027/2807/4509 2026/2808/4510
s 144
f 2006/2802/4473 2007/2806/4472 2028/2810/4511 2027/2807/4512
s 145
f 2007/3968/4475 2008/3967/4474 2029/3970/4513 2028/3971/4514
f 2008/3967/4474 2009/3969/4476 2030/3972/4515 2029/3970/4513
s 146
f 2009/2821/4478 2010/2820/4477 2031/2822/4516 2030/2823/4517
s 141
f 2010/3956/4479 2003/3951/4467 2024/3955/4506 2031/3959/4518
s 129
f 2011/3910/4481 2012/3909/4480 2033/3912/4519 2032/3913/4520
s 130
f 2012/2743/4483 2013/2742/4482 2034/2744/4521 2033/2745/4522
s 131
f 2013/3923/4485 2014/3922/4484 2035/3924/4523 2034/3925/4524
s 132
f 2014/2753/4487 2015/2752/4486 2036/2754/4525 2035/2755/4526
s 133
f 2015/3933/4489 2016/3932/4488 2037/3934/4527 2036/3935/4528
s 134
f 2016/2763/4491 2017/2762/4490 2038/2764/4529 2037/2765/4530
s 135
f 2017/3943/4493 2018/3942/4492 2039/3944/4531 2038/3945/4532
s 136
f 2018/2778/4495 2019/2777/4494 2040/2783/4533 2039/2784/4534
s 137
f 2019/2777/4497 2020/2782/4496 2041/2789/4535 2040/2783/4536
s 138
f 2020/2782/4499 2021/2788/4498 2042/2792/4537 2041/2789/4538
s 139
f 2021/2788/4501 2022/2791/4500 2043/2794/4539 2042/2792/4540
s 140
f 2022/2791/4503 2023/2793/4502 2044/2795/4541 2043/2794/4542
s 129
f 2023/3914/4504 2011/3910/4481 2032/3913/4520 2044/3915/4543
s 141
f 2024/3955/4506 2025/3954/4505 2046/3957/4544 2045/3958/4545
s 142
f 2025/2813/4508 2026/2808/4507 2047/2812/4546 2046/2815/4547
s 143
f 2026/2808/4510 2027/2807/4509 2048/2811/4548 2047/2812/4549
s 144
f 2027/2807/4512 2028/2810/4511 2049/2814/4550 2048/2811/4551
s 145
f 2028/3971/4514 2029/3970/4513 2050/3973/4552 2049/3974/4553
f 2029/3970/4513 2030/3972/4515 2051/3975/4554 2050/3973/4552
s 146
f 2030/2823/4517 2031/2822/4516 2052/2824/4555 2051/2825/4556
s 141
f 2031/3959/4518 2024/3955/4506 2045/3958/4545 2052/3960/4557
s off
f 2032/4873/4558 2033/4874/4559 2034/4875/4560 2035/4876/4561 2036/4877/4562 2037/4878/4563 2038/4879/4564 2039/4880/4565 2040/4881/4566 2041/4882/4567 2042/4883/4568 2043/4884/4569 2044/4885/4570 2045/4886/4571 2046/4887/4572 2047/4888/4573 2048/4889/4574 2049/4890/4575 2050/4891/4576 2051/4892/4577 2052/4893/4578
f 1222/4894/4579 1221/4895/4580 1220/4896/4581 1219/4897/4582 1218/4898/4583 1217/4899/4584 1216/4900/4585 1215/4901/4586 1214/4902/4587 1213/4903/4588 1212/4904/4589 1211/4905/4590 1210/4906/4591 1209/4907/4592 1227/4908/4593 1226/4909/4594 1225/4910/4595 1224/4911/4596 1223/4912/4597
s 147
f 1209/3976/4598 1210/3977/4599 2054/3978/4600 2053/3979/4601
s 148
f 1210/2826/4602 1211/2827/4603 2055/2828/4604 2054/2829/4605
s 149
f 1211/2827/4606 1212/2830/4607 2056/2831/4608 2055/2828/4609
s 150
f 1212/3991/4610 1213/3992/4611 2057/3993/4612 2056/3994/4613
s 151
f 1213/3992/4614 1214/3995/4615 2058/3996/4616 2057/3993/4617
f 1214/3995/4615 1215/3999/4618 2059/4000/4619 2058/3996/4616
s 152
f 1215/4011/4620 1216/4012/4621 2060/4013/4622 2059/4014/4623
s 153
f 1216/4012/4624 1217/4015/4625 2061/4016/4626 2060/4013/4627
s 154
f 1217/4015/4628 1218/4019/4629 2062/4020/4630 2061/4016/4631
s 155
f 1218/2841/4632 1219/2842/4633 2063/2843/4634 2062/2844/4635
s 156
f 1219/4031/4636 1220/4032/4637 2064/4033/4638 2063/4034/4639
s 157
f 1220/2851/4640 1221/2852/4641 2065/2853/4642 2064/2854/4643
f 1221/2852/4641 1222/2855/4644 2066/2856/4645 2065/2853/4642
s 158
f 1222/3982/4646 1209/3976/4647 2053/3979/4648 2066/3983/4649
s 159
f 1223/4041/4650 1224/4042/4651 2068/4043/4652 2067/4044/4653
s 160
f 1224/4042/4654 1225/4045/4655 2069/4046/4656 2068/4043/4657
s 161
f 1225/4066/4658 1226/4067/4659 2070/4068/4660 2069/4069/4661
s 162
f 1226/4055/4662 1227/4049/4663 2071/4050/4664 2070/4056/4665
s 163
f 1227/4049/4666 1223/4041/4667 2067/4044/4668 2071/4050/4669
s 147
f 2053/3979/4601 2054/3978/4600 2073/3980/4670 2072/3981/4671
s 148
f 2054/2829/4605 2055/2828/4604 2074/2832/4672 2073/2833/4673
s 149
f 2055/2828/4609 2056/2831/4608 2075/2834/4674 2074/2832/4675
s 150
f 2056/3994/4613 2057/3993/4612 2076/3997/4676 2075/3998/4677
s 151
f 2057/3993/4617 2058/3996/4616 2077/4001/4678 2076/3997/4679
f 2058/3996/4616 2059/4000/4619 2078/4004/4680 2077/4001/4678
s 152
f 2059/4014/4623 2060/4013/4622 2079/4017/4681 2078/4018/4682
s 153
f 2060/4013/4627 2061/4016/4626 2080/4021/4683 2079/4017/4684
s 154
f 2061/4016/4631 2062/4020/4630 2081/4024/4685 2080/4021/4686
s 155
f 2062/2844/4635 2063/2843/4634 2082/2845/4687 2081/2846/4688
s 156
f 2063/4034/4639 2064/4033/4638 2083/4035/4689 2082/4036/4690
s 157
f 2064/2854/4643 2065/2853/4642 2084/2857/4691 2083/2858/4692
f 2065/2853/4642 2066/2856/4645 2085/2859/4693 2084/2857/4691
s 158
f 2066/3983/4649 2053/3979/4648 2072/3981/4694 2085/3986/4695
s 159
f 2067/4044/4653 2068/4043/4652 2087/4047/4696 2086/4048/4697
s 160
f 2068/4043/4657 2069/4046/4656 2088/4051/4698 2087/4047/4699
s 161
f 2069/4069/4661 2070/4068/4660 2089/4070/4700 2088/4071/4701
s 162
f 2070/4056/4665 2071/4050/4664 2090/4054/4702 2089/4061/4703
s 163
f 2071/4050/4669 2067/4044/4668 2086/4048/4704 2090/4054/4705
s 147
f 2072/3981/4671 2073/3980/4670 2092/3984/4706 2091/3985/4707
s 148
f 2073/2833/4673 2074/2832/4672 2093/2835/4708 2092/2836/4709
s 149
f 2074/2832/4675 2075/2834/4674 2094/2837/4710 2093/2835/4711
s 150
f 2075/3998/4677 2076/3997/4676 2095/4002/4712 2094/4003/4713
s 151
f 2076/3997/4679 2077/4001/4678 2096/4005/4714 2095/4002/4715
f 2077/4001/4678 2078/4004/4680 2097/4008/4716 2096/4005/4714
s 152
f 2078/4018/4682 2079/4017/4681 2098/4022/4717 2097/4023/4718
s 153
f 2079/4017/4684 2080/4021/4683 2099/4025/4719 2098/4022/4720
s 154
f 2080/4021/4686 2081/4024/4685 2100/4028/4721 2099/4025/4722
s 155
f 2081/2846/4688 2082/2845/4687 2101/2847/4723 2100/2848/4724
s 156
f 2082/4036/4690 2083/4035/4689 2102/4037/4725 2101/4038/4726
s 157
f 2083/2858/4692 2084/2857/4691 2103/2860/4727 2102/2861/4728
f 2084/2857/4691 2085/2859/4693 2104/2862/4729 2103/2860/4727
s 158
f 2085/3986/4695 2072/3981/4694 2091/3985/4730 2104/3989/4731
s 159
f 2086/4048/4697 2087/4047/4696 2106/4052/4732 2105/4053/4733
s 160
f 2087/4047/4699 2088/4051/4698 2107/4057/4734 2106/4052/4735
s 161
f 2088/4071/4701 2089/4070/4700 2108/4072/4736 2107/4073/4737
s 162
f 2089/4061/4703 2090/4054/4702 2109/4060/4738 2108/4064/4739
s 163
f 2090/4054/4705 2086/4048/4704 2105/4053/4740 2109/4060/4741
s 147
f 2091/3985/4707 2092/3984/4706 2111/3987/4742 2110/3988/4743
s 148
f 2092/2836/4709 2093/2835/4708 2112/2838/4744 2111/2839/4745
s 149
f 2093/2835/4711 2094/2837/4710 2113/2840/4746 2112/2838/4747
s 150
f 2094/4003/4713 2095/4002/4712 2114/4006/4748 2113/4007/4749
s 151
f 2095/4002/4715 2096/4005/4714 2115/4009/4750 2114/4006/4751
f 2096/4005/4714 2097/4008/4716 2116/4010/4752 2115/4009/4750
s 152
f 2097/4023/4718 2098/4022/4717 2117/4026/4753 2116/4027/4754
s 153
f 2098/4022/4720 2099/4025/4719 2118/4029/4755 2117/4026/4756
s 154
f 2099/4025/4722 2100/4028/4721 2119/4030/4757 2118/4029/4758
s 155
f 2100/2848/4724 2101/2847/4723 2120/2849/4759 2119/2850/4760
s 156
f 2101/4038/4726 2102/4037/4725 2121/4039/4761 2120/4040/4762
s 157
f 2102/2861/4728 2103/2860/4727 2122/2863/4763 2121/2864/4764
f 2103/2860/4727 2104/2862/4729 2123/2865/4765 2122/2863/4763
s 158
f 2104/3989/4731 2091/3985/4730 2110/3988/4766 2123/3990/4767
s 159
f 2105/4053/4733 2106/4052/4732 2125/4058/4768 2124/4059/4769
s 160
f 2106/4052/4735 2107/4057/4734 2126/4062/4770 2125/4058/4771
s 161
f 2107/4073/4737 2108/4072/4736 2127/4074/4772 2126/4075/4773
s 162
f 2108/4064/4739 2109/4060/4738 2128/4063/4774 2127/4065/4775
s 163
f 2109/4060/4741 2105/4053/4740 2124/4059/4776 2128/4063/4777
s off
f 2110/4913/4778 2111/4914/4779 2112/4915/4780 2113/4916/4781 2114/4917/4782 2115/4918/4783 2116/4919/4784 2117/4920/4785 2118/4921/4786 2119/4922/4787 2120/4923/4788 2121/4924/4789 2122/4925/4790 2123/4926/4791 2124/4927/4792 2125/4928/4793 2126/4929/4794 2127/4930/4795 2128/4931/4796
f 1249/4932/4797 1248/4933/4798 1247/4934/4799 1246/4935/4800 1245/4936/4801 1244/4937/4802 1243/4938/4803 1242/4939/4804 1241/4940/4805 1240/4941/4806 1239/4942/4807 1238/4943/4808 1237/4944/4809 1236/4945/4810 1235/4946/4811 1234/4947/4812 1233/4948/4813 1232/4949/4814 1231/4950/4815 1230/4951/4816 1229/4952/4817 1228/4953/4818 1257/4954/4819 1256/4955/4820 1255/4956/4821 1254/4957/4822 1253/4958/4823 1252/4959/4824 1251/4960/4825 1250/4961/4826
s 164
f 1228/4076/4827 1229/4077/4828 2130/4078/4829 2129/4079/4830
s 165
f 1229/2866/4831 1230/2867/4832 2131/2868/4833 2130/2869/4834
s 166
f 1230/2867/4835 1231/2870/4836 2132/2871/4837 2131/2868/4838
s 167
f 1231/4096/4839 1232/4097/4840 2133/4098/4841 2132/4099/4842
s 168
f 1232/4097/4843 1233/4100/4844 2134/4101/4845 2133/4098/4846
f 1233/4100/4844 1234/4104/4847 2135/4105/4848 2134/4101/4845
s 169
f 1234/2881/4849 1235/2882/4850 2136/2883/4851 2135/2884/4852
s 170
f 1235/2882/4853 1236/2885/4854 2137/2886/4855 2136/2883/4856
s 171
f 1236/4116/4857 1237/4117/4858 2138/4118/4859 2137/4119/4860
f 1237/4117/4858 1238/4120/4861 2139/4121/4862 2138/4118/4859
f 1238/4120/4861 1239/4124/4863 2140/4125/4864 2139/4121/4862
s 172
f 1239/4124/4865 1240/4129/4866 2141/4130/4867 2140/4125/4868
s 173
f 1240/4155/4869 1241/4149/4870 2142/4150/4871 2141/4156/4872
f 1241/4149/4870 1242/4141/4873 2143/4144/4874 2142/4150/4871
f 1242/4141/4873 1243/4142/4875 2144/4143/4876 2143/4144/4874
f 1243/4142/4875 1244/4145/4877 2145/4146/4878 2144/4143/4876
s 174
f 1244/2896/4879 1245/2897/4880 2146/2898/4881 2145/2899/4882
f 1245/2897/4880 1246/2900/4883 2147/2901/4884 2146/2898/4881
s 175
f 1246/4166/4885 1247/4167/4886 2148/4168/4887 2147/4169/4888
s 176
f 1247/2911/4889 1248/2912/4890 2149/2913/4891 2148/2914/4892
s 177
f 1248/4087/4893 1249/4082/4894 2150/4083/4895 2149/4088/4896
f 1249/4082/4894 1228/4076/4897 2129/4079/4898 2150/4083/4895
s 178
f 1250/4176/4899 1251/4177/4900 2152/4178/4901 2151/4179/4902
s 179
f 1251/2921/4903 1252/2922/4904 2153/2923/4905 2152/2924/4906
s 180
f 1252/2922/4907 1253/2925/4908 2154/2926/4909 2153/2923/4910
s 181
f 1253/4191/4911 1254/4192/4912 2155/4193/4913 2154/4194/4914
s 182
f 1254/4192/4915 1255/4195/4916 2156/4196/4917 2155/4193/4918
s 183
f 1255/2936/4919 1256/2937/4920 2157/2938/4921 2156/2939/4922
s 184
f 1256/2937/4923 1257/2940/4924 2158/2941/4925 2157/2938/4926
s 185
f 1257/4182/4927 1250/4176/4928 2151/4179/4929 2158/4183/4930
s 164
f 2129/4079/4830 2130/4078/4829 2160/4080/4931 2159/4081/4932
s 165
f 2130/2869/4834 2131/2868/4833 2161/2872/4933 2160/2873/4934
s 166
f 2131/2868/4838 2132/2871/4837 2162/2874/4935 2161/2872/4936
s 167
f 2132/4099/4842 2133/4098/4841 2163/4102/4937 2162/4103/4938
s 168
f 2133/4098/4846 2134/4101/4845 2164/4106/4939 2163/4102/4940
f 2134/4101/4845 2135/4105/4848 2165/4109/4941 2164/4106/4939
s 169
f 2135/2884/4852 2136/2883/4851 2166/2887/4942 2165/2888/4943
s 170
f 2136/2883/4856 2137/2886/4855 2167/2889/4944 2166/2887/4945
s 171
f 2137/4119/4860 2138/4118/4859 2168/4122/4946 2167/4123/4947
f 2138/4118/4859 2139/4121/4862 2169/4126/4948 2168/4122/4946
f 2139/4121/4862 2140/4125/4864 2170/4131/4949 2169/4126/4948
s 172
f 2140/4125/4868 2141/4130/4867 2171/4135/4950 2170/4131/4951
s 173
f 2141/4156/4872 2142/4150/4871 2172/4154/4952 2171/4161/4953
f 2142/4150/4871 2143/4144/4874 2173/4148/4954 2172/4154/4952
f 2143/4144/4874 2144/4143/4876 2174/4147/4955 2173/4148/4954
f 2144/4143/4876 2145/4146/4878 2175/4151/4956 2174/4147/4955
s 174
f 2145/2899/4882 2146/2898/4881 2176/2902/4957 2175/2903/4958
f 2146/2898/4881 2147/2901/4884 2177/2904/4959 2176/2902/4957
s 175
f 2147/4169/4888 2148/4168/4887 2178/4170/4960 2177/4171/4961
s 176
f 2148/2914/4892 2149/2913/4891 2179/2915/4962 2178/2916/4963
s 177
f 2149/4088/4896 2150/4083/4895 2180/4086/4964 2179/4092/4965
f 2150/4083/4895 2129/4079/4898 2159/4081/4966 2180/4086/4964
s 178
f 2151/4179/4902 2152/4178/4901 2182/4180/4967 2181/4181/4968
s 179
f 2152/2924/4906 2153/2923/4905 2183/2927/4969 2182/2928/4970
s 180
f 2153/2923/4910 2154/2926/4909 2184/2929/4971 2183/2927/4972
s 181
f 2154/4194/4914 2155/4193/4913 2185/4197/4973 2184/4198/4974
s 182
f 2155/4193/4918 2156/4196/4917 2186/4199/4975 2185/4197/4976
s 183
f 2156/2939/4922 2157/2938/4921 2187/2942/4977 2186/2943/4978
s 184
f 2157/2938/4926 2158/2941/4925 2188/2944/4979 2187/2942/4980
s 185
f 2158/4183/4930 2151/4179/4929 2181/4181/4981 2188/4186/4982
s 164
f 2159/4081/4932 2160/4080/4931 2190/4084/4983 2189/4085/4984
s 165
f 2160/2873/4934 2161/2872/4933 2191/2875/4985 2190/2876/4986
s 166
f 2161/2872/4936 2162/2874/4935 2192/2877/4987 2191/2875/4988
s 167
f 2162/4103/4938 2163/4102/4937 2193/4107/4989 2192/4108/4990
s 168
f 2163/4102/4940 2164/4106/4939 2194/4110/4991 2193/4107/4992
f 2164/4106/4939 2165/4109/4941 2195/4113/4993 2194/4110/4991
s 169
f 2165/2888/4943 2166/2887/4942 2196/2890/4994 2195/2891/4995
s 170
f 2166/2887/4945 2167/2889/4944 2197/2892/4996 2196/2890/4997
s 171
f 2167/4123/4947 2168/4122/4946 2198/4127/4998 2197/4128/4999
f 2168/4122/4946 2169/4126/4948 2199/4132/5000 2198/4127/4998
f 2169/4126/4948 2170/4131/4949 2200/4136/5001 2199/4132/5000
s 172
f 2170/4131/4951 2171/4135/4950 2201/4138/5002 2200/4136/5003
s 173
f 2171/4161/4953 2172/4154/4952 2202/4160/5004 2201/4164/5005
f 2172/4154/4952 2173/4148/4954 2203/4153/5006 2202/4160/5004
f 2173/4148/4954 2174/4147/4955 2204/4152/5007 2203/4153/5006
f 2174/4147/4955 2175/4151/4956 2205/4157/5008 2204/4152/5007
s 174
f 2175/2903/4958 2176/2902/4957 2206/2905/5009 2205/2906/5010
f 2176/2902/4957 2177/2904/4959 2207/2907/5011 2206/2905/5009
s 175
f 2177/4171/4961 2178/4170/4960 2208/4172/5012 2207/4173/5013
s 176
f 2178/2916/4963 2179/2915/4962 2209/2917/5014 2208/2918/5015
s 177
f 2179/4092/4965 2180/4086/4964 2210/4091/5016 2209/4094/5017
f 2180/4086/4964 2159/4081/4966 2189/4085/5018 2210/4091/5016
s 178
f 2181/4181/4968 2182/4180/4967 2212/4184/5019 2211/4185/5020
s 179
f 2182/2928/4970 2183/2927/4969 2213/2930/5021 2212/2931/5022
s 180
f 2183/2927/4972 2184/2929/4971 2214/2932/5023 2213/2930/5024
s 181
f 2184/4198/4974 2185/4197/4973 2215/4200/5025 2214/4201/5026
s 182
f 2185/4197/4976 2186/4199/4975 2216/4202/5027 2215/4200/5028
s 183
f 2186/2943/4978 2187/2942/4977 2217/2945/5029 2216/2946/5030
s 184
f 2187/2942/4980 2188/2944/4979 2218/2947/5031 2217/2945/5032
s 185
f 2188/4186/4982 2181/4181/4981 2211/4185/5033 2218/4189/5034
s 164
f 2189/4085/4984 2190/4084/4983 2220/4089/5035 2219/4090/5036
s 165
f 2190/2876/4986 2191/2875/4985 2221/2878/5037 2220/2879/5038
s 166
f 2191/2875/4988 2192/2877/4987 2222/2880/5039 2221/2878/5040
s 167
f 2192/4108/4990 2193/4107/4989 2223/4111/5041 2222/4112/5042
s 168
f 2193/4107/4992 2194/4110/4991 2224/4114/5043 2223/4111/5044
f 2194/4110/4991 2195/4113/4993 2225/4115/5045 2224/4114/5043
s 169
f 2195/2891/4995 2196/2890/4994 2226/2893/5046 2225/2894/5047
s 170
f 2196/2890/4997 2197/2892/4996 2227/2895/5048 2226/2893/5049
s 171
f 2197/4128/4999 2198/4127/4998 2228/4133/5050 2227/4134/5051
f 2198/4127/4998 2199/4132/5000 2229/4137/5052 2228/4133/5050
f 2199/4132/5000 2200/4136/5001 2230/4139/5053 2229/4137/5052
s 172
f 2200/4136/5003 2201/4138/5002 2231/4140/5054 2230/4139/5055
s 173
f 2201/4164/5005 2202/4160/5004 2232/4163/5056 2231/4165/5057
f 2202/4160/5004 2203/4153/5006 2233/4159/5058 2232/4163/5056
f 2203/4153/5006 2204/4152/5007 2234/4158/5059 2233/4159/5058
f 2204/4152/5007 2205/4157/5008 2235/4162/5060 2234/4158/5059
s 174
f 2205/2906/5010 2206/2905/5009 2236/2908/5061 2235/2909/5062
f 2206/2905/5009 2207/2907/5011 2237/2910/5063 2236/2908/5061
s 175
f 2207/4173/5013 2208/4172/5012 2238/4174/5064 2237/4175/5065
s 176
f 2208/2918/5015 2209/2917/5014 2239/2919/5066 2238/2920/5067
s 177
f 2209/4094/5017 2210/4091/5016 2240/4093/5068 2239/4095/5069
f 2210/4091/5016 2189/4085/5018 2219/4090/5070 2240/4093/5068
s 178
f 2211/4185/5020 2212/4184/5019 2242/4187/5071 2241/4188/5072
s 179
f 2212/2931/5022 2213/2930/5021 2243/2933/5073 2242/2934/5074
s 180
f 2213/2930/5024 2214/2932/5023 2244/2935/5075 2243/2933/5076
s 181
f 2214/4201/5026 2215/4200/5025 2245/4203/5077 2244/4204/5078
s 182
f 2215/4200/5028 2216/4202/5027 2246/4205/5079 2245/4203/5080
s 183
f 2216/2946/5030 2217/2945/5029 2247/2948/5081 2246/2949/5082
s 184
f 2217/2945/5032 2218/2947/5031 2248/2950/5083 2247/2948/5084
s 185
f 2218/4189/5034 2211/4185/5033 2241/4188/5085 2248/4190/5086
s off
f 2219/4962/5087 2220/4963/5088 2221/4964/5089 2222/4965/5090 2223/4966/5091 2224/4967/5092 2225/4968/5093 2226/4969/5094 2227/4970/5095 2228/4971/5096 2229/4972/5097 2230/4973/5098 2231/4974/5099 2232/4975/5100 2233/4976/5101 2234/4977/5102 2235/4978/5103 2236/4979/5104 2237/4980/5105 2238/4981/5106 2239/4982/5107 2240/4983/5108 2241/4984/5109 2242/4985/5110 2243/4986/5111 2244/4987/5112 2245/4988/5113 2246/4989/5114 2247/4990/5115 2248/4991/5116
f 1270/4992/5117 1269/4993/5118 1268/4994/5119 1267/4995/5120 1266/4996/5121 1265/4997/5122 1264/4998/5123 1263/4999/5124 1262/5000/5125 1261/5001/5126 1260/5002/5127 1259/5003/5128 1258/5004/5129 1278/5005/5130 1277/5006/5131 1276/5007/5132 1275/5008/5133 1274/5009/5134 1273/5010/5135 1272/5011/5136 1271/5012/5137
s 186
f 1258/4206/5138 1259/4207/5139 2250/4208/5140 2249/4209/5141
s 187
f 1259/2951/5142 1260/2952/5143 2251/2953/5144 2250/2954/5145
s 188
f 1260/2952/5146 1261/2955/5147 2252/2956/5148 2251/2953/5149
s 189
f 1261/4226/5150 1262/4227/5151 2253/4228/5152 2252/4229/5153
s 190
f 1262/4227/5154 1263/4230/5155 2254/4231/5156 2253/4228/5157
f 1263/4230/5155 1264/4234/5158 2255/4235/5159 2254/4231/5156
s 191
f 1264/2966/5160 1265/2967/5161 2256/2968/5162 2255/2969/5163
s 192
f 1265/4246/5164 1266/4247/5165 2257/4248/5166 2256/4249/5167
s 193
f 1266/2976/5168 1267/2977/5169 2258/2978/5170 2257/2979/5171
s 194
f 1267/4256/5172 1268/4257/5173 2259/4258/5174 2258/4259/5175
s 195
f 1268/2986/5176 1269/2987/5177 2260/2988/5178 2259/2989/5179
s 196
f 1269/4217/5180 1270/4212/5181 2261/4213/5182 2260/4218/5183
f 1270/4212/5181 1258/4206/5184 2249/4209/5185 2261/4213/5182
s 197
f 1271/4266/5186 1272/4267/5187 2263/4268/5188 2262/4269/5189
s 198
f 1272/2996/5190 1273/2997/5191 2264/2998/5192 2263/2999/5193
s 199
f 1273/2997/5194 1274/3000/5195 2265/3001/5196 2264/2998/5197
s 200
f 1274/4281/5198 1275/4282/5199 2266/4283/5200 2265/4284/5201
s 201
f 1275/4282/5202 1276/4285/5203 2267/4286/5204 2266/4283/5205
s 202
f 1276/3011/5206 1277/3012/5207 2268/3013/5208 2267/3014/5209
s 203
f 1277/3012/5210 1278/3015/5211 2269/3016/5212 2268/3013/5213
s 204
f 1278/4272/5214 1271/4266/5215 2262/4269/5216 2269/4273/5217
s 186
f 2249/4209/5141 2250/4208/5140 2271/4210/5218 2270/4211/5219
s 187
f 2250/2954/5145 2251/2953/5144 2272/2957/5220 2271/2958/5221
s 188
f 2251/2953/5149 2252/2956/5148 2273/2959/5222 2272/2957/5223
s 189
f 2252/4229/5153 2253/4228/5152 2274/4232/5224 2273/4233/5225
s 190
f 2253/4228/5157 2254/4231/5156 2275/4236/5226 2274/4232/5227
f 2254/4231/5156 2255/4235/5159 2276/4239/5228 2275/4236/5226
s 191
f 2255/2969/5163 2256/2968/5162 2277/2970/5229 2276/2971/5230
s 192
f 2256/4249/5167 2257/4248/5166 2278/4250/5231 2277/4251/5232
s 193
f 2257/2979/5171 2258/2978/5170 2279/2980/5233 2278/2981/5234
s 194
f 2258/4259/5175 2259/4258/5174 2280/4260/5235 2279/4261/5236
s 195
f 2259/2989/5179 2260/2988/5178 2281/2990/5237 2280/2991/5238
s 196
f 2260/4218/5183 2261/4213/5182 2282/4216/5239 2281/4222/5240
f 2261/4213/5182 2249/4209/5185 2270/4211/5241 2282/4216/5239
s 197
f 2262/4269/5189 2263/4268/5188 2284/4270/5242 2283/4271/5243
s 198
f 2263/2999/5193 2264/2998/5192 2285/3002/5244 2284/3003/5245
s 199
f 2264/2998/5197 2265/3001/5196 2286/3004/5246 2285/3002/5247
s 200
f 2265/4284/5201 2266/4283/5200 2287/4287/5248 2286/4288/5249
s 201
f 2266/4283/5205 2267/4286/5204 2288/4289/5250 2287/4287/5251
s 202
f 2267/3014/5209 2268/3013/5208 2289/3017/5252 2288/3018/5253
s 203
f 2268/3013/5213 2269/3016/5212 2290/3019/5254 2289/3017/5255
s 204
f 2269/4273/5217 2262/4269/5216 2283/4271/5256 2290/4276/5257
s 186
f 2270/4211/5219 2271/4210/5218 2292/4214/5258 2291/4215/5259
s 187
f 2271/2958/5221 2272/2957/5220 2293/2960/5260 2292/2961/5261
s 188
f 2272/2957/5223 2273/2959/5222 2294/2962/5262 2293/2960/5263
s 189
f 2273/4233/5225 2274/4232/5224 2295/4237/5264 2294/4238/5265
s 190
f 2274/4232/5227 2275/4236/5226 2296/4240/5266 2295/4237/5267
f 2275/4236/5226 2276/4239/5228 2297/4243/5268 2296/4240/5266
s 191
f 2276/2971/5230 2277/2970/5229 2298/2972/5269 2297/2973/5270
s 192
f 2277/4251/5232 2278/4250/5231 2299/4252/5271 2298/4253/5272
s 193
f 2278/2981/5234 2279/2980/5233 2300/2982/5273 2299/2983/5274
s 194
f 2279/4261/5236 2280/4260/5235 2301/4262/5275 2300/4263/5276
s 195
f 2280/2991/5238 2281/2990/5237 2302/2992/5277 2301/2993/5278
s 196
f 2281/4222/5240 2282/4216/5239 2303/4221/5279 2302/4224/5280
f 2282/4216/5239 2270/4211/5241 2291/4215/5281 2303/4221/5279
s 197
f 2283/4271/5243 2284/4270/5242 2305/4274/5282 2304/4275/5283
s 198
f 2284/3003/5245 2285/3002/5244 2306/3005/5284 2305/3006/5285
s 199
f 2285/3002/5247 2286/3004/5246 2307/3007/5286 2306/3005/5287
s 200
f 2286/4288/5249 2287/4287/5248 2308/4290/5288 2307/4291/5289
s 201
f 2287/4287/5251 2288/4289/5250 2309/4292/5290 2308/4290/5291
s 202
f 2288/3018/5253 2289/3017/5252 2310/3020/5292 2309/3021/5293
s 203
f 2289/3017/5255 2290/3019/5254 2311/3022/5294 2310/3020/5295
s 204
f 2290/4276/5257 2283/4271/5256 2304/4275/5296 2311/4279/5297
s 186
f 2291/4215/5259 2292/4214/5258 2313/4219/5298 2312/4220/5299
s 187
f 2292/2961/5261 2293/2960/5260 2314/2963/5300 2313/2964/5301
s 188
f 2293/2960/5263 2294/2962/5262 2315/2965/5302 2314/2963/5303
s 189
f 2294/4238/5265 2295/4237/5264 2316/4241/5304 2315/4242/5305
s 190
f 2295/4237/5267 2296/4240/5266 2317/4244/5306 2316/4241/5307
f 2296/4240/5266 2297/4243/5268 2318/4245/5308 2317/4244/5306
s 191
f 2297/2973/5270 2298/2972/5269 2319/2974/5309 2318/2975/5310
s 192
f 2298/4253/5272 2299/4252/5271 2320/4254/5311 2319/4255/5312
s 193
f 2299/2983/5274 2300/2982/5273 2321/2984/5313 2320/2985/5314
s 194
f 2300/4263/5276 2301/4262/5275 2322/4264/5315 2321/4265/5316
s 195
f 2301/2993/5278 2302/2992/5277 2323/2994/5317 2322/2995/5318
s 196
f 2302/4224/5280 2303/4221/5279 2324/4223/5319 2323/4225/5320
f 2303/4221/5279 2291/4215/5281 2312/4220/5321 2324/4223/5319
s 197
f 2304/4275/5283 2305/4274/5282 2326/4277/5322 2325/4278/5323
s 198
f 2305/3006/5285 2306/3005/5284 2327/3008/5324 2326/3009/5325
s 199
f 2306/3005/5287 2307/3007/5286 2328/3010/5326 2327/3008/5327
s 200
f 2307/4291/5289 2308/4290/5288 2329/4293/5328 2328/4294/5329
s 201
f 2308/4290/5291 2309/4292/5290 2330/4295/5330 2329/4293/5331
s 202
f 2309/3021/5293 2310/3020/5292 2331/3023/5332 2330/3024/5333
s 203
f 2310/3020/5295 2311/3022/5294 2332/3025/5334 2331/3023/5335
s 204
f 2311/4279/5297 2304/4275/5296 2325/4278/5336 2332/4280/5337
s off
f 2312/5013/5338 2313/5014/5339 2314/5015/5340 2315/5016/5341 2316/5017/5342 2317/5018/5343 2318/5019/5344 2319/5020/5345 2320/5021/5346 2321/5022/5347 2322/5023/5348 2323/5024/5349 2324/5025/5350 2325/5026/5351 2326/5027/5352 2327/5028/5353 2328/5029/5354 2329/5030/5355 2330/5031/5356 2331/5032/5357 2332/5033/5358
f 1291/5034/5359 1290/5035/5360 1289/5036/5361 1288/5037/5362 1287/5038/5363 1286/5039/5364 1285/5040/5365 1284/5041/5366 1283/5042/5367 1282/5043/5368 1281/5044/5369 1280/5045/5370 1279/5046/5371
s 205
f 1279/4296/5372 1280/4297/5373 2334/4298/5374 2333/4299/5375
s 206
f 1280/4297/5376 1281/4300/5377 2335/4301/5378 2334/4298/5379
s 207
f 1281/3026/5380 1282/3027/5381 2336/3028/5382 2335/3029/5383
s 208
f 1282/4316/5384 1283/4317/5385 2337/4318/5386 2336/4319/5387
s 209
f 1283/3036/5388 1284/3037/5389 2338/3038/5390 2337/3039/5391
s 210
f 1284/4326/5392 1285/4327/5393 2339/4328/5394 2338/4329/5395
s 211
f 1285/3046/5396 1286/3047/5397 2340/3048/5398 2339/3049/5399
f 1286/3047/5397 1287/3050/5400 2341/3051/5401 2340/3048/5398
f 1287/3050/5400 1288/3054/5402 2342/3055/5403 2341/3051/5401
s 212
f 1288/3054/5404 1289/3059/5405 2343/3060/5406 2342/3055/5407
s 213
f 1289/4336/5408 1290/4337/5409 2344/4338/5410 2343/4339/5411
s 214
f 1290/3071/5412 1291/3072/5413 2345/3073/5414 2344/3074/5415
s 215
f 1291/4304/5416 1279/4296/5417 2333/4299/5418 2345/4305/5419
s 205
f 2333/4299/5375 2334/4298/5374 2347/4302/5420 2346/4303/5421
s 206
f 2334/4298/5379 2335/4301/5378 2348/4306/5422 2347/4302/5423
s 207
f 2335/3029/5383 2336/3028/5382 2349/3030/5424 2348/3031/5425
s 208
f 2336/4319/5387 2337/4318/5386 2350/4320/5426 2349/4321/5427
s 209
f 2337/3039/5391 2338/3038/5390 2351/3040/5428 2350/3041/5429
s 210
f 2338/4329/5395 2339/4328/5394 2352/4330/5430 2351/4331/5431
s 211
f 2339/3049/5399 2340/3048/5398 2353/3052/5432 2352/3053/5433
f 2340/3048/5398 2341/3051/5401 2354/3056/5434 2353/3052/5432
f 2341/3051/5401 2342/3055/5403 2355/3061/5435 2354/3056/5434
s 212
f 2342/3055/5407 2343/3060/5406 2356/3065/5436 2355/3061/5437
s 213
f 2343/4339/5411 2344/4338/5410 2357/4340/5438 2356/4341/5439
s 214
f 2344/3074/5415 2345/3073/5414 2358/3075/5440 2357/3076/5441
s 215
f 2345/4305/5419 2333/4299/5418 2346/4303/5442 2358/4309/5443
s 205
f 2346/4303/5421 2347/4302/5420 2360/4307/5444 2359/4308/5445
s 206
f 2347/4302/5423 2348/4306/5422 2361/4310/5446 2360/4307/5447
s 207
f 2348/3031/5425 2349/3030/5424 2362/3032/5448 2361/3033/5449
s 208
f 2349/4321/5427 2350/4320/5426 2363/4322/5450 2362/4323/5451
s 209
f 2350/3041/5429 2351/3040/5428 2364/3042/5452 2363/3043/5453
s 210
f 2351/4331/5431 2352/4330/5430 2365/4332/5454 2364/4333/5455
s 211
f 2352/3053/5433 2353/3052/5432 2366/3057/5456 2365/3058/5457
f 2353/3052/5432 2354/3056/5434 2367/3062/5458 2366/3057/5456
f 2354/3056/5434 2355/3061/5435 2368/3066/5459 2367/3062/5458
s 212
f 2355/3061/5437 2356/3065/5436 2369/3068/5460 2368/3066/5461
s 213
f 2356/4341/5439 2357/4340/5438 2370/4342/5462 2369/4343/5463
s 214
f 2357/3076/5441 2358/3075/5440 2371/3077/5464 2370/3078/5465
s 215
f 2358/4309/5443 2346/4303/5442 2359/4308/5466 2371/4313/5467
s 205
f 2359/4308/5445 2360/4307/5444 2373/4311/5468 2372/4312/5469
s 206
f 2360/4307/5447 2361/4310/5446 2374/4314/5470 2373/4311/5471
s 207
f 2361/3033/5449 2362/3032/5448 2375/3034/5472 2374/3035/5473
s 208
f 2362/4323/5451 2363/4322/5450 2376/4324/5474 2375/4325/5475
s 209
f 2363/3043/5453 2364/3042/5452 2377/3044/5476 2376/3045/5477
s 210
f 2364/4333/5455 2365/4332/5454 2378/4334/5478 2377/4335/5479
s 211
f 2365/3058/5457 2366/3057/5456 2379/3063/5480 2378/3064/5481
f 2366/3057/5456 2367/3062/5458 2380/3067/5482 2379/3063/5480
f 2367/3062/5458 2368/3066/5459 2381/3069/5483 2380/3067/5482
s 212
f 2368/3066/5461 2369/3068/5460 2382/3070/5484 2381/3069/5485
s 213
f 2369/4343/5463 2370/4342/5462 2383/4344/5486 2382/4345/5487
s 214
f 2370/3078/5465 2371/3077/5464 2384/3079/5488 2383/3080/5489
s 215
f 2371/4313/5467 2359/4308/5466 2372/4312/5490 2384/4315/5491
s off
f 2372/5047/5492 2373/5048/5493 2374/5049/5494 2375/5050/5495 2376/5051/5496 2377/5052/5497 2378/5053/5498 2379/5054/5499 2380/5055/5500 2381/5056/5501 2382/5057/5502 2383/5058/5503 2384/5059/5504
f 1304/5060/5505 1303/5061/5506 1302/5062/5507 1301/5063/5508 1300/5064/5509 1299/5065/5510 1298/5066/5511 1297/5067/5512 1296/5068/5513 1295/5069/5514 1294/5070/5515 1293/5071/5516 1292/5072/5517 1312/5073/5518 1311/5074/5519 1310/5075/5520 1309/5076/5521 1308/5077/5522 1307/5078/5523 1306/5079/5524 1305/5080/5525
s 216
f 1292/4346/5526 1293/4347/5527 2386/4348/5528 2385/4349/5529
s 217
f 1293/3081/5530 1294/3082/5531 2387/3083/5532 2386/3084/5533
s 218
f 1294/4364/5534 1295/4356/5535 2388/4359/5536 2387/4365/5537
f 1295/4356/5535 1296/4357/5538 2389/4358/5539 2388/4359/5536
s 219
f 1296/4357/5540 1297/4360/5541 2390/4361/5542 2389/4358/5543
s 220
f 1297/3091/5544 1298/3092/5545 2391/3093/5546 2390/3094/5547
s 221
f 1298/3092/5548 1299/3095/5549 2392/3096/5550 2391/3093/5551
s 222
f 1299/4376/5552 1300/4377/5553 2393/4378/5554 2392/4379/5555
s 223
f 1300/4377/5556 1301/4380/5557 2394/4381/5558 2393/4378/5559
f 1301/4380/5557 1302/4384/5560 2395/4385/5561 2394/4381/5558
s 224
f 1302/3106/5562 1303/3107/5563 2396/3108/5564 2395/3109/5565
s 225
f 1303/4396/5566 1304/4397/5567 2397/4398/5568 2396/4399/5569
s 226
f 1304/3116/5570 1292/3117/5571 2385/3118/5572 2397/3119/5573
s 227
f 1305/4406/5574 1306/4407/5575 2399/4408/5576 2398/4409/5577
s 228
f 1306/3126/5578 1307/3127/5579 2400/3128/5580 2399/3129/5581
s 229
f 1307/3127/5582 1308/3130/5583 2401/3131/5584 2400/3128/5585
s 230
f 1308/4421/5586 1309/4422/5587 2402/4423/5588 2401/4424/5589
s 231
f 1309/4422/5590 1310/4425/5591 2403/4426/5592 2402/4423/5593
s 232
f 1310/3141/5594 1311/3142/5595 2404/3143/5596 2403/3144/5597
s 233
f 1311/3142/5598 1312/3145/5599 2405/3146/5600 2404/3143/5601
s 234
f 1312/4412/5602 1305/4406/5603 2398/4409/5604 2405/4413/5605
s 216
f 2385/4349/5529 2386/4348/5528 2407/4350/5606 2406/4351/5607
s 217
f 2386/3084/5533 2387/3083/5532 2408/3085/5608 2407/3086/5609
s 218
f 2387/4365/5537 2388/4359/5536 2409/4363/5610 2408/4369/5611
f 2388/4359/5536 2389/4358/5539 2410/4362/5612 2409/4363/5610
s 219
f 2389/4358/5543 2390/4361/5542 2411/4366/5613 2410/4362/5614
s 220
f 2390/3094/5547 2391/3093/5546 2412/3097/5615 2411/3098/5616
s 221
f 2391/3093/5551 2392/3096/5550 2413/3099/5617 2412/3097/5618
s 222
f 2392/4379/5555 2393/4378/5554 2414/4382/5619 2413/4383/5620
s 223
f 2393/4378/5559 2394/4381/5558 2415/4386/5621 2414/4382/5622
f 2394/4381/5558 2395/4385/5561 2416/4389/5623 2415/4386/5621
s 224
f 2395/3109/5565 2396/3108/5564 2417/3110/5624 2416/3111/5625
s 225
f 2396/4399/5569 2397/4398/5568 2418/4400/5626 2417/4401/5627
s 226
f 2397/3119/5573 2385/3118/5572 2406/3120/5628 2418/3121/5629
s 227
f 2398/4409/5577 2399/4408/5576 2420/4410/5630 2419/4411/5631
s 228
f 2399/3129/5581 2400/3128/5580 2421/3132/5632 2420/3133/5633
s 229
f 2400/3128/5585 2401/3131/5584 2422/3134/5634 2421/3132/5635
s 230
f 2401/4424/5589 2402/4423/5588 2423/4427/5636 2422/4428/5637
s 231
f 2402/4423/5593 2403/4426/5592 2424/4429/5638 2423/4427/5639
s 232
f 2403/3144/5597 2404/3143/5596 2425/3147/5640 2424/3148/5641
s 233
f 2404/3143/5601 2405/3146/5600 2426/3149/5642 2425/3147/5643
s 234
f 2405/4413/5605 2398/4409/5604 2419/4411/5644 2426/4416/5645
s 216
f 2406/4351/5607 2407/4350/5606 2428/4352/5646 2427/4353/5647
s 217
f 2407/3086/5609 2408/3085/5608 2429/3087/5648 2428/3088/5649
s 218
f 2408/4369/5611 2409/4363/5610 2430/4368/5650 2429/4373/5651
f 2409/4363/5610 2410/4362/5612 2431/4367/5652 2430/4368/5650
s 219
f 2410/4362/5614 2411/4366/5613 2432/4370/5653 2431/4367/5654
s 220
f 2411/3098/5616 2412/3097/5615 2433/3100/5655 2432/3101/5656
s 221
f 2412/3097/5618 2413/3099/5617 2434/3102/5657 2433/3100/5658
s 222
f 2413/4383/5620 2414/4382/5619 2435/4387/5659 2434/4388/5660
s 223
f 2414/4382/5622 2415/4386/5621 2436/4390/5661 2435/4387/5662
f 2415/4386/5621 2416/4389/5623 2437/4393/5663 2436/4390/5661
s 224
f 2416/3111/5625 2417/3110/5624 2438/3112/5664 2437/3113/5665
s 225
f 2417/4401/5627 2418/4400/5626 2439/4402/5666 2438/4403/5667
s 226
f 2418/3121/5629 2406/3120/5628 2427/3122/5668 2439/3123/5669
s 227
f 2419/4411/5631 2420/4410/5630 2441/4414/5670 2440/4415/5671
s 228
f 2420/3133/5633 2421/3132/5632 2442/3135/5672 2441/3136/5673
s 229
f 2421/3132/5635 2422/3134/5634 2443/3137/5674 2442/3135/5675
s 230
f 2422/4428/5637 2423/4427/5636 2444/4430/5676 2443/4431/5677
s 231
f 2423/4427/5639 2424/4429/5638 2445/4432/5678 2444/4430/5679
s 232
f 2424/3148/5641 2425/3147/5640 2446/3150/5680 2445/3151/5681
s 233
f 2425/3147/5643 2426/3149/5642 2447/3152/5682 2446/3150/5683
s 234
f 2426/4416/5645 2419/4411/5644 2440/4415/5684 2447/4419/5685
s 216
f 2427/4353/5647 2428/4352/5646 2449/4354/5686 2448/4355/5687
s 217
f 2428/3088/5649 2429/3087/5648 2450/3089/5688 2449/3090/5689
s 218
f 2429/4373/5651 2430/4368/5650 2451/4372/5690 2450/4375/5691
f 2430/4368/5650 2431/4367/5652 2452/4371/5692 2451/4372/5690
s 219
f 2431/4367/5654 2432/4370/5653 2453/4374/5693 2452/4371/5694
s 220
f 2432/3101/5656 2433/3100/5655 2454/3103/5695 2453/3104/5696
s 221
f 2433/3100/5658 2434/3102/5657 2455/3105/5697 2454/3103/5698
s 222
f 2434/4388/5660 2435/4387/5659 2456/4391/5699 2455/4392/5700
s 223
f 2435/4387/5662 2436/4390/5661 2457/4394/5701 2456/4391/5702
f 2436/4390/5661 2437/4393/5663 2458/4395/5703 2457/4394/5701
s 224
f 2437/3113/5665 2438/3112/5664 2459/3114/5704 2458/3115/5705
s 225
f 2438/4403/5667 2439/4402/5666 2460/4404/5706 2459/4405/5707
s 226
f 2439/3123/5669 2427/3122/5668 2448/3124/5708 2460/3125/5709
s 227
f 2440/4415/5671 2441/4414/5670 2462/4417/5710 2461/4418/5711
s 228
f 2441/3136/5673 2442/3135/5672 2463/3138/5712 2462/3139/5713
s 229
f 2442/3135/5675 2443/3137/5674 2464/3140/5714 2463/3138/5715
s 230
f 2443/4431/5677 2444/4430/5676 2465/4433/5716 2464/4434/5717
s 231
f 2444/4430/5679 2445/4432/5678 2466/4435/5718 2465/4433/5719
s 232
f 2445/3151/5681 2446/3150/5680 2467/3153/5720 2466/3154/5721
s 233
f 2446/3150/5683 2447/3152/5682 2468/3155/5722 2467/3153/5723
s 234
f 2447/4419/5685 2440/4415/5684 2461/4418/5724 2468/4420/5725
s off
f 2448/5081/5726 2449/5082/5727 2450/5083/5728 2451/5084/5729 2452/5085/5730 2453/5086/5731 2454/5087/5732 2455/5088/5733 2456/5089/5734 2457/5090/5735 2458/5091/5736 2459/5092/5737 2460/5093/5738 2461/5094/5739 2462/5095/5740 2463/5096/5741 2464/5097/5742 2465/5098/5743 2466/5099/5744 2467/5100/5745 2468/5101/5746
f 1336/5102/5747 1335/5103/5748 1334/5104/5749 1333/5105/5750 1332/5106/5751 1331/5107/5752 1330/5108/5753 1329/5109/5754 1328/5110/5755 1327/5111/5756 1326/5112/5757 1325/5113/5758 1324/5114/5759 1323/5115/5760 1322/5116/5761 1321/5117/5762 1320/5118/5763 1319/5119/5764 1318/5120/5765 1317/5121/5766 1316/5122/5767 1315/5123/5768 1314/5124/5769 1313/5125/5770
s 235
f 1313/4436/5771 1314/4437/5772 2470/4438/5773 2469/4439/5774
s 236
f 1314/3156/5775 1315/3157/5776 2471/3158/5777 2470/3159/5778
s 237
f 1315/3157/5779 1316/3160/5780 2472/3161/5781 2471/3158/5782
f 1316/4456/5780 1317/4457/5783 2473/4458/5784 2472/4459/5781
f 1317/3177/5783 1318/3171/5785 2474/3174/5786 2473/3178/5784
s 238
f 1318/3171/5787 1319/3172/5788 2475/3173/5789 2474/3174/5790
s 239
f 1319/4466/5791 1320/4467/5792 2476/4468/5793 2475/4469/5794
s 240
f 1320/4467/5795 1321/4470/5796 2477/4471/5797 2476/4468/5798
f 1321/4470/5796 1322/4474/5799 2478/4475/5800 2477/4471/5797
s 241
f 1322/4474/5801 1323/4479/5802 2479/4480/5803 2478/4475/5804
s 242
f 1323/4491/5805 1324/4492/5806 2480/4493/5807 2479/4494/5808
s 243
f 1324/4492/5809 1325/4495/5810 2481/4496/5811 2480/4493/5812
s 244
f 1325/3186/5813 1326/3187/5814 2482/3188/5815 2481/3189/5816
s 245
f 1326/3187/5817 1327/3190/5818 2483/3191/5819 2482/3188/5820
s 246
f 1327/3190/5821 1328/3194/5822 2484/3195/5823 2483/3191/5824
f 1328/4506/5822 1329/4507/5825 2485/4508/5826 2484/4509/5823
f 1329/3214/5825 1330/3206/5827 2486/3209/5828 2485/3215/5826
s 247
f 1330/3206/5829 1331/3207/5830 2487/3208/5831 2486/3209/5832
s 248
f 1331/3207/5833 1332/3210/5834 2488/3211/5835 2487/3208/5836
s 249
f 1332/4516/5837 1333/4517/5838 2489/4518/5839 2488/4519/5840
s 250
f 1333/4517/5841 1334/4520/5842 2490/4521/5843 2489/4518/5844
s 251
f 1334/4520/5845 1335/4524/5846 2491/4525/5847 2490/4521/5848
s 252
f 1335/4447/5849 1336/4442/5850 2492/4443/5851 2491/4448/5852
f 1336/4442/5850 1313/4436/5853 2469/4439/5854 2492/4443/5851
s 235
f 2469/4439/5774 2470/4438/5773 2494/4440/5855 2493/4441/5856
s 236
f 2470/3159/5778 2471/3158/5777 2495/3162/5857 2494/3163/5858
s 237
f 2471/3158/5782 2472/3161/5781 2496/3164/5859 2495/3162/5860
f 2472/4459/5781 2473/4458/5784 2497/4460/5861 2496/4461/5859
f 2473/3178/5784 2474/3174/5786 2498/3176/5862 2497/3181/5861
s 238
f 2474/3174/5790 2475/3173/5789 2499/3175/5863 2498/3176/5864
s 239
f 2475/4469/5794 2476/4468/5793 2500/4472/5865 2499/4473/5866
s 240
f 2476/4468/5798 2477/4471/5797 2501/4476/5867 2500/4472/5868
f 2477/4471/5797 2478/4475/5800 2502/4481/5869 2501/4476/5867
s 241
f 2478/4475/5804 2479/4480/5803 2503/4485/5870 2502/4481/5871
s 242
f 2479/4494/5808 2480/4493/5807 2504/4497/5872 2503/4498/5873
s 243
f 2480/4493/5812 2481/4496/5811 2505/4499/5874 2504/4497/5875
s 244
f 2481/3189/5816 2482/3188/5815 2506/3192/5876 2505/3193/5877
s 245
f 2482/3188/5820 2483/3191/5819 2507/3196/5878 2506/3192/5879
s 246
f 2483/3191/5824 2484/3195/5823 2508/3199/5880 2507/3196/5881
f 2484/4509/5823 2485/4508/5826 2509/4510/5882 2508/4511/5880
f 2485/3215/5826 2486/3209/5828 2510/3213/5883 2509/3219/5882
s 247
f 2486/3209/5832 2487/3208/5831 2511/3212/5884 2510/3213/5885
s 248
f 2487/3208/5836 2488/3211/5835 2512/3216/5886 2511/3212/5887
s 249
f 2488/4519/5840 2489/4518/5839 2513/4522/5888 2512/4523/5889
s 250
f 2489/4518/5844 2490/4521/5843 2514/4526/5890 2513/4522/5891
s 251
f 2490/4521/5848 2491/4525/5847 2515/4529/5892 2514/4526/5893
s 252
f 2491/4448/5852 2492/4443/5851 2516/4446/5894 2515/4452/5895
f 2492/4443/5851 2469/4439/5854 2493/4441/5896 2516/4446/5894
s 235
f 2493/4441/5856 2494/4440/5855 2518/4444/5897 2517/4445/5898
s 236
f 2494/3163/5858 2495/3162/5857 2519/3165/5899 2518/3166/5900
s 237
f 2495/3162/5860 2496/3164/5859 2520/3167/5901 2519/3165/5902
f 2496/4461/5859 2497/4460/5861 2521/4462/5903 2520/4463/5901
f 2497/3181/5861 2498/3176/5862 2522/3180/5904 2521/3184/5903
s 238
f 2498/3176/5864 2499/3175/5863 2523/3179/5905 2522/3180/5906
s 239
f 2499/4473/5866 2500/4472/5865 2524/4477/5907 2523/4478/5908
s 240
f 2500/4472/5868 2501/4476/5867 2525/4482/5909 2524/4477/5910
f 2501/4476/5867 2502/4481/5869 2526/4486/5911 2525/4482/5909
s 241
f 2502/4481/5871 2503/4485/5870 2527/4488/5912 2526/4486/5913
s 242
f 2503/4498/5873 2504/4497/5872 2528/4500/5914 2527/4501/5915
s 243
f 2504/4497/5875 2505/4499/5874 2529/4502/5916 2528/4500/5917
s 244
f 2505/3193/5877 2506/3192/5876 2530/3197/5918 2529/3198/5919
s 245
f 2506/3192/5879 2507/3196/5878 2531/3200/5920 2530/3197/5921
s 246
f 2507/3196/5881 2508/3199/5880 2532/3203/5922 2531/3200/5923
f 2508/4511/5880 2509/4510/5882 2533/4512/5924 2532/4513/5922
f 2509/3219/5882 2510/3213/5883 2534/3218/5925 2533/3223/5924
s 247
f 2510/3213/5885 2511/3212/5884 2535/3217/5926 2534/3218/5927
s 248
f 2511/3212/5887 2512/3216/5886 2536/3220/5928 2535/3217/5929
s 249
f 2512/4523/5889 2513/4522/5888 2537/4527/5930 2536/4528/5931
s 250
f 2513/4522/5891 2514/4526/5890 2538/4530/5932 2537/4527/5933
s 251
f 2514/4526/5893 2515/4529/5892 2539/4533/5934 2538/4530/5935
s 252
f 2515/4452/5895 2516/4446/5894 2540/4451/5936 2539/4454/5937
f 2516/4446/5894 2493/4441/5896 2517/4445/5938 2540/4451/5936
s 235
f 2517/4445/5898 2518/4444/5897 2542/4449/5939 2541/4450/5940
s 236
f 2518/3166/5900 2519/3165/5899 2543/3168/5941 2542/3169/5942
s 237
f 2519/3165/5902 2520/3167/5901 2544/3170/5943 2543/3168/5944
f 2520/4463/5901 2521/4462/5903 2545/4464/5945 2544/4465/5943
f 2521/3184/5903 2522/3180/5904 2546/3183/5946 2545/3185/5945
s 238
f 2522/3180/5906 2523/3179/5905 2547/3182/5947 2546/3183/5948
s 239
f 2523/4478/5908 2524/4477/5907 2548/4483/5949 2547/4484/5950
s 240
f 2524/4477/5910 2525/4482/5909 2549/4487/5951 2548/4483/5952
f 2525/4482/5909 2526/4486/5911 2550/4489/5953 2549/4487/5951
s 241
f 2526/4486/5913 2527/4488/5912 2551/4490/5954 2550/4489/5955
s 242
f 2527/4501/5915 2528/4500/5914 2552/4503/5956 2551/4504/5957
s 243
f 2528/4500/5917 2529/4502/5916 2553/4505/5958 2552/4503/5959
s 244
f 2529/3198/5919 2530/3197/5918 2554/3201/5960 2553/3202/5961
s 245
f 2530/3197/5921 2531/3200/5920 2555/3204/5962 2554/3201/5963
s 246
f 2531/3200/5923 2532/3203/5922 2556/3205/5964 2555/3204/5965
f 2532/4513/5922 2533/4512/5924 2557/4514/5966 2556/4515/5964
f 2533/3223/5924 2534/3218/5925 2558/3222/5967 2557/3225/5966
s 247
f 2534/3218/5927 2535/3217/5926 2559/3221/5968 2558/3222/5969
s 248
f 2535/3217/5929 2536/3220/5928 2560/3224/5970 2559/3221/5971
s 249
f 2536/4528/5931 2537/4527/5930 2561/4531/5972 2560/4532/5973
s 250
f 2537/4527/5933 2538/4530/5932 2562/4534/5974 2561/4531/5975
s 251
f 2538/4530/5935 2539/4533/5934 2563/4535/5976 2562/4534/5977
s 252
f 2539/4454/5937 2540/4451/5936 2564/4453/5978 2563/4455/5979
f 2540/4451/5936 2517/4445/5938 2541/4450/5980 2564/4453/5978
s off
f 2541/5126/5981 2542/5127/5982 2543/5128/5983 2544/5129/5984 2545/5130/5985 2546/5131/5986 2547/5132/5987 2548/5133/5988 2549/5134/5989 2550/5135/5990 2551/5136/5991 2552/5137/5992 2553/5138/5993 2554/5139/5994 2555/5140/5995 2556/5141/5996 2557/5142/5997 2558/5143/5998 2559/5144/5999 2560/5145/6000 2561/5146/6001 2562/5147/6002 2563/5148/6003 2564/5149/6004
g default
v 0.035983 7.046459 0.028483
v 0.035983 7.046459 -0.028483
v 0.008792 7.294803 0.028481
v 0.065445 7.288836 0.028481
v 0.065445 7.288836 -0.028485
v 0.008792 7.294803 -0.028485
v 0.027277 7.121946 0.028483
v 0.014825 7.109628 0.028483
v 0.028921 7.097232 0.028483
v 0.027274 7.121537 -0.011545
v 0.029007 7.096615 -0.028483
v 0.010341 7.109667 -0.028483
v 0.063513 6.963644 -0.028483
v 0.047312 6.966889 -0.028483
v 0.053649 6.986365 -0.028483
v 0.063513 6.963644 0.028483
v 0.053649 6.986365 0.028483
v 0.047312 6.966889 0.028483
v 0.115999 6.880456 -0.028483
v 0.098398 6.880841 -0.028483
v 0.100989 6.900161 -0.028483
v 0.115999 6.880456 0.028483
v 0.100989 6.900161 0.028483
v 0.098398 6.880841 0.028483
v 0.029946 7.188119 -0.028484
v 0.027494 7.162719 -0.010553
v 0.011022 7.179561 -0.028483
v 0.029827 7.187478 0.028482
v 0.015577 7.178376 0.028483
v 0.027495 7.162819 0.028483
v 0.042281 7.238076 0.028481
v 0.024759 7.225692 0.028481
v 0.034827 7.214455 0.028482
v 0.042281 7.238076 -0.028485
v 0.034827 7.214455 -0.028484
v 0.024759 7.225692 -0.028485
v -0.019898 7.116876 0.028483
v -0.018582 7.103040 0.028483
v -0.012772 7.109856 0.028483
v -0.019898 7.116876 -0.028483
v -0.012772 7.109856 -0.028483
v -0.018582 7.103040 -0.028483
v -0.006108 7.035220 0.028483
v -0.001512 7.042526 0.028483
v -0.009566 7.048681 0.028483
v -0.006108 7.035220 -0.028483
v -0.009566 7.048681 -0.028483
v -0.001512 7.042526 -0.028483
v 0.028635 6.943819 -0.028483
v 0.021806 6.955928 -0.028483
v 0.029682 6.953476 -0.028483
v 0.028635 6.943819 0.028483
v 0.029682 6.953476 0.028483
v 0.021806 6.955928 0.028483
v 0.094382 6.867530 -0.028483
v 0.083893 6.876652 -0.028483
v 0.093384 6.876022 -0.028483
v 0.094382 6.867530 0.028483
v 0.093384 6.876022 0.028483
v 0.083893 6.876652 0.028483
v -0.020142 7.194917 0.028483
v -0.021513 7.181082 0.028483
v -0.014963 7.186334 0.028483
v -0.020142 7.194917 -0.028484
v -0.014963 7.186334 -0.028483
v -0.021513 7.181082 -0.028483
v -0.011824 7.229093 0.028481
v -0.015443 7.215673 0.028482
v -0.006981 7.223037 0.028481
v -0.011824 7.229093 -0.028485
v -0.006981 7.223037 -0.028485
v -0.015443 7.215673 -0.028485
v 0.149745 6.845565 -0.028483
v 0.152049 6.840861 -0.028483
v 0.149745 6.845565 0.028483
v 0.152049 6.840861 0.028483
v 0.152532 6.837493 -0.028483
v 0.152532 6.837493 0.028483
v 0.145924 6.835981 -0.028483
v 0.150345 6.836054 -0.028483
v 0.150345 6.836054 0.028483
v 0.145924 6.835981 0.028483
vt 0.625000 0.000001
vt 0.875000 0.000000
vt 0.625000 0.250000
vt 0.625000 0.250000
vt 0.875000 0.198810
vt 0.812357 0.250000
vt 0.625000 0.425666
vt 0.625000 0.750000
vt 0.625000 1.000000
vt 0.625000 0.750000
vt 0.625000 1.000000
vt 0.625000 0.421314
vt 0.625000 0.250000
vt 0.625000 0.250000
vt 0.625000 0.500000
vt 0.625000 0.201252
vt 0.625000 0.750000
vt 0.625000 1.000000
vt 0.625000 0.750000
vt 0.625000 1.000000
vt 0.625000 0.500000
vt 0.625000 0.250000
vt 0.625000 0.250000
vt 0.625000 0.500000
vt 0.559029 0.250000
vt 0.412023 0.250000
vt 0.624999 0.551190
vt 0.625000 0.749998
vt 0.413917 0.750000
vt 0.375000 0.724736
vt 0.375000 0.750000
vt 0.550370 0.750000
vt 0.416883 0.750000
vt 0.625000 1.000000
vt 0.413917 1.000000
vt 0.507222 0.750000
vt 0.441104 0.750000
vt 0.550370 1.000000
vt 0.564162 0.250000
vt 0.409141 0.250000
vt 0.535143 0.500000
vt 0.375000 0.250000
vt 0.564509 0.250000
vt 0.408946 0.250000
vt 0.564508 0.500000
vt 0.624998 0.500000
vt 0.541043 0.500000
vt 0.125000 0.224772
vt 0.375000 1.000000
vt 0.375000 0.500000
vt 0.375000 0.500000
vt 0.375000 0.224772
vt 0.125000 0.250000
vt 0.375000 0.000000
vt 0.125000 0.025264
vt 0.375000 0.750000
vt 0.375000 1.000000
vt 0.375000 0.750000
vt 0.375004 1.000000
vt 0.375000 0.250000
vt 0.375000 0.500000
vt 0.375000 0.250000
vt 0.375000 0.500000
vt 0.375000 0.250000
vt 0.412023 0.500000
vt 0.375000 0.525228
vt 0.411111 0.000000
vt 0.413916 0.000001
vt 0.375000 0.025264
vt 0.125000 0.000000
vt 0.125000 0.000000
vt 0.375000 0.750000
vt 0.416883 1.000000
vt 0.375000 1.000000
vt 0.375000 0.750000
vt 0.441107 1.000000
vt 0.375004 1.000000
vt 0.375000 0.250000
vt 0.409142 0.500000
vt 0.375000 0.500000
vt 0.375000 0.250000
vt 0.408948 0.500000
vt 0.375000 0.500000
vt 0.625000 1.000000
vt 0.569110 0.750000
vt 0.625000 0.750000
vt 0.569108 1.000000
vt 0.507222 1.000000
vt 0.375008 0.750000
vt 0.437502 1.000000
vt 0.500004 0.750000
vt 0.500000 1.000000
vt 0.437508 0.750000
vt 0.375000 1.000000
vn 0.104758 0.994498 0.000000
vn 0.104758 0.994498 0.000000
vn 0.104758 0.994498 0.000000
vn 0.104758 0.994498 0.000000
vn 0.989867 0.141995 0.000000
vn 0.989867 0.141995 0.000000
vn 0.945237 0.326383 0.000000
vn 0.945237 0.326383 0.000000
vn 0.975968 0.217911 -0.000001
vn 0.975968 0.217911 -0.000001
vn 0.992317 0.123717 0.000027
vn 0.993115 0.117139 0.000040
vn -0.983503 -0.180894 0.000000
vn -0.983503 -0.180894 0.000000
vn -0.988718 -0.149790 0.000000
vn -0.988718 -0.149790 0.000000
vn 0.948940 0.315457 0.000000
vn 0.948940 0.315457 0.000000
vn -0.000000 0.000000 1.000000
vn -0.000000 0.000000 1.000000
vn -0.000000 0.000000 1.000000
vn -0.000000 0.000000 1.000000
vn -0.000000 0.000000 1.000000
vn -0.000000 0.000000 1.000000
vn -0.000000 0.000000 1.000000
vn -0.947280 -0.320407 0.000000
vn -0.947280 -0.320407 0.000000
vn -0.934747 -0.355315 0.000000
vn -0.934747 -0.355315 0.000000
vn 0.876525 0.481357 0.000000
vn 0.876525 0.481357 0.000000
vn 0.845734 0.533605 0.000000
vn 0.845734 0.533605 0.000000
vn -0.787291 -0.616582 0.000000
vn -0.787291 -0.616582 0.000000
vn -0.757505 -0.652829 0.000000
vn -0.757505 -0.652829 0.000000
vn 0.745874 0.666087 0.000000
vn 0.745874 0.666087 0.000000
vn 0.739439 0.673223 0.000000
vn 0.739439 0.673223 0.000000
vn -0.548308 -0.836276 0.000000
vn -0.548308 -0.836276 0.000000
vn -0.522065 -0.852906 0.000000
vn -0.522065 -0.852906 0.000000
vn -0.000002 -0.000021 -1.000000
vn -0.000000 -0.000001 -1.000000
vn -0.000000 -0.000001 -1.000000
vn -0.000001 -0.000003 -1.000000
vn -0.000001 -0.000003 -1.000000
vn -0.000002 -0.000019 -1.000000
vn -0.999296 -0.037527 0.000000
vn -0.999296 -0.037527 0.000000
vn -0.999995 -0.003136 0.000000
vn -0.999995 -0.003136 0.000000
vn 0.989610 -0.143778 0.000306
vn 0.987983 -0.154564 0.000220
vn 0.970931 -0.239359 -0.000000
vn 0.970932 -0.239357 -0.000000
vn -0.984952 0.172827 0.000000
vn -0.984953 0.172824 0.000000
vn -0.971634 0.236488 0.000000
vn -0.971634 0.236489 0.000000
vn 0.924719 -0.380650 -0.000001
vn 0.924719 -0.380651 -0.000001
vn 0.909750 -0.415156 -0.000001
vn 0.909750 -0.415156 -0.000001
vn -0.956160 0.292845 0.000000
vn -0.956160 0.292845 0.000000
vn -0.954140 0.299362 0.000000
vn -0.954140 0.299362 0.000000
vn -0.000000 0.000000 1.000000
vn 0.000000 0.000000 1.000000
vn 0.000000 0.000000 1.000000
vn -0.000000 0.000000 1.000000
vn -0.000000 0.000000 1.000000
vn -0.000000 0.000000 1.000000
vn -0.000000 0.000000 1.000000
vn -0.000000 0.000000 1.000000
vn -0.000000 0.000000 1.000000
vn -0.000000 0.000000 1.000000
vn -0.000000 0.000000 1.000000
vn -0.000000 0.000000 1.000000
vn -0.000000 0.000000 1.000000
vn -0.000003 -0.000037 -1.000000
vn -0.000003 -0.000037 -1.000000
vn -0.000003 -0.000037 -1.000000
vn -0.000001 -0.000014 -1.000000
vn -0.000001 -0.000012 -1.000000
vn -0.000003 -0.000037 -1.000000
vn 0.000000 -0.000000 -1.000000
vn -0.000000 -0.000000 -1.000000
vn 0.000000 -0.000000 -1.000000
vn 0.000000 -0.000000 -1.000000
vn 0.999673 0.025587 0.000056
vn 0.999483 0.032154 0.000069
vn 0.998726 -0.050466 0.000345
vn 0.999049 -0.043611 0.000292
vn 0.722112 0.000321 -0.691776
vn 0.722112 0.000321 -0.691776
vn 0.722112 0.000321 -0.691776
vn 0.722112 0.000321 -0.691776
vn 0.000000 0.000003 1.000000
vn 0.000000 0.000001 1.000000
vn 0.000000 0.000000 1.000000
vn 0.376558 0.538490 -0.753812
vn 0.376558 0.538490 -0.753812
vn 0.376558 0.538490 -0.753812
vn 0.000000 0.000000 -1.000000
vn -0.000000 0.000000 -1.000000
vn -0.000000 0.000000 -1.000000
vn -0.000000 0.000000 -1.000000
vn -0.000000 0.000000 -1.000000
vn -0.000000 0.000000 -1.000000
vn 0.259369 -0.573537 -0.777035
vn 0.259369 -0.573537 -0.777035
vn 0.259369 -0.573537 -0.777035
vn 0.000004 0.000036 1.000000
vn 0.000002 0.000015 1.000000
vn 0.000001 0.000003 1.000000
vn -0.000000 0.000000 1.000000
vn 0.000001 0.000012 1.000000
vn 0.000002 0.000036 1.000000
vn 0.000000 0.000003 1.000000
vn 0.000000 0.000001 1.000000
vn 0.000001 0.000016 1.000000
vn 0.000000 0.000003 1.000000
vn 0.000000 -0.000000 -1.000000
vn 0.000000 0.000000 -1.000000
vn -0.000000 0.000000 -1.000000
vn -0.000000 0.000000 -1.000000
vn 0.000000 0.000000 -1.000000
vn 0.000000 0.000000 1.000000
vn -0.000000 0.000000 1.000000
vn -0.000000 0.000000 -1.000000
vn -0.000000 0.000000 -1.000000
vn -0.000000 0.000000 -1.000000
vn 0.000000 0.000000 -1.000000
vn -0.000000 0.000000 -1.000000
vn 0.000000 0.000000 -1.000000
vn -0.000000 0.000000 -1.000000
vn -0.000000 0.000000 -1.000000
vn -0.000000 0.000000 -1.000000
vn -0.000000 0.000000 -1.000000
vn -0.000000 0.000000 -1.000000
vn -0.000000 0.000000 -1.000000
vn 0.000003 0.000037 1.000000
vn 0.000001 0.000015 1.000000
vn 0.000003 0.000037 1.000000
vn 0.000000 0.000000 1.000000
vn 0.000000 0.000000 1.000000
vn 0.000000 0.000000 1.000000
vn 0.549652 -0.835393 0.000000
vn 0.549652 -0.835393 0.000000
vn 0.549652 -0.835393 0.000000
vn 0.549652 -0.835393 0.000000
vn 0.016404 -0.999865 0.000000
vn 0.016404 -0.999865 0.000000
vn 0.016404 -0.999865 0.000000
vn 0.016404 -0.999865 0.000000
s off
g Trigger
usemtl standardSurface2SG
f 2567/5191/6005 2568/5152/6006 2569/5195/6007 2570/5200/6008
s 1
f 2642/5241/6009 2641/5240/6010 2638/5234/6011 2640/5236/6012
f 2565/5150/6013 2566/5151/6014 2575/5154/6015 2573/5165/6016
s 3
f 2611/5204/6017 2609/5218/6018 2602/5201/6019 2606/5197/6020
s 1
f 2566/5177/6014 2565/5183/6013 2581/5158/6021 2579/5166/6022
s 4
f 2565/5183/6023 2608/5184/6024 2607/5198/6025 2618/5223/6026 2617/5222/6027 2582/5187/6028 2581/5158/6029
s 3
f 2607/5198/6030 2610/5180/6031 2614/5205/6032 2618/5223/6033
s 1
f 2577/5157/6034 2580/5167/6035 2587/5160/6036 2585/5168/6037
s 3
f 2616/5206/6038 2613/5221/6039 2620/5207/6040 2624/5226/6041
s 1
f 2583/5159/6042 2586/5169/6043 2639/5233/6044 2637/5235/6045
s 3
f 2622/5208/6046 2619/5224/6047 2643/5238/6048 2646/5243/6049
s 5
f 2591/5196/6050 2576/5190/6051 2605/5214/6052 2604/5199/6053 2630/5229/6054 2629/5228/6055
s 3
f 2604/5199/6056 2601/5213/6057 2626/5209/6058 2630/5229/6059
s 1
f 2592/5162/6060 2589/5170/6061 2599/5164/6062 2597/5172/6063
s 3
f 2628/5210/6064 2625/5227/6065 2632/5211/6066 2636/5232/6067
s 1
f 2595/5163/6068 2598/5173/6069 2569/5195/6070 2568/5152/6071
s 3
f 2634/5212/6072 2631/5230/6073 2567/5191/6074 2570/5200/6075
s 4
f 2580/5167/6076 2582/5187/6028 2617/5222/6027 2616/5206/6077 2624/5226/6078 2623/5225/6079 2588/5237/6080 2587/5160/6081
f 2586/5169/6082 2588/5237/6080 2623/5225/6079 2622/5208/6083 2646/5243/6084 2645/5239/6085 2642/5241/6086 2640/5236/6087 2639/5233/6088
s 5
f 2589/5170/6089 2591/5196/6050 2629/5228/6055 2628/5210/6090 2636/5232/6091 2635/5231/6092 2600/5194/6093 2599/5164/6094
f 2598/5173/6095 2600/5194/6093 2635/5231/6092 2634/5212/6096 2570/5200/6097 2569/5195/6098
s 1
f 2571/5153/6099 2574/5156/6100 2590/5161/6101 2594/5171/6102
f 2571/5153/6099 2573/5165/6016 2575/5154/6015 2574/5155/6100
s off
f 2574/5156/6103 2576/5190/6104 2591/5196/6105 2590/5161/6106
s 1
f 2577/5157/6034 2579/5166/6022 2581/5158/6021 2580/5167/6035
f 2583/5159/6042 2585/5168/6037 2587/5160/6036 2586/5169/6043
f 2590/5161/6101 2589/5170/6061 2592/5162/6060 2594/5171/6102
f 2595/5163/6068 2597/5172/6063 2599/5164/6062 2598/5173/6069
s 4
f 2571/5153/6107 2572/5174/6108 2573/5165/6109
s off
f 2574/5156/6110 2575/5176/6111 2576/5190/6112
s 5
f 2577/5157/6113 2578/5181/6114 2579/5166/6115
s 4
f 2580/5167/6076 2581/5158/6029 2582/5187/6028
s 5
f 2583/5159/6116 2584/5185/6117 2585/5168/6118
s 4
f 2586/5169/6082 2587/5160/6081 2588/5237/6080
s off
f 2589/5170/6119 2590/5161/6120 2591/5196/6121
s 4
f 2592/5162/6122 2593/5188/6123 2594/5171/6124
f 2595/5163/6125 2596/5192/6126 2597/5172/6127
s 5
f 2598/5173/6095 2599/5164/6094 2600/5194/6093
s 4
f 2601/5213/6128 2603/5175/6129 2572/5174/6108 2571/5153/6107 2594/5171/6124 2593/5188/6123 2627/5189/6130 2626/5209/6131
s 5
f 2606/5215/6132 2605/5214/6052 2576/5190/6051 2575/5176/6133 2566/5177/6134 2612/5178/6135 2611/5179/6136
s 4
f 2609/5218/6137 2608/5217/6024 2565/5150/6023 2573/5165/6109 2572/5174/6108 2603/5175/6129 2602/5201/6138
s 5
f 2610/5180/6139 2612/5178/6135 2566/5177/6134 2579/5166/6115 2578/5181/6114 2615/5182/6140 2614/5205/6141
f 2613/5221/6142 2615/5182/6140 2578/5181/6114 2577/5157/6113 2585/5168/6118 2584/5185/6117 2621/5186/6143 2620/5207/6144
f 2619/5224/6145 2621/5186/6143 2584/5185/6117 2583/5159/6116 2637/5235/6146 2638/5234/6147 2641/5240/6148 2644/5242/6149 2643/5238/6150
s 4
f 2625/5227/6151 2627/5189/6130 2593/5188/6123 2592/5162/6122 2597/5172/6127 2596/5192/6126 2633/5193/6152 2632/5211/6153
f 2631/5230/6154 2633/5193/6152 2596/5192/6126 2595/5163/6125 2568/5152/6155 2567/5191/6156
s 3
f 2602/5201/6019 2601/5213/6057 2604/5202/6056 2606/5197/6020
f 2607/5203/6030 2609/5218/6018 2611/5204/6017 2610/5219/6031
f 2614/5205/6032 2613/5221/6039 2616/5206/6038 2618/5223/6033
f 2620/5207/6040 2619/5224/6047 2622/5208/6046 2624/5226/6041
f 2626/5209/6058 2625/5227/6065 2628/5210/6064 2630/5229/6059
f 2632/5211/6066 2631/5230/6073 2634/5212/6072 2636/5232/6067
s 4
f 2601/5213/6128 2602/5201/6138 2603/5175/6129
s 5
f 2604/5199/6053 2605/5214/6052 2606/5215/6132
s 4
f 2607/5216/6025 2608/5217/6024 2609/5218/6137
s 5
f 2610/5219/6139 2611/5204/6136 2612/5220/6135
f 2613/5221/6142 2614/5205/6141 2615/5182/6140
s 4
f 2616/5206/6077 2617/5222/6027 2618/5223/6026
s 5
f 2619/5224/6145 2620/5207/6144 2621/5186/6143
s 4
f 2622/5208/6083 2623/5225/6079 2624/5226/6078
f 2625/5227/6151 2626/5209/6131 2627/5189/6130
s 5
f 2628/5210/6090 2629/5228/6055 2630/5229/6054
s 4
f 2631/5230/6154 2632/5211/6153 2633/5193/6152
s 5
f 2634/5212/6096 2635/5231/6092 2636/5232/6091
s 1
f 2638/5234/6011 2637/5235/6045 2639/5233/6044 2640/5236/6012
s off
f 2645/5239/6157 2644/5242/6158 2641/5240/6159 2642/5241/6160
f 2643/5238/6161 2644/5242/6162 2645/5239/6163 2646/5243/6164
g default
v 2.729919 7.767089 -0.028281
v 2.729919 7.767089 0.028281
v 9.284910 7.745840 0.000000
v 9.284910 7.745838 0.028281
v 9.284910 7.745838 -0.028281
v 2.730618 7.928154 0.132785
v 2.730376 7.871588 0.132785
v 9.285488 7.878622 0.132785
v 9.285612 7.906904 0.132785
v 9.285366 7.850340 0.132785
v 2.731076 8.032652 -0.028281
v 2.731076 8.032652 0.028281
v 9.286074 8.011405 0.000000
v 9.286074 8.011405 -0.028281
v 9.286074 8.011405 0.028281
v 2.730376 7.871588 -0.132785
v 2.730618 7.928154 -0.132785
v 9.285488 7.878622 -0.132785
v 9.285366 7.850340 -0.132785
v 9.285612 7.906904 -0.132785
v 9.285488 7.878622 -0.118640
v 9.285551 7.892764 -0.090357
v 9.285428 7.864483 -0.090357
v 9.305552 7.892680 -0.090357
v 9.305428 7.864397 -0.090357
v 9.284972 7.759983 0.000000
v 9.285097 7.788266 -0.014141
v 9.285097 7.788266 0.014141
v 9.305092 7.788181 0.014141
v 9.305092 7.788181 -0.014141
v 9.286008 7.997261 0.000000
v 9.285888 7.968978 0.014141
v 9.285888 7.968978 -0.014141
v 9.305882 7.968893 0.014141
v 9.305882 7.968893 -0.014141
v 9.285488 7.878622 0.118640
v 9.285428 7.864483 0.090357
v 9.285551 7.892764 0.090357
v 9.305428 7.864397 0.090357
v 9.305552 7.892680 0.090357
v 9.043569 8.012193 0.028281
v 9.043569 8.012193 -0.028281
v 9.271604 8.011453 0.028281
v 9.271604 8.011453 -0.028281
v 9.073924 8.122096 -0.001719
v 9.073924 8.122096 0.001719
v 9.241960 8.121550 -0.001719
v 9.241960 8.121550 0.001719
v 7.024114 7.798165 -0.014141
v 7.024114 7.798165 0.014141
v 7.024450 7.874381 -0.090357
v 7.024573 7.902664 -0.090357
v 7.024905 7.978877 -0.014141
v 7.024905 7.978877 0.014141
v 7.024573 7.902664 0.090357
v 7.024450 7.874381 0.090357
vt 0.125000 0.043898
vt 0.168897 0.000000
vt 0.331102 0.250000
vt 0.168897 0.250000
vt 0.125000 0.206103
vt 0.375000 0.043898
vt 0.375000 0.293898
vt 0.375000 0.793897
vt 0.625000 0.956103
vt 0.375000 0.956102
vt 0.375000 0.543896
vt 0.331102 0.000001
vt 0.625000 0.000001
vt 0.375000 0.206103
vt 0.625000 0.206103
vt 0.375000 0.456104
vt 0.625000 0.456103
vt 0.375000 0.706102
vt 0.625000 0.706103
vt 0.625000 0.043897
vt 0.625000 0.293897
vt 0.624999 0.478051
vt 0.625000 0.543897
vt 0.624999 0.728052
vt 0.625000 0.793897
vt 0.625000 0.000000
vt 0.668897 0.000000
vt 0.831101 0.000000
vt 0.875000 0.000000
vt 0.875000 0.043897
vt 0.875000 0.206102
vt 0.875000 0.250000
vt 0.831103 0.250000
vt 0.668899 0.250000
vt 0.625000 0.250000
vt 0.658832 0.000000
vt 0.875000 0.033833
vt 0.841169 0.250000
vt 0.625000 0.216169
vt 0.841148 0.000000
vt 0.841169 0.000000
vt 0.625000 0.033839
vt 0.625000 0.033832
vt 0.875000 0.216159
vt 0.875000 0.216169
vt 0.658842 0.250000
vt 0.658833 0.250000
vt 0.875000 0.000000
vt 0.875000 0.033831
vt 0.625000 -0.000000
vt 0.658830 0.000000
vt 0.875000 0.250000
vt 0.841170 0.250000
vt 0.625000 0.250000
vt 0.625000 0.216171
vt 0.375000 0.543896
vt 0.375000 0.456104
vt 0.625000 0.456103
vt 0.625000 0.543897
vt 0.375000 0.543896
vt 0.375000 0.456104
vt 0.625000 0.456103
vt 0.625000 0.543897
vt 0.625000 0.033832
vt 0.658832 0.000000
vt 0.841169 0.000000
vt 0.875000 0.033833
vt 0.875000 0.216169
vt 0.841169 0.250000
vt 0.658833 0.250000
vt 0.625000 0.216169
vn -0.002292 -0.707113 0.707097
vn -0.002292 -0.707113 0.707097
vn -0.002292 -0.707113 0.707097
vn -0.002292 -0.707113 0.707097
vn 0.002292 0.707114 0.707096
vn 0.002292 0.707114 0.707096
vn 0.002292 0.707114 0.707096
vn 0.002292 0.707114 0.707096
vn 0.002292 0.707114 -0.707096
vn 0.002292 0.707114 -0.707096
vn 0.002292 0.707114 -0.707096
vn 0.002292 0.707114 -0.707096
vn -0.002292 -0.707113 -0.707097
vn -0.002292 -0.707113 -0.707097
vn -0.002292 -0.707113 -0.707097
vn -0.002292 -0.707113 -0.707097
vn -0.003009 -0.707090 -0.707117
vn -0.003009 -0.707090 -0.707117
vn -0.003009 -0.707090 -0.707117
vn -0.003009 -0.707090 -0.707117
vn 0.002977 0.707103 -0.707104
vn 0.002977 0.707103 -0.707104
vn 0.002977 0.707103 -0.707104
vn 0.002977 0.707103 -0.707104
vn 0.002977 0.707103 0.707104
vn 0.002977 0.707103 0.707104
vn 0.002977 0.707103 0.707104
vn 0.002977 0.707103 0.707104
vn -0.003009 -0.707090 0.707117
vn -0.003009 -0.707090 0.707117
vn -0.003009 -0.707090 0.707117
vn -0.003009 -0.707090 0.707117
vn 0.999990 -0.004368 0.000000
vn 0.999990 -0.004368 -0.000016
vn 0.999990 -0.004368 -0.000016
vn 0.999990 -0.004386 -0.000011
vn 0.999990 -0.004385 -0.000011
vn 0.999990 -0.004367 -0.000017
vn 0.999990 -0.004369 -0.000015
vn 0.999990 -0.004368 0.000000
vn 0.999990 -0.004386 0.000011
vn 0.999990 -0.004368 0.000016
vn 0.999990 -0.004368 0.000016
vn 0.999990 -0.004369 0.000015
vn 0.999990 -0.004367 0.000017
vn 0.999990 -0.004385 0.000011
vn 0.999990 -0.004404 0.000000
vn 0.999990 -0.004404 0.000006
vn 0.999990 -0.004404 0.000006
vn 0.999990 -0.004403 0.000007
vn 0.999990 -0.004400 0.000006
vn 0.999990 -0.004403 0.000000
vn -0.999991 0.004347 0.000000
vn -0.999991 0.004347 0.000000
vn -0.999991 0.004347 0.000000
vn -0.999991 0.004347 0.000000
vn -0.999991 0.004347 0.000000
vn -0.999991 0.004347 0.000000
vn -0.999991 0.004347 0.000000
vn -0.999991 0.004347 0.000000
vn 0.999990 -0.004404 -0.000006
vn 0.999990 -0.004404 -0.000006
vn 0.999990 -0.004400 -0.000006
vn 0.999990 -0.004403 -0.000007
vn -0.003242 -0.999995 0.000000
vn -0.003242 -0.999995 0.000000
vn -0.003242 -0.999995 0.000000
vn -0.003242 -0.999995 0.000000
vn -0.000000 0.000005 1.000000
vn -0.000000 0.000005 1.000000
vn -0.000000 0.000005 1.000000
vn -0.000000 0.000005 1.000000
vn -0.003248 -0.999995 -0.000000
vn -0.003248 -0.999995 -0.000000
vn -0.003248 -0.999995 -0.000000
vn -0.003248 -0.999995 -0.000000
vn -0.000000 0.000005 -1.000000
vn -0.000000 0.000005 -1.000000
vn -0.000000 0.000005 -1.000000
vn -0.000000 0.000005 -1.000000
vn 0.000006 0.001320 -0.999999
vn 0.000000 0.000000 -0.000000
vn 0.000006 0.001320 -0.999999
vn 0.000000 0.000000 0.000000
vn 0.000000 0.000000 0.000000
vn 0.000000 0.000000 0.000000
vn -0.000006 -0.001320 0.999999
vn -0.000006 -0.001320 0.999999
vn -0.000000 -0.000000 0.000000
vn 0.999990 -0.004375 0.000000
vn 0.999990 -0.004375 0.000000
vn 0.999990 -0.004375 0.000000
vn 0.999990 -0.004375 0.000000
vn 0.999990 -0.004375 0.000000
vn 0.999990 -0.004375 0.000000
vn 0.999990 -0.004375 0.000000
vn 0.999990 -0.004375 0.000000
vn 0.000000 0.000000 -1.000000
vn 0.000000 0.000000 -1.000000
vn 0.000000 0.000000 -1.000000
vn 0.000000 0.000000 -1.000000
vn -0.004241 -0.999991 0.000000
vn -0.004241 -0.999991 0.000000
vn -0.004241 -0.999991 0.000000
vn -0.004241 -0.999991 0.000000
vn 0.004240 0.999991 0.000000
vn 0.004240 0.999991 0.000000
vn 0.004240 0.999991 0.000000
vn 0.004240 0.999991 0.000000
vn -0.000000 0.000000 1.000000
vn -0.000000 0.000000 1.000000
vn -0.000000 0.000000 1.000000
vn -0.000000 0.000000 1.000000
vn 0.003241 0.999995 0.000000
vn 0.003241 0.999995 0.000000
vn 0.003241 0.999995 0.000000
vn 0.003241 0.999995 0.000000
vn 0.000000 0.000000 1.000000
vn 0.000000 0.000000 1.000000
vn 0.000854 0.262962 0.964806
vn 0.000854 0.262962 0.964806
vn 0.003302 0.999995 -0.000000
vn 0.003302 0.999995 -0.000000
vn 0.003302 0.999995 -0.000000
vn 0.003302 0.999995 -0.000000
vn 0.000004 -0.000397 -1.000000
vn 0.000004 -0.000397 -1.000000
vn 0.000854 0.262962 -0.964806
vn 0.000854 0.262962 -0.964806
vn -0.963909 0.266231 -0.000000
vn -0.963909 0.266231 -0.000000
vn -0.963909 0.266231 -0.000000
vn -0.963909 0.266231 -0.000000
vn 0.000854 0.263118 0.964763
vn 0.000854 0.263118 0.964763
vn 0.965611 0.259991 -0.000000
vn 0.965611 0.259991 -0.000000
vn 0.965611 0.259991 -0.000000
vn 0.965611 0.259991 -0.000000
vn 0.000854 0.263118 -0.964763
vn 0.000854 0.263118 -0.964763
vn 0.004377 0.999990 0.000000
vn 0.004377 0.999990 0.000000
vn 0.004377 0.999990 0.000000
vn 0.004377 0.999990 0.000000
vn 0.003095 0.707093 0.707114
vn 0.003095 0.707093 0.707114
vn 0.003095 0.707093 0.707114
vn 0.003095 0.707093 0.707114
vn -0.000000 0.000000 1.000000
vn -0.000000 0.000000 1.000000
vn -0.000000 0.000000 1.000000
vn -0.000000 0.000000 1.000000
vn -0.003095 -0.707106 0.707101
vn -0.003095 -0.707106 0.707101
vn -0.003095 -0.707106 0.707101
vn -0.003095 -0.707106 0.707101
vn -0.004377 -0.999990 0.000000
vn -0.004377 -0.999990 0.000000
vn -0.004377 -0.999990 0.000000
vn -0.004377 -0.999990 0.000000
vn -0.003095 -0.707106 -0.707101
vn -0.003095 -0.707106 -0.707101
vn -0.003095 -0.707106 -0.707101
vn -0.003095 -0.707106 -0.707101
vn -0.000000 -0.000000 -1.000000
vn 0.000000 -0.000000 -1.000000
vn 0.000000 0.000000 -1.000000
vn 0.000000 0.000000 -1.000000
vn 0.003095 0.707093 -0.707114
vn 0.003095 0.707093 -0.707114
vn 0.003095 0.707093 -0.707114
vn 0.003095 0.707093 -0.707114
s off
g Barrel
usemtl standardSurface2SG
f 2648/5249/6165 2650/5263/6166 2656/5258/6167 2653/5257/6168
f 2652/5250/6169 2655/5264/6170 2661/5260/6171 2658/5259/6172
f 2657/5254/6173 2660/5266/6174 2666/5262/6175 2663/5261/6176
f 2662/5251/6177 2665/5268/6178 2651/5252/6179 2647/5253/6180
f 2676/5279/6181 2673/5294/6182 2669/5283/6183 2671/5284/6184
f 2670/5280/6185 2668/5292/6186 2679/5287/6187 2681/5288/6188
f 2680/5281/6189 2678/5296/6190 2684/5289/6191 2686/5290/6192
f 2685/5282/6193 2683/5298/6194 2674/5285/6195 2675/5286/6196
s 1
f 2649/5269/6197 2651/5270/6198 2665/5271/6199 2664/5272/6200 2667/5291/6201 2669/5283/6202 2673/5294/6203 2672/5293/6204
f 2654/5278/6205 2656/5258/6206 2650/5263/6207 2649/5269/6197 2672/5293/6204 2674/5285/6208 2683/5298/6209 2682/5297/6210
f 2659/5275/6211 2661/5276/6212 2655/5277/6213 2654/5278/6205 2682/5297/6210 2684/5289/6214 2678/5296/6215 2677/5295/6216
s off
f 2663/5244/6217 2662/5245/6218 2647/5255/6219 2648/5249/6220 2653/5257/6221 2652/5246/6222 2658/5247/6223 2657/5248/6224
s 1
f 2664/5272/6200 2666/5273/6225 2660/5274/6226 2659/5275/6211 2677/5295/6216 2679/5287/6227 2668/5292/6228 2667/5291/6201
s off
f 2648/5249/6229 2647/5255/6230 2651/5256/6231 2650/5263/6232
f 2652/5250/6233 2653/5257/6234 2656/5258/6235 2655/5264/6236
f 2692/5303/6237 2691/5304/6238 2693/5305/6239 2694/5306/6240
f 2662/5251/6241 2663/5261/6242 2666/5262/6243 2665/5268/6244
s 1
f 2649/5269/6197 2650/5263/6207 2651/5256/6198
s off
f 2654/5278/6245 2655/5264/6246 2656/5258/6247
f 2659/5265/6248 2660/5266/6249 2661/5260/6250
f 2664/5267/6251 2665/5268/6252 2666/5262/6253
f 2696/5307/6254 2695/5308/6255 2697/5309/6256 2698/5310/6257 2699/5311/6258 2700/5312/6259 2701/5313/6260 2702/5314/6261
f 2669/5283/6262 2668/5292/6263 2670/5280/6264 2671/5284/6265
f 2674/5285/6266 2673/5294/6267 2676/5279/6268 2675/5286/6269
f 2679/5287/6270 2678/5296/6271 2680/5281/6272 2681/5288/6273
f 2684/5289/6274 2683/5298/6275 2685/5282/6276 2686/5290/6277
s 1
f 2667/5291/6201 2668/5292/6228 2669/5283/6202
f 2672/5293/6204 2673/5294/6203 2674/5285/6208
f 2677/5295/6216 2678/5296/6215 2679/5287/6227
f 2682/5297/6210 2683/5298/6209 2684/5289/6214
s off
f 2657/5254/6278 2658/5259/6279 2687/5300/6280 2688/5299/6281
s 2
f 2658/5259/6282 2661/5260/6283 2689/5301/6284 2687/5300/6285
s off
f 2661/5260/6286 2660/5266/6287 2690/5302/6288 2689/5301/6289
s 3
f 2660/5266/6290 2657/5254/6291 2688/5299/6292 2690/5302/6293
s off
f 2688/5299/6294 2687/5300/6295 2691/5304/6296 2692/5303/6297
s 2
f 2687/5300/6285 2689/5301/6284 2693/5305/6298 2691/5304/6299
s off
f 2689/5301/6300 2690/5302/6301 2694/5306/6302 2693/5305/6303
s 3
f 2690/5302/6293 2688/5299/6292 2692/5303/6304 2694/5306/6305
s off
f 2675/5286/6306 2676/5279/6307 2695/5308/6308 2696/5307/6309
f 2676/5279/6310 2671/5284/6311 2697/5309/6312 2695/5308/6313
f 2671/5284/6314 2670/5280/6315 2698/5310/6316 2697/5309/6317
f 2670/5280/6318 2681/5288/6319 2699/5311/6320 2698/5310/6321
f 2681/5288/6322 2680/5281/6323 2700/5312/6324 2699/5311/6325
f 2680/5281/6326 2686/5290/6327 2701/5313/6328 2700/5312/6329
f 2686/5290/6330 2685/5282/6331 2702/5314/6332 2701/5313/6333
f 2685/5282/6334 2675/5286/6335 2696/5307/6336 2702/5314/6337
g default
v 9.282077 7.413388 -0.157626
v 9.282077 7.385106 -0.157621
v 9.282077 7.441669 -0.157621
v 9.282077 7.260177 -0.004415
v 9.282077 7.260177 0.023863
v 9.282077 7.260177 -0.032699
v 9.282077 7.575419 0.004410
v 9.282077 7.575419 -0.023871
v 9.282077 7.422208 0.157621
v 9.282077 7.450489 0.157613
v 9.282077 7.393927 0.157621
v 9.282077 7.413387 -0.143484
v 9.282077 7.427530 -0.115192
v 9.282077 7.399246 -0.115192
v 9.302068 7.427530 -0.115192
v 9.302068 7.399246 -0.115192
v 9.282077 7.274322 -0.004410
v 9.282077 7.302606 -0.018553
v 9.282077 7.302606 0.009727
v 9.302068 7.302606 0.009727
v 9.302068 7.302606 -0.018553
v 9.282077 7.561274 0.004410
v 9.282077 7.532989 0.018552
v 9.282077 7.532989 -0.009731
v 9.302068 7.532989 0.018552
v 9.302068 7.532989 -0.009731
v 9.282077 7.422208 0.143476
v 9.282077 7.408065 0.115186
v 9.282077 7.436349 0.115184
v 9.302068 7.408065 0.115186
v 9.302068 7.436349 0.115184
v 6.875742 7.436348 0.256613
v 6.875742 7.408067 0.256614
v 7.122073 7.422208 0.256612
v 6.875742 7.674412 -0.009730
v 6.875742 7.674412 0.018550
v 7.122073 7.674407 0.004406
v 7.152068 7.674407 0.004406
v 7.122073 7.436348 0.228329
v 7.122073 7.408067 0.228330
v 7.152068 7.422208 0.256612
v 7.152068 7.436348 0.228329
v 7.152068 7.408067 0.228330
v 6.875742 7.175323 -0.032693
v 6.875742 7.175323 0.023867
v 6.875742 7.441667 -0.242477
v 6.875742 7.385106 -0.242476
v 7.122073 7.400324 -0.242476
v 7.122073 7.426450 -0.242479
v 7.122073 7.426451 -0.229412
v 7.122073 7.400324 -0.229412
v 7.152068 7.400324 -0.242476
v 7.152068 7.400324 -0.229412
v 7.152068 7.426451 -0.229412
v 7.152068 7.426450 -0.242479
v 7.122073 7.175323 -0.017474
v 7.122073 7.188387 -0.017477
v 7.122073 7.188388 0.008653
v 7.122073 7.175324 0.008649
v 7.152068 7.175323 -0.017474
v 7.152068 7.175324 0.008649
v 7.152068 7.188388 0.008653
v 7.152068 7.188387 -0.017477
v 7.122073 7.646127 0.004407
v 7.122073 7.636129 -0.019732
v 7.122073 7.657811 -0.003891
v 7.152068 7.646127 0.004407
v 7.152068 7.657811 -0.003891
v 7.152068 7.636129 -0.019732
v 7.122073 7.657811 0.012707
v 7.122073 7.636129 0.028547
v 7.152068 7.636129 0.028547
v 7.152068 7.657811 0.012707
v 7.372074 7.419135 -0.215544
v 7.372074 7.435243 -0.157622
v 7.372074 7.446393 -0.161026
v 7.380198 7.441669 -0.157621
v 7.372074 7.575419 -0.017806
v 7.380198 7.575419 -0.023871
v 7.372074 7.580233 -0.030552
v 7.372074 7.633337 -0.001339
v 7.372074 7.666555 -0.001778
v 7.372074 7.674412 0.001326
v 7.372074 7.663725 -0.009733
v 7.363443 7.674412 -0.009730
v 7.372074 7.430608 -0.242477
v 7.363443 7.441667 -0.242477
v 7.372074 7.441667 -0.231386
v 7.372074 7.418488 -0.232277
v 7.372074 7.576402 0.034140
v 7.372074 7.575420 0.030833
v 7.372074 7.448677 0.157615
v 7.374501 7.450489 0.157613
v 7.372074 7.452490 0.159046
v 7.372074 7.423924 0.214580
v 7.372074 7.423924 0.254892
v 7.371643 7.671785 0.017201
v 7.372074 7.674412 0.012094
v 7.369275 7.674412 0.018550
v 7.372074 7.433043 0.256611
v 7.372074 7.436349 0.253420
v 7.369496 7.436348 0.256613
v 7.372074 7.630292 0.008440
v 7.372074 7.630992 0.011862
v 7.368692 7.672848 0.011608
v 7.369273 7.675679 0.007986
v 7.372074 7.260177 0.021566
v 7.375149 7.260177 0.023863
v 7.372074 7.258355 0.026392
v 7.372074 7.392122 0.158891
v 7.375149 7.393927 0.157621
v 7.372074 7.396332 0.157618
v 7.372074 7.203100 -0.002236
v 7.372074 7.179427 -0.002362
v 7.372074 7.407323 0.252084
v 7.372074 7.413084 0.256613
v 7.368684 7.408067 0.256614
v 7.372074 7.178398 0.022593
v 7.368998 7.175323 0.023867
v 7.372074 7.422666 0.213289
v 7.372074 7.418315 0.214267
v 7.372074 7.418057 0.255536
v 7.372074 7.422406 0.256137
v 7.372074 7.382924 -0.159070
v 7.372074 7.387880 -0.157621
v 7.375706 7.385106 -0.157621
v 7.372074 7.258681 -0.034834
v 7.375706 7.260177 -0.032699
v 7.372074 7.260177 -0.029865
v 7.372074 7.385106 -0.237701
v 7.368218 7.385106 -0.242476
v 7.372074 7.390047 -0.242477
v 7.368442 7.175323 -0.032693
v 7.372074 7.178954 -0.031190
v 7.372074 7.405045 -0.213274
v 7.372074 7.410232 -0.212390
v 7.372074 7.408727 -0.239774
v 7.372074 7.403587 -0.239774
v 7.372074 7.204664 -0.004003
v 7.372074 7.203591 -0.009169
v 7.372074 7.180041 -0.009920
v 7.372074 7.177375 -0.004851
v 7.371618 7.175323 -0.002718
v 9.282077 7.575420 0.030833
v 9.282077 7.574106 0.034004
v 9.282077 7.575420 0.030975
v 7.373108 7.575983 0.033521
v 7.374499 7.574106 0.034004
v 7.122073 7.435343 0.254187
v 7.119647 7.436348 0.256613
v 7.122073 7.674412 0.016834
v 7.119647 7.674412 0.018550
v 7.122073 7.674411 0.015119
v 7.122073 7.674412 -0.008014
v 7.122073 7.674411 -0.006300
v 7.119647 7.674412 -0.009730
v 7.119269 7.441667 -0.242477
v 7.122073 7.437879 -0.242478
v 7.152068 7.674412 -0.008014
v 7.154495 7.674412 -0.009730
v 7.152068 7.674411 -0.006300
v 7.152068 7.437879 -0.242478
v 7.154872 7.441667 -0.242477
v 7.154495 7.674412 0.018550
v 7.152068 7.674412 0.016834
v 7.152068 7.674411 0.015119
v 7.154495 7.436348 0.256613
v 7.152068 7.435343 0.254187
v 7.122073 7.409072 0.254187
v 7.119646 7.408067 0.256614
v 7.152068 7.409072 0.254187
v 7.154495 7.408067 0.256614
v 7.122073 7.177749 0.022862
v 7.119647 7.175323 0.023867
v 7.119647 7.175323 -0.032693
v 7.122073 7.177749 -0.031688
v 7.122073 7.388894 -0.242476
v 7.119269 7.385106 -0.242476
v 7.154872 7.385106 -0.242476
v 7.152068 7.388894 -0.242476
v 7.152068 7.177749 -0.031688
v 7.154495 7.175323 -0.032693
v 7.152068 7.177750 0.022862
v 7.154495 7.175323 0.023867
vt 0.625000 0.000000
vt 0.874999 0.000000
vt 0.625000 0.250000
vt 0.653301 0.000000
vt 0.875000 0.026435
vt 0.846699 0.250000
vt 0.625000 0.223565
vt 0.846689 0.000000
vt 0.846699 0.000000
vt 0.625000 0.026445
vt 0.625000 0.026435
vt 0.875000 0.223554
vt 0.875000 0.223565
vt 0.653311 0.249999
vt 0.653301 0.250000
vt 0.875000 0.000000
vt 0.875000 0.026433
vt 0.625001 0.000000
vt 0.653300 0.000000
vt 0.875000 0.250000
vt 0.846700 0.250000
vt 0.625000 0.249999
vt 0.625000 0.223565
vt 0.639853 0.250000
vt 0.639850 0.250000
vt 0.125000 0.025694
vt 0.151545 -0.000000
vt 0.361727 0.250000
vt 0.138273 0.250000
vt 0.125000 0.237153
vt 0.625000 0.235681
vt 0.861278 -0.000000
vt 0.875000 0.013230
vt 0.625000 0.013228
vt 0.638718 0.000000
vt 0.875000 0.225549
vt 0.867576 0.242840
vt 0.867576 0.242838
vt 0.849651 0.250000
vt 0.862737 0.000000
vt 0.875000 0.013228
vt 0.638718 -0.000000
vt 0.625000 0.013228
vt 0.875000 0.241597
vt 0.875000 0.225556
vt 0.866286 0.250000
vt 0.849648 0.250000
vt 0.875000 0.037149
vt 0.875000 0.043355
vt 0.875000 0.212849
vt 0.875000 0.237153
vt 0.875000 0.212849
vt 0.837324 0.248780
vt 0.863438 0.250000
vt 0.871729 0.249999
vt 0.875000 0.210063
vt 0.875000 0.244778
vt 0.870269 0.248976
vt 0.875000 0.244380
vt 0.866152 0.245718
vt 0.870821 0.216834
vt 0.868003 0.250000
vt 0.870909 0.248680
vt 0.863387 0.248395
vt 0.861727 0.250000
vt 0.638608 0.250000
vt 0.625000 0.212849
vt 0.663957 0.250000
vt 0.625000 0.212849
vt 0.626657 0.214429
vt 0.625000 0.024871
vt 0.629497 0.242128
vt 0.666713 0.250000
vt 0.627110 0.250000
vt 0.626660 0.249230
vt 0.626611 0.250000
vt 0.631637 0.243577
vt 0.662707 0.248810
vt 0.625000 0.236476
vt 0.625000 0.212068
vt 0.625000 0.246464
vt 0.628699 0.240733
vt 0.626333 0.238443
vt 0.625000 0.037149
vt 0.875000 0.037151
vt 0.836043 0.000000
vt 0.663957 0.000000
vt 0.625000 0.037151
vt 0.625000 0.001864
vt 0.833162 0.000000
vt 0.663956 0.000000
vt 0.662005 0.001860
vt 0.851337 0.000002
vt 0.847495 0.000000
vt 0.650133 0.000000
vt 0.625000 0.003806
vt 0.865311 0.000000
vt 0.625000 0.000932
vt 0.628164 0.000000
vt 0.875000 0.006040
vt 0.870575 0.032929
vt 0.875000 0.027759
vt 0.875000 0.004634
vt 0.837955 0.001822
vt 0.869478 0.001677
vt 0.625000 0.040467
vt 0.625000 0.002285
vt 0.626063 0.001738
vt 0.626582 0.035641
vt 0.629466 0.000000
vt 0.853705 0.003342
vt 0.664882 0.000000
vt 0.836044 0.000000
vt 0.855522 0.250000
vt 0.875000 0.250000
vt 0.663956 0.250000
vt 0.835388 0.250000
vt 0.835668 0.250000
vt 0.375000 0.486727
vt 0.625000 0.493364
vt 0.625000 0.489339
vt 0.625000 0.488386
vt 0.875000 0.237153
vt 0.867036 0.244861
vt 0.875000 0.250000
vt 0.834235 0.250000
vt 0.624999 0.262417
vt 0.624999 0.263940
vt 0.624999 0.486727
vt 0.622536 0.486727
vt 0.625000 0.512847
vt 0.624999 0.724306
vt 0.624999 0.727805
vt 0.624999 0.773047
vt 0.875000 0.237152
vt 0.865045 0.250000
vt 0.622275 0.000000
vt 0.624999 0.000421
vt 0.624999 0.972788
vt 0.624999 0.776545
vt 0.375000 0.025694
vt 0.622536 0.237153
vt 0.375000 0.263273
vt 0.375000 0.512847
vt 0.622536 0.512847
vt 0.622153 0.724306
vt 0.375000 0.776545
vt 0.622536 0.973455
vt 0.375000 0.973455
vt 0.875000 0.025694
vt 0.861727 0.250000
vt 0.638274 0.250000
vt 0.625000 0.250000
vt 0.625000 0.025034
vt 0.875000 0.250000
vt 0.864947 0.250000
vt 0.637465 0.250000
vt 0.866286 0.250000
vt 0.625000 0.250000
vt 0.625000 0.235681
vt 0.651545 0.000000
vt 0.625000 0.237940
vt 0.375000 0.237152
vt 0.622536 0.263273
vt 0.625000 0.237153
vt 0.638273 0.250000
vt 0.625000 0.237940
vt 0.637465 0.250000
vt 0.348455 0.000000
vt 0.622536 0.025694
vt 0.375000 0.724306
vt 0.622153 0.776545
vt 0.875000 0.025693
vt 0.874999 0.000004
vt 0.848455 0.000000
vt 0.851758 0.000000
vt 0.861727 0.006424
vt 0.875000 0.012848
vt 0.625000 0.025033
vt 0.632963 0.012847
vt 0.640927 0.000000
vt 0.875000 0.011872
vt 0.875000 0.022252
vt 0.875000 0.240270
vt 0.875000 0.241594
vt 0.875000 0.237152
vt 0.875000 0.022495
vt 0.625000 0.000000
vt 0.625000 0.011870
vt 0.625000 0.000000
vt 0.637261 0.000000
vt 0.650873 0.000000
vt 0.852008 0.000000
vt 0.861282 0.000002
vt 0.861727 0.000001
vt 0.650872 0.000000
vt 0.625000 0.237153
vt 0.625000 0.025694
vt 0.651545 0.000000
vt 0.848454 0.000000
vt 0.651545 0.000000
vt 0.625005 0.025689
vt 0.837322 0.248781
vt 0.834235 0.250000
vt 0.624999 0.488312
vt 0.625000 0.497175
vt 0.863054 0.248715
vn 0.000000 -0.707105 -0.707109
vn 0.000000 -0.707105 -0.707109
vn 0.000000 -0.707105 -0.707109
vn 0.000000 -0.707105 -0.707109
vn 0.000000 0.707110 -0.707103
vn 0.000000 0.707110 -0.707103
vn 0.000000 0.728805 -0.684721
vn 0.000000 0.728805 -0.684721
vn 0.000000 0.729777 0.683685
vn 0.000000 0.729777 0.683685
vn 0.000000 0.707110 0.707104
vn 0.000000 0.707110 0.707104
vn 0.000000 -0.707104 0.707110
vn 0.000000 -0.707104 0.707110
vn 0.000000 -0.707104 0.707110
vn 0.000000 -0.707104 0.707110
vn 0.000000 -0.707084 -0.707129
vn 0.000000 -0.707084 -0.707129
vn 0.000000 -0.707084 -0.707129
vn 0.000000 -0.707084 -0.707129
vn 0.000000 0.707107 -0.707107
vn 0.000000 0.707107 -0.707107
vn 0.000000 0.707107 -0.707107
vn 0.000000 0.707107 -0.707107
vn 0.000000 0.712286 0.701889
vn 0.000000 0.714934 0.699192
vn 0.000000 0.707084 0.707129
vn 0.000000 0.707084 0.707129
vn 0.000000 -0.707128 0.707085
vn 0.000000 -0.707128 0.707085
vn 0.000000 -0.707128 0.707085
vn 0.000000 -0.707128 0.707085
vn 0.000000 -0.707105 -0.707109
vn 0.000000 -0.707105 -0.707109
vn 0.000000 -0.707105 -0.707109
vn 0.000000 -0.707105 -0.707109
vn 0.000000 0.707114 -0.707100
vn 0.000000 0.707114 -0.707100
vn 0.000000 0.707114 -0.707100
vn 0.000000 0.707114 -0.707100
vn 0.000000 0.707076 0.707137
vn 0.000000 0.707076 0.707137
vn 0.000000 0.707076 0.707137
vn 0.000000 0.707076 0.707137
vn 0.000000 -0.707110 0.707103
vn 0.000000 -0.707110 0.707103
vn 0.000000 -0.707110 0.707103
vn 0.000000 -0.707110 0.707103
vn 1.000000 -0.000000 -0.000000
vn 1.000000 0.000000 0.000000
vn 1.000000 0.000000 0.000000
vn 1.000000 -0.000002 -0.000002
vn 1.000000 -0.000002 -0.000002
vn 1.000000 -0.000000 -0.000000
vn 1.000000 0.000000 0.000000
vn 1.000000 -0.000000 -0.000000
vn 1.000000 -0.000000 -0.000000
vn 1.000000 -0.000000 -0.000000
vn 1.000000 -0.000000 -0.000000
vn 1.000000 -0.000000 -0.000000
vn 1.000000 -0.000000 -0.000000
vn 1.000000 -0.000000 -0.000000
vn 1.000000 -0.000004 -0.000004
vn 1.000000 -0.000004 -0.000004
vn 1.000000 -0.000004 -0.000004
vn 1.000000 -0.000002 -0.000002
vn 1.000000 -0.000002 -0.000002
vn 1.000000 -0.000004 -0.000004
vn 1.000000 -0.000004 -0.000004
vn 1.000000 -0.000000 -0.000000
vn 1.000000 -0.000000 -0.000000
vn 1.000000 -0.000000 -0.000000
vn 1.000000 0.000000 0.000000
vn 1.000000 0.000000 0.000000
vn 0.000000 0.000000 0.000000
vn 0.000000 0.000000 0.000000
vn -1.000000 0.000000 0.000000
vn -0.000000 0.000000 0.000000
vn -1.000000 0.000000 0.000000
vn -1.000000 0.000000 0.000000
vn 1.000000 -0.000001 -0.000001
vn 1.000000 -0.000001 -0.000001
vn 1.000000 -0.000001 -0.000001
vn 1.000000 -0.000001 -0.000001
vn 1.000000 -0.000001 -0.000001
vn 1.000000 -0.000001 -0.000001
vn 1.000000 -0.000001 -0.000001
vn 1.000000 -0.000001 -0.000001
vn 0.000000 -0.000013 -1.000000
vn 0.000000 -0.000013 -1.000000
vn 0.000000 -0.000013 -1.000000
vn 0.000000 -0.000013 -1.000000
vn 0.000000 -1.000000 0.000020
vn 0.000000 -1.000000 0.000020
vn 0.000000 -1.000000 0.000020
vn 0.000000 -1.000000 0.000020
vn 0.000000 1.000000 -0.000002
vn 0.000000 1.000000 -0.000002
vn 0.000000 1.000000 -0.000002
vn 0.000000 1.000000 -0.000002
vn 0.000000 0.000078 1.000000
vn 0.000000 0.000078 1.000000
vn 0.000000 0.000078 1.000000
vn 0.000000 0.000078 1.000000
vn -0.000000 1.000000 0.000015
vn -0.000000 1.000000 0.000015
vn -0.000000 1.000000 0.000015
vn -0.000000 1.000000 0.000015
vn -0.000000 1.000000 0.000015
vn -0.000000 1.000000 0.000015
vn 0.000000 0.000033 1.000000
vn 0.000000 0.000033 1.000000
vn 0.000000 0.000033 1.000000
vn 0.000000 0.000033 1.000000
vn 1.000000 0.000000 0.000000
vn 1.000000 -0.000000 -0.000000
vn 0.999999 -0.000906 -0.000906
vn 0.000000 -0.000000 -0.000000
vn 1.000000 0.000000 0.000000
vn -1.000000 -0.000000 -0.000000
vn -1.000000 0.000000 0.000000
vn -1.000000 0.000000 0.000000
vn -1.000000 -0.000000 -0.000000
vn 1.000000 0.000000 0.000000
vn 1.000000 0.000000 0.000000
vn 1.000000 0.000000 0.000000
vn -1.000000 -0.000000 -0.000000
vn -1.000000 -0.000000 -0.000000
vn -1.000000 0.000000 0.000000
vn -1.000000 -0.000000 -0.000000
vn -1.000000 -0.000000 -0.000000
vn -1.000000 -0.000000 -0.000000
vn -1.000000 -0.000000 -0.000000
vn -1.000000 -0.000000 -0.000000
vn -1.000000 -0.000000 -0.000000
vn -1.000000 -0.000000 -0.000000
vn -1.000000 -0.000000 -0.000000
vn 1.000000 -0.000000 -0.000000
vn 1.000000 0.000000 0.000000
vn 1.000000 0.000000 0.000000
vn 0.000000 0.000005 -1.000000
vn 0.000000 0.000005 -1.000000
vn 0.000000 0.000005 -1.000000
vn 0.000000 0.000005 -1.000000
vn 0.000000 -1.000000 0.000026
vn 0.000000 -1.000000 0.000026
vn 0.000000 -1.000000 0.000026
vn 0.000000 -1.000000 0.000026
vn 0.000000 0.923888 -0.382663
vn 0.000000 0.923888 -0.382663
vn 0.000000 0.923889 0.382661
vn 0.000000 0.923889 0.382661
vn 1.000000 0.000000 0.000000
vn 1.000000 -0.000000 -0.000000
vn 1.000000 0.000000 0.000000
vn 1.000000 0.000000 0.000000
vn -1.000000 -0.000000 -0.000000
vn -1.000000 -0.000000 -0.000000
vn -1.000000 -0.000000 -0.000000
vn -1.000000 -0.000000 -0.000000
vn 1.000000 0.000000 0.000000
vn 1.000000 0.000000 0.000000
vn 1.000000 0.000000 0.000000
vn 1.000000 0.000000 0.000000
vn -1.000000 -0.000000 -0.000000
vn -1.000000 0.000000 0.000000
vn -1.000000 0.000000 0.000000
vn -1.000000 -0.000000 -0.000000
vn 1.000000 0.000000 0.000000
vn -1.000000 0.000000 0.000000
vn 1.000000 0.000000 0.000000
vn -1.000000 -0.000000 -0.000000
vn 0.000051 1.000000 0.000061
vn 0.000080 1.000000 0.000099
vn 0.000000 0.999939 0.011060
vn 0.000000 0.999743 0.022668
vn 0.000000 1.000000 -0.000008
vn 0.649452 0.534272 -0.541078
vn 0.649452 0.534272 -0.541078
vn 0.649452 0.534272 -0.541078
vn 0.649452 0.534272 -0.541078
vn 0.665645 0.527632 -0.527750
vn 0.665649 0.527577 -0.527801
vn 0.665742 0.527408 -0.527852
vn 0.665784 0.527389 -0.527819
vn 1.000000 -0.000000 -0.000000
vn 1.000000 -0.000000 -0.000000
vn 1.000000 -0.000054 0.000136
vn 0.999967 0.001172 0.008062
vn 0.999996 0.000752 0.002668
vn 1.000000 -0.000000 -0.000000
vn 1.000000 -0.000000 -0.000000
vn 1.000000 -0.000000 -0.000000
vn 0.000056 -0.000085 -1.000000
vn 0.225094 -0.284532 -0.931866
vn 0.000033 -0.000056 -1.000000
vn 0.255053 0.904565 0.341628
vn 0.664913 0.537116 -0.519034
vn 0.671965 0.524416 -0.522925
vn 0.000004 0.000136 1.000000
vn 0.000007 0.000133 1.000000
vn 0.000008 0.000152 1.000000
vn 0.000004 0.000148 1.000000
vn -0.000000 0.000142 1.000000
vn -0.000000 0.000142 1.000000
vn 0.999992 0.003803 -0.001117
vn 1.000000 0.000010 0.000004
vn 0.999572 0.010617 0.027245
vn 0.999991 0.004203 -0.000487
vn 0.428100 -0.787710 -0.442994
vn 0.428100 -0.787710 -0.442994
vn 0.428100 -0.787710 -0.442994
vn 0.428100 -0.787710 -0.442994
vn 0.716218 0.495173 0.491767
vn 0.716009 0.495057 0.492189
vn 0.715320 0.494967 0.493280
vn 0.715416 0.494917 0.493190
vn 0.991026 0.039318 0.127753
vn 0.999988 0.004903 0.000541
vn 1.000000 0.000002 -0.000006
vn 0.974178 -0.082981 0.209979
vn 0.999992 0.003828 -0.001125
vn 0.999992 0.003827 -0.001124
vn 0.999992 0.003796 -0.001115
vn 0.999992 0.003796 -0.001116
vn 0.999992 0.003807 -0.001119
vn -0.412050 -0.911161 -0.000034
vn -0.412050 -0.911161 -0.000034
vn -0.412050 -0.911161 -0.000034
vn 0.212635 0.936673 -0.278263
vn 0.212635 0.936673 -0.278263
vn 0.212635 0.936673 -0.278263
vn 0.254552 -0.339712 0.905428
vn 0.778847 0.528556 0.337677
vn 0.665223 0.518580 0.537172
vn 0.000007 -1.000000 -0.000010
vn 0.000011 -1.000000 -0.000016
vn 0.000011 -1.000000 0.000013
vn 0.000006 -1.000000 0.000007
vn -0.000000 -1.000000 -0.000001
vn -0.000000 -1.000000 -0.000001
vn 0.649260 -0.536531 0.539069
vn 0.649260 -0.536531 0.539069
vn 0.649260 -0.536531 0.539069
vn 0.649260 -0.536531 0.539069
vn 1.000000 0.000000 0.000000
vn 1.000000 0.000001 0.000001
vn 1.000000 0.000001 0.000001
vn 1.000000 0.000000 0.000000
vn 1.000000 0.000000 0.000000
vn 1.000000 0.000000 0.000000
vn 1.000000 0.000000 0.000000
vn 1.000000 0.000001 0.000001
vn 0.664742 -0.527987 0.528534
vn 0.664823 -0.527544 0.528874
vn 0.664664 -0.528409 0.528211
vn 0.664664 -0.528409 0.528211
vn 1.000000 0.000001 0.000001
vn 1.000000 -0.000005 -0.000005
vn 0.999998 -0.002206 0.000207
vn 0.999992 -0.004022 0.000377
vn 1.000000 0.000000 0.000000
vn 1.000000 0.000000 0.000000
vn 0.255036 -0.904608 -0.341529
vn 0.219858 0.282288 0.933797
vn 0.674972 -0.455993 0.580072
vn 0.000006 -0.000007 -1.000000
vn 0.000011 -0.000001 -1.000000
vn 0.000000 -0.000014 -1.000000
vn 0.000000 -0.000014 -1.000000
vn 0.900937 -0.433487 0.020020
vn 0.979419 -0.201414 0.013093
vn 0.904766 -0.424050 0.039745
vn 1.000000 0.000000 0.000000
vn 1.000000 -0.000000 -0.000000
vn 1.000000 -0.000000 -0.000000
vn 1.000000 0.000000 0.000000
vn 0.577187 -0.577416 -0.577448
vn 0.577187 -0.577416 -0.577448
vn 0.577187 -0.577416 -0.577448
vn 0.577187 -0.577416 -0.577448
vn 1.000000 -0.000000 -0.000000
vn 1.000000 -0.000000 -0.000000
vn 1.000000 -0.000000 -0.000000
vn 1.000000 -0.000000 -0.000000
vn 1.000000 -0.000000 -0.000000
vn 1.000000 0.000000 0.000000
vn 1.000000 0.000000 0.000000
vn 1.000000 -0.000000 -0.000000
vn 0.683086 -0.516376 -0.516478
vn 0.683149 -0.516365 -0.516405
vn 0.998414 -0.041063 -0.038524
vn 0.703238 -0.517159 -0.487855
vn 0.999983 -0.005827 -0.000568
vn 1.000000 0.000000 0.000000
vn 1.000000 0.000000 0.000000
vn 1.000000 0.000001 0.000001
vn -0.000000 -1.000000 -0.000001
vn -0.000047 -1.000000 0.000006
vn -0.000000 -1.000000 -0.000001
vn 0.209660 0.274562 -0.938434
vn 0.219347 -0.934239 0.281218
vn 0.664987 -0.519105 -0.536957
vn 0.650032 0.538401 0.536267
vn 0.650032 0.538401 0.536267
vn 0.650032 0.538401 0.536267
vn 0.650032 0.538401 0.536267
vn 0.650032 0.538401 0.536267
vn 0.000000 1.000000 0.000015
vn 0.000000 1.000000 0.000015
vn 0.000000 1.000000 0.000015
vn 0.000000 1.000000 0.000015
vn 0.000000 1.000000 0.000015
vn 0.000000 1.000000 0.000015
vn 0.000000 1.000000 0.000015
vn 0.000000 1.000000 0.000015
vn -1.000000 0.000000 0.000000
vn -1.000000 0.000000 0.000000
vn -1.000000 -0.000000 -0.000000
vn -0.000000 0.000000 0.000000
vn 0.707100 -0.000000 0.707114
vn 0.707100 -0.000000 0.707114
vn 0.707100 -0.000000 0.707114
vn 0.707100 -0.000000 0.707114
vn 0.707131 0.499982 0.499984
vn 0.707131 0.499982 0.499984
vn 0.707131 0.499982 0.499984
vn 0.707131 0.499982 0.499984
vn 0.698367 0.505632 -0.506576
vn 0.698367 0.505632 -0.506576
vn 0.698367 0.505632 -0.506576
vn 0.698367 0.505632 -0.506576
vn -0.000001 -0.000015 -1.000000
vn -0.000232 -0.000022 -1.000000
vn -0.000232 -0.000022 -1.000000
vn -0.000001 -0.000015 -1.000000
vn -0.698399 0.505610 -0.506554
vn -0.698399 0.505610 -0.506554
vn -0.698399 0.505610 -0.506554
vn -0.698399 0.505610 -0.506554
vn 0.000232 -0.000023 -1.000000
vn -0.000000 -0.000015 -1.000000
vn -0.000000 -0.000015 -1.000000
vn 0.000232 -0.000023 -1.000000
vn -0.707130 0.499983 0.499985
vn -0.707130 0.499983 0.499985
vn -0.707130 0.499983 0.499985
vn -0.707130 0.499983 0.499985
vn -0.707135 0.000003 0.707078
vn -0.707135 0.000003 0.707078
vn -0.707135 0.000003 0.707078
vn -0.707135 0.000003 0.707078
vn 0.707091 -0.500013 0.500010
vn 0.707091 -0.500013 0.500010
vn 0.707091 -0.500013 0.500010
vn 0.707091 -0.500013 0.500010
vn -0.707152 -0.499970 0.499966
vn -0.707152 -0.499970 0.499966
vn -0.707152 -0.499970 0.499966
vn -0.707152 -0.499970 0.499966
vn 0.707077 -0.707137 -0.000003
vn 0.707077 -0.707137 -0.000004
vn 0.707077 -0.707136 -0.000004
vn 0.707077 -0.707137 -0.000003
vn 0.698101 -0.505759 -0.506816
vn 0.698101 -0.505759 -0.506816
vn 0.698101 -0.505759 -0.506816
vn 0.698101 -0.505759 -0.506816
vn -0.698132 -0.505739 -0.506794
vn -0.698132 -0.505739 -0.506794
vn -0.698132 -0.505739 -0.506794
vn -0.698132 -0.505739 -0.506794
vn -0.707115 -0.707099 0.000001
vn -0.707115 -0.707099 0.000001
vn -0.707115 -0.707099 0.000001
vn -0.707115 -0.707099 0.000001
vn 0.000000 -0.707109 0.707104
vn 0.000000 -0.707109 0.707104
vn 0.000000 -0.707109 0.707104
vn 0.000000 -0.707109 0.707104
vn 0.000000 0.707106 0.707107
vn 0.000000 0.707106 0.707107
vn 0.000000 0.707106 0.707107
vn 0.000000 0.707106 0.707107
vn 0.000000 0.707108 -0.707105
vn 0.000000 0.707108 -0.707105
vn 0.000000 0.707108 -0.707105
vn 0.000000 0.707108 -0.707105
vn 0.000000 -0.707106 -0.707108
vn 0.000000 -0.707106 -0.707108
vn 0.000000 -0.707106 -0.707108
vn 0.000000 -0.707106 -0.707108
vn 0.000000 0.707108 -0.707105
vn 0.000000 0.707108 -0.707105
vn 0.000000 0.707108 -0.707105
vn 0.000000 0.707108 -0.707105
vn 0.000000 0.707106 0.707108
vn 0.000000 0.707106 0.707108
vn 0.000000 0.707106 0.707108
vn 0.000000 0.707106 0.707108
vn 1.000000 0.000000 0.000000
vn 1.000000 0.000000 0.000000
vn 1.000000 0.000000 0.000000
vn -1.000000 -0.000000 -0.000000
vn -1.000000 0.000000 0.000000
vn -1.000000 0.000000 0.000000
vn 0.000000 0.000005 1.000000
vn 0.000000 0.000005 1.000000
vn 0.000000 0.000005 1.000000
vn 0.000000 0.000005 1.000000
vn 0.000004 0.000006 1.000000
vn 0.000004 0.000006 1.000000
vn 0.000004 0.000006 1.000000
vn 0.000004 0.000006 1.000000
vn 0.000004 0.000006 1.000000
vn 0.000004 0.000006 1.000000
vn -1.000000 -0.000002 -0.000002
vn -1.000000 -0.000002 -0.000002
vn -1.000000 -0.000002 -0.000002
vn 1.000000 0.000000 0.000000
vn 1.000000 0.000000 0.000000
vn 1.000000 0.000000 0.000000
vn 0.000000 -1.000000 -0.000001
vn 0.000000 -1.000000 -0.000001
vn 0.000000 -1.000000 -0.000001
vn 0.000000 -1.000000 -0.000001
vn 0.000000 -0.000015 -1.000000
vn 0.000000 -0.000015 -1.000000
vn -0.000002 -0.000015 -1.000000
vn -0.000002 -0.000015 -1.000000
vn -0.000002 -0.000015 -1.000000
vn -0.000002 -0.000015 -1.000000
vn -0.000000 0.000000 0.000000
vn -1.000000 0.000000 0.000000
vn -1.000000 0.000000 0.000000
vn -0.000000 0.000000 0.000000
vn 0.000000 0.000000 0.000000
vn 0.000000 0.000000 0.000000
vn 0.999804 0.013985 0.013985
vn 0.999804 0.013985 0.013985
vn 1.000000 0.000000 0.000000
vn 1.000000 0.000000 0.000000
vn 1.000000 0.000000 0.000000
vn 1.000000 0.000000 0.000000
vn 1.000000 0.000000 0.000000
vn -1.000000 0.000000 0.000000
vn -1.000000 -0.000001 -0.000001
vn -1.000000 -0.000001 -0.000001
vn -1.000000 -0.000001 -0.000001
vn -1.000000 -0.000001 -0.000001
vn 1.000000 0.000000 0.000000
vn 1.000000 0.000000 0.000000
vn -1.000000 -0.000000 -0.000000
vn -1.000000 -0.000000 -0.000000
vn 0.000000 -0.707109 0.707104
vn 0.000000 -0.707109 0.707104
vn 0.000000 -0.707109 0.707104
vn 0.000000 -0.707109 0.707104
vn 0.000000 -0.707106 -0.707108
vn 0.000000 -0.707106 -0.707108
vn 0.000000 -0.707106 -0.707108
vn 0.000000 -0.707106 -0.707108
vn 0.000000 -1.000000 -0.000001
vn 0.000000 -1.000000 -0.000001
vn -0.999998 0.001302 0.001302
vn -0.999998 0.001302 0.001302
vn -0.999998 0.001302 0.001302
vn 0.782342 0.476666 -0.400913
vn 0.782342 0.476666 -0.400913
vn 0.782342 0.476666 -0.400913
vn 0.000312 -1.000000 0.000474
vn 0.000312 -1.000000 0.000474
vn 0.000312 -1.000000 0.000474
vn 0.000648 -0.999999 -0.000881
vn 0.000648 -0.999999 -0.000881
vn 0.000648 -0.999999 -0.000881
vn -0.000648 -0.999999 -0.000881
vn -0.000648 -0.999999 -0.000881
vn -0.000648 -0.999999 -0.000881
vn -0.000312 -1.000000 0.000470
vn -0.000312 -1.000000 0.000470
vn -0.000312 -1.000000 0.000470
s off
g SupportBarrel
usemtl standardSurface2SG
f 2765/5349/6338 2759/5356/6339 2753/5346/6340 2755/5508/6341
s 1
f 2756/5347/6342 2752/5355/6343 2767/5350/6344 2771/5359/6345
s 2
f 2774/5353/6346 2773/5361/6347 2741/5338/6348 2744/5339/6349
s off
f 2745/5474/6350 2742/5345/6351 2760/5348/6352 2764/5357/6353
f 2708/5401/6354 2830/5405/6355 2828/5427/6356 2704/5400/6357
f 2705/5399/6358 2779/5362/6359 2781/5364/6360 2710/5366/6361
s 3
f 2847/5440/6362 2850/5518/6363 2795/5430/6364 2712/5382/6365
s off
f 2713/5381/6366 2813/5383/6367 2810/5398/6368 2707/5402/6369
f 2723/5318/6370 2720/5333/6371 2716/5322/6372 2718/5323/6373
f 2717/5319/6374 2715/5331/6375 2726/5326/6376 2728/5327/6377
f 2727/5320/6378 2725/5335/6379 2731/5328/6380 2733/5329/6381
f 2732/5321/6382 2730/5337/6383 2721/5324/6384 2722/5325/6385
s 4
f 2703/5316/6386 2705/5399/6387 2710/5366/6388 2709/5429/6389 2724/5334/6390 2726/5326/6391 2715/5331/6392 2714/5330/6393
f 2706/5315/6394 2708/5401/6395 2704/5400/6396 2703/5316/6386 2714/5330/6393 2716/5322/6397 2720/5333/6398 2719/5332/6399
f 2709/5429/6389 2848/5428/6400 2847/5440/6401 2712/5382/6402 2711/5317/6403 2729/5336/6404 2731/5328/6405 2725/5335/6406 2724/5334/6390
f 2711/5317/6403 2713/5381/6407 2707/5402/6408 2706/5315/6394 2719/5332/6399 2721/5324/6409 2730/5337/6410 2729/5336/6404
f 2703/5316/6386 2704/5400/6396 2705/5399/6387
s off
f 2706/5315/6411 2707/5402/6412 2708/5401/6413
f 2709/5429/6414 2710/5366/6415 2846/5517/6416 2848/5428/6417
s 4
f 2711/5317/6403 2712/5382/6402 2713/5381/6407
s off
f 2722/5325/6418 2723/5318/6419 2718/5323/6420 2717/5319/6421 2728/5327/6422 2727/5320/6423 2733/5329/6424 2732/5321/6425
f 2716/5322/6426 2715/5331/6427 2717/5319/6428 2718/5323/6429
f 2721/5324/6430 2720/5333/6431 2723/5318/6432 2722/5325/6433
f 2726/5326/6434 2725/5335/6435 2727/5320/6436 2728/5327/6437
f 2731/5328/6438 2730/5337/6439 2732/5321/6440 2733/5329/6441
s 4
f 2714/5330/6393 2715/5331/6392 2716/5322/6397
f 2719/5332/6399 2720/5333/6398 2721/5324/6409
f 2724/5334/6390 2725/5335/6406 2726/5326/6391
f 2729/5336/6404 2730/5337/6410 2731/5328/6405
s off
f 2737/5458/6442 2738/5433/6443 2854/5444/6444 2853/5435/6445 2856/5520/6446 2858/5459/6447
f 2741/5338/6448 2742/5345/6449 2745/5474/6450 2744/5339/6451
s 5
f 2739/5434/6452 2857/5445/6453 2856/5520/6454 2853/5435/6455 2855/5436/6456
s 6
f 2740/5439/6457 2770/5358/6458 2769/5351/6459 2775/5472/6460
s 5
f 2741/5338/6461 2736/5467/6462 2742/5345/6463
s 6
f 2743/5473/6464 2744/5339/6465 2745/5474/6466
s off
f 2748/5340/6467 2749/5341/6468 2746/5483/6469 2747/5455/6470 2735/5477/6471 2734/5342/6472 2738/5343/6473 2737/5344/6474
s 5
f 2766/5352/6475 2768/5499/6476 2739/5469/6452 2772/5360/6477
s off
f 2753/5346/6478 2752/5355/6479 2756/5347/6480 2755/5508/6481
f 2760/5348/6482 2759/5356/6483 2765/5349/6484 2764/5357/6485
s 1
f 2767/5350/6344 2766/5352/6486 2769/5351/6487 2771/5359/6345
s 2
f 2766/5352/6488 2773/5361/6347 2774/5353/6346 2769/5351/6489
s 5
f 2750/5354/6490 2751/5496/6491 2752/5355/6492 2753/5346/6493
s 6
f 2754//6494 2755//6495 2756//6496 2757//6497
s 5
f 2758/5505/6498 2759/5356/6499 2760/5348/6500 2761/5503/6501
s 6
f 2762/5495/6502 2763/5475/6503 2764/5357/6504 2765/5349/6505
s 5
f 2766/5352/6475 2767/5350/6506 2768/5499/6476
s 6
f 2769/5351/6459 2770/5358/6458 2771/5359/6507
s 5
f 2766/5352/6475 2772/5360/6477 2773/5361/6508
s 6
f 2769/5351/6459 2774/5353/6509 2775/5472/6460
s 3
f 2781/5364/6510 2780/5375/6511 2793/5367/6512 2846/5517/6513 2710/5366/6514
s off
f 2779/5362/6515 2778/5363/6516 2782/5370/6517 2781/5364/6518
s 10
f 2787/5437/6519 2786/5365/6520 2790/5416/6521 2789/5464/6522
s 11
f 2791/5417/6523 2790/5416/6524 2786/5365/6525 2784/5373/6526 2783/5371/6527 2782/5370/6528 2778/5363/6529 2776/5414/6530
s 12
f 2777/5415/6531 2778/5363/6532 2779/5362/6533
s 3
f 2780/5375/6511 2781/5364/6510 2782/5370/6534
s 10
f 2785/5374/6535 2786/5365/6520 2787/5437/6519
f 2788/5488/6536 2789/5464/6522 2790/5416/6521
s 13
f 2795/5430/6537 2794/5392/6538 2814/5384/6539 2813/5383/6540 2713/5381/6541 2712/5382/6542
s 11
f 2792/5431/6543 2793/5367/6544 2805/5372/6545 2806/5376/6546
s off
f 2800/5378/6547 2799/5368/6548 2807/5369/6549 2808/5377/6550
s 15
f 2799/5368/6551 2801/5379/6552 2804/5480/6553 2803/5380/6554
s 11
f 2806/5376/6546 2805/5372/6545 2808/5377/6555 2807/5369/6556
f 2780/5375/6557 2782/5370/6528 2783/5371/6527 2805/5372/6545
f 2805/5372/6545 2783/5371/6527 2784/5373/6526 2808/5377/6555
f 2808/5377/6555 2784/5373/6526 2786/5365/6525 2785/5374/6558
f 2780/5375/6557 2805/5372/6545 2793/5367/6544
f 2807/5369/6556 2799/5368/6559 2803/5380/6560 2798/5390/6561 2797/5388/6562 2796/5387/6563 2792/5431/6543 2806/5376/6546
s off
f 2808/5377/6564 2785/5374/6565 2800/5378/6566
f 2792/5431/6567 2849/5432/6568 2793/5367/6569
s 13
f 2794/5392/6538 2795/5430/6537 2796/5387/6570
s 15
f 2799/5368/6551 2800/5378/6571 2801/5379/6552
f 2802/5391/6572 2803/5380/6554 2804/5480/6553
s 16
f 2810/5398/6573 2809/5423/6574 2831/5406/6575 2830/5405/6576 2708/5401/6577 2707/5402/6578
s off
f 2811/5420/6579 2810/5398/6580 2813/5383/6581 2812/5394/6582
s 11
f 2812/5394/6583 2814/5384/6584 2822/5389/6585 2823/5395/6586
f 2818/5397/6587 2817/5393/6588 2824/5386/6589 2825/5396/6590
s 18
f 2817/5393/6591 2819/5511/6592 2821/5516/6593 2820/5385/6594
s 11
f 2823/5395/6586 2822/5389/6585 2825/5396/6590 2824/5386/6589
f 2794/5392/6595 2796/5387/6563 2797/5388/6562 2822/5389/6585
f 2822/5389/6585 2797/5388/6562 2798/5390/6561 2825/5396/6590
f 2825/5396/6590 2798/5390/6561 2803/5380/6560 2802/5391/6596
f 2794/5392/6595 2822/5389/6585 2814/5384/6584
f 2824/5386/6589 2817/5393/6588 2820/5385/6597 2816/5403/6598 2815/5421/6599 2811/5420/6600 2812/5394/6583 2823/5395/6586
f 2825/5396/6590 2802/5391/6596 2818/5397/6587
s 16
f 2809/5423/6574 2810/5398/6573 2811/5420/6601
s 13
f 2812/5394/6602 2813/5383/6540 2814/5384/6539
s 18
f 2817/5393/6591 2818/5397/6603 2819/5511/6592
s 12
f 2828/5427/6604 2827/5418/6605 2777/5415/6531 2779/5362/6533 2705/5399/6606 2704/5400/6607
s 11
f 2845/5410/6608 2844/5412/6609 2816/5403/6598 2820/5385/6597 2821/5516/6610
f 2827/5418/6611 2826/5404/6612 2837/5411/6613 2838/5419/6614
s off
f 2826/5404/6615 2828/5427/6616 2830/5405/6617 2829/5426/6618
s 11
f 2829/5426/6619 2831/5406/6620 2841/5422/6621 2842/5424/6622
f 2832//6623 2834//6624 2839//6625 2840//6626
f 2833/5489/6627 2832/5408/6628 2836/5409/6629 2835/5513/6630
f 2835/5513/6630 2836/5409/6629 2843/5413/6631 2845/5410/6608
f 2838//6614 2837//6613 2840//6626 2839//6625
f 2842/5424/6622 2841/5422/6621 2844/5412/6609 2843/5413/6631
f 2776//6530 2838//6614 2839//6625 2791//6523
f 2838/5419/6614 2776/5414/6530 2778/5363/6529 2777/5415/6632
f 2788//6633 2790//6524 2791//6523 2839//6625
f 2827/5418/6611 2838/5419/6614 2777/5415/6632
f 2788//6633 2839//6625 2834//6624
f 2809/5423/6634 2811/5420/6600 2815/5421/6599 2841/5422/6621
f 2841/5422/6621 2815/5421/6599 2816/5403/6598 2844/5412/6609
f 2809/5423/6634 2841/5422/6621 2831/5406/6620
s 23
f 2835/5513/6635 2845/5410/6636 2821/5516/6637
s 11
f 2842/5424/6622 2843/5413/6631 2836/5409/6629 2832/5408/6623 2840/5425/6626 2837/5411/6613 2826/5404/6612 2829/5426/6619
s 12
f 2826/5404/6638 2827/5418/6605 2828/5427/6604
s 16
f 2829/5426/6639 2830/5405/6576 2831/5406/6575
s 11
f 2832/5408/6628 2833/5489/6627 2834/5407/6640
f 2843/5413/6631 2844/5412/6609 2845/5410/6608
s off
f 2850/5518/6641 2849/5432/6642 2792/5431/6643 2796/5387/6644 2795/5430/6645
f 2862/5449/6646 2861/5438/6647 2867/5521/6648 2866/5465/6649 2801/5379/6650 2800/5378/6651 2785/5374/6652 2787/5437/6653
s 6
f 2861/5438/6654 2863/5500/6655 2740/5439/6457 2868/5450/6656 2867/5521/6657
s 3
f 2847/5440/6362 2846/5517/6513 2793/5367/6512 2850/5518/6363
s off
f 2851/5441/6658 2852/5478/6659 2872/5456/6660 2871/5481/6661
f 2852/5478/6662 2851/5442/6663 2855/5443/6664 2854/5444/6665
f 2858/5459/6666 2857/5445/6667 2860/5446/6668 2859/5460/6669
s 24
f 2859/5460/6670 2860/5447/6671 2879/5448/6672 2880/5486/6673
s off
f 2863/5500/6674 2862/5449/6675 2865/5487/6676 2864/5501/6677
s 25
f 2864/5501/6678 2865/5487/6679 2881/5514/6680 2882/5490/6681
s off
f 2866/5465/6682 2868/5450/6683 2870/5482/6684 2869/5466/6685
f 2869/5466/6686 2870/5482/6687 2873/5476/6688 2874/5479/6689
f 2871/5481/6690 2872/5456/6691 2876/5484/6692 2875/5468/6693
f 2874/5479/6694 2873/5476/6695 2885/5493/6696 2886/5512/6697
f 2875/5468/6698 2876/5484/6699 2877/5451/6700 2878/5452/6701
f 2878/5453/6702 2877/5462/6703 2880/5486/6704 2879/5454/6705
f 2882/5490/6706 2881/5514/6707 2884/5515/6708 2883/5510/6709
f 2883/5510/6710 2884/5515/6711 2886/5512/6712 2885/5493/6713
f 2747/5455/6714 2876/5484/6715 2872/5456/6716 2735/5477/6717
f 2734/5457/6718 2852/5478/6719 2854/5444/6720 2738/5433/6721
f 2737/5458/6722 2858/5459/6723 2859/5460/6724 2748/5485/6725
f 2749/5461/6726 2880/5486/6727 2877/5462/6728 2746/5463/6729
f 2787/5437/6730 2789/5464/6731 2865/5487/6732 2862/5449/6733
f 2804/5480/6734 2801/5379/6735 2866/5465/6736 2869/5466/6737
s 5
f 2736/5467/6462 2871/5481/6738 2875/5468/6739 2761/5503/6501 2760/5348/6500 2742/5345/6463
f 2739/5469/6452 2855/5470/6456 2851/5471/6740 2736/5467/6462 2741/5338/6461 2773/5361/6508 2772/5360/6477
s 6
f 2740/5439/6457 2775/5472/6460 2774/5353/6509 2744/5339/6465 2743/5473/6464 2870/5482/6741 2868/5450/6656
f 2743/5473/6464 2745/5474/6466 2764/5357/6504 2763/5475/6503 2885/5493/6742 2873/5476/6743
s off
f 2734/5457/6744 2735/5477/6745 2872/5456/6746 2852/5478/6747
f 2869/5466/6748 2874/5479/6749 2819/5511/6750 2818/5397/6751 2802/5391/6752 2804/5480/6753
f 2736//6754 2851//6755 2871//6756
f 2870//6757 2743//6758 2873//6759
f 2747/5455/6760 2746/5483/6761 2877/5451/6762 2876/5484/6763
s 24
f 2749/5461/6764 2748/5485/6765 2859/5460/6670 2880/5486/6673
s 25
f 2881/5514/6680 2865/5487/6679 2789/5464/6766 2788/5488/6767 2834/5407/6768 2833/5489/6769
s off
f 2860//6770 2751//6771 2750//6772 2879//6773
f 2864/5501/6774 2882/5490/6775 2754/5491/6776 2757/5492/6777
f 2885/5493/6778 2763/5494/6779 2762/5495/6780 2883/5510/6781
s 5
f 2752/5355/6492 2751/5496/6491 2860/5497/6782 2857/5498/6453 2739/5469/6452 2768/5499/6476 2767/5350/6506
s 6
f 2757/5492/6497 2756/5347/6496 2771/5359/6507 2770/5358/6458 2740/5439/6457 2863/5500/6655 2864/5501/6783
s off
f 2758/5502/6784 2761/5503/6785 2875/5468/6786 2878/5504/6787
s 5
f 2759/5356/6499 2758/5505/6498 2878/5506/6788 2879/5507/6789 2750/5354/6490 2753/5346/6493
s 6
f 2762/5495/6502 2765/5349/6505 2755/5508/6495 2754/5509/6494 2882/5490/6790 2883/5510/6791
s off
f 2821/5516/6792 2819/5511/6793 2874/5479/6794 2886/5512/6795
f 2835/5513/6796 2884/5515/6797 2881/5514/6798 2833/5489/6799
s 23
f 2886/5512/6800 2884/5515/6801 2835/5513/6635 2821/5516/6637
s off
f 2846//6802 2847//6803 2848//6804
f 2849/5432/6805 2850/5518/6806 2793/5367/6807
f 2853/5519/6808 2854/5444/6809 2855/5443/6810
f 2856/5520/6811 2857/5445/6812 2858/5459/6813
f 2861/5438/6814 2862/5449/6815 2863/5500/6816
f 2866/5465/6817 2867/5521/6818 2868/5450/6819
g default
v -0.119405 6.682561 -0.109944
v 0.068930 6.664993 -0.109944
v -0.124590 6.626981 -0.109944
v 0.063745 6.609412 -0.109944
v 0.165681 6.628499 -0.109944
v 0.170866 6.684078 -0.109944
v 0.269664 6.669538 -0.109944
v 0.274849 6.725122 -0.109944
v 0.373883 6.713101 -0.109944
v 0.379067 6.768680 -0.109944
v 0.481297 6.790927 -0.109944
v 0.486482 6.846505 -0.109944
v 0.601036 6.905950 -0.109944
v 0.563572 6.922506 -0.109944
v 0.636755 7.038758 -0.109944
v 0.599292 7.055312 -0.109944
v 0.624572 7.211905 -0.109944
v 0.585311 7.197151 -0.109944
v 0.568005 7.332433 -0.109944
v 0.528744 7.317672 -0.109944
v 0.466042 8.003035 -0.109944
v 0.426781 7.988283 -0.109944
v -0.222814 6.647667 -0.109944
v -0.217630 6.703246 -0.109944
v -0.304405 6.718908 -0.109944
v -0.291665 6.772736 -0.109944
v -0.367937 6.846790 -0.109944
v -0.334673 6.880751 -0.109944
v -0.403829 6.943291 -0.109944
v -0.367879 6.977920 -0.109944
v -0.447562 7.022605 -0.109944
v -0.402815 7.033283 -0.109944
v -0.479867 7.110539 -0.109944
v -0.439400 7.130080 -0.109944
v -0.498764 7.233148 -0.109944
v -0.458297 7.252688 -0.109944
v -0.124590 6.626981 0.092195
v -0.123435 6.636367 0.109944
v 0.063943 6.618891 0.109944
v 0.063745 6.609412 0.092195
v 0.164697 6.637753 0.109944
v 0.165681 6.628499 0.092195
v 0.270571 6.679266 0.109944
v 0.269664 6.669538 0.091606
v 0.371655 6.721851 0.109944
v 0.373883 6.713101 0.092195
v 0.478055 6.798939 0.109944
v 0.481297 6.790927 0.092195
v 0.595499 6.911759 0.109944
v 0.601036 6.905950 0.092195
v 0.629840 7.039446 0.109944
v 0.636755 7.038758 0.092195
v 0.617965 7.208213 0.109944
v 0.624572 7.211905 0.092195
v 0.561602 7.328304 0.109944
v 0.568005 7.332433 0.092195
v 0.459392 8.000539 0.109944
v 0.466042 8.003035 0.092195
v -0.222814 6.647667 0.092195
v -0.220061 6.656717 0.109944
v -0.304405 6.718908 0.092195
v -0.299457 6.726046 0.109944
v -0.367937 6.846790 0.092195
v -0.362004 6.851944 0.109944
v -0.403829 6.943291 0.092195
v -0.397262 6.948322 0.109944
v -0.447562 7.022605 0.092195
v -0.441398 7.028366 0.109944
v -0.479867 7.110539 0.092195
v -0.473164 7.114833 0.109944
v -0.491909 7.236460 0.109944
v -0.498764 7.233148 0.092195
v -0.119405 6.682561 0.107210
v -0.119815 6.679852 0.109944
v 0.068930 6.664991 0.107210
v 0.069058 6.662233 0.109944
v -0.217630 6.703246 0.107210
v -0.218943 6.700728 0.109944
v 0.170866 6.684079 0.107210
v 0.171626 6.681440 0.109944
v 0.274849 6.725122 0.107210
v 0.275879 6.722589 0.109944
v 0.379067 6.768680 0.107210
v 0.380415 6.766279 0.109944
v 0.486482 6.846506 0.107210
v 0.488254 6.844413 0.109944
v 0.563573 6.922506 0.107210
v 0.566020 6.921080 0.109944
v 0.599292 7.055310 0.107210
v 0.602062 7.055081 0.109944
v 0.585311 7.197151 0.107210
v 0.587986 7.197886 0.109944
v 0.528744 7.317672 0.107210
v 0.531388 7.318477 0.109944
v 0.429397 7.989265 0.109944
v 0.426781 7.988283 0.107210
v -0.291665 6.772738 0.107210
v -0.293980 6.771162 0.109944
v -0.334673 6.880752 0.107210
v -0.337238 6.879804 0.109944
v -0.367879 6.977920 0.107210
v -0.370363 6.976733 0.109944
v -0.402815 7.033283 0.107210
v -0.405275 7.032058 0.109944
v -0.439401 7.130081 0.107210
v -0.442059 7.129382 0.109944
v -0.458297 7.252688 0.107210
v -0.460873 7.251444 0.109944
vt 0.625000 0.500000
vt 0.375000 0.750000
vt 0.875000 0.000000
vt 0.125000 0.250000
vt 0.125000 0.000000
vt 0.375000 0.000000
vt 0.354820 0.000000
vt 0.625000 0.000000
vt 0.625000 0.042347
vt 0.354820 0.000000
vt 0.625000 0.750000
vt 0.625000 0.979820
vt 0.375000 0.979820
vt 0.645180 0.000000
vt 0.875000 0.000000
vt 0.645181 0.000000
vt 0.875000 0.000000
vt 0.645850 0.000000
vt 0.875000 0.000000
vt 0.645180 0.000000
vt 0.875000 0.000000
vt 0.645181 0.000000
vt 0.875000 0.000000
vt 0.645180 0.000000
vt 0.875000 0.000000
vt 0.645180 0.000000
vt 0.875000 0.000000
vt 0.645180 0.000000
vt 0.875000 0.000000
vt 0.645181 0.000000
vt 0.645180 0.000000
vt 0.125000 0.000000
vt 0.354820 0.000000
vt 0.125000 0.000000
vt 0.354820 0.000000
vt 0.125000 0.000000
vt 0.354820 0.000000
vt 0.125000 0.000000
vt 0.354820 0.000000
vt 0.125000 0.000000
vt 0.354820 0.000000
vt 0.125000 0.000000
vt 0.354820 0.000000
vt 0.125000 0.000000
vt 0.319495 0.126552
vt 0.875000 0.000006
vt 0.875000 0.249993
vt 0.050955 0.037079
vt 0.046875 0.031250
vt 0.068182 0.045455
vt 0.088036 0.033971
vt 0.078126 0.031250
vt 0.113443 0.045377
vt 0.068182 0.045454
vt 0.113636 0.045455
vt 0.113636 0.045455
vt 0.113636 0.045455
vt 0.113636 0.045455
vt 0.113636 0.045455
vt 0.113636 0.045455
vt 0.113636 0.045454
vt 0.113636 0.045455
vt 0.113636 0.045454
vt 0.123104 0.047997
vt 0.068182 0.045455
vt 0.068182 0.045455
vt 0.068182 0.045455
vt 0.068182 0.045454
vt 0.108640 0.056517
vt 0.084926 0.037079
vt 0.375000 0.500000
vt 0.875000 0.250000
vt 0.123106 0.047999
vt 0.875000 0.250000
vt 0.123104 0.047998
vt 0.875000 0.250000
vt 0.123104 0.047998
vt 0.875000 0.250000
vt 0.123104 0.047998
vt 0.875000 0.250000
vt 0.123107 0.047999
vt 0.875000 0.250000
vt 0.123104 0.047998
vt 0.875000 0.250000
vt 0.123104 0.047998
vt 0.875000 0.250000
vt 0.123108 0.047999
vt 0.875000 0.250000
vt 0.047846 0.033970
vt 0.125000 0.250000
vt 0.068888 0.047998
vt 0.125000 0.250000
vt 0.068888 0.047998
vt 0.125000 0.250000
vt 0.068888 0.047998
vt 0.125000 0.250000
vt 0.068888 0.047998
vt 0.125000 0.250000
vt 0.068888 0.047998
vt 0.125000 0.250000
vt 0.068888 0.047998
vt 0.125000 0.250000
vt 0.087017 0.060084
vt 0.624096 0.042352
vt 0.198660 0.120090
vt 0.331698 0.119913
vt 0.625000 0.043223
vt 0.333409 0.119534
vt 0.625000 0.043759
vt 0.333549 0.119548
vt 0.625000 0.045315
vt 0.337951 0.118596
vt 0.625000 0.049999
vt 0.342547 0.117620
vt 0.624999 0.042348
vt 0.340919 0.117483
vt 0.624999 0.042349
vt 0.341741 0.117270
vt 0.624999 0.042803
vt 0.337944 0.118305
vt 0.624998 0.045139
vt 0.337439 0.118618
vt 0.337569 0.118367
vt 0.375367 0.042346
vt 0.201622 0.118818
vt 0.375000 0.042491
vt 0.206247 0.116926
vt 0.375000 0.044769
vt 0.201920 0.118690
vt 0.375000 0.042670
vt 0.200376 0.119484
vt 0.375000 0.044306
vt 0.202043 0.118932
vt 0.375000 0.046766
vt 0.201864 0.118668
vt 0.375000 0.042346
vt 0.374999 0.042350
vn 0.000000 0.000000 -1.000000
vn 0.000000 0.000000 -1.000000
vn 0.000000 0.000000 -1.000000
vn 0.000000 0.000000 -1.000000
vn 0.000000 0.000000 -1.000000
vn 0.000000 0.000000 -1.000000
vn 0.000000 0.000000 -1.000000
vn 0.000000 0.000000 -1.000000
vn 0.000000 0.000000 -1.000000
vn 0.000000 0.000000 -1.000000
vn 0.000000 0.000000 -1.000000
vn 0.000000 0.000000 -1.000000
vn 0.000000 0.000000 -1.000000
vn 0.000000 0.000000 -1.000000
vn 0.000000 0.000000 -1.000000
vn 0.000000 0.000000 -1.000000
vn 0.000000 0.000000 -1.000000
vn 0.000000 0.000000 -1.000000
vn 0.000000 0.000000 -1.000000
vn 0.000000 0.000000 -1.000000
vn 0.000000 0.000000 -1.000000
vn 0.000000 0.000000 -1.000000
vn 0.000000 0.000000 -1.000000
vn 0.000000 0.000000 -1.000000
vn 0.000000 0.000000 -1.000000
vn 0.000000 0.000000 -1.000000
vn 0.000000 0.000000 -1.000000
vn 0.000000 0.000000 -1.000000
vn 0.000000 0.000000 -1.000000
vn 0.000000 0.000000 -1.000000
vn 0.000000 0.000000 -1.000000
vn 0.000000 0.000000 -1.000000
vn 0.000000 0.000000 -1.000000
vn 0.000000 0.000000 -1.000000
vn 0.000000 0.000000 -1.000000
vn 0.000000 0.000000 -1.000000
vn -0.114861 -0.875018 0.470265
vn -0.118302 -0.874569 0.470249
vn -0.438160 -0.771469 0.461359
vn -0.349123 -0.811791 0.468090
vn -0.006499 -0.882074 0.471065
vn 0.013559 -0.882104 0.470859
vn 0.230957 -0.859717 0.455572
vn 0.268451 -0.851571 0.450290
vn 0.335066 -0.833536 0.439258
vn 0.341462 -0.831443 0.438300
vn 0.415958 -0.798053 0.435993
vn 0.474161 -0.766799 0.432656
vn 0.568093 -0.706182 0.422585
vn 0.603724 -0.679427 0.417009
vn 0.725920 -0.553894 0.407728
vn 0.814220 -0.426702 0.393664
vn 0.928462 -0.071420 0.364497
vn 0.928540 -0.070437 0.364489
vn 0.885437 0.261713 0.384067
vn 0.911385 0.170257 0.374688
vn 0.914810 0.165372 0.368478
vn 0.902884 0.210683 0.374718
vn 0.920567 0.139968 0.364644
vn 0.920567 0.139968 0.364644
vn -0.767315 -0.491740 0.411605
vn -0.686484 -0.588011 0.427765
vn -0.847115 -0.355613 0.394887
vn -0.834116 -0.385509 0.394503
vn -0.821752 -0.394996 0.410733
vn -0.841943 -0.358276 0.403448
vn -0.840657 -0.356503 0.407677
vn -0.817677 -0.400145 0.413870
vn -0.901937 -0.191686 0.386997
vn -0.885205 -0.247173 0.394103
vn -0.914423 -0.140931 0.379432
vn -0.914423 -0.140931 0.379432
vn -0.132322 -0.991207 0.000000
vn 0.005227 -0.999986 0.000000
vn 0.005227 -0.999986 0.000000
vn -0.132322 -0.991207 0.000000
vn 0.280218 -0.959936 0.000000
vn 0.280166 -0.959952 0.000000
vn 0.376454 -0.926435 0.000000
vn 0.376454 -0.926435 0.000000
vn 0.497621 -0.867395 0.000000
vn 0.497677 -0.867363 0.000000
vn 0.647198 -0.762322 0.000000
vn 0.647198 -0.762322 0.000000
vn 0.692760 -0.721168 0.000000
vn 0.692760 -0.721168 0.000000
vn 0.965684 -0.259721 0.000000
vn 0.965684 -0.259721 0.000000
vn 0.997054 -0.076698 0.000000
vn 0.997054 -0.076698 0.000000
vn 0.973676 0.227939 0.000000
vn 0.973676 0.227939 0.000000
vn 0.980508 0.196478 0.000000
vn 0.980508 0.196478 0.000000
vn 0.988637 0.150320 0.000000
vn 0.988637 0.150320 0.000000
vn -0.455196 -0.890391 0.000000
vn -0.455196 -0.890391 0.000000
vn -0.808146 -0.588982 0.000000
vn -0.808146 -0.588982 0.000000
vn -0.914266 -0.405114 0.000000
vn -0.914266 -0.405114 0.000000
vn -0.910932 -0.412556 0.000000
vn -0.910932 -0.412556 0.000000
vn -0.910333 -0.413876 0.000000
vn -0.910333 -0.413876 0.000000
vn -0.971680 -0.236301 0.000000
vn -0.971680 -0.236301 0.000000
vn -0.988331 -0.152323 0.000000
vn -0.988331 -0.152323 0.000000
vn -0.434821 0.900517 -0.000002
vn -0.434821 0.900517 -0.000002
vn -0.434821 0.900517 -0.000002
vn -0.434821 0.900517 -0.000002
vn -0.434821 0.900517 -0.000002
vn -0.434821 0.900517 -0.000002
vn -0.351734 0.936100 -0.000003
vn -0.351734 0.936100 -0.000003
vn -0.351734 0.936100 -0.000003
vn -0.351734 0.936100 -0.000003
vn -0.351734 0.936100 -0.000003
vn -0.351734 0.936100 -0.000003
vn 0.094571 0.700205 0.707650
vn 0.092442 0.700508 0.707632
vn 0.003034 0.704131 0.710063
vn -0.009259 0.703825 0.710313
vn 0.343675 0.602860 0.720033
vn 0.287951 0.631636 0.719806
vn -0.185901 0.680671 0.708610
vn -0.207730 0.674351 0.708590
vn 0.600122 0.358805 0.714921
vn 0.560091 0.418080 0.715197
vn -0.264865 0.655649 0.707086
vn -0.267501 0.654568 0.707095
vn -0.333101 0.621129 0.709396
vn -0.365097 0.603025 0.709271
vn -0.442295 0.550574 0.707985
vn -0.461730 0.534260 0.708077
vn -0.591866 0.363489 0.719424
vn -0.625107 0.304792 0.718570
vn -0.699174 0.054687 0.712857
vn -0.699065 0.056030 0.712859
vn -0.672299 -0.202126 0.712151
vn -0.682463 -0.164931 0.712068
vn -0.693275 -0.130774 0.708709
vn -0.688501 -0.149624 0.709633
vn -0.699066 -0.106289 0.707113
vn -0.699066 -0.106289 0.707113
vn 0.663932 0.243128 0.707166
vn 0.661641 0.249323 0.707156
vn 0.635671 0.304224 0.709486
vn 0.649766 0.273851 0.709091
vn 0.644164 0.288037 0.708581
vn 0.631370 0.314416 0.708883
vn 0.686284 0.162563 0.708934
vn 0.680532 0.184829 0.709023
vn 0.698829 0.107709 0.707132
vn 0.698829 0.107709 0.707132
vn 0.132320 0.991207 0.000003
vn -0.005227 0.999986 0.000003
vn -0.005228 0.999986 0.000003
vn 0.132320 0.991207 0.000003
vn -0.280306 0.959911 -0.000000
vn -0.280305 0.959911 0.000000
vn -0.376450 0.926437 -0.000001
vn -0.376450 0.926437 -0.000001
vn -0.497529 0.867447 -0.000000
vn -0.497529 0.867448 -0.000000
vn -0.640361 0.768074 -0.000001
vn -0.640361 0.768074 -0.000001
vn -0.702054 0.712124 -0.000000
vn -0.702054 0.712124 -0.000000
vn -0.965681 0.259731 0.000002
vn -0.965681 0.259731 0.000002
vn -0.996882 0.078907 0.000001
vn -0.996883 0.078900 0.000001
vn -0.965697 -0.259673 0.000000
vn -0.965697 -0.259673 0.000000
vn -0.980508 -0.196477 0.000000
vn -0.980508 -0.196477 0.000000
vn -0.988638 -0.150317 0.000000
vn -0.988638 -0.150317 0.000000
vn 0.206063 0.978539 0.000000
vn 0.206063 0.978539 0.000000
vn 0.684381 0.729125 -0.000003
vn 0.684381 0.729125 -0.000003
vn 0.834847 0.550482 -0.000002
vn 0.834852 0.550475 -0.000002
vn 0.937420 0.348201 -0.000001
vn 0.937420 0.348201 -0.000001
vn 0.913030 0.407892 -0.000000
vn 0.913030 0.407892 -0.000000
vn 0.905010 0.425390 -0.000000
vn 0.905010 0.425390 -0.000000
vn 0.969483 0.245159 -0.000000
vn 0.969483 0.245157 -0.000000
vn 0.988330 0.152326 0.000000
vn 0.988330 0.152326 0.000000
vn 0.000000 0.000000 1.000000
vn 0.000000 0.000000 1.000000
vn 0.000000 0.000000 1.000000
vn 0.000000 0.000000 1.000000
vn 0.000000 0.000000 1.000000
vn 0.000000 0.000000 1.000000
vn 0.000000 0.000000 1.000000
vn 0.000000 0.000000 1.000000
vn 0.000000 0.000000 1.000000
vn 0.000000 0.000000 1.000000
vn 0.000000 0.000000 1.000000
vn 0.000000 0.000000 1.000000
vn 0.000000 0.000000 1.000000
vn 0.000000 0.000000 1.000000
vn 0.000000 0.000000 1.000000
vn 0.000000 0.000000 1.000000
vn 0.000000 0.000000 1.000000
vn 0.000000 0.000000 1.000000
vn 0.000000 0.000000 1.000000
vn 0.000000 0.000000 1.000000
vn 0.000000 0.000000 1.000000
vn 0.000000 0.000000 1.000000
vn 0.000000 0.000000 1.000000
vn 0.000000 0.000000 1.000000
vn 0.000000 0.000000 1.000000
vn 0.000000 0.000000 1.000000
vn 0.000000 0.000000 1.000000
vn 0.000000 0.000000 1.000000
vn 0.000000 0.000000 1.000000
vn 0.000000 0.000000 1.000000
vn 0.000000 0.000000 1.000000
vn 0.000000 0.000000 1.000000
vn 0.000000 0.000000 1.000000
vn 0.000000 0.000000 1.000000
vn 0.000000 0.000000 1.000000
vn 0.000000 0.000000 1.000000
s 1
g TriggerGuard
usemtl standardSurface2SG
f 2887/5592/6820 2888/5522/6821 2890/5532/6822 2889/5523/6823
f 2890/5524/6822 2888/5593/6821 2892/5595/6824 2891/5536/6825
f 2891/5536/6825 2892/5595/6824 2894/5597/6826 2893/5538/6827
f 2893/5538/6827 2894/5597/6826 2896/5599/6828 2895/5540/6829
f 2895/5540/6829 2896/5599/6828 2898/5601/6830 2897/5542/6831
f 2897/5542/6831 2898/5601/6830 2900/5603/6832 2899/5544/6833
f 2899/5544/6833 2900/5603/6832 2902/5605/6834 2901/5546/6835
f 2901/5546/6835 2902/5605/6834 2904/5607/6836 2903/5548/6837
f 2903/5548/6837 2904/5607/6836 2906/5609/6838 2905/5550/6839
f 2905/5550/6839 2906/5609/6838 2908/5568/6840 2907/5567/6841
f 2887/5525/6820 2889/5553/6823 2909/5555/6842 2910/5611/6843
f 2910/5611/6843 2909/5555/6842 2911/5557/6844 2912/5613/6845
f 2912/5613/6845 2911/5557/6844 2913/5559/6846 2914/5615/6847
f 2914/5615/6847 2913/5559/6846 2915/5561/6848 2916/5617/6849
f 2916/5617/6849 2915/5561/6848 2917/5563/6850 2918/5619/6851
f 2918/5619/6851 2917/5563/6850 2919/5565/6852 2920/5621/6853
f 2920/5621/6853 2919/5565/6852 2921/5526/6854 2922/5623/6855
s 2
f 2923/5528/6856 2924/5527/6857 2946/5647/6858 2945/5554/6859
f 2924/5645/6857 2923/5528/6856 2926/5529/6860 2925/5625/6861
f 2925/5625/6861 2926/5535/6860 2928/5537/6862 2927/5628/6863
f 2927/5628/6863 2928/5537/6862 2930/5539/6864 2929/5630/6865
f 2929/5630/6865 2930/5539/6864 2932/5541/6866 2931/5632/6867
f 2931/5632/6867 2932/5541/6866 2934/5543/6868 2933/5634/6869
f 2933/5634/6869 2934/5543/6868 2936/5545/6870 2935/5636/6871
f 2935/5636/6871 2936/5545/6870 2938/5547/6872 2937/5638/6873
f 2937/5638/6873 2938/5547/6872 2940/5549/6874 2939/5640/6875
f 2939/5640/6875 2940/5549/6874 2942/5551/6876 2941/5642/6877
f 2941/5642/6877 2942/5551/6876 2944/5552/6878 2943/5530/6879
f 2945/5554/6859 2946/5647/6858 2948/5649/6880 2947/5556/6881
f 2947/5556/6881 2948/5649/6880 2950/5651/6882 2949/5558/6883
f 2949/5558/6883 2950/5651/6882 2952/5653/6884 2951/5560/6885
f 2951/5560/6885 2952/5653/6884 2954/5655/6886 2953/5562/6887
f 2953/5562/6887 2954/5655/6886 2956/5657/6888 2955/5564/6889
f 2955/5564/6889 2956/5657/6888 2957/5658/6890 2958/5531/6891
s 3
f 2889/5523/6892 2890/5532/6893 2926/5533/6894 2923/5534/6895
f 2926/5535/6894 2890/5524/6893 2891/5536/6896 2928/5537/6897
f 2928/5537/6897 2891/5536/6896 2893/5538/6898 2930/5539/6899
f 2930/5539/6899 2893/5538/6898 2895/5540/6900 2932/5541/6901
f 2932/5541/6901 2895/5540/6900 2897/5542/6902 2934/5543/6903
f 2934/5543/6903 2897/5542/6902 2899/5544/6904 2936/5545/6905
s 4
f 2936/5545/6906 2899/5544/6907 2901/5546/6908 2938/5547/6909
f 2938/5547/6909 2901/5546/6908 2903/5548/6910 2940/5549/6911
f 2940/5549/6911 2903/5548/6910 2905/5550/6912 2942/5551/6913
f 2942/5551/6913 2905/5550/6912 2907/5567/6914 2944/5552/6915
s 3
f 2889/5553/6892 2923/5528/6895 2945/5554/6916 2909/5555/6917
f 2909/5555/6917 2945/5554/6916 2947/5556/6918 2911/5557/6919
f 2911/5557/6919 2947/5556/6918 2949/5558/6920 2913/5559/6921
f 2913/5559/6921 2949/5558/6920 2951/5560/6922 2915/5561/6923
f 2915/5561/6923 2951/5560/6922 2953/5562/6924 2917/5563/6925
f 2917/5563/6925 2953/5562/6924 2955/5564/6926 2919/5565/6927
f 2919/5565/6927 2955/5564/6926 2958/5531/6928 2921/5526/6929
s off
f 2922/5623/6930 2921/5526/6931 2958/5531/6932 2957/5658/6933 2994/5590/6934 2993/5624/6935
f 2982/5566/6936 2981/5644/6937 2943/5530/6938 2944/5552/6939 2907/5567/6940 2908/5568/6941
s 5
f 2959/5569/6942 2960/5570/6943 2962/5573/6944 2961/5591/6945
f 2960/5570/6943 2959/5610/6942 2963/5612/6946 2964/5571/6947
f 2961/5572/6945 2962/5573/6944 2966/5574/6948 2965/5594/6949
f 2964/5571/6947 2963/5612/6946 2983/5614/6950 2984/5575/6951
f 2965/5594/6949 2966/5576/6948 2968/5577/6952 2967/5596/6953
f 2967/5596/6953 2968/5577/6952 2970/5578/6954 2969/5598/6955
f 2969/5598/6955 2970/5578/6954 2972/5579/6956 2971/5600/6957
f 2971/5600/6957 2972/5579/6956 2974/5580/6958 2973/5602/6959
f 2973/5602/6959 2974/5580/6958 2976/5581/6960 2975/5604/6961
f 2975/5604/6961 2976/5581/6960 2978/5582/6962 2977/5606/6963
f 2977/5606/6963 2978/5582/6962 2980/5583/6964 2979/5608/6965
f 2979/5608/6965 2980/5583/6964 2981/5584/6966 2982/5585/6967
f 2984/5575/6951 2983/5614/6950 2985/5616/6968 2986/5586/6969
f 2986/5586/6969 2985/5616/6968 2987/5618/6970 2988/5587/6971
f 2988/5587/6971 2987/5618/6970 2989/5620/6972 2990/5588/6973
f 2990/5588/6973 2989/5620/6972 2991/5622/6974 2992/5589/6975
f 2992/5589/6975 2991/5622/6974 2993/5624/6976 2994/5590/6977
s 6
f 2959/5569/6978 2961/5591/6979 2888/5522/6980 2887/5592/6981
f 2888/5593/6980 2961/5572/6979 2965/5594/6982 2892/5595/6983
f 2892/5595/6983 2965/5594/6982 2967/5596/6984 2894/5597/6985
f 2894/5597/6985 2967/5596/6984 2969/5598/6986 2896/5599/6987
f 2896/5599/6987 2969/5598/6986 2971/5600/6988 2898/5601/6989
f 2898/5601/6989 2971/5600/6988 2973/5602/6990 2900/5603/6991
s 7
f 2900/5603/6992 2973/5602/6993 2975/5604/6994 2902/5605/6995
f 2902/5605/6995 2975/5604/6994 2977/5606/6996 2904/5607/6997
f 2904/5607/6997 2977/5606/6996 2979/5608/6998 2906/5609/6999
f 2906/5609/6999 2979/5608/6998 2982/5585/7000 2908/5568/7001
s 6
f 2959/5610/6978 2887/5525/6981 2910/5611/7002 2963/5612/7003
s 8
f 2963/5612/7004 2910/5611/7005 2912/5613/7006 2983/5614/7007
f 2983/5614/7007 2912/5613/7006 2914/5615/7008 2985/5616/7009
f 2985/5616/7009 2914/5615/7008 2916/5617/7010 2987/5618/7011
f 2987/5618/7011 2916/5617/7010 2918/5619/7012 2989/5620/7013
f 2989/5620/7013 2918/5619/7012 2920/5621/7014 2991/5622/7015
f 2991/5622/7015 2920/5621/7014 2922/5623/7016 2993/5624/7017
s 9
f 2924/5645/7018 2925/5625/7019 2962/5627/7020 2960/5626/7021
f 2962/5627/7020 2925/5625/7019 2927/5628/7022 2966/5629/7023
f 2966/5629/7023 2927/5628/7022 2929/5630/7024 2968/5631/7025
f 2968/5631/7025 2929/5630/7024 2931/5632/7026 2970/5633/7027
f 2970/5633/7027 2931/5632/7026 2933/5634/7028 2972/5635/7029
f 2972/5635/7029 2933/5634/7028 2935/5636/7030 2974/5637/7031
f 2974/5637/7031 2935/5636/7030 2937/5638/7032 2976/5639/7033
f 2976/5639/7033 2937/5638/7032 2939/5640/7034 2978/5641/7035
f 2978/5641/7035 2939/5640/7034 2941/5642/7036 2980/5643/7037
f 2980/5643/7037 2941/5642/7036 2943/5530/7038 2981/5644/7039
f 2924/5645/7018 2960/5626/7021 2964/5646/7040 2946/5647/7041
f 2946/5647/7041 2964/5646/7040 2984/5648/7042 2948/5649/7043
f 2948/5649/7043 2984/5648/7042 2986/5650/7044 2950/5651/7045
f 2950/5651/7045 2986/5650/7044 2988/5652/7046 2952/5653/7047
f 2952/5653/7047 2988/5652/7046 2990/5654/7048 2954/5655/7049
f 2954/5655/7049 2990/5654/7048 2992/5656/7050 2956/5657/7051
f 2956/5657/7051 2992/5656/7050 2994/5590/7052 2957/5658/7053
g default
v -0.299716 7.206861 0.179864
v -0.049350 7.265679 0.178659
v -0.070139 7.409739 0.327621
v 2.896456 7.114972 0.181070
v 2.892399 7.261923 0.327621
v 0.257528 8.055170 0.327621
v 0.333409 8.191538 0.171566
v 2.867524 8.163034 0.181070
v 2.871571 8.016428 0.327621
v 0.333409 8.191538 -0.171566
v 0.257528 8.055170 -0.327621
v 2.871571 8.016428 -0.327621
v 2.867524 8.163034 -0.181070
v -0.070139 7.409739 -0.327621
v -0.050392 7.265732 -0.179864
v -0.299716 7.206861 -0.179864
v 2.896456 7.114972 -0.181070
v 2.892399 7.261923 -0.327621
v -0.205699 7.876529 -0.327621
v -0.381568 7.953231 -0.181070
v -0.381568 7.953231 0.181070
v -0.205699 7.876529 0.327621
v 0.136174 8.045032 0.327621
v 0.102035 8.191591 0.181070
v 0.102035 8.191591 -0.181070
v 0.136174 8.045032 -0.327621
v -0.697763 7.178081 0.099714
v -0.641362 7.182159 0.179864
v -0.715597 7.257171 0.180031
v -1.239085 6.963844 0.080048
v -1.274228 7.035863 0.160053
v -0.715597 7.257171 -0.180031
v -0.641362 7.182159 -0.179864
v -0.697763 7.178081 -0.099714
v -1.274228 7.035863 -0.160053
v -1.239085 6.963844 -0.080048
v -0.808624 7.669729 0.180902
v -0.775191 7.773024 0.181070
v -0.826608 7.749485 0.101274
v -1.345124 7.414242 0.160861
v -1.359131 7.496227 0.081152
v -0.826608 7.749485 -0.101274
v -0.775191 7.773024 -0.181070
v -0.808624 7.669729 -0.180902
v -1.359131 7.496227 -0.081152
v -1.345124 7.414242 -0.160861
v -1.513741 6.802508 0.079987
v -1.542073 6.878552 0.160012
v -1.542073 6.878552 -0.160012
v -1.513741 6.802508 -0.079987
v -1.673885 7.449052 0.160892
v -1.651996 7.527222 0.080988
v -1.651996 7.527222 -0.080988
v -1.673885 7.449052 -0.160892
v -1.612087 6.784393 0.079987
v -1.634318 6.861561 0.160012
v -1.634318 6.861561 -0.160012
v -1.612087 6.784393 -0.079987
v -1.824999 7.520328 0.160933
v -1.810950 7.602173 0.081009
v -1.810950 7.602173 -0.081009
v -1.824999 7.520328 -0.160933
v -4.485216 5.640719 0.079961
v -4.499340 5.721142 0.159960
v -4.499340 5.721142 -0.159960
v -4.485216 5.640719 -0.079961
v -4.872193 7.212768 0.160974
v -4.900168 7.290350 0.081030
v -4.900168 7.290350 -0.081029
v -4.872193 7.212768 -0.160974
v -4.688356 5.727021 0.159963
v -4.671736 5.646521 0.079962
v -4.606181 5.724486 -0.159963
v -4.671736 5.646521 -0.079940
v -4.997603 7.224895 0.081027
v -4.980129 7.140256 0.160969
v -4.997603 7.224895 -0.081046
v -4.908409 7.188458 -0.160969
v 2.443958 7.731880 0.327621
v 1.698637 7.739586 0.327621
v 2.438718 7.954867 0.327621
v 1.708059 7.967195 0.327621
v 2.443958 7.731880 0.249501
v 1.698637 7.739595 0.277140
v 2.438718 7.954866 0.277115
v 1.708059 7.967195 0.249501
v 2.442884 7.786308 0.315113
v 2.443958 7.732130 0.277769
v 1.700541 7.793336 0.315113
v 2.439801 7.901134 0.315113
v 1.706177 7.912458 0.315113
v 1.708059 7.966814 0.278079
v 1.799169 7.738849 0.277203
v 1.800775 7.792633 0.315113
v 1.805540 7.911326 0.315113
v 1.807125 7.965620 0.277982
vt 0.680915 0.000000
vt 0.819085 0.000000
vt 0.875000 0.035053
vt 0.875000 0.215029
vt 0.819085 0.250000
vt 0.680915 0.250000
vt 0.375000 0.000000
vt 0.385470 0.943165
vt 0.375000 0.940969
vt 0.375000 0.805601
vt 0.385470 0.000000
vt 0.625000 0.035053
vt 0.375000 0.309541
vt 0.625000 0.305915
vt 0.184541 0.250000
vt 0.125000 0.250000
vt 0.375000 0.537086
vt 0.625000 0.534971
vt 0.125000 0.000000
vt 0.625000 0.805915
vt 0.125000 0.210150
vt 0.375000 0.068920
vt 0.625000 0.215029
vt 0.375000 0.212914
vt 0.625000 0.444085
vt 0.375000 0.440459
vt 0.625000 0.714947
vt 0.377489 0.712188
vt 0.385385 0.806375
vt 0.625000 0.944085
vt 0.319085 0.250000
vt 0.377489 0.037812
vt 0.375000 0.210150
vt 0.315459 0.250000
vt 0.180915 0.250000
vt 0.125000 0.212914
vt 0.125000 0.057857
vt 0.125000 0.068920
vt 0.375000 0.719117
vt 0.318625 0.000000
vt 0.319085 0.000000
vt 0.180915 0.000000
vt 0.181375 0.000000
vt 0.318689 0.000000
vt 0.211955 0.000000
vt 0.288640 0.000000
vt 0.180979 0.000000
vt 0.319061 0.000000
vt 0.180939 0.000000
vt 0.215693 0.000000
vt 0.284762 0.000000
vt 0.288045 0.000000
vt 0.284353 0.000000
vt 0.319021 0.000000
vt 0.319014 0.000000
vt 0.211360 0.000000
vt 0.215184 0.000000
vt 0.181311 0.000000
vt 0.181314 0.000000
vt 0.215647 0.000000
vt 0.284327 0.000000
vt 0.318686 0.000000
vt 0.319029 0.000000
vt 0.284816 0.000000
vt 0.215254 0.000000
vt 0.180986 0.000000
vt 0.181325 0.000000
vt 0.215673 0.000000
vt 0.284327 0.000000
vt 0.318675 0.000000
vt 0.319046 0.000000
vt 0.284746 0.000000
vt 0.215245 0.000000
vt 0.180971 0.000000
vt 0.181331 0.000000
vt 0.215673 0.000000
vt 0.284316 0.000000
vt 0.318669 0.000000
vt 0.319063 0.000000
vt 0.284755 0.000000
vt 0.215236 0.000000
vt 0.180954 0.000000
vt 0.181353 0.000000
vt 0.215684 0.000000
vt 0.284317 0.000000
vt 0.318647 0.000000
vt 0.318649 0.000000
vt 0.284764 0.000000
vt 0.215230 0.000000
vt 0.180937 0.000000
vt 0.181352 0.000000
vt 0.318625 0.000000
vt 0.181375 0.000000
vt 0.319085 0.000000
vt 0.180915 0.000000
vt 0.377489 0.037812
vt 0.625000 0.035053
vt 0.625000 0.215029
vt 0.375000 0.212914
vt 0.625000 0.215029
vt 0.377489 0.037812
vt 0.625000 0.035053
vt 0.625000 0.035053
vt 0.376986 0.073204
vt 0.625000 0.177840
vt 0.375000 0.212914
vt 0.375000 0.212914
vt 0.625000 0.071920
vt 0.375497 0.177941
vt 0.402240 0.037536
vt 0.401787 0.073076
vt 0.400447 0.177931
vt 0.400000 0.213126
vn 0.999619 0.027595 0.000000
vn 0.999619 0.027595 0.000000
vn 0.999619 0.027595 0.000000
vn 0.999619 0.027595 0.000000
vn 0.999619 0.027595 0.000000
vn 0.999619 0.027595 0.000000
vn 0.999619 0.027595 0.000000
vn 0.999619 0.027595 0.000000
vn -0.506462 -0.174582 0.844403
vn -0.175807 -0.600016 0.780431
vn -0.563446 -0.101791 0.819858
vn -0.563446 -0.101791 0.819858
vn 0.229251 -0.973367 -0.000405
vn 0.229251 -0.973367 -0.000405
vn 0.229251 -0.973367 -0.000405
vn 0.229251 -0.973367 -0.000405
vn -0.028147 -0.713475 0.700115
vn -0.036339 -0.713569 0.699642
vn -0.036339 -0.713569 0.699642
vn 0.007305 0.729511 0.683929
vn 0.007788 0.729455 0.683985
vn -0.227196 0.668801 0.707875
vn -0.231092 0.667364 0.707970
vn 0.008265 0.729398 0.684039
vn 0.008265 0.729398 0.684039
vn 0.007788 0.729455 -0.683985
vn 0.007305 0.729512 -0.683930
vn -0.231092 0.667364 -0.707970
vn -0.227196 0.668801 -0.707875
vn 0.008265 0.729398 -0.684040
vn 0.008265 0.729398 -0.684040
vn -0.175701 -0.598726 -0.781445
vn -0.507585 -0.173155 -0.844023
vn -0.563446 -0.101791 -0.819858
vn -0.563446 -0.101791 -0.819858
vn -0.028051 -0.712018 -0.701601
vn -0.036124 -0.712138 -0.701110
vn -0.036124 -0.712137 -0.701110
vn -0.312612 0.634250 -0.707107
vn -0.312612 0.634250 -0.707107
vn -0.312612 0.634250 0.707107
vn -0.312612 0.634250 0.707107
vn 0.000000 0.000000 1.000000
vn 0.000000 0.000000 1.000000
vn 0.000000 0.000000 1.000000
vn 0.000000 0.000000 1.000000
vn 0.010295 0.999947 0.000000
vn 0.011247 0.999937 0.000000
vn 0.011247 0.999937 0.000000
vn 0.010295 0.999947 0.000000
vn 0.000000 0.000000 -1.000000
vn 0.000000 0.000000 -1.000000
vn 0.000000 0.000000 -1.000000
vn 0.000000 0.000000 -1.000000
vn -0.051093 -0.998694 -0.000000
vn -0.051093 -0.998694 -0.000000
vn -0.051093 -0.998694 -0.000000
vn -0.051093 -0.998694 -0.000000
vn -0.430017 0.902821 0.000000
vn -0.430017 0.902821 0.000000
vn -0.322310 0.946634 0.000000
vn -0.322310 0.946634 0.000000
vn -0.000000 0.000000 1.000000
vn -0.000000 0.000000 1.000000
vn -0.000000 0.000000 1.000000
vn -0.000000 0.000000 1.000000
vn -0.000000 0.000000 -1.000000
vn -0.000000 0.000000 -1.000000
vn 0.072113 -0.997397 0.000000
vn 0.072113 -0.997397 0.000000
vn 0.072113 -0.997396 0.000000
vn 0.161514 -0.986871 0.000000
vn 0.161514 -0.986871 0.000000
vn 0.072113 -0.997397 0.000000
vn 0.000483 -0.001749 0.999998
vn 0.000483 -0.001749 0.999998
vn 0.000483 -0.001749 0.999998
vn -0.009449 -0.003889 0.999948
vn -0.011317 -0.004292 0.999927
vn 0.000483 -0.001749 0.999998
vn -0.416266 0.909243 0.000000
vn -0.419697 0.907664 0.000000
vn -0.419697 0.907664 0.000000
vn -0.416266 0.909243 0.000000
vn 0.000483 -0.001749 -0.999998
vn 0.000483 -0.001749 -0.999998
vn 0.000483 -0.001749 -0.999998
vn -0.011317 -0.004291 -0.999927
vn -0.009449 -0.003889 -0.999948
vn 0.000483 -0.001749 -0.999998
vn 0.238324 -0.666200 0.706668
vn 0.238324 -0.666200 0.706668
vn 0.279738 -0.648388 0.708054
vn 0.281241 -0.647712 0.708077
vn 0.305740 -0.633802 0.710505
vn 0.305730 -0.633806 0.710506
vn 0.238324 -0.666200 -0.706668
vn 0.238324 -0.666200 -0.706668
vn 0.281241 -0.647712 -0.708077
vn 0.279738 -0.648388 -0.708054
vn 0.305730 -0.633807 -0.710505
vn 0.305741 -0.633802 -0.710505
vn -0.326233 0.629867 0.704868
vn -0.326233 0.629867 0.704868
vn -0.189373 0.667929 0.719729
vn -0.194430 0.666780 0.719445
vn 0.155738 0.684143 0.712526
vn 0.155733 0.684145 0.712526
vn -0.326233 0.629867 -0.704868
vn -0.326233 0.629867 -0.704868
vn -0.194430 0.666780 -0.719445
vn -0.189373 0.667928 -0.719729
vn 0.155733 0.684144 -0.712527
vn 0.155738 0.684143 -0.712527
vn 0.257647 -0.658667 0.706948
vn 0.257647 -0.658667 0.706948
vn 0.257647 -0.658667 -0.706948
vn 0.257647 -0.658667 -0.706948
vn -0.051539 0.702331 0.709983
vn -0.051544 0.702331 0.709982
vn -0.051544 0.702331 -0.709982
vn -0.051539 0.702330 -0.709983
vn 0.245921 -0.661641 0.708346
vn 0.245921 -0.661641 0.708346
vn 0.249207 -0.660749 -0.708030
vn 0.249208 -0.660749 -0.708030
vn -0.083621 0.700244 0.708990
vn -0.083620 0.700244 0.708990
vn -0.079304 0.701267 -0.708474
vn -0.079305 0.701267 -0.708474
vn -0.021984 -0.707010 0.706862
vn -0.021984 -0.707009 0.706862
vn -0.022086 -0.706994 -0.706874
vn -0.022086 -0.706994 -0.706874
vn -0.394193 0.586736 0.707356
vn -0.394193 0.586736 0.707356
vn -0.394075 0.586821 -0.707351
vn -0.394075 0.586821 -0.707352
vn -0.692384 -0.143434 -0.707129
vn -0.692384 -0.143434 -0.707129
vn -0.692384 -0.143434 -0.707129
vn -0.692384 -0.143434 -0.707129
vn -0.979346 -0.202193 -0.000000
vn -0.979346 -0.202193 -0.000000
vn -0.979346 -0.202193 -0.000000
vn -0.979346 -0.202193 -0.000000
vn -0.979346 -0.202193 -0.000000
vn -0.979346 -0.202193 -0.000000
vn 0.413447 -0.910528 0.000000
vn 0.413447 -0.910529 0.000000
vn -0.017315 -0.005549 0.999835
vn -0.019829 -0.006097 0.999785
vn -0.429485 0.903074 0.000000
vn -0.429485 0.903074 0.000000
vn -0.019829 -0.006096 -0.999785
vn -0.017315 -0.005549 -0.999835
vn 0.433570 -0.901120 0.000000
vn 0.433570 -0.901120 0.000000
vn 0.000102 -0.001615 0.999999
vn 0.000151 -0.001635 0.999999
vn 0.105247 0.994446 0.000000
vn 0.105247 0.994446 0.000000
vn 0.228194 0.973616 0.000000
vn 0.228194 0.973616 0.000000
vn 0.000151 -0.001634 -0.999999
vn 0.000102 -0.001615 -0.999999
vn 0.364137 -0.931345 0.000000
vn 0.364137 -0.931345 0.000000
vn 0.000202 -0.000853 1.000000
vn 0.000198 -0.000860 1.000000
vn 0.426489 0.904493 0.000000
vn 0.426489 0.904493 0.000000
vn 0.000198 -0.000860 -1.000000
vn 0.000202 -0.000853 -1.000000
vn 0.348576 -0.937281 0.000000
vn 0.348578 -0.937280 0.000000
vn 0.000202 -0.000836 1.000000
vn 0.000202 -0.000836 1.000000
vn -0.100429 0.994944 0.000000
vn -0.100429 0.994944 0.000000
vn -0.117577 0.993064 0.000000
vn -0.117575 0.993064 0.000000
vn 0.000202 -0.000841 -1.000000
vn 0.000202 -0.000841 -1.000000
vn -0.031095 -0.999516 0.000000
vn -0.031095 -0.999516 0.000000
vn 0.000140 -0.000663 1.000000
vn 0.000140 -0.000663 1.000000
vn -0.557636 0.830086 0.000000
vn -0.557636 0.830086 0.000000
vn 0.000081 -0.000665 -1.000000
vn 0.000081 -0.000665 -1.000000
vn -0.626050 -0.620613 0.472125
vn -0.626050 -0.620613 0.472125
vn -0.626050 -0.620613 0.472125
vn -0.626049 -0.620613 -0.472125
vn -0.626049 -0.620613 -0.472125
vn -0.626049 -0.620613 -0.472125
vn -0.843432 0.272230 0.463155
vn -0.843432 0.272230 0.463155
vn -0.843432 0.272230 0.463155
vn -0.843432 0.272230 -0.463156
vn -0.843432 0.272230 -0.463155
vn -0.843432 0.272231 -0.463156
vn -0.000000 0.000000 1.000000
vn -0.000000 0.000000 1.000000
vn -0.000000 0.000000 1.000000
vn -0.000000 0.000000 1.000000
vn 0.000000 0.000000 1.000000
vn 0.000000 0.000000 1.000000
vn 0.000000 0.000000 1.000000
vn 0.000000 0.000000 1.000000
vn 0.000000 0.000000 1.000000
vn 0.000000 0.000000 1.000000
vn 0.000000 0.000000 1.000000
vn 0.000000 0.000000 1.000000
vn 0.000000 0.000000 1.000000
vn 0.000000 0.000000 1.000000
vn 0.000000 0.000000 1.000000
vn 0.000000 0.000000 1.000000
vn 0.010346 0.999947 0.000074
vn 0.010346 0.999947 0.000074
vn 0.010346 0.999946 0.000074
vn 0.010346 0.999946 0.000074
vn -0.999724 -0.023491 0.000000
vn -0.999724 -0.023491 0.000000
vn -0.999724 -0.023491 0.000000
vn -0.999724 -0.023491 0.000000
vn -0.016870 -0.999858 0.000008
vn -0.016870 -0.999858 0.000008
vn -0.016870 -0.999858 0.000008
vn -0.016870 -0.999858 0.000008
vn 0.999144 -0.041363 -0.000003
vn 0.999144 -0.041363 -0.000003
vn 0.999144 -0.041364 -0.000003
vn 0.999144 -0.041363 -0.000003
vn -0.010029 -0.999787 0.018062
vn -0.010029 -0.999787 0.018062
vn -0.010029 -0.999787 0.018062
vn -0.010029 -0.999787 0.018062
vn 0.999705 0.024274 -0.000249
vn 0.999705 0.024274 -0.000249
vn 0.999705 0.024274 -0.000249
vn 0.999705 0.024274 -0.000249
vn 0.999705 0.024274 -0.000249
vn 0.016348 0.999865 -0.001561
vn 0.016348 0.999865 -0.001561
vn 0.016348 0.999865 -0.001561
vn 0.016348 0.999865 -0.001561
vn -0.999085 0.042768 0.000622
vn -0.999085 0.042768 0.000622
vn -0.999085 0.042768 0.000622
vn -0.999085 0.042768 0.000622
vn -0.999085 0.042768 0.000622
vn -0.005918 -0.572445 0.819922
vn -0.005926 -0.572424 0.819936
vn -0.004418 -0.576496 0.817088
vn -0.004418 -0.576496 0.817088
vn 0.009598 0.569905 0.821655
vn 0.009608 0.569929 0.821638
vn 0.007012 0.563610 0.826011
vn 0.007012 0.563610 0.826011
vn -0.006157 -0.571799 0.820370
vn -0.006157 -0.571799 0.820370
vn 0.000000 0.000000 1.000000
vn 0.000000 0.000000 1.000000
vn 0.010009 0.570902 0.820957
vn 0.010009 0.570902 0.820957
s off
g MainBody
usemtl standardSurface2SG
f 2999/5670/7054 2998/5659/7055 3011/5660/7056 3012/5661/7057 3006/5662/7058 3007/5663/7059 3002/5664/7060 3003/5681/7061
s 1
f 2995/5698/7062 2997/5665/7063 3016/5680/7064 3015/5699/7065
s off
f 2996/5666/7066 2995/5667/7067 3010/5668/7068 3009/5687/7069
s 1
f 2997/5690/7063 2996/5669/7070 2998/5659/7071 2999/5670/7072
s 2
f 3000/5682/7073 3001/5671/7074 3018/5689/7075 3017/5691/7076
f 3001/5671/7074 3000/5682/7073 3003/5681/7077 3002/5672/7078
s 3
f 3004/5673/7079 3005/5674/7080 3020/5679/7081 3019/5693/7082
f 3005/5675/7080 3004/5684/7079 3007/5683/7083 3006/5676/7084
s 4
f 3008/5677/7085 3010/5701/7086 3014/5700/7087 3013/5696/7088
f 3009/5687/7089 3008/5686/7085 3012/5685/7090 3011/5678/7091
s 3
f 3013/5696/7092 3014/5700/7093 3019/5693/7082 3020/5679/7081
s 2
f 3015/5699/7094 3016/5680/7095 3017/5691/7076 3018/5689/7075
s 5
usemtl standardSurface5SG
f 3083/5762/7096 3088/5769/7097 3089/5770/7098 3085/5767/7099
s 6
usemtl standardSurface2SG
f 3001/5671/7100 3002/5672/7101 3007/5683/7102 3004/5684/7103
s 7
f 3005/5675/7104 3006/5676/7105 3012/5685/7106 3008/5686/7107
s off
f 3009/5687/7108 3011/5678/7109 2998/5688/7110 2996/5666/7111
s 6
f 3014/5700/7112 3015/5699/7113 3018/5689/7114 3019/5693/7115
s off
f 2997/5690/7116 3000/5682/7117 3017/5691/7118 3016/5680/7119
s 6
f 3001/5692/7100 3004/5673/7103 3019/5693/7115 3018/5689/7114
s 7
f 3005/5694/7104 3008/5695/7107 3013/5696/7120 3020/5679/7121
s 1
f 2995/5698/7062 2996/5669/7070 2997/5690/7063
s 4
f 3008/5686/7085 3009/5687/7089 3010/5697/7086
s 9
usemtl standardSurface3SG
f 3010/5701/7122 2995/5698/7123 3022/5750/7124 3021/5710/7125 3028/5703/7126 3027/5751/7127
s 10
f 2995/5698/7128 3015/5699/7129 3032/5752/7130 3031/5712/7131 3023/5702/7132 3022/5750/7133
s 6
f 3015/5699/7113 3014/5700/7112 3037/5753/7134 3036/5714/7135 3033/5704/7136 3032/5752/7137
s 11
f 3014/5700/7138 3010/5701/7139 3027/5751/7140 3026/5716/7141 3038/5705/7142 3037/5753/7143
s 12
f 3021/5710/7144 3023/5702/7145 3025/5720/7146 3024/5711/7147
f 3024/5711/7147 3025/5720/7146 3042/5728/7148 3041/5719/7149
s 13
f 3026/5716/7150 3028/5703/7151 3030/5718/7152 3029/5717/7153
f 3029/5717/7153 3030/5718/7152 3044/5726/7154 3043/5725/7155
s 14
f 3031/5712/7156 3033/5704/7157 3035/5722/7158 3034/5713/7159
f 3034/5713/7159 3035/5722/7158 3046/5730/7160 3045/5721/7161
s 15
f 3036/5714/7162 3038/5705/7163 3040/5724/7164 3039/5715/7165
f 3039/5715/7165 3040/5724/7164 3048/5732/7166 3047/5723/7167
s 12
f 3041/5719/7149 3042/5728/7148 3050/5736/7168 3049/5727/7169
s 13
f 3043/5725/7155 3044/5726/7154 3052/5734/7170 3051/5733/7171
s 14
f 3045/5721/7161 3046/5730/7160 3054/5738/7172 3053/5729/7173
s 15
f 3047/5723/7167 3048/5732/7166 3056/5740/7174 3055/5731/7175
s 12
f 3049/5727/7169 3050/5736/7168 3058/5744/7176 3057/5735/7177
s 13
f 3051/5733/7171 3052/5734/7170 3060/5742/7178 3059/5741/7179
s 14
f 3053/5729/7173 3054/5738/7172 3062/5746/7180 3061/5737/7181
s 15
f 3055/5731/7175 3056/5740/7174 3064/5748/7182 3063/5739/7183
s 12
f 3057/5735/7177 3058/5744/7176 3065/5745/7184 3066/5743/7185
s 13
f 3059/5741/7179 3060/5742/7178 3068/5708/7186 3067/5749/7187
s 14
f 3061/5737/7181 3062/5746/7180 3069/5709/7188 3070/5706/7189
s 15
f 3063/5739/7183 3064/5748/7182 3072/5707/7190 3071/5747/7191
s off
f 3067/5749/7192 3068/5708/7193 3071/5747/7194 3072/5707/7195
f 3068/5708/7196 3066/5743/7197 3065/5745/7198 3070/5706/7199 3069/5709/7200 3071/5747/7201
s 9
f 3030/5718/7202 3028/5703/7126 3021/5710/7125 3024/5711/7203
s 10
f 3025/5720/7204 3023/5702/7132 3031/5712/7131 3034/5713/7205
s 6
f 3035/5722/7206 3033/5704/7136 3036/5714/7135 3039/5715/7207
s 11
f 3040/5724/7208 3038/5705/7142 3026/5716/7141 3029/5717/7209
s 9
f 3030/5718/7202 3024/5711/7203 3041/5719/7210 3044/5726/7211
s 10
f 3025/5720/7204 3034/5713/7205 3045/5721/7212 3042/5728/7213
s 16
f 3035/5722/7214 3039/5715/7215 3047/5723/7216 3046/5730/7217
s 11
f 3040/5724/7208 3029/5717/7209 3043/5725/7218 3048/5732/7219
s 9
f 3044/5726/7211 3041/5719/7210 3049/5727/7220 3052/5734/7221
s 10
f 3042/5728/7213 3045/5721/7212 3053/5729/7222 3050/5736/7223
s 16
f 3046/5730/7217 3047/5723/7216 3055/5731/7224 3054/5738/7225
s 11
f 3048/5732/7219 3043/5725/7218 3051/5733/7226 3056/5740/7227
s 9
f 3052/5734/7221 3049/5727/7220 3057/5735/7228 3060/5742/7229
s 10
f 3050/5736/7223 3053/5729/7222 3061/5737/7230 3058/5744/7231
s 17
f 3054/5738/7232 3055/5731/7233 3063/5739/7234 3062/5746/7235
s 11
f 3056/5740/7227 3051/5733/7226 3059/5741/7236 3064/5748/7237
s 9
f 3060/5742/7229 3057/5735/7228 3066/5743/7238 3068/5708/7239
s 10
f 3058/5744/7231 3061/5737/7230 3070/5706/7240 3065/5745/7241
s 17
f 3062/5746/7235 3063/5739/7234 3071/5747/7242 3069/5709/7243
s 11
f 3064/5748/7237 3059/5741/7236 3067/5749/7244 3072/5707/7245
s off
f 3021/5710/7246 3022/5750/7247 3023/5702/7248
f 3026/5716/7249 3027/5751/7250 3028/5703/7251
f 3031/5712/7252 3032/5752/7253 3033/5704/7254
f 3036/5714/7255 3037/5753/7256 3038/5705/7257
usemtl standardSurface2SG
f 2997/5690/7258 2999/5670/7259 3073/5755/7260 3074/5754/7261
f 2999/5670/7262 3003/5681/7263 3075/5756/7264 3073/5755/7265
f 3003/5681/7266 3000/5682/7267 3076/5757/7268 3075/5756/7269
f 3000/5682/7270 2997/5690/7271 3074/5754/7272 3076/5757/7273
f 3074/5754/7274 3073/5755/7275 3077/5760/7276 3078/5759/7277
f 3073/5755/7278 3075/5756/7279 3079/5758/7280 3077/5760/7281
f 3075/5756/7282 3076/5757/7283 3080/5764/7284 3079/5758/7285
f 3076/5757/7286 3074/5754/7287 3078/5759/7288 3080/5764/7289
f 3078/5759/7290 3077/5760/7291 3082/5761/7292 3087/5768/7293
f 3077/5760/7294 3079/5758/7295 3084/5763/7296 3081/5766/7297 3082/5761/7298
f 3079/5758/7299 3080/5764/7300 3086/5765/7301 3090/5771/7302
f 3080/5764/7303 3078/5759/7304 3083/5762/7305 3085/5767/7306 3086/5765/7307
s 18
usemtl standardSurface5SG
f 3087/5768/7308 3088/5769/7309 3083/5762/7310 3078/5759/7311
s 19
f 3089/5770/7312 3090/5771/7313 3086/5765/7314 3085/5767/7315
s 18
usemtl standardSurface4SG
f 3082/5761/7316 3081/5766/7317 3088/5769/7309 3087/5768/7308
s 5
f 3089/5770/7098 3088/5769/7097 3081/5766/7318 3084/5763/7319
s 19
f 3084/5763/7320 3079/5758/7321 3090/5771/7313 3089/5770/7312
g default
v 2.874212 7.839337 0.281005
v 6.940052 7.839337 0.281005
v 2.874212 7.839337 -0.281005
v 6.940052 7.839337 -0.281005
v 2.874212 7.125513 0.140516
v 2.874212 7.266001 0.281005
v 6.940052 7.125513 0.140516
v 6.940052 7.266001 0.281005
v 2.874212 7.125513 -0.140516
v 2.874212 7.266001 -0.281005
v 6.940052 7.125513 -0.140516
v 6.940052 7.266001 -0.281005
vt 0.375000 0.500000
vt 0.125000 0.049203
vt 0.187494 -0.000000
vt 0.125000 0.250000
vt 0.687494 -0.000000
vt 0.812506 -0.000000
vt 0.875000 0.049203
vt 0.875000 0.250000
vt 0.625000 0.250000
vt 0.375000 0.049203
vt 0.375000 0.250000
vt 0.375000 0.812494
vt 0.625000 0.937506
vt 0.375000 0.937506
vt 0.625000 0.500000
vt 0.625000 0.700797
vt 0.312506 -0.000000
vt 0.625000 0.049203
vt 0.375000 0.700797
vt 0.625000 0.812494
vn 0.000000 0.000000 1.000000
vn 0.000000 0.000000 1.000000
vn 0.000000 0.000000 1.000000
vn 0.000000 0.000000 1.000000
vn 0.000000 1.000000 0.000000
vn 0.000000 1.000000 0.000000
vn 0.000000 1.000000 0.000000
vn 0.000000 1.000000 0.000000
vn 0.000000 0.000000 -1.000000
vn 0.000000 0.000000 -1.000000
vn 0.000000 0.000000 -1.000000
vn 0.000000 0.000000 -1.000000
vn 0.000000 -1.000000 0.000000
vn 0.000000 -1.000000 0.000000
vn 0.000000 -1.000000 0.000000
vn 0.000000 -1.000000 0.000000
vn 1.000000 0.000000 0.000000
vn 1.000000 0.000000 0.000000
vn 1.000000 0.000000 0.000000
vn 1.000000 0.000000 0.000000
vn 1.000000 0.000000 0.000000
vn 1.000000 0.000000 0.000000
vn -1.000000 0.000001 0.000000
vn -1.000000 0.000001 0.000000
vn -1.000000 0.000001 0.000000
vn -1.000000 0.000001 0.000000
vn -1.000000 0.000001 0.000000
vn -1.000000 0.000001 0.000000
vn 0.000000 -0.707107 0.707107
vn 0.000000 -0.707107 0.707107
vn 0.000000 -0.707107 0.707107
vn 0.000000 -0.707107 0.707107
vn 0.000000 -0.707107 -0.707107
vn 0.000000 -0.707107 -0.707107
vn 0.000000 -0.707107 -0.707107
vn 0.000000 -0.707107 -0.707107
s off
g Grip
usemtl standardSurface3SG
f 3096/5781/7322 3098/5789/7323 3092/5780/7324 3091/5782/7325
f 3091/5782/7326 3092/5780/7327 3094/5786/7328 3093/5772/7329
f 3093/5772/7330 3094/5786/7331 3102/5787/7332 3100/5790/7333
f 3099/5783/7334 3101/5791/7335 3097/5784/7336 3095/5785/7337
f 3098/5789/7338 3097/5776/7339 3101/5777/7340 3102/5778/7341 3094/5779/7342 3092/5780/7343
f 3100/5773/7344 3099/5774/7345 3095/5788/7346 3096/5781/7347 3091/5782/7348 3093/5775/7349
f 3096/5781/7350 3095/5788/7351 3097/5776/7352 3098/5789/7353
f 3099/5783/7354 3100/5790/7355 3102/5787/7356 3101/5791/7357
