# This file uses centimeters as units for non-parametric coordinates.

mtllib riflModel.mtl
g default
v -2.348525 3.362916 0.130162
v -2.412489 3.283608 0.065087
v -0.751059 3.685582 0.130162
v -0.685497 3.632437 0.065087
v -2.443467 5.482618 0.065087
v -2.378632 5.500026 0.130161
v -0.706657 5.948937 0.065087
v -0.771575 5.931508 0.130162
v -2.364515 3.343091 -0.130162
v -2.412489 3.283608 -0.081354
v -0.734670 3.672297 -0.130162
v -0.685497 3.632437 -0.081354
v -2.443467 5.482618 -0.081354
v -2.394839 5.495675 -0.130162
v -0.706657 5.948937 -0.081354
v -0.755347 5.935864 -0.130162
vt 0.312506 0.000000
vt 0.384394 0.007526
vt 0.312506 0.250000
vt 0.615656 0.250000
vt 0.615644 0.007526
vt 0.384333 0.250000
vt 0.375000 0.312494
vt 0.625000 0.312494
vt 0.375000 0.453128
vt 0.375000 0.796872
vt 0.382000 0.500000
vt 0.382046 0.744355
vt 0.617983 0.744355
vt 0.625000 0.453128
vt 0.617991 0.500000
vt 0.625000 0.796872
vt 0.625000 0.937506
vt 0.375000 0.937506
vt 0.687494 0.000000
vt 0.828128 -0.000000
vt 0.828128 0.250000
vt 0.687494 0.250000
vt 0.171872 0.000000
vt 0.171872 0.250000
vn -0.259308 0.965795 -0.000001
vn -0.259308 0.965795 -0.000001
vn -0.259308 0.965795 -0.000001
vn -0.259308 0.965795 -0.000001
vn -0.259308 0.965795 -0.000001
vn -0.259308 0.965795 -0.000001
vn -0.259308 0.965795 -0.000001
vn -0.259308 0.965795 -0.000001
vn 0.139998 -0.693109 0.707107
vn 0.139998 -0.693109 0.707107
vn 0.139998 -0.693109 0.707107
vn 0.139998 -0.693109 0.707107
vn -0.707037 -0.009960 0.707107
vn -0.707037 -0.009960 0.707107
vn -0.707037 -0.009960 0.707107
vn -0.707037 -0.009960 0.707107
vn 0.707077 0.006459 0.707107
vn 0.707077 0.006459 0.707107
vn 0.707077 0.006459 0.707107
vn 0.707077 0.006459 0.707107
vn -0.000000 0.000000 1.000000
vn -0.000000 0.000000 1.000000
vn -0.000000 0.000000 1.000000
vn -0.000000 0.000000 1.000000
vn -0.707037 -0.009960 -0.707107
vn -0.707037 -0.009960 -0.707107
vn -0.707037 -0.009960 -0.707107
vn -0.707037 -0.009960 -0.707107
vn 0.139999 -0.693109 -0.707107
vn 0.139999 -0.693109 -0.707107
vn 0.139999 -0.693109 -0.707107
vn 0.139999 -0.693109 -0.707107
vn 0.707077 0.006459 -0.707107
vn 0.707077 0.006459 -0.707107
vn 0.707077 0.006459 -0.707107
vn 0.707077 0.006459 -0.707107
vn 0.000000 -0.000000 -1.000000
vn 0.000000 -0.000000 -1.000000
vn 0.000000 -0.000000 -1.000000
vn 0.000000 -0.000000 -1.000000
vn 0.197988 -0.980204 0.000000
vn 0.197988 -0.980204 0.000000
vn 0.197988 -0.980204 0.000000
vn 0.197988 -0.980204 0.000000
vn 0.999958 0.009134 0.000000
vn 0.999958 0.009134 0.000000
vn 0.999958 0.009134 0.000000
vn 0.999958 0.009134 0.000000
vn -0.999901 -0.014086 0.000000
vn -0.999901 -0.014086 0.000000
vn -0.999901 -0.014086 0.000000
vn -0.999901 -0.014086 0.000000
s off
g Mag
usemtl standardSurface4SG
f 5/7/1 6/6/2 8/4/3 7/8/4 15/14/5 16/15/6 14/11/7 13/9/8
f 1/2/9 2/1/10 4/19/11 3/5/12
f 2/1/13 1/2/14 6/6/15 5/3/16
f 3/5/17 4/19/18 7/22/19 8/4/20
f 1/2/21 3/5/22 8/4/23 6/6/24
f 9/12/25 10/10/26 13/9/27 14/11/28
f 10/10/29 9/12/30 11/13/31 12/16/32
f 12/16/33 11/13/34 16/15/35 15/14/36
f 9/12/37 14/11/38 16/15/39 11/13/40
f 10/10/41 12/16/42 4/17/43 2/18/44
f 4/19/45 12/20/46 15/21/47 7/22/48
f 10/23/49 2/1/50 5/3/51 13/24/52
g default
v -6.092791 4.332566 0.240500
v -6.218415 4.405033 0.100721
v -5.140163 5.318761 0.101337
v -5.018622 5.239344 0.240500
v -6.128567 4.248297 0.192500
v -6.246449 4.315543 0.046883
v -6.201223 4.244157 0.000013
v -6.071047 4.168797 0.130500
v -5.107422 5.428577 0.101337
v -4.969326 5.404688 0.240500
v -5.098616 5.595110 0.101337
v -4.958579 5.607938 0.240500
v -5.119600 5.682573 0.101337
v -4.995177 5.760464 0.240500
v -5.154938 3.791568 0.192457
v -5.197182 3.815939 0.240500
v -4.073396 5.256732 0.192169
v -4.108865 5.290061 0.240500
v -5.240040 3.741450 0.141928
v -5.280050 3.764273 0.192500
v -5.374574 3.765611 0.130500
v -5.329337 3.739423 0.085152
v -4.009751 5.310135 0.192169
v -4.051887 5.337871 0.240500
v -3.931419 5.571073 0.192169
v -3.980050 5.577170 0.240500
v -3.936626 5.694394 0.192169
v -3.985003 5.694438 0.240500
v -4.109626 5.290774 -0.240500
v -4.073396 5.256732 -0.191136
v -5.198086 3.816459 -0.240500
v -5.154938 3.791568 -0.191430
v -5.280905 3.764761 -0.192500
v -5.240040 3.741450 -0.140848
v -5.329337 3.739423 -0.084183
v -5.375541 3.766170 -0.130500
v -4.052788 5.338462 -0.240500
v -4.009751 5.310135 -0.191136
v -3.981088 5.577300 -0.240500
v -3.931419 5.571073 -0.191136
v -3.986036 5.694442 -0.240500
v -3.936626 5.694394 -0.191136
v -5.140163 5.318761 -0.170912
v -5.079385 5.279049 -0.240500
v -6.218415 4.405033 -0.170604
v -6.155596 4.368796 -0.240500
v -6.246449 4.315543 -0.119684
v -6.187501 4.281917 -0.192500
v -6.201223 4.244157 -0.065250
v -6.136129 4.206474 -0.130500
v -5.107422 5.428577 -0.170912
v -5.038366 5.416632 -0.240500
v -5.098616 5.595110 -0.170912
v -5.028594 5.601524 -0.240500
v -5.119600 5.682573 -0.170912
v -5.057381 5.721524 -0.240500
v -5.348751 5.971643 0.064960
v -5.392278 5.906537 0.101337
v -5.351634 5.971911 -0.135292
v -5.394274 5.908178 -0.170912
v -5.140690 5.879981 0.240500
v -5.264324 5.891496 -0.240500
v -3.980517 5.819442 -0.240500
v -5.222337 5.959872 -0.215820
v -5.210696 5.934001 -0.240500
v -3.979463 5.819864 0.240499
v -5.098955 5.948381 0.216337
v -5.086479 5.922950 0.240500
v -3.931281 5.815473 0.192169
v -3.954297 5.841787 0.182144
v -3.954296 5.841787 -0.181111
v -3.931281 5.815473 -0.191136
v -3.988887 5.845008 -0.215821
v -3.979976 5.819914 -0.239980
v -3.988371 5.844961 0.216337
vt 0.404532 1.000000
vt 0.375000 1.000000
vt 0.302350 0.000000
vt 0.375000 0.322330
vt 0.412326 1.000000
vt 0.625000 0.975029
vt 0.625000 1.000000
vt 0.615068 0.000000
vt 0.650120 0.250000
vt 0.625000 0.250000
vt 0.404532 0.000000
vt 0.609815 0.250000
vt 0.615068 1.000000
vt 0.404284 1.000000
vt 0.615061 1.000000
vt 0.612029 1.000000
vt 0.415484 0.238163
vt 0.614315 0.250000
vt 0.408452 0.250000
vt 0.614632 0.250000
vt 0.405172 0.250000
vt 0.625000 0.474343
vt 0.625000 0.750000
vt 0.649971 0.000000
vt 0.849496 -0.000000
vt 0.849343 0.250000
vt 0.625000 0.775504
vt 0.625000 0.967161
vt 0.625000 0.783540
vt 0.625000 0.956563
vt 0.625000 0.794365
vt 0.625000 0.275120
vt 0.625000 0.474343
vt 0.625000 0.275120
vt 0.625000 0.474343
vt 0.625000 0.275120
vt 0.375000 0.875012
vt 0.161169 0.250000
vt 0.125000 0.250000
vt 0.125000 0.004333
vt 0.375000 0.786329
vt 0.375000 0.812500
vt 0.161329 0.000000
vt 0.302670 0.250000
vt 0.375000 0.927350
vt 0.375000 0.797283
vt 0.375000 0.905443
vt 0.375000 0.463831
vt 0.375000 0.322330
vt 0.375000 0.463831
vt 0.375000 0.322331
vt 0.375000 0.463832
vt 0.395234 0.506327
vt 0.614856 0.750000
vt 0.389767 0.750000
vt 0.614848 0.750000
vt 0.389643 0.750000
vt 0.611752 0.750000
vt 0.393665 0.750000
vt 0.609502 0.500000
vt 0.391393 0.500000
vt 0.614029 0.500000
vt 0.390085 0.500000
vt 0.614408 0.500000
vt 0.375000 0.322330
vt 0.375000 0.463831
vt 0.375000 0.322330
vt 0.375000 0.463831
vt 0.396774 0.445318
vt 0.394855 0.500000
vt 0.614553 0.500000
vt 0.394855 0.500000
vt 0.413939 0.500000
vt 0.414706 0.250000
vt 0.414706 0.250000
vt 0.615057 0.250000
vt 0.616676 0.499999
vt 0.417534 0.487173
vt 0.616907 0.250001
vt 0.433998 0.250000
vt 0.615579 0.487172
vt 0.625000 0.275121
vt 0.616769 0.499729
vt 0.625000 0.474343
vt 0.625000 0.474343
vt 0.625000 0.275120
vt 0.397238 0.341237
vt 0.437346 0.262559
vt 0.615668 0.262559
vt 0.621134 0.280330
vt 0.621134 0.469133
vn -0.777329 -0.080231 0.623958
vn -0.777329 -0.080231 0.623958
vn -0.777329 -0.080231 0.623958
vn -0.777329 -0.080231 0.623958
vn -0.459497 0.543035 0.702834
vn -0.459497 0.543035 0.702834
vn -0.483086 0.514952 0.708133
vn -0.483064 0.514979 0.708128
vn -0.696069 0.109644 0.709554
vn -0.696069 0.109644 0.709554
vn -0.333305 -0.533490 0.777365
vn -0.717722 -0.654506 0.237690
vn -0.522435 -0.852625 0.009640
vn -0.509504 -0.849223 0.138661
vn -0.702193 -0.043793 0.710639
vn -0.702193 -0.043792 0.710639
vn -0.535387 -0.436564 0.723030
vn -0.535387 -0.436564 0.723030
vn 0.179261 -0.820817 0.542333
vn 0.179261 -0.820817 0.542333
vn -0.263635 -0.541049 0.798600
vn 0.352597 -0.932192 0.081811
vn 0.567689 -0.419014 0.708630
vn 0.567689 -0.419014 0.708630
vn 0.563319 -0.424321 0.708959
vn 0.563320 -0.424320 0.708959
vn 0.634994 -0.285894 0.717667
vn 0.634994 -0.285894 0.717667
vn -0.490039 -0.861711 0.131588
vn -0.465394 -0.885096 0.003557
vn 0.690599 -0.130517 0.711363
vn 0.690599 -0.130517 0.711364
vn 0.706775 -0.001050 0.707438
vn 0.706775 -0.001049 0.707438
vn -0.020337 -0.035446 0.999165
vn -0.012658 -0.022062 0.999677
vn 0.000000 0.000000 1.000000
vn 0.000000 0.000000 1.000000
vn 0.000000 0.000000 1.000000
vn 0.000000 0.000000 1.000000
vn 0.000000 0.000000 1.000000
vn 0.000000 0.000000 1.000000
vn 0.000000 0.000002 1.000000
vn 0.000001 0.000003 1.000000
vn 0.000001 0.000004 1.000000
vn 0.000001 0.000004 1.000000
vn 0.000001 0.000004 1.000000
vn 0.563316 -0.424306 -0.708971
vn 0.563315 -0.424307 -0.708971
vn 0.567679 -0.419005 -0.708643
vn 0.567679 -0.419005 -0.708643
vn 0.635003 -0.285885 -0.717663
vn 0.635005 -0.285882 -0.717663
vn 0.179283 -0.820803 -0.542347
vn 0.179283 -0.820803 -0.542347
vn 0.350917 -0.932705 -0.083177
vn -0.264952 -0.539780 -0.799023
vn -0.465346 -0.885122 -0.003635
vn -0.489492 -0.860903 -0.138717
vn 0.690608 -0.130498 -0.711358
vn 0.690608 -0.130499 -0.711358
vn 0.706778 -0.001061 -0.707434
vn 0.706778 -0.001061 -0.707434
vn 0.799352 -0.600863 0.000000
vn 0.799356 -0.600858 0.000000
vn 0.798423 -0.602098 0.000000
vn 0.798423 -0.602098 0.000000
vn 0.642777 -0.766053 0.000000
vn 0.642777 -0.766053 0.000000
vn 0.957775 -0.287520 0.000000
vn 0.957775 -0.287520 0.000000
vn 0.982370 -0.186947 0.000000
vn 0.982370 -0.186947 0.000000
vn 1.000000 -0.000563 0.000000
vn 1.000000 -0.000563 0.000000
vn -0.518964 -0.854784 -0.004581
vn -0.502714 -0.853143 -0.139376
vn -0.481027 0.517454 -0.707710
vn -0.481037 0.517442 -0.707712
vn -0.459665 0.542832 -0.702881
vn -0.459665 0.542832 -0.702881
vn -0.696437 0.107391 -0.709537
vn -0.696437 0.107391 -0.709537
vn -0.778078 -0.084671 -0.622435
vn -0.778078 -0.084671 -0.622435
vn -0.778078 -0.084671 -0.622435
vn -0.778078 -0.084671 -0.622435
vn -0.731766 -0.646913 -0.214530
vn -0.312192 -0.522478 -0.793444
vn -0.702543 -0.039211 -0.710560
vn -0.702543 -0.039212 -0.710560
vn -0.519798 -0.458037 -0.721119
vn -0.519796 -0.458038 -0.721119
vn -0.646503 0.762911 0.000000
vn -0.646503 0.762911 0.000000
vn -0.646503 0.762911 0.000000
vn -0.646503 0.762911 0.000000
vn -0.954272 0.298941 0.000000
vn -0.954272 0.298941 0.000000
vn -0.954272 0.298941 0.000000
vn -0.954272 0.298941 0.000000
vn -0.958315 0.285713 0.000000
vn -0.958315 0.285713 0.000000
vn -0.988887 0.148671 0.000000
vn -0.988887 0.148671 0.000000
vn -0.998853 -0.047890 0.000000
vn -0.998853 -0.047890 0.000000
vn -0.972405 -0.233300 0.000000
vn -0.972405 -0.233300 0.000000
vn 0.000000 0.000000 -1.000000
vn 0.000000 0.000000 -1.000000
vn -0.012462 -0.021720 -0.999686
vn -0.019587 -0.034139 -0.999225
vn 0.000000 0.000000 -1.000000
vn 0.000000 0.000000 -1.000000
vn 0.000000 0.000000 -1.000000
vn 0.000000 0.000000 -1.000000
vn 0.000000 0.000000 -1.000000
vn 0.000000 0.000000 -1.000000
vn 0.000000 0.000000 -1.000000
vn 0.000000 0.000000 -1.000000
vn 0.000000 0.000000 -1.000000
vn -0.371244 0.566396 0.735781
vn -0.371244 0.566395 0.735781
vn -0.371244 0.566396 0.735781
vn -0.103064 0.668516 0.736521
vn -0.187236 0.642755 0.742838
vn -0.831154 0.555937 0.010829
vn -0.831154 0.555937 0.010829
vn -0.831154 0.555937 0.010829
vn -0.831154 0.555937 0.010829
vn -0.368538 0.565336 -0.737953
vn -0.368538 0.565336 -0.737953
vn -0.101706 0.668029 -0.737152
vn -0.034174 0.685095 -0.727651
vn -0.368538 0.565336 -0.737953
vn -0.448805 -0.546423 0.707104
vn -0.448805 -0.546423 0.707104
vn -0.448800 -0.546417 -0.707111
vn -0.448800 -0.546417 -0.707111
vn -0.634704 -0.772755 -0.000001
vn -0.634704 -0.772755 -0.000001
vn -0.634704 -0.772755 -0.000001
vn -0.634704 -0.772755 -0.000001
vn 0.065562 0.704043 0.707125
vn 0.065562 0.704043 0.707125
vn 0.065564 0.704056 -0.707112
vn 0.065564 0.704056 -0.707112
vn 0.065564 0.704056 -0.707112
vn 0.554798 0.671307 0.491473
vn 0.554798 0.671307 0.491473
vn 0.554798 0.671307 0.491473
vn 0.554798 0.671307 0.491473
vn 0.752711 0.658351 0.000001
vn 0.752711 0.658351 0.000001
vn 0.752711 0.658351 0.000001
vn 0.752711 0.658351 0.000001
vn 0.554789 0.671329 -0.491454
vn 0.554789 0.671329 -0.491454
vn 0.554789 0.671329 -0.491454
vn 0.554789 0.671329 -0.491454
vn 0.706419 -0.031189 0.707106
vn 0.706419 -0.031189 0.707106
vn 0.706418 -0.031186 -0.707107
vn 0.706418 -0.031186 -0.707107
vn 0.706418 -0.031186 -0.707107
vn 0.999027 -0.044100 0.000000
vn 0.999027 -0.044100 0.000000
vn 0.092722 0.995692 0.000001
vn 0.092722 0.995692 0.000001
vn 0.092722 0.995692 0.000001
vn 0.092722 0.995692 0.000001
vn 0.092722 0.995692 0.000001
vn 0.092722 0.995692 0.000001
vn 0.092722 0.995692 0.000001
vn 0.092722 0.995692 0.000001
s off
g Grip
usemtl standardSurface2SG
f 17/25/53 18/26/54 22/71/55 21/38/56
s 1
f 18/27/57 17/35/58 20/41/59 19/28/60
f 19/28/60 20/41/59 26/43/61 25/73/62
s 2
f 21/38/63 22/71/64 23/61/65 24/29/66
s 1
f 25/73/62 26/43/61 28/45/67 27/75/68
f 27/75/68 28/45/67 30/99/69 29/91/70
s 2
f 31/30/71 32/31/72 36/39/73 35/52/74
s 4
f 32/32/75 31/48/76 33/33/77 34/34/78
f 34/36/78 33/56/77 39/58/79 40/42/80
s 2
f 35/52/74 36/39/73 37/40/81 38/54/82
s 4
f 40/42/80 39/58/79 41/60/83 42/44/84
f 42/44/84 41/60/83 43/106/85 44/100/86
s 2
f 17/35/87 32/32/88 34/36/89 20/41/90
f 32/37/88 17/25/87 21/38/63 36/39/73
f 36/39/73 21/38/63 24/29/66 37/40/81
f 20/41/90 34/36/89 40/42/91 26/43/92
f 26/43/92 40/42/91 42/44/93 28/45/94
f 28/45/94 42/44/93 44/100/95 30/99/96
f 30/99/96 44/100/95 82/103/97 84/104/98 77/98/99
s 6
f 45/84/100 46/46/101 48/47/102 47/78/103
f 46/46/101 45/84/100 53/86/104 54/57/105
s 2
f 47/78/106 48/47/107 50/53/108 49/80/109
f 49/80/109 50/53/108 51/55/110 52/82/111
s 6
f 54/57/105 53/86/104 55/88/112 56/59/113
f 56/59/113 55/88/112 57/95/114 58/109/115
s 2
f 31/48/116 48/49/117 46/50/118 33/33/119
f 48/51/117 31/30/116 35/52/74 50/53/108
f 50/53/108 35/52/74 38/54/82 51/55/110
f 33/56/119 46/46/118 54/57/120 39/58/121
s 9
f 39/58/122 54/57/123 56/59/124 41/60/125
f 41/60/125 56/59/124 58/109/126 43/106/127
s 2
f 65/66/128 66/83/129 52/82/111 51/55/110 38/54/82 37/40/81 24/29/66 23/61/65
s 10
f 59/62/130 60/63/131 62/64/132 61/67/133
f 60/77/131 59/72/130 67/74/134 68/85/135
s off
f 61/65/136 62/79/137 64/81/138 63/70/139
s 2
f 63/70/140 64/81/141 66/83/129 65/66/128
s 10
f 68/85/135 67/74/134 69/76/142 70/87/143
f 70/87/143 69/76/142 71/90/144 72/96/145
s off
f 61/67/146 18/27/147 19/68/148 59/62/149
f 18/69/150 61/65/151 63/70/152 22/71/153
s 2
f 22/71/64 63/70/140 65/66/128 23/61/65
s 11
f 59/72/154 19/28/155 25/73/156 67/74/157
f 67/74/157 25/73/156 27/75/158 69/76/159
f 69/76/159 27/75/158 29/91/160 71/90/161
s 2
f 60/77/162 45/84/163 47/78/164 62/79/165
f 62/79/165 47/78/164 49/80/109 64/81/141
f 64/81/141 49/80/109 52/82/111 66/83/129
f 45/84/163 60/77/162 68/85/166 53/86/167
f 53/86/167 68/85/166 70/87/168 55/88/169
f 55/88/169 70/87/168 72/96/170 57/95/171
f 57/95/171 72/96/170 78/94/172 81/97/173 79/101/174
s 13
f 73/111/175 74/89/176 77/98/177 84/104/178 83/112/179
s off
f 74/89/180 73/111/181 75/93/182 76/92/183
s 14
f 76/92/184 75/93/185 80/102/186 81/97/187 78/94/188
s 1
f 29/91/70 30/99/69 77/98/189 74/89/190
s 10
f 72/96/145 71/90/144 76/92/191 78/94/192
s off
f 71/90/193 29/91/194 74/89/195 76/92/196
s 13
f 82/103/197 91/113/198 83/112/179 84/104/178
s 14
f 89/105/199 90/107/200 79/101/201 81/97/187 80/102/186
s off
f 85/110/202 86/114/203 91/113/204 82/103/205
f 86/114/206 85/110/207 88/108/208 87/115/209
f 87/115/210 88/108/211 90/107/212 89/105/213
s 4
f 44/100/86 43/106/85 85/110/214 82/103/215
s 6
f 58/109/115 57/95/114 79/101/216 90/107/217 88/108/218
s 9
f 43/106/127 58/109/126 88/108/219 85/110/220
s off
f 73/111/221 83/112/222 91/113/223 86/114/224 87/115/225 89/105/226 80/102/227 75/93/228
g default
v 9.982081 6.989849 -0.123771
v 9.982081 6.874544 -0.239076
v 11.758518 6.874544 -0.239076
v 11.758518 6.989849 -0.123771
v 9.982081 6.922849 -0.056771
v 9.982081 6.807544 -0.172076
v 7.289081 6.922849 -0.056771
v 7.289081 6.807544 -0.172076
v 7.098081 6.852161 -0.210076
v 7.089230 6.975010 -0.102597
v 6.996081 6.853051 -0.210076
v 7.006079 6.976847 -0.103745
v 6.810081 6.914849 -0.048771
v 6.810081 6.799544 -0.164076
v 6.301081 6.799544 -0.164076
v 6.301081 6.914849 -0.048771
v 11.758518 6.784544 -0.149076
v 11.758518 6.899849 -0.033771
v 6.303518 6.899849 -0.033771
v 6.303518 6.784544 -0.149076
v 9.982081 6.511576 -0.147602
v 9.982081 6.603050 -0.239076
v 11.758518 6.511576 -0.147602
v 11.758518 6.603050 -0.239076
v 9.982081 6.578576 -0.080602
v 9.982081 6.670050 -0.172076
v 7.289081 6.578576 -0.080602
v 7.289081 6.670050 -0.172076
v 7.091059 6.529341 -0.124810
v 7.098081 6.626801 -0.210076
v 7.004013 6.527884 -0.125721
v 6.996081 6.626094 -0.210076
v 6.810081 6.586576 -0.072602
v 6.810081 6.678050 -0.164076
v 6.301081 6.678050 -0.164076
v 6.301081 6.586576 -0.072602
v 11.758518 6.601576 -0.057602
v 11.758518 6.693051 -0.149076
v 6.303518 6.693051 -0.149076
v 6.303518 6.601576 -0.057602
v 9.982081 6.898434 0.239076
v 9.982081 6.989849 0.147662
v 11.758518 6.898434 0.239076
v 11.758518 6.989849 0.147662
v 9.982081 6.831434 0.172076
v 9.982081 6.922849 0.080662
v 7.289081 6.831649 0.172076
v 7.289081 6.922849 0.080447
v 7.098081 6.874972 0.210076
v 7.090730 6.972611 0.125233
v 6.996081 6.875633 0.210076
v 7.004341 6.974066 0.126097
v 6.810081 6.823756 0.164076
v 6.810081 6.914849 0.072341
v 6.301081 6.914849 0.072662
v 6.301081 6.823434 0.164076
v 11.758518 6.808434 0.149076
v 11.758518 6.899849 0.057662
v 6.303518 6.808434 0.149076
v 6.303518 6.899849 0.057662
v 9.982081 6.511576 0.135748
v 9.982081 6.614905 0.239076
v 11.758518 6.511576 0.135748
v 11.758518 6.614905 0.239076
v 9.982081 6.578576 0.068748
v 9.982081 6.681904 0.172076
v 7.289081 6.578576 0.068506
v 7.289081 6.681662 0.172076
v 7.089867 6.527433 0.114084
v 7.098081 6.637715 0.210076
v 7.005325 6.525786 0.115062
v 6.996081 6.636967 0.210076
v 6.810081 6.586576 0.060387
v 6.810081 6.689542 0.164076
v 6.301081 6.586576 0.060748
v 6.301081 6.689904 0.164076
v 11.758518 6.601576 0.045748
v 11.758518 6.704905 0.149076
v 6.303518 6.601576 0.045748
v 6.303518 6.704905 0.149076
v 7.078629 6.991972 -0.060635
v 7.078353 6.992413 0.059903
v 7.076310 6.994284 0.058161
v 7.015825 6.992440 0.059937
v 7.017912 6.994315 0.058154
v 7.076254 7.251240 0.003816
v 7.017907 7.251240 0.003816
v 7.016081 6.994181 -0.058183
v 7.015797 6.992395 -0.059748
v 7.075463 6.992849 -0.057666
v 7.076643 6.992413 -0.059543
v 7.073518 6.993987 -0.058224
v 7.017537 7.252849 -0.002164
v 7.016081 7.251494 -0.003762
v 7.073569 7.251360 -0.003791
v 7.075621 7.252849 -0.002515
v 7.078081 6.994513 -0.053566
v 7.078238 6.992598 -0.056603
v 7.077246 6.992849 -0.055842
v 7.078081 7.251261 0.000740
v 7.077126 7.252849 -0.000976
v 7.078081 6.994611 0.055186
v 7.077236 6.993534 0.057380
v 7.078219 6.992628 0.058309
v 7.016081 6.994623 0.055202
v 7.015950 6.992640 0.058346
v 7.016949 6.993545 0.057384
v 7.076629 7.252721 0.001904
v 7.078081 7.251331 0.000507
v 7.016081 7.251331 0.000507
v 7.017532 7.252721 0.001904
v 7.078081 6.480943 -0.048326
v 7.083576 6.517367 -0.086554
v 7.078081 6.481317 0.048464
v 7.083908 6.517898 0.085962
v 7.016081 6.480810 0.048278
v 7.010703 6.517180 0.086760
v 7.016081 6.480549 -0.048182
v 7.010932 6.516813 -0.087158
v 7.067258 6.398575 -0.009055
v 7.078081 6.407932 -0.021540
v 7.067021 6.398575 0.008856
v 7.078081 6.408138 0.021616
v 7.026903 6.398575 0.009055
v 7.016081 6.407932 0.021540
v 7.027140 6.398575 -0.008856
v 7.016081 6.408138 -0.021616
vt 0.185287 0.250000
vt 0.125000 0.250000
vt 0.375000 0.560272
vt 0.625000 0.439713
vt 0.875000 0.189728
vt 0.875000 0.250000
vt 0.875000 0.153356
vt 0.375000 0.797827
vt 0.625000 0.702185
vt 0.125000 0.000000
vt 0.827173 0.000000
vt 0.875000 0.000000
vt 0.125000 0.069663
vt 0.798299 0.000000
vt 0.625000 0.560272
vt 0.375000 0.702185
vt 0.125000 0.189728
vt 0.125000 0.047815
vt 0.125000 0.066426
vt 0.125000 0.166269
vt 0.125000 0.066426
vt 0.125000 0.166269
vt 0.125000 0.051291
vt 0.125000 0.185347
vt 0.125000 0.050871
vt 0.125000 0.185876
vt 0.125000 0.069663
vt 0.125000 0.162188
vt 0.125000 0.162188
vt 0.875000 0.047815
vt 0.875000 0.153356
vt 0.875000 0.076670
vt 0.875000 0.076670
vt 0.375000 0.297796
vt 0.625000 0.250000
vt 0.701651 0.250000
vt 0.625000 0.297796
vt 0.375000 0.439713
vt 0.327204 0.250000
vt 0.208760 0.250000
vt 0.308594 0.250000
vt 0.208760 0.250000
vt 0.308438 0.250000
vt 0.211346 0.250000
vt 0.212844 0.250000
vt 0.305112 0.250000
vt 0.212844 0.250000
vt 0.305357 0.250000
vt 0.814713 0.250000
vt 0.672796 0.250000
vt 0.701651 0.250000
vt 0.778317 0.250000
vt 0.778317 0.250000
vt 0.625000 0.173380
vt 0.320975 0.000000
vt 0.375000 0.000000
vt 0.375000 1.000000
vt 0.625000 0.945975
vt 0.625000 1.000000
vt 0.296280 0.000000
vt 0.625000 0.086606
vt 0.625000 0.797827
vt 0.375000 0.945975
vt 0.172827 0.000000
vt 0.299940 0.000000
vt 0.191450 0.000000
vt 0.299764 0.000000
vt 0.191449 0.000000
vt 0.296005 0.000000
vt 0.194689 0.000000
vt 0.194689 0.000000
vt 0.679025 0.000000
vt 0.798299 0.000000
vt 0.711641 0.000000
vt 0.711641 0.000000
vt 0.625000 0.054011
vt 0.375000 0.202216
vt 0.375000 0.054011
vt 0.375000 0.183618
vt 0.375000 0.075034
vt 0.375000 0.183774
vt 0.375000 0.074858
vt 0.375000 0.198916
vt 0.375000 0.057783
vt 0.375000 0.199309
vt 0.375000 0.057339
vt 0.375000 0.180627
vt 0.375000 0.078415
vt 0.375000 0.180382
vt 0.375000 0.078691
vt 0.625000 0.202216
vt 0.625000 0.086606
vt 0.625000 0.173380
vt 0.129248 0.250000
vt 0.374582 0.250000
vt 0.375000 0.250000
vt 0.374546 0.250000
vt 0.375000 0.250000
vt 0.355598 0.250000
vt 0.372905 0.250000
vt 0.127110 0.250000
vt 0.125000 0.250000
vt 0.172161 0.250000
vt 0.125000 0.250000
vt 0.131530 0.250000
vt 0.130607 0.250000
vt 0.367992 0.250000
vt 0.373005 0.250000
vt 0.257065 0.250000
vt 0.125000 0.250000
vt 0.143168 0.250000
vt 0.354199 0.250000
vt 0.125516 0.250000
vt 0.126708 0.250000
vt 0.159551 0.250000
vt 0.372990 0.250000
vt 0.375000 0.250000
vt 0.375000 0.250000
vt 0.317475 0.250000
vt 0.214883 0.250000
vt 0.317488 0.250000
vt 0.367223 0.250000
vt 0.125000 0.250000
vt 0.257058 0.250000
vt 0.135472 0.250000
vt 0.264899 0.250000
vt 0.372895 0.250000
vt 0.144063 0.000000
vt 0.147098 0.000000
vt 0.357067 0.000000
vt 0.361329 0.000000
vt 0.347349 0.000000
vt 0.133072 0.000000
vt 0.176787 0.000000
vt 0.366035 0.000000
vt 0.187494 0.000000
vt 0.188862 0.000000
vt 0.311138 0.000000
vt 0.312506 0.000000
vt 0.375000 0.000000
vt 0.125000 0.000000
vt 0.375000 0.000000
vt 0.375000 0.000000
vt 0.125000 0.000000
vt 0.375000 0.000000
vt 0.125000 0.000000
vt 0.125000 0.000000
vn -1.000000 -0.000001 0.000000
vn -1.000000 -0.000000 0.000000
vn -1.000000 -0.000000 0.000000
vn -1.000000 -0.000001 0.000000
vn 0.000000 0.707107 -0.707106
vn 0.000000 0.707107 -0.707106
vn 0.000000 0.707107 -0.707106
vn 0.000000 0.707107 -0.707106
vn 1.000000 0.000000 0.000000
vn 1.000000 0.000000 0.000000
vn 1.000000 -0.000000 0.000000
vn 1.000000 0.000000 0.000000
vn 0.000000 0.707107 -0.707106
vn 0.000000 0.707107 -0.707106
vn 0.025276 0.705538 -0.708221
vn 0.018267 0.706019 -0.707957
vn 0.213146 0.662194 -0.718378
vn 0.217338 0.681664 -0.698640
vn -0.243789 0.656385 -0.713950
vn -0.252227 0.674627 -0.693729
vn -0.122430 0.696220 -0.707311
vn -0.090785 0.700063 -0.708287
vn 0.000000 0.707107 -0.707106
vn 0.000000 0.707107 -0.707106
vn 0.000000 -0.707108 0.707106
vn 0.000000 -0.707108 0.707106
vn 0.000000 -0.707108 0.707106
vn 0.000000 -0.707108 0.707106
vn -1.000000 -0.000001 0.000000
vn -1.000000 -0.000001 0.000000
vn -1.000000 -0.000001 0.000000
vn -1.000000 -0.000001 0.000000
vn -1.000000 -0.000001 0.000000
vn -1.000000 -0.000001 0.000000
vn -1.000000 -0.000001 0.000000
vn -1.000000 -0.000001 0.000000
vn 0.000000 -0.707107 -0.707106
vn 0.000000 -0.707107 -0.707106
vn 0.000000 -0.707107 -0.707106
vn 0.000000 -0.707107 -0.707106
vn -1.000000 0.000000 0.000000
vn -1.000000 0.000000 0.000000
vn -1.000000 0.000000 0.000000
vn -1.000000 0.000000 0.000000
vn 1.000000 0.000000 0.000000
vn 1.000000 0.000000 0.000000
vn 1.000000 0.000000 0.000000
vn 1.000000 0.000000 0.000000
vn 0.000000 -0.707107 -0.707106
vn 0.000000 -0.707107 -0.707106
vn 0.017727 -0.706018 -0.707972
vn 0.024508 -0.705542 -0.708245
vn 0.219373 -0.662644 -0.716086
vn 0.204699 -0.663087 -0.720010
vn -0.258227 -0.655422 -0.709747
vn -0.236450 -0.657260 -0.715612
vn -0.088291 -0.700179 -0.708487
vn -0.119097 -0.696448 -0.707655
vn 0.000000 -0.707107 -0.707106
vn 0.000000 -0.707107 -0.707106
vn 0.000000 0.707107 0.707106
vn 0.000000 0.707107 0.707106
vn 0.000000 0.707107 0.707106
vn 0.000000 0.707107 0.707106
vn 0.000000 0.000000 -1.000000
vn 0.000000 0.000000 -1.000000
vn 0.000000 0.000000 -1.000000
vn 0.000000 0.000000 -1.000000
vn 0.000000 0.000000 -1.000000
vn 0.000000 0.000000 -1.000000
vn 0.019043 0.000000 -0.999819
vn 0.019104 0.000000 -0.999817
vn 0.111724 0.000000 -0.993739
vn 0.111446 0.000000 -0.993770
vn -0.133314 0.000000 -0.991074
vn -0.133069 0.000000 -0.991107
vn -0.092836 0.000000 -0.995681
vn -0.093056 0.000000 -0.995661
vn 0.000000 0.000000 -1.000000
vn 0.000000 0.000000 -1.000000
vn 0.000000 0.000000 1.000000
vn 0.000000 0.000000 1.000000
vn 0.000000 0.000000 1.000000
vn 0.000000 0.000000 1.000000
vn -1.000000 -0.000000 0.000000
vn -1.000000 -0.000001 0.000000
vn -1.000000 -0.000001 0.000000
vn -1.000000 -0.000000 0.000000
vn 0.000000 0.707107 0.707106
vn 0.000000 0.707107 0.707106
vn 0.000000 0.707107 0.707106
vn 0.000000 0.707107 0.707106
vn 1.000000 -0.000000 0.000000
vn 1.000000 -0.000000 0.000000
vn 1.000000 -0.000000 0.000000
vn 1.000000 -0.000000 0.000000
vn 0.000000 0.707938 0.706275
vn 0.000000 0.707938 0.706275
vn 0.017795 0.706802 0.707187
vn 0.024669 0.706303 0.707479
vn 0.220646 0.661725 0.716544
vn 0.206209 0.662062 0.720522
vn -0.259693 0.654777 0.709807
vn -0.238217 0.656449 0.715770
vn -0.088550 0.701235 0.707409
vn -0.119718 0.697392 0.706620
vn -0.000001 0.708349 0.705862
vn -0.000001 0.708349 0.705862
vn 0.000000 -0.707107 -0.707106
vn 0.000000 -0.707107 -0.707106
vn 0.000000 -0.707107 -0.707106
vn 0.000000 -0.707107 -0.707106
vn 0.011238 0.960305 0.278727
vn 0.011238 0.960305 0.278727
vn 0.011238 0.960305 0.278727
vn 0.011238 0.960305 0.278727
vn 0.000000 1.000000 0.000000
vn 0.000000 1.000000 0.000000
vn 0.000000 1.000000 0.000000
vn 0.000000 1.000000 0.000000
vn 0.000000 1.000000 0.000000
vn 0.000000 1.000000 0.000000
vn 0.028516 0.999593 0.000615
vn 0.028451 0.999595 0.000614
vn 0.247948 0.968758 0.005348
vn 0.247948 0.968759 0.005348
vn -0.296603 0.954982 0.006098
vn -0.296603 0.954982 0.006098
vn -0.130426 0.991454 0.002682
vn -0.130209 0.991483 0.002677
vn 0.000000 1.000000 0.000000
vn 0.000000 1.000000 0.000000
vn 0.847998 0.530000 0.000001
vn 0.847998 0.530000 0.000001
vn 0.847998 0.530000 0.000001
vn 0.849343 0.527842 0.000001
vn 0.849239 0.528008 0.000033
vn 0.847974 0.530038 0.000008
vn 0.000000 -1.000000 0.000000
vn 0.000000 -1.000000 0.000000
vn 0.000000 -1.000000 0.000000
vn 0.000000 -1.000000 0.000000
vn 1.000000 -0.000001 0.000000
vn 1.000000 -0.000001 0.000000
vn 1.000000 -0.000001 0.000000
vn 1.000000 -0.000001 0.000000
vn 1.000000 -0.000001 0.000000
vn 1.000000 -0.000001 0.000000
vn 1.000000 -0.000001 0.000000
vn 1.000000 -0.000001 0.000000
vn -1.000000 -0.000000 0.000000
vn -1.000000 -0.000000 0.000000
vn -1.000000 -0.000000 0.000000
vn -1.000000 0.000000 0.000000
vn 0.000000 -0.707106 0.707107
vn 0.000000 -0.707106 0.707107
vn 0.000000 -0.707106 0.707107
vn 0.000000 -0.707106 0.707107
vn 1.000000 -0.000000 0.000000
vn 1.000000 -0.000000 0.000000
vn 1.000000 -0.000000 0.000000
vn 1.000000 -0.000000 0.000000
vn 0.000000 -0.707934 0.706279
vn 0.000000 -0.707934 0.706279
vn 0.025035 -0.706315 0.707455
vn 0.018049 -0.706812 0.707171
vn 0.210179 -0.662004 0.719427
vn 0.224758 -0.661591 0.715389
vn -0.241622 -0.656396 0.714677
vn -0.263295 -0.654602 0.708641
vn -0.121313 -0.697341 0.706399
vn -0.089731 -0.701222 0.707274
vn -0.000002 -0.708343 0.705868
vn -0.000002 -0.708343 0.705868
vn 0.000000 0.707107 -0.707107
vn 0.000000 0.707107 -0.707107
vn 0.000000 0.707107 -0.707107
vn 0.000000 0.707107 -0.707107
vn 0.000000 -1.000000 0.000000
vn 0.000000 -1.000000 0.000000
vn 0.000000 -1.000000 0.000000
vn 0.000000 -1.000000 0.000000
vn 0.000000 -1.000000 0.000000
vn 0.000000 -1.000000 0.000000
vn 0.027536 -0.999621 -0.000451
vn 0.027434 -0.999624 -0.000450
vn 0.244974 -0.969521 -0.004014
vn 0.244974 -0.969521 -0.004014
vn -0.293474 -0.955957 -0.004337
vn -0.293474 -0.955957 -0.004337
vn -0.126439 -0.991973 -0.001868
vn -0.126215 -0.992001 -0.001865
vn 0.000000 -1.000000 0.000000
vn 0.000000 -1.000000 0.000000
vn 0.000000 1.000000 0.000000
vn 0.000000 1.000000 0.000000
vn 0.000000 1.000000 0.000000
vn 0.000000 1.000000 0.000000
vn 0.000000 0.000000 1.000000
vn 0.000000 0.000000 1.000000
vn 0.000000 0.000000 1.000000
vn 0.000000 0.000000 1.000000
vn 0.000000 0.000000 1.000000
vn 0.000000 0.000000 1.000000
vn 0.018699 0.000000 0.999825
vn 0.018726 0.000000 0.999825
vn 0.112405 0.000000 0.993662
vn 0.112278 0.000000 0.993677
vn -0.134321 0.000000 0.990938
vn -0.134213 0.000000 0.990953
vn -0.091176 0.000000 0.995835
vn -0.091277 0.000000 0.995826
vn 0.000000 0.000000 1.000000
vn 0.000000 0.000000 1.000000
vn 0.000000 0.000000 -1.000000
vn 0.000000 0.000000 -1.000000
vn 0.000000 0.000000 -1.000000
vn 0.000000 0.000000 -1.000000
vn 0.015052 0.935261 -0.353638
vn 0.015294 0.933186 -0.359069
vn 0.191567 0.975721 -0.106161
vn 0.141683 0.980165 -0.138576
vn 0.141683 0.980165 -0.138576
vn 0.000494 0.685238 0.728319
vn 0.000494 0.685238 0.728319
vn 0.000494 0.685238 0.728319
vn 0.000494 0.685238 0.728319
vn -0.000000 0.206917 0.978359
vn -0.000000 0.206917 0.978359
vn -0.000000 0.206917 0.978359
vn -0.000000 0.206917 0.978359
vn 0.652471 0.756353 0.047037
vn 0.652471 0.756353 0.047037
vn -0.847945 0.530084 0.000008
vn -0.646078 0.761936 0.045128
vn -0.646078 0.761936 0.045128
vn -0.849229 0.528025 0.000037
vn -0.999994 0.003515 0.000011
vn -0.850416 0.526111 0.000004
vn -0.999993 0.003778 0.000012
vn 0.014595 0.929485 -0.368570
vn 0.000019 0.211144 -0.977455
vn 0.016436 0.212712 -0.976977
vn 0.557604 0.171802 -0.812134
vn 0.020904 0.206879 -0.978143
vn 0.626718 0.161256 -0.762379
vn -0.699506 0.714206 0.024523
vn -0.699506 0.714206 0.024523
vn -0.699506 0.714206 0.024523
vn -0.699506 0.714206 0.024523
vn -0.001476 0.711556 -0.702628
vn -0.001476 0.711556 -0.702628
vn -0.001476 0.711556 -0.702628
vn -0.001476 0.711556 -0.702628
vn 0.999514 0.008951 -0.029864
vn 0.999996 0.002814 0.000001
vn 0.773502 0.131174 -0.620070
vn 0.829830 0.115535 -0.545925
vn 0.999807 0.004069 -0.019218
vn 0.760095 0.630744 0.156262
vn 0.760095 0.630745 0.156262
vn 0.760095 0.630745 0.156262
vn 0.760095 0.630744 0.156262
vn 0.865347 0.105521 0.489938
vn 0.841352 0.113826 0.528366
vn 0.841352 0.113826 0.528366
vn 0.853180 0.109839 0.509920
vn -0.838023 0.114877 0.533404
vn -0.860476 0.107168 0.498093
vn -0.849124 0.111157 0.516365
vn -0.838023 0.114877 0.533404
vn 0.000001 0.206919 -0.978358
vn -0.847973 0.530040 0.000000
vn -0.847973 0.530040 0.000000
vn 0.885463 0.097819 0.454299
vn 0.885463 0.097819 0.454299
vn -0.879533 0.099993 0.465213
vn -0.879533 0.099993 0.465213
vn -0.000000 0.790638 0.612284
vn -0.000000 0.790638 0.612284
vn -0.000000 0.790638 0.612284
vn -0.000000 0.790638 0.612284
vn -0.000303 0.999542 0.030278
vn -0.000303 0.999542 0.030278
vn -0.000303 0.999541 0.030278
vn -0.000303 0.999542 0.030278
vn -0.000303 0.999541 0.030278
vn -1.000000 0.000001 0.000000
vn -1.000000 0.000001 0.000000
vn 1.000000 -0.000003 0.000000
vn 0.480787 0.871107 0.100088
vn -0.198219 0.824561 -0.529913
vn -0.198219 0.824561 -0.529913
vn -0.198219 0.824561 -0.529913
vn 0.273756 0.817410 0.506851
vn 0.273756 0.817410 0.506851
vn 0.273756 0.817410 0.506851
vn -0.255481 0.822663 0.507893
vn -0.255481 0.822663 0.507894
vn -0.255481 0.822663 0.507894
vn 0.993493 -0.113892 -0.000522
vn 0.890966 -0.454070 -0.000155
vn 0.891537 -0.452948 -0.000158
vn 0.993487 -0.113947 -0.000523
vn 0.011381 -0.864401 -0.502674
vn 0.003361 -0.526457 -0.850195
vn 0.003320 -0.524305 -0.851524
vn 0.011435 -0.866094 -0.499751
vn 0.004349 -0.522720 0.852494
vn 0.013358 -0.838174 0.545240
vn 0.013435 -0.840440 0.541738
vn 0.004280 -0.519988 0.854163
vn -0.994273 -0.106874 -0.000376
vn -0.893922 -0.448223 -0.000117
vn -0.893535 -0.448994 -0.000116
vn -0.994277 -0.106833 -0.000376
vn 0.014789 -0.957756 -0.287200
vn 0.014789 -0.957756 -0.287200
vn 0.017723 -0.951910 0.305864
vn 0.017723 -0.951910 0.305864
vn 0.848015 -0.529972 0.000000
vn 0.848015 -0.529972 0.000000
vn -0.847986 -0.530018 0.000001
vn -0.847986 -0.530018 0.000001
vn 0.653982 -0.756493 0.005083
vn 0.653981 -0.756493 0.005083
vn 0.653981 -0.756493 0.005083
vn 0.653981 -0.756493 0.005083
vn -0.002333 -0.800225 -0.599695
vn -0.002333 -0.800225 -0.599695
vn -0.002333 -0.800225 -0.599695
vn -0.002333 -0.800225 -0.599695
vn 0.002333 -0.800226 0.599694
vn 0.002333 -0.800226 0.599694
vn 0.002333 -0.800226 0.599694
vn 0.002333 -0.800226 0.599694
vn -0.653981 -0.756493 -0.005083
vn -0.653982 -0.756493 -0.005083
vn -0.653982 -0.756493 -0.005083
vn -0.653982 -0.756493 -0.005083
vn 0.000000 -1.000000 0.000000
vn 0.000000 -1.000000 0.000000
vn 0.000000 -1.000000 0.000000
vn 0.000000 -1.000000 0.000000
vn 1.000000 -0.000001 0.000000
vn 1.000000 -0.000001 0.000000
vn 0.000001 -0.344431 0.938811
vn 0.000001 -0.344431 0.938812
vn -1.000000 0.000004 0.000000
vn -1.000000 0.000004 0.000000
vn -0.000001 -0.344431 -0.938812
vn -0.000001 -0.344431 -0.938812
s 1
g Barrel
usemtl standardSurface3SG
f 92/116/229 93/117/230 97/135/231 96/155/232
s off
f 93/118/233 92/153/234 95/119/235 94/130/236
s 2
f 94/120/237 95/121/238 109/167/239 108/146/240
s 3
f 96/155/241 97/135/242 99/137/243 98/157/244
f 98/157/244 99/137/243 100/139/245 101/159/246
f 101/159/246 100/139/245 102/141/247 103/226/248
f 103/226/248 102/141/247 105/143/249 104/160/250
f 104/160/250 105/143/249 106/144/251 107/162/252
s off
f 108/146/253 109/167/254 110/168/255 111/122/256
f 126/128/257 127/186/258 166/175/259 167/205/260 147/204/261 146/163/262 107/162/263 106/144/264
f 112/123/265 113/131/266 115/124/267 114/177/268
s 1
f 113/125/269 112/179/270 116/181/271 117/134/272
s 2
f 114/126/273 115/127/274 129/147/275 128/188/276
s 5
f 117/134/277 116/181/278 118/183/279 119/136/280
f 119/136/280 118/183/279 120/243/281 121/138/282
f 121/138/282 120/243/281 122/249/283 123/140/284
f 123/140/284 122/249/283 124/185/285 125/142/286
f 125/142/286 124/185/285 127/186/287 126/128/288
s off
f 128/188/289 129/147/290 130/148/291 131/129/292
f 93/118/293 94/130/294 115/124/295 113/131/296
s 1
f 93/132/230 113/133/269 117/134/272 97/135/231
s 6
f 97/135/297 117/134/298 119/136/299 99/137/300
f 99/137/300 119/136/299 121/138/301 100/139/302
f 100/139/302 121/138/301 123/140/303 102/141/304
f 102/141/304 123/140/303 125/142/305 105/143/306
f 105/143/306 125/142/305 126/128/307 106/144/308
s 2
f 115/145/274 94/120/237 108/146/240 129/147/275
s off
f 129/147/309 108/146/310 111/122/311 130/148/312
s 1
f 132/192/313 133/149/314 137/156/315 136/194/316
s off
f 133/149/317 132/192/318 134/206/319 135/152/320
s 2
f 135/150/321 134/206/322 148/208/323 149/166/324
s 8
f 136/194/325 137/156/326 139/158/327 138/196/328
f 138/196/328 139/158/327 141/214/329 140/198/330
f 140/198/330 141/214/329 143/227/331 142/200/332
f 142/200/332 143/227/331 145/161/333 144/202/334
f 144/202/334 145/161/333 146/163/335 147/204/336
s off
f 149/166/337 148/208/338 150/169/339 151/151/340
f 143/227/341 141/214/342 173/210/343 175/212/344
f 133/149/345 135/152/346 95/119/347 92/153/348
s 1
f 133/154/314 92/116/229 96/155/232 137/156/315
s 9
f 137/156/349 96/155/350 98/157/351 139/158/352
f 139/158/352 98/157/351 101/159/353 141/214/354
s 10
f 143/227/355 103/226/356 104/160/357 145/161/358
f 145/161/358 104/160/357 107/162/359 146/163/360
s 3
f 141/214/361 101/159/362 172/209/363 189/220/364 195/242/365 173/210/366
s 2
f 95/164/238 135/165/321 149/166/324 109/167/239
s off
f 109/167/367 149/166/368 151/151/369 110/168/370
f 171/176/371 170/190/372 131/129/373 130/148/374 111/122/375 110/168/376 151/151/377 150/169/378
s 1
f 152/170/379 153/171/380 157/195/381 156/180/382
s off
f 153/172/383 152/178/384 154/173/385 155/174/386
s 2
f 155/191/387 154/187/388 168/189/389 169/207/390
s 12
f 156/180/391 157/195/392 159/197/393 158/182/394
f 158/182/394 159/197/393 161/199/395 160/247/396
f 160/247/396 161/199/395 163/201/397 162/245/398
f 162/245/398 163/201/397 165/203/399 164/184/400
f 164/184/400 165/203/399 167/205/401 166/175/402
s off
f 169/207/403 168/189/404 170/190/405 171/176/406
f 112/123/407 114/177/408 154/173/409 152/178/410
s 1
f 112/179/270 152/170/379 156/180/382 116/181/271
s 13
f 116/181/411 156/180/412 158/182/413 118/183/414
f 118/183/414 158/182/413 160/247/415 120/243/416
s 14
f 122/249/417 162/245/418 164/184/419 124/185/420
f 124/185/420 164/184/419 166/175/421 127/186/422
s 2
f 154/187/388 114/126/273 128/188/276 168/189/389
s off
f 168/189/423 128/188/424 131/129/425 170/190/426
f 153/193/427 155/191/428 134/206/429 132/192/430
s 1
f 153/193/380 132/192/313 136/194/316 157/195/381
s 15
f 157/195/431 136/194/432 138/196/433 159/197/434
f 159/197/434 138/196/433 140/198/435 161/199/436
f 161/199/436 140/198/435 142/200/437 163/201/438
f 163/201/438 142/200/437 144/202/439 165/203/440
f 165/203/440 144/202/439 147/204/441 167/205/442
s 2
f 134/206/322 155/191/387 169/207/390 148/208/323
s off
f 148/208/443 169/207/444 171/176/445 150/169/446
s 3
f 172/209/447 182/216/448 181/229/449 190/221/450 189/220/451
s off
f 173/210/452 174/211/453 176/213/454 175/212/455
f 178/232/456 176/213/457 174/211/458 177/233/459
s 3
f 173/210/366 195/242/365 194/231/460 174/211/461
s 16
f 175/212/462 176/213/463 198/223/464 197/215/465
f 179/225/466 180/228/467 197/215/465 196/237/468
s 3
f 180/228/469 179/225/470 183/217/471 182/216/448
f 181/229/472 183/217/471 186/219/473 187/230/474
s off
f 184/218/475 185/238/476 201/224/477 202/236/478
f 185/238/479 184/218/480 187/230/481 186/219/482
s 3
f 189/220/364 188/240/483 193/222/484 195/242/365
f 188/240/483 190/221/485 192/235/486 191/241/487
s off
f 191/241/488 192/235/489 199/234/490 200/239/491
s 18
f 194/231/492 193/222/493 200/239/494 199/234/495
s 19
f 196/237/496 198/223/497 202/236/498 201/224/499
s 3
f 186/219/473 183/217/471 179/225/470 185/238/500
f 101/159/246 103/226/248 180/228/469 182/216/448 172/209/447
s 16
f 103/226/501 143/227/502 175/212/462 197/215/465 180/228/467
s 3
f 192/235/486 190/221/485 181/229/472 187/230/474
s 18
f 174/211/503 194/231/492 199/234/495 177/233/504
s 19
f 202/236/498 198/223/497 176/213/505 178/232/506
s off
f 177/233/507 199/234/508 202/236/509 178/232/510
f 199/234/511 192/235/512 187/230/513 184/218/514 202/236/515
s 16
f 179/225/466 196/237/468 201/224/516 185/238/517
s 3
f 200/239/518 193/222/484 188/240/483 191/241/487
f 181/229/449 182/216/448 183/217/519
s off
f 188/240/520 189/220/521 190/221/522
f 193/222/523 194/231/524 195/242/525
f 196/237/526 197/215/527 198/223/528
s 20
f 203/261/529 204/248/530 206/246/531 205/255/532
s 21
f 204/248/533 203/261/534 209/259/535 210/244/536
s 22
f 205/255/537 206/246/538 208/250/539 207/257/540
s 23
f 207/257/541 208/250/542 210/244/543 209/259/544
s 21
f 122/249/545 120/243/546 204/248/533 210/244/536
s 22
f 160/247/547 162/245/548 208/250/539 206/246/538
s 20
f 120/243/549 160/247/550 206/246/531 204/248/530
s 23
f 162/245/551 122/249/552 210/244/543 208/250/542
s off
f 211/251/553 212/256/554 214/258/555 213/253/556
f 212/256/557 211/251/558 217/252/559 218/262/560
f 213/253/561 214/258/562 216/260/563 215/254/564
f 215/254/565 216/260/566 218/262/567 217/252/568
f 211/251/569 213/253/570 215/254/571 217/252/572
s 20
f 203/261/529 205/255/532 214/258/573 212/256/574
s 22
f 205/255/537 207/257/540 216/260/575 214/258/576
s 23
f 207/257/541 209/259/544 218/262/577 216/260/578
s 21
f 209/259/535 203/261/534 212/256/579 218/262/580
g default
v 0.347347 6.764847 0.240402
v 5.410608 6.764847 0.240402
v 0.347347 6.764847 -0.240402
v 5.410608 6.764847 -0.240402
v 6.322946 7.045257 -0.084500
v 6.430730 7.045257 -0.084500
v 6.430730 7.356964 -0.084500
v 6.430730 7.132697 -0.084500
v 6.430730 7.269526 -0.084500
v 6.449919 7.056529 -0.084500
v 6.449919 7.121425 -0.084500
v 6.449919 7.345692 -0.084500
v 6.449919 7.280798 -0.084500
v 6.460579 7.076498 -0.084500
v 6.460579 7.101457 -0.084500
v 6.460579 7.325724 -0.084500
v 6.460579 7.300765 -0.084500
v 6.462178 7.085578 -0.084500
v 6.462178 7.092376 -0.084500
v 6.462178 7.316643 0.084500
v 6.462178 7.316643 -0.084500
v 6.462178 7.309846 0.084500
v 6.462178 7.309846 -0.084500
v 5.410466 6.375888 -0.046027
v 5.410537 6.570348 -0.240402
v 5.410466 6.375888 0.097202
v 5.410519 6.519151 0.240402
v 0.289413 6.310939 -0.010223
v 0.363239 6.228408 -0.046027
v 0.289164 6.308990 0.062219
v 0.363239 6.228408 0.097202
v 0.387429 6.423573 -0.240402
v 0.318514 6.538941 -0.240402
v 0.380870 6.372185 0.240402
v 0.311955 6.487554 0.240402
v 5.410608 7.395178 -0.120213
v 5.491215 7.395171 -0.213478
v 5.410608 7.310199 -0.240402
v 5.410608 7.274994 -0.240402
v 0.347347 7.275022 -0.240402
v 0.347347 7.395207 -0.120216
v 0.347347 7.395207 0.150257
v 0.347347 7.305062 0.240402
v 5.471068 7.395154 0.220209
v 5.410608 7.395164 0.150259
v 5.410608 7.305017 0.240402
v 5.410608 7.331417 0.240402
v 5.410608 6.510648 -0.240402
v 6.313608 6.470582 -0.212061
v 5.410608 6.510648 0.240402
v 6.313608 6.470582 0.212061
v 5.410608 6.439377 -0.169129
v 5.439348 6.390461 -0.120213
v 5.410608 6.390461 -0.000394
v 5.410608 6.390461 0.000394
v 5.439348 6.390461 0.120213
v 5.410608 6.439377 0.169129
v 6.309879 7.395112 0.220211
v 5.454159 7.374965 0.240402
v 6.311123 7.395112 -0.226943
v 5.482132 7.381717 -0.240402
v 5.493404 7.395174 -0.226941
v 6.313608 6.490473 0.226131
v 6.299337 6.510650 0.240402
v 6.313608 6.497200 -0.230889
v 6.304095 6.510650 -0.240402
v 6.312737 7.388328 -0.237559
v 6.304095 7.381654 -0.240402
v 6.313608 6.398024 -0.129334
v 6.305516 6.390461 -0.120213
v 6.305516 6.390461 0.120213
v 6.313608 6.398024 0.129334
v 6.313608 6.495170 0.228700
v 6.304096 6.508270 0.238023
v 6.313608 6.497549 -0.231079
v 6.191263 7.685502 -0.006110
v 6.226984 7.652101 -0.017395
v 6.214767 7.652101 -0.029612
v 6.257238 7.566406 -0.047650
v 6.245022 7.566406 -0.059867
v 6.285482 7.395112 -0.075894
v 6.287050 7.395112 -0.096604
v 6.273266 7.395112 -0.088110
v 6.257238 7.566407 0.047649
v 6.245021 7.566407 0.059867
v 6.214767 7.652102 0.029612
v 6.226984 7.652102 0.017395
v 6.273264 7.395112 0.088110
v 6.287050 7.395112 0.096605
v 6.285482 7.395112 0.075892
v 6.209591 7.676820 0.000000
v 6.197373 7.685502 0.000000
v 6.191264 7.685502 0.006109
v 5.894790 7.566407 -0.047648
v 5.907008 7.566407 -0.059867
v 5.937263 7.652102 -0.029612
v 5.925044 7.652102 -0.017394
v 5.878765 7.395112 -0.088110
v 5.858352 7.395113 -0.090847
v 5.866547 7.395112 -0.075891
v 5.960765 7.685502 -0.006110
v 5.907007 7.566407 0.059867
v 5.894790 7.566407 0.047649
v 5.937262 7.652102 0.029612
v 5.925044 7.652102 0.017395
v 5.866547 7.395112 0.075892
v 5.858353 7.395113 0.090847
v 5.878764 7.395112 0.088110
v 5.942438 7.676820 0.000000
v 5.960764 7.685502 0.006109
v 5.954655 7.685502 0.000000
v 6.313608 7.394191 0.226130
v 6.313608 7.394983 0.226127
v 6.299194 7.374922 0.240402
v 6.299337 7.374388 0.240402
v 6.312267 7.387573 0.233748
v 6.299627 7.375061 0.240244
v 6.299766 7.375261 0.240112
v 6.299416 7.375005 0.240320
v 6.313529 7.393984 0.226565
v 6.313457 7.393858 0.226657
v 6.313522 7.395112 0.225989
v 6.313608 7.394990 -0.230887
v 6.313522 7.395112 -0.230749
v 6.313608 7.356110 -0.080581
v 6.322985 7.356964 -0.084500
v 6.313608 7.261176 -0.020405
v 6.313608 7.394810 -0.230888
v 6.313550 7.394728 -0.230986
v 6.322956 7.356921 0.084281
v 6.313608 7.394837 0.226014
v 6.313608 7.394692 0.225979
v 6.430730 7.132697 0.084500
v 6.430730 7.269526 0.084500
v 6.449919 7.056529 0.084500
v 6.449919 7.121425 0.084500
v 6.449919 7.345692 0.084500
v 6.449919 7.280798 0.084500
v 6.460579 7.076498 0.084500
v 6.460579 7.101457 0.084500
v 6.460579 7.325724 0.084500
v 6.460579 7.300765 0.084500
v 6.462178 7.085578 0.084500
v 6.462178 7.092376 0.084500
v 6.322946 7.045264 0.084425
v 6.430730 7.045319 0.084403
v 6.430781 7.045287 0.084500
v 6.430730 7.356917 0.084403
v 6.430781 7.356934 0.084500
vt 0.875000 0.000000
vt 0.875000 0.250000
vt 0.875000 0.250000
vt 0.625000 0.750000
vt 0.625000 1.000000
vt 0.625000 0.750000
vt 0.375000 1.000000
vt 0.375000 0.869684
vt 0.379110 0.750000
vt 0.375000 1.000000
vt 0.379125 0.851068
vt 0.625000 0.925541
vt 0.375000 0.750000
vt 0.375000 0.907352
vt 0.625000 0.851068
vt 0.625000 1.000000
vt 0.379104 1.000000
vt 0.379125 0.925541
vt 0.375000 0.547665
vt 0.375000 0.750000
vt 0.125000 0.000000
vt 0.328128 0.250000
vt 0.187492 0.250000
vt 0.125000 0.202334
vt 0.375000 0.296872
vt 0.375000 0.437508
vt 0.375000 0.000000
vt 0.375000 0.214248
vt 0.625000 0.000000
vt 0.875000 0.000000
vt 0.875000 0.000000
vt 0.837941 0.000000
vt 0.750205 0.000000
vt 0.625000 0.000000
vt 0.625000 0.000000
vt 0.625000 0.000000
vt 0.749795 0.000000
vt 0.662059 0.000000
vt 0.625000 0.296871
vt 0.625000 0.437506
vt 0.625000 0.486220
vt 0.625000 0.493111
vt 0.625000 0.500000
vt 0.625000 0.499999
vt 0.625000 0.547669
vt 0.875000 0.120317
vt 0.875000 0.000000
vt 0.875000 0.096041
vt 0.625000 0.029435
vt 0.875000 0.019869
vt 0.875000 0.029593
vt 0.874902 0.020220
vt 0.626237 0.029001
vt 0.687494 0.000000
vt 0.812506 0.000000
vt 0.687494 0.000000
vt 0.874999 0.000000
vt 0.626336 0.019632
vt 0.681329 -0.000000
vt 0.875000 0.000000
vt 0.812506 0.000000
vt 0.874989 0.250000
vt 0.642333 0.250000
vt 0.676583 0.250000
vt 0.650510 0.250000
vt 0.823426 0.250000
vt 0.849492 0.250000
vt 0.676573 0.250000
vt 0.625000 0.250000
vt 0.749995 0.250000
vt 0.875000 0.250000
vt 0.875000 0.250000
vt 0.875000 0.250000
vt 0.875000 0.250000
vt 0.875000 0.250000
vt 0.875000 0.250000
vt 0.875000 0.247304
vt 0.875000 0.126519
vt 0.812506 0.137496
vt 0.671871 0.221877
vt 0.625000 0.250000
vt 0.625000 0.250000
vt 0.875000 0.250000
vt 0.749995 0.250000
vt 0.875000 0.250000
vt 0.642333 0.250000
vt 0.625000 0.250000
vt 0.625012 0.250000
vt 0.676583 0.250000
vt 0.625000 0.250000
vt 0.625000 0.250000
vt 0.625000 0.250000
vt 0.625000 0.250000
vt 0.625012 0.250000
vt 0.676573 0.250000
vt 0.849488 0.250000
vt 0.857666 0.250000
vt 0.650510 0.250000
vt 0.823423 0.250000
vt 0.625000 0.250000
vt 0.625000 0.234139
vt 0.625000 0.014847
vt 0.625000 0.245010
vt 0.625000 0.244842
vt 0.625000 0.249849
vt 0.625000 0.249767
vt 0.625101 0.249798
vt 0.625000 0.244996
vt 0.625000 0.245061
vt 0.625000 0.246769
vt 0.625000 0.244976
vt 0.625000 0.244976
vt 0.628712 0.250000
vt 0.625000 0.250000
vt 0.632253 0.250000
vt 0.857670 0.250000
vt 0.630289 0.249999
vt 0.870208 0.250000
vt 0.875000 0.000000
vt 0.875000 0.250000
vt 0.875000 0.244928
vt 0.875000 0.247825
vt 0.874966 0.249951
vt 0.626239 0.249999
vt 0.871688 0.250000
vt 0.625000 0.249999
vt 0.874139 0.250000
vt 0.874966 0.249981
vt 0.875000 0.250000
vt 0.875000 0.249907
vt 0.625000 0.249978
vt 0.875000 0.250000
vt 0.875000 0.250000
vt 0.625000 0.250000
vt 0.625000 0.250000
vt 0.625000 0.250000
vt 0.625000 0.250000
vt 0.625000 0.000000
vt 0.625000 0.000000
vt 0.875000 0.000000
vt 0.625000 0.000000
vt 0.625000 0.250000
vt 0.625000 0.250000
vt 0.875000 0.250000
vt 0.875000 0.000000
vt 0.875000 0.000000
vt 0.625000 0.000000
vt 0.625000 0.000000
vt 0.875000 0.250000
vt 0.875000 0.250000
vt 0.875000 0.000000
vt 0.875000 0.000000
vt 0.625000 -0.000000
vt 0.818671 0.000000
vt 0.875000 0.000000
vt 0.625000 0.083333
vt 0.625000 0.000000
vt 0.875000 0.250000
vt 0.625000 0.250000
vt 0.625000 0.250000
vt 0.625000 0.250000
vt 0.875000 0.000000
vt 0.625356 0.249967
vt 0.625144 0.000015
vt 0.625144 0.116650
vt 0.625144 0.250000
vt 0.625000 0.049868
vn 0.000000 0.000000 1.000000
vn 0.000000 0.000000 1.000000
vn 0.000000 0.000000 1.000000
vn 0.000000 0.000000 1.000000
vn 0.000007 1.000000 0.000026
vn 0.000007 1.000000 0.000026
vn 0.000007 1.000000 0.000026
vn 0.000007 1.000000 0.000026
vn 0.000000 0.000000 -1.000000
vn 0.000000 0.000000 -1.000000
vn 0.000000 0.000000 -1.000000
vn 0.000000 0.000000 -1.000000
vn -0.998845 0.048051 -0.000000
vn -0.998845 0.048051 -0.000000
vn -1.000000 -0.000000 0.000000
vn -1.000000 -0.000000 0.000000
vn -1.000000 -0.000000 0.000000
vn -1.000000 -0.000000 0.000000
vn -1.000000 0.000000 0.000000
vn -1.000000 0.000000 0.000000
vn -1.000000 0.000000 0.000000
vn -1.000000 0.000000 0.000000
vn -1.000000 0.000000 0.000000
vn -1.000000 0.000000 0.000000
vn 0.000000 0.000000 0.000000
vn 0.000000 0.000000 0.000000
vn 0.000000 0.000000 0.000000
vn 0.000000 0.000000 0.000000
vn 0.000000 -0.000000 -1.000000
vn 0.000000 -0.000000 -1.000000
vn 0.000000 -0.000000 -1.000000
vn 0.000000 -0.000000 -1.000000
vn 0.000000 -0.000000 -1.000000
vn 0.000042 1.000000 0.000135
vn 0.000051 1.000000 0.000163
vn 0.000091 1.000000 0.000098
vn 0.000097 1.000000 0.000089
vn 0.000051 1.000000 0.000163
vn 0.000051 1.000000 0.000163
vn 0.000045 1.000000 0.000145
vn -0.274084 0.000033 -0.961706
vn -0.274084 0.000033 -0.961706
vn -0.274084 0.000033 -0.961706
vn -0.274084 0.000033 -0.961706
vn -0.274084 0.000033 -0.961706
vn 0.000000 0.000000 0.000000
vn 0.000000 0.000000 0.000000
vn 1.000000 0.000000 0.000000
vn 1.000000 0.000000 0.000000
vn 0.994969 0.100183 0.000000
vn 0.994969 0.100183 0.000000
vn 0.994969 -0.100183 0.000000
vn 0.994969 -0.100183 0.000000
vn 0.000000 0.000000 -1.000000
vn 0.000000 0.000000 -1.000000
vn 0.000000 0.000000 -1.000000
vn 0.000000 0.000000 -1.000000
vn -0.000000 0.000000 -1.000000
vn -0.000000 0.000000 -1.000000
vn -0.000000 0.000000 -1.000000
vn -0.000000 0.000000 -1.000000
vn -0.000000 0.000000 -1.000000
vn -0.000000 0.000000 -1.000000
vn 0.000000 0.000000 -1.000000
vn 0.000000 0.000000 -1.000000
vn -0.000002 0.000000 -1.000000
vn -0.000002 0.000000 -1.000000
vn 0.921316 0.388814 0.000000
vn 0.921316 0.388814 0.000000
vn 0.000007 0.000000 1.000000
vn 0.000007 0.000000 1.000000
vn 0.000007 0.000000 1.000000
vn 0.000007 0.000000 1.000000
vn 0.000004 0.000000 -1.000000
vn 0.000004 0.000000 -1.000000
vn 0.000000 0.000000 -1.000000
vn 0.000000 0.000000 -1.000000
vn 0.000000 0.000000 -1.000000
vn 1.000000 -0.000365 -0.000000
vn 1.000000 -0.000365 -0.000000
vn 1.000000 -0.000365 -0.000000
vn 1.000000 -0.000365 -0.000000
vn 1.000000 -0.000365 -0.000000
vn 1.000000 -0.000365 -0.000000
vn 0.000000 0.000000 1.000000
vn 0.000000 0.000000 1.000000
vn 0.000000 0.000000 1.000000
vn -0.740805 -0.671684 -0.006926
vn -0.740805 -0.671684 -0.006926
vn -0.740805 -0.671684 -0.006926
vn -0.740805 -0.671684 -0.006926
vn -0.732817 -0.433715 -0.524281
vn -0.732817 -0.433715 -0.524281
vn -0.732817 -0.433715 -0.524281
vn -0.732817 -0.433715 -0.524281
vn -0.727591 -0.436450 0.529266
vn -0.727591 -0.436450 0.529266
vn -0.727591 -0.436450 0.529266
vn -0.727592 -0.436450 0.529266
vn 0.029208 -0.999573 0.000000
vn 0.029208 -0.999573 0.000000
vn 0.029208 -0.999573 0.000000
vn 0.029208 -0.999573 0.000000
vn -0.991953 0.126608 -0.000000
vn -0.991953 0.126608 -0.000000
vn -0.991953 0.126608 -0.000000
vn -0.991953 0.126608 -0.000000
vn 0.020653 -0.706805 -0.707107
vn 0.020653 -0.706805 -0.707107
vn 0.020653 -0.706805 -0.707107
vn 0.020653 -0.706805 -0.707107
vn 0.020653 -0.706805 0.707107
vn 0.020653 -0.706805 0.707107
vn 0.020653 -0.706805 0.707107
vn 0.020653 -0.706805 0.707107
vn 0.000131 1.000000 0.000035
vn 0.000131 1.000000 0.000035
vn 0.000110 1.000000 0.000005
vn 0.000091 1.000000 -0.000024
vn 0.000131 1.000000 0.000035
vn 0.000131 1.000000 0.000035
vn 0.000004 0.707115 -0.707098
vn 0.000004 0.707115 -0.707098
vn 0.000004 0.707115 -0.707098
vn 0.000004 0.707115 -0.707098
vn -0.718299 0.594019 -0.362200
vn -0.718299 0.594019 -0.362200
vn -0.718299 0.594019 -0.362200
vn -0.718299 0.594019 -0.362200
vn -0.718299 0.594019 -0.362200
vn -0.718299 0.594019 -0.362200
vn 0.000027 1.000000 -0.000091
vn 0.000029 1.000000 -0.000098
vn 0.000033 1.000000 -0.000111
vn 0.000033 1.000000 -0.000111
vn 0.000000 0.000000 0.000000
vn 0.000000 0.000000 0.000000
vn 0.000000 0.000000 0.000000
vn 0.000000 0.000000 0.000000
vn 0.000000 0.000000 1.000000
vn 0.000000 0.000000 1.000000
vn 0.000000 0.000000 1.000000
vn 0.000000 0.000000 1.000000
vn 0.000000 0.000000 1.000000
vn 0.000000 0.000000 1.000000
vn 0.000006 0.707098 0.707115
vn 0.000006 0.707098 0.707115
vn 0.000006 0.707098 0.707115
vn 0.000006 0.707098 0.707115
vn -0.717794 0.588700 0.371758
vn -0.717794 0.588700 0.371758
vn -0.717794 0.588700 0.371758
vn -0.717794 0.588700 0.371758
vn -0.717794 0.588700 0.371758
vn 0.999907 -0.006808 -0.011786
vn 0.999277 0.008959 -0.036955
vn 0.999388 0.008243 -0.034001
vn 0.999299 0.008817 -0.036371
vn 0.999862 -0.004126 -0.016069
vn -1.000000 -0.000007 0.000000
vn -0.757637 -0.626867 -0.181728
vn -0.757637 -0.626867 -0.181728
vn -0.757637 -0.626867 -0.181728
vn -1.000000 -0.000007 0.000000
vn -0.757637 -0.626867 0.181728
vn -0.757637 -0.626867 0.181728
vn -0.757637 -0.626867 0.181728
vn 0.000000 1.000000 0.000000
vn 0.000000 1.000000 0.000000
vn 0.000000 1.000000 0.000000
vn 0.000000 1.000000 0.000000
vn 0.996480 0.083172 -0.010505
vn 0.999848 0.017310 -0.002186
vn 0.992801 0.118828 -0.015001
vn 0.992806 0.118796 -0.014983
vn 0.998592 0.021896 0.048314
vn -0.001593 0.707581 -0.706631
vn -0.001593 0.707581 -0.706631
vn -0.001593 0.707581 -0.706631
vn -0.001593 0.707581 -0.706631
vn -0.001593 0.707581 -0.706631
vn 0.707110 0.000000 0.707104
vn 0.707110 0.000000 0.707104
vn 0.707110 0.000000 0.707104
vn 0.707110 0.000000 0.707104
vn 0.707126 -0.000015 -0.707087
vn 0.707126 -0.000015 -0.707087
vn 0.707126 -0.000015 -0.707087
vn 0.707126 -0.000015 -0.707087
vn 0.707126 -0.000015 -0.707087
vn -0.194654 0.470985 0.860397
vn -0.194654 0.470985 0.860397
vn -0.194654 0.470985 0.860397
vn 0.328267 -0.696779 0.637762
vn 0.328267 -0.696779 0.637762
vn 0.328267 -0.696779 0.637762
vn -0.194783 0.470852 -0.860440
vn -0.194783 0.470852 -0.860440
vn -0.194783 0.470852 -0.860440
vn -0.194783 0.470852 -0.860440
vn -0.210852 -0.695359 -0.687035
vn -0.000485 -0.707119 -0.707094
vn -0.000505 -0.707119 -0.707094
vn -0.210852 -0.695359 -0.687035
vn 0.682832 -0.730575 0.000000
vn 0.682832 -0.730575 0.000000
vn 0.682832 -0.730575 0.000000
vn 0.682832 -0.730575 0.000000
vn -0.000475 -0.707119 0.707095
vn -0.210880 -0.695442 0.686943
vn -0.210880 -0.695442 0.686943
vn -0.000320 -0.707116 0.707098
vn 0.000000 -1.000000 0.000000
vn 0.000000 -1.000000 0.000000
vn 0.000000 -1.000000 0.000000
vn 0.000000 -1.000000 0.000000
vn 0.000000 -1.000000 0.000000
vn 0.000000 -1.000000 0.000000
vn 0.999769 -0.010140 0.018932
vn 0.999899 -0.014186 0.000000
vn 0.999899 -0.014186 0.000000
vn 0.999660 -0.008956 0.024468
vn 0.000000 -0.707109 0.707104
vn 0.000000 -0.707109 0.707104
vn 0.000000 -0.707109 0.707104
vn 0.000000 -0.707109 0.707104
vn -1.000000 0.000000 0.000000
vn -1.000000 0.000000 0.000000
vn -1.000000 0.000000 0.000000
vn -1.000000 0.000000 0.000000
vn -1.000000 0.000068 0.000000
vn -1.000000 0.000068 0.000000
vn -1.000000 0.000068 0.000000
vn -1.000000 0.000068 0.000000
vn 0.000000 -0.707110 -0.707104
vn 0.000000 -0.707110 -0.707104
vn 0.000000 -0.707110 -0.707104
vn 0.501224 0.705386 -0.501204
vn 0.501224 0.705386 -0.501204
vn 0.501224 0.705386 -0.501204
vn 0.579934 0.572161 -0.579921
vn 0.612425 0.499881 -0.612417
vn 0.668273 0.326845 -0.668269
vn 0.677579 0.285970 -0.677575
vn 0.688635 0.227088 -0.688631
vn 0.688635 0.227088 -0.688631
vn 0.668274 0.326835 0.668273
vn 0.677579 0.285962 0.677578
vn 0.688634 0.227085 0.688633
vn 0.688634 0.227085 0.688633
vn 0.582251 0.567424 0.582249
vn 0.613648 0.496864 0.613646
vn 0.501220 0.705379 0.501217
vn 0.501220 0.705379 0.501217
vn 0.940440 0.339960 -0.000003
vn 0.982941 0.183923 -0.000001
vn 0.982941 0.183923 -0.000001
vn 0.940440 0.339960 -0.000003
vn 0.986679 0.162682 -0.000000
vn 0.986679 0.162682 -0.000000
vn 0.817835 0.575452 -0.000009
vn 0.501234 0.705373 0.501211
vn 0.000000 1.000000 -0.000005
vn 0.000000 1.000000 -0.000005
vn 0.000000 1.000000 -0.000005
vn 0.000000 1.000000 -0.000005
vn 0.000000 1.000000 -0.000005
vn 0.000000 1.000000 -0.000005
vn -0.668274 0.326832 -0.668274
vn -0.677579 0.285959 -0.677579
vn -0.688634 0.227082 -0.688635
vn -0.688634 0.227082 -0.688634
vn -0.579937 0.572146 -0.579932
vn -0.612427 0.499869 -0.612425
vn -0.501221 0.705382 -0.501212
vn -0.501221 0.705382 -0.501212
vn -0.501221 0.705382 -0.501212
vn 0.000000 0.205490 -0.978659
vn 0.000000 0.381987 -0.924168
vn 0.000000 0.381986 -0.924168
vn 0.000000 0.205489 -0.978659
vn 0.000000 0.162685 -0.986678
vn 0.000000 0.162685 -0.986678
vn 0.000000 0.575469 -0.817824
vn 0.000000 0.575469 -0.817824
vn -0.677580 0.285962 0.677578
vn -0.668274 0.326835 0.668273
vn -0.688634 0.227085 0.688633
vn -0.688634 0.227085 0.688633
vn -0.613648 0.496864 0.613646
vn -0.582251 0.567423 0.582249
vn -0.501220 0.705379 0.501218
vn -0.501220 0.705379 0.501218
vn -0.000000 0.381990 0.924166
vn -0.000000 0.205489 0.978659
vn -0.000000 0.205489 0.978659
vn -0.000000 0.381990 0.924166
vn 0.000000 0.162685 0.986678
vn 0.000000 0.162685 0.986678
vn -0.000000 0.575480 0.817816
vn -0.000000 0.575480 0.817816
vn -0.982940 0.183924 0.000000
vn -0.940440 0.339961 0.000000
vn -0.940440 0.339961 0.000000
vn -0.982940 0.183924 0.000000
vn -0.986678 0.162684 0.000000
vn -0.986678 0.162684 0.000000
vn -0.817829 0.575461 0.000000
vn -0.501219 0.705393 0.501199
vn 0.849106 -0.504531 0.156423
vn 0.849106 -0.504531 0.156423
vn 0.849106 -0.504531 0.156423
vn 0.849106 -0.504531 0.156423
vn 0.849106 -0.504531 0.156423
vn 0.849106 -0.504531 0.156423
vn 0.998016 -0.000709 0.062960
vn 0.998016 -0.000710 0.062961
vn 0.991341 0.000469 0.131313
vn 0.284872 0.201454 0.937158
vn 0.317064 0.090178 0.944107
vn 0.416640 -0.713900 -0.562813
vn 0.421230 -0.712672 -0.560949
vn 0.528370 -0.677513 -0.511665
vn 0.624158 -0.251098 0.739849
vn 0.624158 -0.251098 0.739849
vn 0.624158 -0.251098 0.739849
vn -0.644712 0.597326 0.477020
vn -0.644712 0.597326 0.477020
vn -0.644712 0.597326 0.477020
vn -0.644712 0.597326 0.477020
vn -0.644712 0.597326 0.477020
vn 0.416639 -0.713900 -0.562813
vn -0.002462 0.707795 0.706414
vn -0.002462 0.707795 0.706414
vn -0.002462 0.707795 0.706414
vn -0.002462 0.707795 0.706414
vn -0.002462 0.707795 0.706414
vn -0.002462 0.707795 0.706414
vn 0.198852 0.440423 0.875492
vn -0.691991 0.549576 -0.468097
vn -0.691991 0.549576 -0.468097
vn -0.691991 0.549576 -0.468097
vn -0.691991 0.549576 -0.468097
vn -0.691991 0.549576 -0.468097
vn 0.825295 0.564703 0.000004
vn 0.825295 0.564703 0.000004
vn 0.825295 0.564703 0.000004
vn 0.825295 0.564703 0.000004
vn -0.291052 -0.512205 -0.808044
vn -0.291052 -0.512205 -0.808044
vn -0.291052 -0.512205 -0.808044
vn 0.857969 0.005500 -0.513672
vn 0.857969 0.005500 -0.513672
vn 0.857969 0.005500 -0.513672
vn 1.000000 0.000000 0.000000
vn 1.000000 0.000000 0.000000
vn 0.921313 -0.388823 0.000000
vn 0.921313 -0.388823 0.000000
vn 0.141888 -0.989883 0.000151
vn 0.000257 -1.000000 0.000202
vn 0.000257 -1.000000 0.000202
vn 0.088436 -0.996082 0.000171
vn 0.994969 -0.100183 0.000000
vn 0.994969 -0.100183 0.000000
vn 0.994969 0.100183 0.000000
vn 0.994969 0.100183 0.000000
vn 0.506513 0.862232 -0.000001
vn 0.506514 0.862232 -0.000001
vn 0.723025 0.690822 -0.000000
vn 0.723025 0.690822 -0.000000
vn -0.002694 -0.000002 0.999996
vn -0.002900 -0.000002 0.999996
vn -0.002900 -0.000002 0.999996
vn -0.002900 -0.000002 0.999996
vn -0.002694 -0.000002 0.999996
vn 0.082014 0.996631 0.000227
vn 0.135869 0.990727 0.000202
vn 0.505723 0.862696 0.000000
vn 0.722766 0.691093 0.000000
vn 0.722766 0.691093 0.000000
vn 0.723015 -0.690833 0.000000
vn 0.506507 -0.862236 0.000000
vn 0.506507 -0.862236 0.000000
vn 0.723015 -0.690833 0.000000
vn 0.722686 -0.691177 0.000000
vn 0.722686 -0.691177 0.000000
vn 0.921316 -0.388814 0.000000
vn 0.921316 -0.388814 0.000000
vn 0.921316 0.388814 0.000000
vn 0.921316 0.388814 0.000000
vn 0.000000 0.000000 1.000000
vn 0.000000 0.000000 1.000000
vn -0.000002 0.000000 1.000000
vn -0.000002 0.000000 1.000000
vn -0.003775 0.999993 0.000267
vn -0.003775 0.999993 0.000267
vn -0.003775 0.999993 0.000267
vn -0.000457 0.000231 1.000000
vn -0.000457 0.000231 1.000000
vn -0.000457 0.000231 1.000000
vn -0.000457 0.000231 1.000000
vn -0.002695 0.000002 0.999996
vn 0.000000 0.000000 1.000000
vn 0.000000 0.000000 1.000000
vn -0.002695 0.000002 0.999996
vn 0.998016 -0.000709 0.062960
vn 0.505478 -0.862839 0.000001
vn -1.000000 0.000000 0.000000
vn -1.000000 0.000000 0.000000
vn -1.000000 0.000000 0.000000
vn -1.000000 0.000000 0.000000
vn -0.002901 0.000002 0.999996
vn -0.002901 0.000002 0.999996
vn -0.002901 0.000002 0.999996
s 1
g BarrelGuard
usemtl standardSurface3SG
f 219/289/581 220/298/582 264/291/583 261/290/584
s off
f 260/287/585 263/301/586 254/302/587 259/288/588
s 2
f 258/281/589 257/307/590 222/266/591 221/282/592
s 3
f 221/283/593 219/289/594 261/290/595 260/284/596 259/285/597 258/286/598
s 4
f 220/298/599 222/292/600 266/322/601 272/295/602 273/299/603 268/297/604
s off
f 222/292/605 257/293/606 256/309/607 266/322/608
f 286/383/609 284/313/610 266/322/611 256/309/612 279/310/613
s 5
f 278/382/614 280/308/615 255/340/616 317/339/617 316/333/618 301/336/619 300/324/620
s off
f 223/381/621 345/392/622 344/391/623 225/420/624 224/424/625
s 6
f 224/424/626 225/420/627 227/394/628 226/263/629
s 7
f 239/264/630 238/397/631 240/396/632 241/265/633
s 8
f 224/424/634 226/263/635 229/408/636 228/417/637
s 9
f 227/394/638 225/420/639 230/411/640 231/406/641
s 8
f 228/417/637 229/408/636 233/414/642 232/407/643
s 9
f 231/406/641 230/411/640 234/395/644 235/412/645
s 8
f 232/407/643 233/414/642 237/402/646 236/413/647
s 7
f 234/395/648 359/398/649 238/397/631 239/264/630
s off
f 359/398/650 360/399/651 240/396/652 238/397/653
s 9
f 235/412/645 234/395/644 239/264/654 241/265/655
s 2
f 221/282/592 222/266/591 243/268/656 250/271/657 251/275/658
s off
f 222/266/659 220/267/660 245/278/661 244/274/662 242/277/663 243/268/664
s 1
f 220/267/582 219/269/581 253/272/665 252/279/666 245/278/667
s off
f 246/270/668 247/273/669 249/280/670 248/276/671
f 247/273/672 246/270/673 251/275/674 250/271/675
f 248/276/676 249/280/677 252/279/678 253/272/679
f 247/273/680 242/277/681 244/274/682 249/280/683
s 3
f 219/269/594 221/282/593 251/275/684 246/270/685 248/276/686 253/272/687
s off
f 247/273/688 250/271/689 243/268/690 242/277/691
f 244/274/692 245/278/693 252/279/694 249/280/695
s 5
f 255/340/616 254/341/696 263/342/697 262/343/698 325/362/699 324/348/700 318/359/701 317/339/617
s off
f 254/302/702 257/307/703 258/281/704 259/288/705
f 254/302/706 255/303/707 280/304/708 279/305/709 256/306/710 257/307/711
s 5
f 262/343/698 276/376/712 307/331/713 306/344/714 326/349/715 325/362/699
s off
f 265/296/716 264/291/717 220/298/718 268/297/719
s 10
f 282/311/720 333/366/721 332/373/722 277/374/723 265/363/724 268/297/725
s off
f 260/287/726 261/290/727 264/291/728 263/301/729
f 262/343/730 263/301/731 264/291/732 265/363/733 277/374/734
s 11
f 267/319/735 283/312/736 346/390/737 345/392/738 223/381/739
s 4
f 270/294/740 272/295/602 266/322/601
s off
f 270/294/741 271/317/742 272/295/743
s 4
f 268/297/604 273/299/603 275/300/744
s off
f 273/299/745 274/318/746 275/300/747
s 5
f 276/376/712 340/377/748 342/380/749 278/382/614 300/324/620 299/378/750 308/325/751 307/331/713
s 11
f 343/389/752 341/387/753 331/379/754 349/388/755 348/425/756
s off
f 278/382/757 285/384/758 286/383/759 279/310/760 280/308/761
f 282/311/762 281/364/763 330/367/764 333/366/765
f 283/312/766 284/313/767 286/383/768 347/385/769 346/390/770
f 283/312/771 293/314/772 284/313/773
f 285/384/774 347/385/775 286/383/776
f 292/315/777 291/320/778 281/364/779 282/311/780
s 12
f 287/416/781 288/323/782 284/313/783 293/314/784
s off
f 288/323/785 287/416/786 290/321/787 289/316/788
s 13
f 289/316/789 290/321/790 291/320/791 292/315/792
s off
f 289/316/793 274/318/794 273/299/795 272/295/796 271/317/797 288/323/798
s 11
f 269/415/799 290/321/800 287/416/801 267/319/735 223/381/739 363/426/802
s 13
f 268/297/803 275/300/804 274/318/805 289/316/789 292/315/792 282/311/806
s off
f 267/319/807 287/416/808 293/314/809 283/312/810
f 269/415/811 281/364/812 291/320/813 290/321/814
s 12
f 271/317/815 270/294/816 266/322/817 284/313/783 288/323/782
s 14
f 294/347/818 310/332/819 309/326/820 295/328/821 296/338/822
f 297/329/823 298/335/824 296/338/822 295/328/821
f 299/378/825 301/336/826 298/335/824 297/329/823
s 5
f 299/378/750 300/324/620 301/336/619
s 15
f 302/327/827 303/354/828 306/344/829 308/325/830
f 303/354/828 302/327/827 305/330/831 304/353/832
f 304/353/832 305/330/831 309/326/833 311/356/834
s 16
f 305/330/835 302/327/836 297/329/837 295/328/838
f 302/327/836 308/325/839 299/378/840 297/329/837
f 305/330/835 295/328/838 309/326/841
s 5
f 306/344/714 307/331/713 308/325/751
s 15
f 309/326/833 310/332/842 311/356/834
s off
f 319/345/843 329/346/844 328/350/845 311/356/846 310/332/847 294/347/848
s 17
f 312/358/849 313/337/850 316/333/851 318/359/852
f 313/337/850 312/358/849 315/361/853 314/334/854
f 314/334/854 315/361/853 327/351/855 329/346/856 319/345/857
s 18
f 313/337/858 314/334/859 296/338/860 298/335/861
f 298/335/861 301/336/862 316/333/863 313/337/858
f 294/347/864 296/338/860 314/334/859 319/345/865
s 5
f 316/333/618 317/339/617 318/359/701
s 19
f 320/352/866 321/360/867 324/348/868 326/349/869
f 321/360/867 320/352/866 322/355/870 323/357/871
f 323/357/871 322/355/870 328/350/872 327/351/873
s 20
f 322/355/874 320/352/875 303/354/876 304/353/877
f 320/352/875 326/349/878 306/344/879 303/354/876
f 322/355/874 304/353/877 311/356/880 328/350/881
s 21
f 321/360/882 323/357/883 315/361/884 312/358/885
f 312/358/885 318/359/886 324/348/887 321/360/882
f 315/361/884 323/357/883 327/351/888
s 5
f 324/348/700 325/362/699 326/349/715
s 19
f 327/351/873 328/350/872 329/346/889
s off
f 330/367/890 338/369/891 339/368/892 336/371/893 335/365/894 333/366/895
s 11
f 330/367/896 350/393/897 349/386/755 331/375/754 338/369/898
s 10
f 335/365/899 337/370/900 332/373/722 333/366/721
s 22
f 334/372/901 339/368/902 338/369/903
s off
f 334/372/904 337/370/905 336/371/906
f 334/372/907 338/369/908 331/375/909 340/377/910 276/376/911
s 22
f 334/372/901 336/371/912 339/368/902
s off
f 332/373/913 337/370/914 334/372/915 276/376/916 262/343/917 277/374/918
s 10
f 335/365/899 336/371/919 337/370/900
s off
f 342/380/920 341/387/921 347/385/922 285/384/923 278/382/924
f 340/377/925 331/379/926 341/387/927 342/380/928
s 11
f 343/389/752 345/392/738 346/390/737 341/387/753
s off
f 343/389/929 344/391/930 345/392/931
f 341/387/932 346/390/933 347/385/934
s 11
f 348/425/756 349/388/755 350/393/897
s 6
f 351/418/935 226/263/629 227/394/628 352/423/936
s 7
f 360/399/937 235/412/938 241/265/633 240/396/632
s 23
f 364/427/939 363/426/940 223/381/941 224/424/942
f 361/401/943 236/413/944 237/402/945 362/400/946
f 226/263/947 351/418/948 354/403/949 229/408/950
s 26
f 354/403/951 351/418/952 364/427/953 365/429/954 353/419/955
s 7
f 225/420/956 366/428/957 367/422/958 355/404/959 230/411/960
f 356/405/961 352/423/962 227/394/963 231/406/964
s 23
f 353/419/965 228/417/966 232/407/967 357/410/968
f 229/408/950 354/403/949 358/409/969 233/414/970
s 26
f 354/403/951 353/419/955 357/410/971 358/409/972
s 7
f 230/411/960 355/404/959 359/398/649 234/395/648
f 356/405/961 231/406/964 235/412/938 360/399/937
s 23
f 357/410/968 232/407/967 236/413/944 361/401/943
f 233/414/970 358/409/969 362/400/946 237/402/945
s 26
f 358/409/972 357/410/971 361/401/973 362/400/974
s 7
f 344/391/975 343/389/976 348/425/977 366/428/957 225/420/956
s off
f 366/428/978 348/425/979 363/426/980 364/427/981
s 28
f 356/405/982 360/399/983 359/398/984 355/404/985
s 11
f 363/426/802 348/425/756 350/393/897 330/367/896 281/364/986 269/415/799
s 23
f 365/429/987 364/427/939 224/424/942 228/417/966 353/419/965
s off
f 366/428/988 364/427/989 351/421/990 352/423/991
s 28
f 367/422/992 366/428/993 352/423/994 356/405/982 355/404/985
g default
v -0.582745 5.885681 -0.240500
v -0.582745 5.885681 0.240500
v -0.643308 5.867584 -0.240500
v -0.643308 5.867584 0.240500
v -2.736220 6.332684 -0.240500
v -2.736220 6.332684 0.240500
v -3.809239 5.596928 0.240500
v -3.809239 5.596928 -0.240500
v -3.778584 5.589817 0.201769
v -3.778584 5.589817 -0.201768
v -3.762189 5.586578 0.168548
v -3.762189 5.586578 -0.168548
v -3.683688 5.595270 -0.114237
v -3.753113 5.582478 0.114237
v -3.753113 5.582478 -0.114237
v -11.277122 4.346145 -0.247257
v -11.273633 4.305322 -0.208585
v -11.388019 4.309025 -0.246922
v -11.381802 4.269125 -0.208259
v -11.520657 4.311216 -0.246711
v -11.518414 4.271404 -0.208070
v -11.557327 4.343464 -0.211367
v -11.555090 4.303725 -0.172704
v -11.576100 4.417882 -0.133792
v -11.573863 4.378143 -0.095129
v -11.600445 4.523346 -0.023985
v -11.271657 4.296618 0.193839
v -11.274807 4.336309 0.233629
v -11.385758 4.299187 0.233964
v -11.379826 4.260420 0.194170
v -11.518721 4.301313 0.234175
v -11.516768 4.262631 0.194401
v -11.555678 4.335090 0.199528
v -11.553730 4.296478 0.159729
v -11.575081 4.412864 0.123124
v -11.573133 4.374253 0.083325
v -11.593794 4.464485 -0.005229
v -11.600317 4.523080 0.014959
v -11.599326 4.503474 -0.004650
v -11.480493 6.812549 -0.190887
v -11.477480 6.774579 -0.230098
v -11.588126 6.803666 -0.190558
v -11.581514 6.765999 -0.229773
v -11.652804 6.785954 -0.190564
v -11.650848 6.747237 -0.229548
v -11.685742 6.748364 -0.155481
v -11.683824 6.710322 -0.194692
v -11.696297 6.668988 -0.078989
v -11.694378 6.630946 -0.118201
v -11.707086 6.518702 -0.009927
v -11.475166 6.764756 0.250788
v -11.478511 6.803820 0.212701
v -11.579259 6.756157 0.251113
v -11.586144 6.794937 0.213030
v -11.648912 6.737332 0.251338
v -11.651153 6.777146 0.213469
v -11.682174 6.701945 0.216203
v -11.684378 6.741091 0.178117
v -11.693357 6.625926 0.138715
v -11.695562 6.665073 0.100629
v -11.706769 6.576495 0.010233
v -11.708046 6.537725 0.009682
v -11.706958 6.518434 0.029017
v -7.221561 6.681626 0.248237
v -7.225714 6.720982 0.210648
v -11.478366 6.803813 0.212902
v -7.227697 6.729720 -0.193353
v -7.223924 6.692028 -0.232645
v -11.480349 6.812550 -0.191092
v -7.149671 5.970108 -0.248623
v -7.145369 5.929303 -0.210811
v -11.273270 4.305478 -0.209138
v -7.143387 5.920575 0.192734
v -7.147304 5.959648 0.232258
v -11.271289 4.296750 0.194398
v -5.391257 5.960652 0.240500
v -5.391152 5.961502 0.240500
v -5.417417 6.003067 0.240500
v -5.418317 5.964433 0.201860
v -5.468316 5.964837 0.201860
v -5.466087 6.003461 0.240500
v -5.534738 5.971985 0.201860
v -5.532649 6.010623 0.240500
v -5.598739 5.972039 0.201860
v -5.598239 6.010677 0.240500
v -5.658734 5.972815 0.201859
v -5.658244 6.011453 0.240500
v -5.730158 5.974248 0.201860
v -5.729670 6.012885 0.240500
v -5.786153 5.974955 0.201860
v -5.785665 6.013592 0.240500
v -5.846148 5.975712 0.201860
v -5.845657 6.014349 0.240500
v -5.881145 5.976157 0.201860
v -5.880650 6.014794 0.240500
v -5.931141 5.976798 0.201860
v -5.930634 6.015435 0.240500
v -5.972462 5.977492 0.201860
v -5.971937 6.016129 0.240500
v -6.011458 5.978022 0.201860
v -6.010909 6.016658 0.240500
v -6.045454 5.978504 0.201860
v -6.044860 6.017140 0.240500
v -6.067452 5.978843 0.201860
v -6.067581 6.017490 0.240500
v -6.445483 5.970510 0.201850
v -6.448016 6.009077 0.240500
v -6.722950 5.961167 0.201860
v -6.726221 5.999719 0.240500
v -6.907776 5.935938 0.201894
v -6.911730 5.974356 0.240555
v -7.146135 5.958232 0.232264
v -5.391281 5.960656 -0.240500
v -5.418317 5.964433 -0.201893
v -5.417418 6.003034 -0.240500
v -5.391176 5.961505 -0.240500
v -5.466089 6.003427 -0.240500
v -5.468316 5.964837 -0.201893
v -5.532651 6.010590 -0.240500
v -5.534738 5.971985 -0.201893
v -5.598239 6.010643 -0.240500
v -5.598739 5.972039 -0.201894
v -5.658244 6.011419 -0.240500
v -5.658734 5.972815 -0.201893
v -5.729670 6.012851 -0.240500
v -5.730158 5.974248 -0.201893
v -5.785666 6.013559 -0.240500
v -5.786153 5.974955 -0.201893
v -5.845658 6.014316 -0.240500
v -5.846148 5.975712 -0.201893
v -5.880650 6.014761 -0.240500
v -5.881145 5.976157 -0.201893
v -5.930635 6.015401 -0.240500
v -5.931141 5.976798 -0.201893
v -5.971938 6.016096 -0.240500
v -5.972462 5.977492 -0.201893
v -6.010910 6.016625 -0.240500
v -6.011458 5.978022 -0.201893
v -6.044860 6.017107 -0.240500
v -6.045454 5.978504 -0.201893
v -6.067580 6.017456 -0.240500
v -6.067452 5.978843 -0.201893
v -6.448014 6.009044 -0.240500
v -6.445483 5.970510 -0.201884
v -6.726219 5.999685 -0.240500
v -6.722950 5.961167 -0.201893
v -6.910887 5.974545 -0.240472
v -6.907776 5.935938 -0.201820
v -7.148574 5.968736 -0.248618
v -6.045563 7.231025 0.240500
v -6.044874 7.268977 0.204279
v -6.521566 7.129159 0.204277
v -6.506324 7.095881 0.240500
v -6.045563 7.231025 -0.240500
v -6.044874 7.268977 -0.204279
v -6.521566 7.129159 -0.204277
v -6.506324 7.095881 -0.240500
v -6.785016 6.958917 0.201882
v -6.782653 6.920370 0.240500
v -6.785016 6.958917 -0.201966
v -6.782659 6.920454 -0.240500
v -6.960332 6.847866 0.204275
v -6.942737 6.816135 0.240500
v -6.960332 6.847866 -0.204251
v -6.943211 6.815770 -0.240500
v -7.224442 6.721547 0.212589
v -7.223434 6.693185 -0.232644
v -7.226155 6.730453 -0.195803
v -5.386779 7.318128 0.240500
v -5.385977 7.352312 0.206317
v -5.453106 7.541950 0.214838
v -5.476461 7.531023 0.240500
v -5.512161 7.641588 0.214838
v -5.533167 7.626699 0.240500
v -5.576161 7.717853 0.214838
v -5.592981 7.697975 0.240500
v -5.636156 7.753161 0.214838
v -5.644669 7.728395 0.240500
v -5.707580 7.762516 0.214838
v -5.709415 7.736875 0.240500
v -5.763575 7.763223 0.214838
v -5.761295 7.737530 0.240500
v -5.823571 7.751703 0.214838
v -5.816299 7.726968 0.240500
v -5.858568 7.737637 0.214838
v -5.845633 7.715178 0.240500
v -5.908564 7.698604 0.214838
v -5.889849 7.680658 0.240500
v -5.949884 7.640843 0.214838
v -5.928099 7.627189 0.240500
v -5.988881 7.569244 0.214838
v -5.964915 7.559593 0.240500
v -6.022877 7.444915 0.214838
v -5.997640 7.439913 0.240500
v -6.043903 7.258240 0.240500
v -5.385977 7.352312 -0.206317
v -5.386779 7.318128 -0.240500
v -5.476461 7.531023 -0.240500
v -5.453106 7.541950 -0.214838
v -5.533167 7.626699 -0.240500
v -5.512161 7.641588 -0.214838
v -5.592981 7.697975 -0.240500
v -5.576161 7.717853 -0.214838
v -5.644669 7.728395 -0.240500
v -5.636156 7.753161 -0.214838
v -5.709415 7.736875 -0.240500
v -5.707580 7.762516 -0.214838
v -5.761295 7.737530 -0.240500
v -5.763575 7.763223 -0.214838
v -5.816299 7.726968 -0.240500
v -5.823571 7.751703 -0.214838
v -5.845633 7.715178 -0.240500
v -5.858568 7.737637 -0.214838
v -5.889849 7.680658 -0.240500
v -5.908564 7.698604 -0.214838
v -5.928099 7.627189 -0.240500
v -5.949884 7.640843 -0.214838
v -5.964915 7.559593 -0.240500
v -5.988881 7.569244 -0.214838
v -5.997640 7.439913 -0.240500
v -6.022877 7.444915 -0.214838
v -6.043903 7.258240 -0.240500
v -3.038887 7.344693 0.240500
v -3.039058 7.378863 0.206331
v -3.039058 7.378863 -0.206331
v -3.038887 7.344693 -0.240500
v -0.644327 7.344849 0.240500
v -0.648903 7.378863 0.206179
v 0.394287 7.378863 0.206332
v 0.394287 7.344695 0.240500
v -0.648903 7.378863 -0.206179
v -0.644327 7.344849 -0.240500
v 0.394287 7.344695 -0.240500
v 0.394287 7.378863 -0.206332
v -2.736220 7.344695 0.240500
v -2.736220 7.378863 0.206332
v -2.736220 7.378863 -0.206332
v -2.736220 7.344695 -0.240500
v -2.914221 7.344695 0.240500
v -2.914221 7.378863 0.206332
v -2.914221 7.378863 -0.206332
v -2.914221 7.344695 -0.240500
v -0.508327 6.333895 -0.190165
v -0.553286 6.384290 -0.240500
v -0.607049 5.908604 -0.240500
v -0.556293 5.909497 -0.190165
v -0.553286 6.384290 0.240500
v -0.508327 6.333895 0.190165
v -0.556293 5.909497 0.190165
v -0.607049 5.908604 0.240500
v -2.771718 5.496689 -0.240500
v -2.679040 5.405364 -0.232506
v -2.672145 5.409966 -0.240500
v -2.679040 5.405364 0.232509
v -2.672138 5.409951 0.240500
v -2.640998 5.315622 0.240500
v -2.640998 5.315622 -0.240500
v -2.771718 5.496690 0.240500
v -2.777563 5.491182 -0.232508
v -2.777810 5.495607 -0.235682
v -2.777563 5.491182 0.232508
v -2.777810 5.495607 0.235683
v -2.779339 5.870366 0.240500
v -2.777615 5.870639 0.240500
v -2.788119 5.881981 0.240500
v -2.789477 5.870188 0.230361
v -2.779537 5.495405 0.236114
v -2.778256 5.496141 0.236203
v -2.781939 5.500543 0.230361
v -2.779339 5.870366 -0.240500
v -2.789477 5.870188 -0.230361
v -2.788119 5.881981 -0.240500
v -2.777614 5.870639 -0.240500
v -2.779537 5.495405 -0.236113
v -2.781939 5.500543 -0.230360
v -2.778257 5.496140 -0.236203
v -2.649155 5.314839 -0.232508
v -2.643601 5.310758 -0.236503
v -2.637132 5.308437 -0.232493
v -2.649155 5.314839 0.232508
v -2.637132 5.308437 0.232493
v -2.643601 5.310758 0.236504
v -0.659518 5.862654 -0.229212
v -0.648694 5.865881 -0.234851
v -0.659518 5.862654 0.229212
v -0.648694 5.865881 0.234851
v -2.726008 5.874608 0.240500
v -2.736220 5.887046 0.240500
v -2.736220 5.872212 0.225667
v -2.736220 5.882701 0.240500
v -2.746702 5.871814 0.240500
v -2.914220 5.872212 0.225667
v -2.921913 5.887046 0.240500
v -3.030747 5.706876 0.225667
v -3.030874 5.732445 0.240500
v -3.072784 5.711410 0.240500
v -2.726008 5.874608 -0.240500
v -2.746702 5.871814 -0.240500
v -2.736220 5.882701 -0.240500
v -2.736220 5.872212 -0.225666
v -2.736220 5.887046 -0.240500
v -2.921913 5.887046 -0.240500
v -2.914220 5.872212 -0.225666
v -3.030874 5.732445 -0.240500
v -3.030747 5.706876 -0.225666
v -3.072784 5.711410 -0.240500
v -3.054756 5.698807 -0.234552
v -3.070827 5.693405 -0.220740
v -3.090534 5.694866 -0.240500
v -3.547264 5.715511 -0.240500
v -3.542534 5.701434 -0.226505
v -3.620769 5.648871 -0.240500
v -3.607550 5.650008 -0.222930
v -3.652319 5.618291 -0.201768
v -3.640284 5.621005 -0.186073
v -3.670675 5.606878 -0.159318
v -3.680934 5.606143 -0.168548
v -3.668011 5.609255 -0.153723
v -3.070827 5.693405 0.226865
v -3.059738 5.697133 0.236396
v -3.084425 5.694413 0.240500
v -3.545798 5.711148 0.240500
v -3.542534 5.701434 0.230843
v -3.614993 5.650463 0.240500
v -3.606350 5.651356 0.228784
v -3.648588 5.619132 0.201769
v -3.640284 5.621005 0.190938
v -3.674074 5.608458 0.171995
v -3.668011 5.609255 0.156604
v -3.694407 5.593295 0.114237
v -3.683688 5.595270 0.103868
v -3.896691 5.754634 -0.240500
v -3.938928 5.757765 -0.198396
v -3.968414 5.761884 -0.240500
v -3.891586 5.606894 -0.240500
v -3.903499 5.594511 -0.240500
v -3.933261 5.593748 -0.198396
v -3.938928 5.757765 0.198396
v -3.896691 5.754634 0.240500
v -3.968414 5.761884 0.240500
v -3.933261 5.593748 0.198396
v -3.903499 5.594511 0.240500
v -3.891568 5.606381 0.240500
v 0.394287 6.562211 -0.095092
v 0.164760 6.332992 -0.190165
v 0.394287 6.562256 0.095074
v 0.164715 6.332992 0.190165
v 0.164760 6.383326 -0.240500
v 0.394287 6.707618 -0.240500
v 0.164760 6.383326 0.240500
v 0.394287 6.707618 0.240500
vt 0.145251 0.000000
vt 0.375000 0.004043
vt 0.374987 0.004760
vt 0.336532 0.000000
vt 0.354459 0.000000
vt 0.145246 0.000000
vt 0.354467 0.000000
vt 0.145231 0.000000
vt 0.350954 0.000000
vt 0.148691 0.000000
vt 0.336543 0.000000
vt 0.162890 0.000000
vt 0.125000 0.003877
vt 0.125000 0.246131
vt 0.125000 0.003874
vt 0.125000 0.246067
vt 0.125000 0.003977
vt 0.125000 0.246022
vt 0.125000 0.004244
vt 0.125000 0.245756
vt 0.125000 0.004690
vt 0.125000 0.245310
vt 0.250006 0.002345
vt 0.355059 0.250000
vt 0.337664 0.250000
vt 0.374987 0.245380
vt 0.375000 0.246187
vt 0.375000 0.003933
vt 0.375000 0.246124
vt 0.375000 0.003931
vt 0.375000 0.246082
vt 0.375000 0.004037
vt 0.375000 0.245819
vt 0.375000 0.004308
vt 0.145239 0.250000
vt 0.355055 0.250000
vt 0.145122 0.250000
vt 0.355170 0.250000
vt 0.148691 0.250000
vt 0.351662 0.250000
vt 0.162890 0.250000
vt 0.337675 0.250000
vt 0.250005 0.247655
vt 0.375000 0.246187
vt 0.145242 0.250000
vt 0.355164 0.250000
vt 0.145242 0.250000
vt 0.125000 0.003986
vt 0.125000 0.246130
vt 0.354462 0.000000
vt 0.144964 0.000000
vt 0.354754 0.000000
vt 0.354912 0.000000
vt 0.375000 0.012466
vt 0.375000 0.006959
vt 0.125000 0.012484
vt 0.145117 0.000000
vt 0.145066 0.000000
vt 0.125000 0.012048
vt 0.354917 0.000000
vt 0.145066 0.000000
vt 0.354917 0.000000
vt 0.145066 0.000000
vt 0.354917 0.000000
vt 0.145066 0.000000
vt 0.354916 0.000000
vt 0.145066 0.000000
vt 0.354917 0.000000
vt 0.145066 0.000000
vt 0.354917 0.000000
vt 0.145066 0.000000
vt 0.354917 0.000000
vt 0.145066 0.000000
vt 0.354917 0.000000
vt 0.145066 0.000000
vt 0.354917 0.000000
vt 0.145066 0.000000
vt 0.354917 0.000000
vt 0.145066 0.000000
vt 0.354917 0.000000
vt 0.145066 0.000000
vt 0.354917 0.000000
vt 0.145066 0.000000
vt 0.354917 0.000000
vt 0.145066 0.000000
vt 0.354912 0.000000
vt 0.145071 0.000000
vt 0.354917 0.000000
vt 0.145066 0.000000
vt 0.354934 0.000000
vt 0.145104 0.000000
vt 0.375000 0.237967
vt 0.355015 0.250000
vt 0.144984 0.250000
vt 0.125000 0.237968
vt 0.125000 0.242647
vt 0.143737 0.250000
vt 0.143827 0.250000
vt 0.356173 0.250000
vt 0.145028 0.250000
vt 0.354928 0.250000
vt 0.143841 0.250000
vt 0.356172 0.250000
vt 0.356045 0.250000
vt 0.375000 0.007535
vt 0.375000 0.242647
vt 0.375000 0.008322
vt 0.375000 0.240347
vt 0.375000 0.009793
vt 0.375000 0.239664
vt 0.375000 0.010755
vt 0.375000 0.012001
vt 0.125000 0.008314
vt 0.125000 0.242647
vt 0.125000 0.009785
vt 0.125000 0.240368
vt 0.125000 0.010688
vt 0.125000 0.239648
vt 0.125000 0.238249
vt 0.375000 0.242647
vt 0.357233 0.250000
vt 0.375000 0.245776
vt 0.375000 0.242631
vt 0.375000 0.006932
vt 0.375000 0.244370
vt 0.375000 0.006154
vt 0.375000 0.245850
vt 0.375000 0.005533
vt 0.375000 0.246388
vt 0.375000 0.005426
vt 0.375000 0.246413
vt 0.375000 0.005402
vt 0.375000 0.246413
vt 0.375000 0.005402
vt 0.375000 0.246320
vt 0.375000 0.005439
vt 0.375000 0.245986
vt 0.375000 0.005485
vt 0.375000 0.245318
vt 0.375000 0.005610
vt 0.375000 0.243475
vt 0.375000 0.005807
vt 0.375000 0.241731
vt 0.375000 0.006072
vt 0.375000 0.233843
vt 0.375000 0.006588
vt 0.143826 0.250000
vt 0.125000 0.006926
vt 0.125000 0.242631
vt 0.125000 0.006147
vt 0.125000 0.244370
vt 0.125000 0.005518
vt 0.125000 0.245850
vt 0.125000 0.005421
vt 0.125000 0.246388
vt 0.125000 0.005397
vt 0.125000 0.246413
vt 0.125000 0.005397
vt 0.125000 0.246413
vt 0.125000 0.005434
vt 0.125000 0.246338
vt 0.125000 0.005479
vt 0.125000 0.246087
vt 0.125000 0.005605
vt 0.125000 0.245333
vt 0.125000 0.005802
vt 0.125000 0.243476
vt 0.125000 0.006067
vt 0.125000 0.241730
vt 0.125000 0.006584
vt 0.125000 0.233877
vt 0.125000 0.007528
vt 0.125000 0.245805
vt 0.138338 0.250000
vt 0.361662 0.250000
vt 0.138338 0.250000
vt 0.361662 0.250000
vt 0.138338 0.250000
vt 0.361662 0.250000
vt 0.138338 0.250000
vt 0.361662 0.250000
vt 0.138338 0.250000
vt 0.361662 0.250000
vt 0.138338 0.250000
vt 0.361662 0.250000
vt 0.138338 0.250000
vt 0.361662 0.250000
vt 0.138338 0.250000
vt 0.361662 0.250000
vt 0.138338 0.250000
vt 0.361662 0.250000
vt 0.138338 0.250000
vt 0.361662 0.250000
vt 0.138338 0.250000
vt 0.361662 0.250000
vt 0.138338 0.250000
vt 0.361662 0.250000
vt 0.356174 0.250000
vt 0.375000 0.243841
vt 0.142767 0.250000
vt 0.357240 0.250000
vt 0.142760 0.250000
vt 0.375000 0.267838
vt 0.625000 0.267759
vt 0.142838 0.250000
vt 0.376097 0.500000
vt 0.625000 0.508165
vt 0.625000 0.482241
vt 0.375000 0.482162
vt 0.357162 0.250000
vt 0.142759 0.250000
vt 0.357241 0.250000
vt 0.142759 0.250000
vt 0.357241 0.250000
vt 0.151161 0.000000
vt 0.125000 0.000000
vt 0.125000 0.000000
vt 0.348839 0.000000
vt 0.375000 0.000000
vt 0.348839 0.000000
vt 0.151161 0.000000
vt 0.375000 0.000000
vt 0.375000 0.000000
vt 0.125000 0.000000
vt 0.370846 0.000000
vt 0.372496 0.000000
vt 0.375000 0.000000
vt 0.375000 0.000000
vt 0.375000 0.000000
vt 0.375000 0.000000
vt 0.372720 0.000000
vt 0.372766 0.000000
vt 0.370846 0.000000
vt 0.369730 0.000000
vt 0.129154 0.000000
vt 0.127279 0.000000
vt 0.127504 0.000000
vt 0.127233 0.000000
vt 0.125000 0.000000
vt 0.369730 0.000000
vt 0.130270 0.000000
vt 0.125000 0.000000
vt 0.125000 0.000000
vt 0.130270 0.000000
vt 0.125000 0.000000
vt 0.375000 0.000000
vt 0.129155 0.000000
vt 0.129154 0.000000
vt 0.127077 0.000000
vt 0.129162 0.000000
vt 0.370846 0.000000
vt 0.125000 0.000000
vt 0.372923 0.000000
vt 0.370838 0.000000
vt 0.130867 0.000000
vt 0.372064 0.000000
vt 0.127936 0.000000
vt 0.369133 0.000000
vt 0.375000 0.244331
vt 0.375000 0.000000
vt 0.375000 0.000000
vt 0.375000 0.000000
vt 0.375000 0.000000
vt 0.375000 0.002461
vt 0.375000 0.003823
vt 0.375000 0.244332
vt 0.375000 0.003823
vt 0.375000 0.244891
vt 0.375000 0.000057
vt 0.375000 0.000000
vt 0.125000 0.000000
vt 0.125000 0.241862
vt 0.125000 0.012102
vt 0.125000 0.000057
vt 0.125000 0.000000
vt 0.367290 0.000000
vt 0.375000 0.000000
vt 0.125000 0.243843
vt 0.125000 0.006966
vt 0.132710 0.000000
vt 0.132710 0.000000
vt 0.125000 0.003823
vt 0.125000 0.244331
vt 0.125000 0.002461
vt 0.125000 0.003823
vt 0.125000 0.244331
vt 0.125000 0.244891
vt 0.367290 0.000000
vt 0.132710 0.000000
vt 0.367290 0.000000
vt 0.125000 0.000000
vt 0.125000 0.000000
vt 0.125000 -0.000000
vt 0.125000 0.000000
vt 0.135270 -0.000000
vt 0.125000 0.000000
vt 0.125000 0.000000
vt 0.125000 0.000000
vt 0.128092 -0.000000
vt 0.125000 0.000000
vt 0.375000 0.000000
vt 0.363654 0.000000
vt 0.375000 0.000000
vt 0.375000 0.000000
vt 0.375000 0.000000
vt 0.375000 0.000000
vt 0.375000 0.000000
vt 0.375000 0.000000
vt 0.375000 0.000000
vt 0.125000 0.000000
vt 0.135995 0.000000
vt 0.125000 0.000000
vt 0.367913 -0.000000
vt 0.369981 0.000000
vt 0.132274 0.000000
vt 0.369157 0.000000
vt 0.133248 0.000000
vt 0.368290 0.000000
vt 0.134724 0.000000
vt 0.366142 0.000000
vt 0.372867 0.000000
vt 0.125000 0.000000
vt 0.125000 -0.000000
vt 0.125000 0.000000
vt 0.125000 0.000000
vt 0.125000 -0.000000
vt 0.125000 -0.000000
vt 0.146884 0.000000
vt 0.125000 -0.000000
vt 0.125000 -0.000000
vt 0.125000 0.000000
vt 0.146884 0.000000
vt 0.375000 0.000000
vt 0.354917 0.000000
vt 0.125000 -0.000000
vt 0.375000 0.000000
vt 0.375000 0.000000
vt 0.375000 0.000000
vt 0.375000 0.000000
vt 0.353116 0.000000
vt 0.353116 0.000000
vt 0.375000 0.000000
vt 0.375000 0.000000
vt 0.375000 0.508138
vt 0.625000 0.660404
vt 0.564443 0.735992
vt 0.375000 0.729796
vt 0.375000 0.012102
vt 0.375000 0.241862
vt 0.624942 0.776161
vt 0.624956 0.737979
vt 0.848837 0.000075
vt 0.799424 0.054849
vt 0.580922 0.000000
vt 0.700585 0.054860
vt 0.564443 0.012046
vt 0.375000 0.750000
vt 0.564443 0.740885
vt 0.561427 0.776161
vt 0.625000 0.089597
vt 0.875000 0.089597
vt 0.875000 0.241835
vt 0.857241 0.250000
vt 0.642759 0.250000
vt 0.625000 0.241835
vt 0.375000 0.000000
vt 0.375000 0.776161
vt 0.561415 0.973839
vt 0.375000 0.973839
vn 0.269790 -0.962845 0.011985
vn 0.269790 -0.962845 -0.011985
vn 0.269911 -0.962797 -0.013006
vn 0.269911 -0.962797 0.013006
vn -0.993436 0.114395 -0.000000
vn -0.993436 0.114395 -0.000000
vn -0.993435 0.114394 -0.000000
vn -0.993435 0.114394 -0.000000
vn -0.993435 0.114395 -0.000000
vn -0.993435 0.114394 -0.000000
vn -0.000000 -0.000000 -1.000000
vn -0.000000 0.000000 -1.000000
vn -0.000000 0.000000 -1.000000
vn -0.000000 -0.000000 -1.000000
vn 0.286301 -0.958140 0.000000
vn 0.286301 -0.958140 0.000000
vn 0.286301 -0.958140 0.000000
vn 0.286301 -0.958140 0.000000
vn 0.249805 -0.890452 -0.380384
vn 0.249805 -0.890452 0.380385
vn 0.256761 -0.904782 0.339768
vn 0.256761 -0.904783 -0.339768
vn 0.181206 -0.983445 0.000000
vn 0.327187 -0.944959 0.001061
vn 0.194679 -0.980361 0.031491
vn 0.188193 -0.981629 0.031422
vn 0.181206 -0.983445 0.000000
vn -0.011313 0.999936 0.000000
vn -0.010741 0.999942 0.000000
vn -0.010741 0.999942 0.000000
vn -0.011313 0.999936 0.000000
vn -0.000000 -0.000000 -1.000000
vn 0.000000 -0.000000 -1.000000
vn 0.000729 -0.000537 -1.000000
vn 0.000047 -0.000104 -1.000000
vn -0.000000 -0.000000 -1.000000
vn -0.000000 -0.000000 -1.000000
vn 0.365977 -0.930366 -0.021919
vn 0.351431 -0.935968 -0.021440
vn 0.349965 -0.936518 -0.021392
vn 0.365977 -0.930366 -0.021919
vn 0.365293 -0.930635 -0.021921
vn 0.365298 -0.930633 -0.021921
vn 0.002476 -0.010117 0.999946
vn 0.002340 -0.010302 0.999944
vn 0.002344 -0.010304 0.999944
vn 0.002450 -0.010163 0.999945
vn 0.019481 0.999579 0.021524
vn -0.029238 0.999361 0.020542
vn -0.029358 0.999358 0.020540
vn 0.019481 0.999579 0.021524
vn 0.018068 0.999605 0.021531
vn 0.018057 0.999605 0.021531
vn -0.002450 0.010163 -0.999945
vn -0.002342 0.010302 -0.999944
vn -0.002345 0.010303 -0.999944
vn -0.002477 0.010117 -0.999946
vn -0.999404 -0.034532 0.000000
vn -0.187163 -0.982329 0.000016
vn -0.187163 -0.982329 -0.000016
vn -0.999404 -0.034532 0.000000
vn 0.012196 -0.999926 0.000000
vn 0.012196 -0.999926 0.000000
vn -0.225972 -0.974134 0.000000
vn -0.225972 -0.974134 0.000000
vn 0.196039 -0.919441 0.340876
vn 0.195501 -0.920759 -0.337613
vn -0.020781 -0.997243 -0.071237
vn -0.023469 -0.997352 0.068836
vn -0.411773 -0.911287 0.000000
vn -0.411773 -0.911287 0.000000
vn -0.411773 -0.911287 0.000000
vn -0.411773 -0.911287 0.000000
vn 0.225862 -0.962103 -0.152790
vn 0.209248 -0.966635 -0.147757
vn 0.209248 -0.966635 -0.147757
vn 0.209248 -0.966635 -0.147757
vn -0.990677 -0.054523 -0.124843
vn -0.998128 -0.061018 -0.004215
vn -0.989890 -0.055689 0.130445
vn -0.990001 -0.052017 0.131117
vn -0.998951 -0.045616 -0.003985
vn -0.990975 -0.049622 -0.124528
vn 0.219095 -0.661117 -0.717581
vn 0.219095 -0.661117 -0.717581
vn 0.094776 -0.685059 -0.722296
vn 0.095283 -0.684984 -0.722301
vn -0.012634 -0.696807 -0.717147
vn -0.012634 -0.696807 -0.717147
vn -0.712429 -0.042441 -0.700459
vn -0.742464 -0.645064 -0.180664
vn -0.810564 -0.583719 -0.047521
vn -0.874065 -0.051456 -0.483077
vn -0.976707 -0.212913 -0.026657
vn -0.982643 -0.054285 -0.177385
vn -0.984883 -0.172954 -0.009651
vn -0.597770 -0.576952 -0.556595
vn -0.597770 -0.576952 -0.556595
vn -0.597770 -0.576952 -0.556595
vn 0.229607 -0.679878 0.696453
vn 0.229607 -0.679878 0.696453
vn 0.100811 -0.705132 0.701873
vn 0.101364 -0.705050 0.701876
vn -0.010373 -0.717060 0.696935
vn -0.010373 -0.717060 0.696935
vn -0.794120 -0.454945 0.402987
vn -0.794120 -0.454945 0.402987
vn -0.977369 -0.070186 0.199557
vn -0.969293 -0.223652 0.102233
vn -0.981479 -0.056757 0.182968
vn -0.976566 -0.213765 0.024968
vn 0.137606 -0.990240 -0.022144
vn 0.136780 -0.990354 -0.022143
vn -0.016439 -0.999631 -0.021632
vn -0.016439 -0.999631 -0.021632
vn -0.668385 -0.743694 -0.013477
vn -0.668385 -0.743694 -0.013477
vn -0.606959 -0.585020 0.537915
vn -0.606959 -0.585021 0.537915
vn -0.606959 -0.585020 0.537914
vn -0.061114 0.714685 -0.696771
vn -0.061114 0.714685 -0.696771
vn -0.111776 0.707187 -0.698135
vn -0.112103 0.707132 -0.698138
vn -0.189470 0.691950 -0.696639
vn -0.189470 0.691950 -0.696639
vn -0.839619 0.366247 -0.401127
vn -0.839619 0.366247 -0.401127
vn -0.980409 -0.034715 -0.193891
vn -0.988258 0.118834 -0.096040
vn -0.982988 -0.048270 -0.177213
vn -0.993959 0.108002 -0.019521
vn -0.997693 0.067743 -0.004397
vn -0.003693 0.006738 -0.999971
vn -0.003589 0.006748 -0.999971
vn -0.002721 0.006832 -0.999973
vn -0.002721 0.006832 -0.999973
vn -0.708421 -0.032894 -0.705023
vn -0.708421 -0.032894 -0.705023
vn -0.726177 0.467730 -0.503881
vn -0.726177 0.467730 -0.503881
vn -0.726177 0.467730 -0.503881
vn -0.055138 0.694603 0.717277
vn -0.055138 0.694603 0.717277
vn -0.104180 0.687334 0.718832
vn -0.104684 0.687250 0.718838
vn -0.179400 0.672787 0.717756
vn -0.179400 0.672787 0.717756
vn -0.708678 -0.033705 0.704726
vn -0.805338 0.563409 0.184394
vn -0.867078 0.495448 0.052030
vn -0.871832 -0.042000 0.488000
vn -0.993574 0.108722 0.031462
vn -0.981758 -0.050829 0.183214
vn 0.003584 -0.006748 0.999971
vn 0.003687 -0.006738 0.999971
vn 0.002716 -0.006832 0.999973
vn 0.002716 -0.006832 0.999973
vn -0.703763 -0.042608 0.709156
vn -0.703763 -0.042608 0.709156
vn -0.153052 0.987971 0.022110
vn -0.152392 0.988073 0.022109
vn -0.263915 0.964292 0.022126
vn -0.263915 0.964292 0.022126
vn -0.743790 0.668182 0.017607
vn -0.743790 0.668182 0.017607
vn -0.716191 0.453290 0.530659
vn -0.716191 0.453290 0.530659
vn -0.716191 0.453290 0.530659
vn 0.013949 0.694096 0.719747
vn 0.013949 0.694096 0.719747
vn 0.013949 0.694096 0.719747
vn 0.013949 0.694096 0.719747
vn -0.829364 0.337767 0.445049
vn -0.829364 0.337767 0.445049
vn -0.829364 0.337767 0.445049
vn 0.013599 0.719612 -0.694243
vn 0.013599 0.719612 -0.694243
vn 0.013599 0.719612 -0.694243
vn 0.013599 0.719612 -0.694243
vn -0.835603 0.354181 -0.419908
vn -0.835603 0.354181 -0.419908
vn -0.835603 0.354181 -0.419908
vn -0.835603 0.354181 -0.419908
vn 0.253787 -0.645759 -0.720130
vn 0.253787 -0.645759 -0.720130
vn 0.253787 -0.645759 -0.720130
vn 0.253787 -0.645759 -0.720130
vn -0.672263 -0.540404 -0.505989
vn -0.672263 -0.540404 -0.505989
vn -0.672263 -0.540404 -0.505989
vn 0.263803 -0.670029 0.693880
vn 0.263803 -0.670029 0.693880
vn 0.263803 -0.670029 0.693880
vn 0.263803 -0.670029 0.693880
vn -0.676472 -0.556408 0.482489
vn -0.676472 -0.556408 0.482489
vn -0.676472 -0.556408 0.482489
vn -0.138354 -0.990383 0.000000
vn -0.136354 -0.990660 0.000000
vn -0.136354 -0.990660 0.000000
vn -0.138354 -0.990383 0.000000
vn -0.138302 -0.990390 -0.000037
vn -0.138302 -0.990390 0.000037
vn -0.005720 -0.707083 0.707108
vn -0.005720 -0.707083 0.707108
vn -0.045990 -0.705184 0.707531
vn -0.045990 -0.705184 0.707531
vn -0.038739 -0.705549 0.707602
vn -0.038739 -0.705549 0.707602
vn -0.004696 -0.707087 0.707111
vn -0.004711 -0.707087 0.707111
vn -0.011885 -0.707005 0.707109
vn -0.011879 -0.707005 0.707109
vn -0.011868 -0.707007 0.707107
vn -0.011873 -0.707007 0.707107
vn -0.008926 -0.707050 0.707107
vn -0.008926 -0.707050 0.707107
vn -0.008948 -0.707052 0.707105
vn -0.008948 -0.707052 0.707105
vn -0.009034 -0.707050 0.707106
vn -0.009034 -0.707050 0.707106
vn -0.010341 -0.707031 0.707107
vn -0.010339 -0.707031 0.707107
vn -0.010775 -0.707025 0.707107
vn -0.010776 -0.707025 0.707106
vn -0.009802 -0.707039 0.707107
vn -0.009802 -0.707039 0.707107
vn -0.010372 -0.707030 0.707107
vn -0.010372 -0.707030 0.707107
vn 0.014128 -0.707107 0.706966
vn 0.014129 -0.707107 0.706966
vn 0.019112 -0.706973 0.706982
vn 0.019028 -0.706976 0.706982
vn 0.052827 -0.704852 0.707385
vn 0.052817 -0.704853 0.707384
vn 0.055505 -0.709449 0.702568
vn 0.053933 -0.709758 0.702378
vn 0.022021 -0.715625 0.698138
vn 0.022021 -0.715625 0.698138
vn -0.743075 -0.458302 0.487646
vn -0.743075 -0.458302 0.487646
vn -0.743075 -0.458302 0.487646
vn -0.743075 -0.458302 0.487646
vn 0.000000 0.000000 -1.000000
vn 0.000000 0.000000 -1.000000
vn 0.000000 0.000000 -1.000000
vn 0.000000 0.000000 -1.000000
vn -0.005717 -0.707081 -0.707109
vn -0.005717 -0.707081 -0.707109
vn -0.045989 -0.705182 -0.707533
vn -0.045989 -0.705182 -0.707533
vn -0.038739 -0.705547 -0.707604
vn -0.038739 -0.705547 -0.707604
vn -0.004709 -0.707087 -0.707111
vn -0.004695 -0.707087 -0.707111
vn -0.011880 -0.707007 -0.707107
vn -0.011885 -0.707007 -0.707107
vn -0.011875 -0.707009 -0.707105
vn -0.011869 -0.707009 -0.707105
vn -0.008927 -0.707048 -0.707109
vn -0.008927 -0.707048 -0.707109
vn -0.008948 -0.707048 -0.707109
vn -0.008948 -0.707048 -0.707109
vn -0.009033 -0.707047 -0.707109
vn -0.009033 -0.707047 -0.707109
vn -0.010340 -0.707028 -0.707110
vn -0.010342 -0.707028 -0.707110
vn -0.010774 -0.707024 -0.707108
vn -0.010773 -0.707024 -0.707108
vn -0.009801 -0.707038 -0.707107
vn -0.009801 -0.707038 -0.707107
vn -0.010372 -0.707029 -0.707109
vn -0.010372 -0.707029 -0.707109
vn 0.014129 -0.707105 -0.706967
vn 0.014129 -0.707105 -0.706967
vn 0.019028 -0.706975 -0.706983
vn 0.019112 -0.706972 -0.706984
vn 0.052557 -0.704721 -0.707535
vn 0.052549 -0.704722 -0.707535
vn 0.067178 -0.699019 -0.711941
vn 0.066104 -0.698949 -0.712110
vn 0.044052 -0.697335 -0.715390
vn 0.044052 -0.697335 -0.715390
vn -0.064729 -0.997903 0.000000
vn -0.064729 -0.997903 0.000000
vn -0.055134 -0.998479 0.000000
vn -0.055134 -0.998479 0.000000
vn -0.006695 -0.999978 0.000000
vn -0.006695 -0.999978 0.000000
vn -0.016804 -0.999859 0.000000
vn -0.016804 -0.999859 0.000000
vn -0.016793 -0.999859 0.000000
vn -0.016793 -0.999859 0.000000
vn -0.012624 -0.999920 0.000000
vn -0.012624 -0.999920 0.000000
vn -0.012654 -0.999920 0.000000
vn -0.012654 -0.999920 0.000000
vn -0.012774 -0.999918 0.000000
vn -0.012774 -0.999919 0.000000
vn -0.014625 -0.999893 0.000000
vn -0.014625 -0.999893 0.000000
vn -0.015238 -0.999884 0.000000
vn -0.015238 -0.999884 0.000000
vn -0.013861 -0.999904 0.000000
vn -0.013861 -0.999904 0.000000
vn -0.014663 -0.999893 0.000000
vn -0.014663 -0.999893 0.000000
vn 0.019981 -0.999800 0.000000
vn 0.019981 -0.999800 0.000000
vn 0.026957 -0.999637 0.000000
vn 0.026957 -0.999637 0.000000
vn 0.074580 -0.997215 0.000000
vn 0.074562 -0.997216 0.000000
vn 0.087031 -0.996188 -0.005970
vn 0.084837 -0.996375 -0.006240
vn -0.743074 -0.458305 -0.487646
vn -0.743074 -0.458305 -0.487646
vn -0.743074 -0.458305 -0.487646
vn -0.743074 -0.458305 -0.487646
vn -0.199014 0.678509 0.707120
vn -0.199014 0.678509 0.707120
vn -0.279143 0.656260 0.701001
vn -0.278592 0.656431 0.701060
vn -0.394629 0.614884 0.682778
vn -0.393927 0.615224 0.682877
vn -0.199014 0.678509 -0.707120
vn -0.199014 0.678509 -0.707120
vn -0.278462 0.656462 -0.701082
vn -0.279000 0.656296 -0.701024
vn -0.393958 0.615106 -0.682966
vn -0.394600 0.614814 -0.682857
vn -0.328756 0.629687 0.703857
vn -0.326695 0.630065 0.704477
vn -0.340834 0.635668 -0.692646
vn -0.339814 0.636036 -0.692810
vn -0.284869 0.637055 0.716248
vn -0.284869 0.637055 0.716248
vn -0.305579 0.647856 -0.697785
vn -0.305579 0.647856 -0.697785
vn -0.385375 0.922760 0.000000
vn -0.281452 0.959575 0.000000
vn -0.281452 0.959575 0.000000
vn -0.385398 0.922750 0.000000
vn -0.539702 0.841856 0.000000
vn -0.539701 0.841857 0.000000
vn -0.467836 0.883793 0.006310
vn -0.465635 0.884953 0.006512
vn -0.417538 0.908595 0.010839
vn -0.417538 0.908595 0.010839
vn -0.000000 0.000000 1.000000
vn -0.000000 0.000000 1.000000
vn -0.000000 0.000000 1.000000
vn -0.000000 0.000000 1.000000
vn 0.000031 0.000009 1.000000
vn 0.000052 0.000014 1.000000
vn 0.000840 -0.004214 0.999991
vn 0.001121 -0.005929 0.999982
vn 0.001799 -0.010071 0.999948
vn 0.000000 -0.000000 -1.000000
vn 0.000000 -0.000000 -1.000000
vn 0.000000 -0.000000 -1.000000
vn 0.000000 -0.000000 -1.000000
vn -0.000026 -0.000007 -1.000000
vn -0.000016 -0.000004 -1.000000
vn -0.001147 0.005892 -0.999982
vn -0.000864 0.004335 -0.999990
vn -0.001908 0.010087 -0.999947
vn -0.001908 0.010087 -0.999947
vn -0.997142 0.060845 0.044774
vn -0.908759 0.150842 0.389106
vn -0.991391 0.127279 0.030730
vn -0.997142 0.060845 -0.044774
vn -0.991391 0.127279 -0.030730
vn -0.908759 0.150842 -0.389106
vn 0.787687 0.295408 0.540632
vn 0.787687 0.295408 0.540632
vn 0.732805 0.319530 0.600748
vn 0.730215 0.320560 0.603347
vn 0.578658 0.404347 0.708278
vn 0.578658 0.404347 0.708278
vn 0.471312 0.520437 0.712047
vn 0.471312 0.520437 0.712047
vn 0.223600 0.663216 0.714246
vn 0.223601 0.663216 0.714246
vn 0.055405 0.704325 0.707712
vn 0.055405 0.704325 0.707712
vn -0.065284 0.702264 0.708917
vn -0.065285 0.702264 0.708917
vn -0.182212 0.681637 0.708639
vn -0.182212 0.681637 0.708639
vn -0.373909 0.596323 0.710346
vn -0.373909 0.596323 0.710346
vn -0.512442 0.481935 0.710733
vn -0.512442 0.481935 0.710733
vn -0.600284 0.372462 0.707765
vn -0.600284 0.372462 0.707765
vn -0.660628 0.245723 0.709360
vn -0.660628 0.245723 0.709360
vn -0.981137 0.188090 0.044626
vn -0.815395 0.173257 0.552371
vn 0.000000 0.000000 1.000000
vn 0.000000 0.000000 1.000000
vn 0.000000 0.000000 1.000000
vn 0.000000 0.000000 1.000000
vn 0.000000 0.000000 1.000000
vn 0.000000 0.000000 1.000000
vn 0.000000 0.000000 1.000000
vn 0.000000 0.000000 1.000000
vn 0.000000 0.000000 1.000000
vn 0.000000 0.000000 1.000000
vn 0.000000 0.000000 1.000000
vn 0.000000 0.000000 1.000000
vn 0.000000 0.000000 1.000000
vn 0.000000 0.000000 1.000000
vn 0.000000 0.000000 1.000000
vn 0.000000 0.000000 1.000000
vn 0.000000 0.000000 1.000000
vn 0.000000 0.000000 1.000000
vn -0.000000 0.000000 1.000000
vn -0.000000 0.000000 1.000000
vn -0.000000 0.000000 1.000000
vn -0.000000 0.000000 1.000000
vn 0.000000 0.000000 1.000000
vn 0.000000 0.000000 1.000000
vn -0.000000 0.000000 1.000000
vn -0.000000 0.000000 1.000000
vn -0.000001 0.000000 1.000000
vn 0.787687 0.295408 -0.540632
vn 0.787687 0.295408 -0.540632
vn 0.730215 0.320560 -0.603347
vn 0.732805 0.319530 -0.600748
vn 0.578658 0.404347 -0.708278
vn 0.578658 0.404347 -0.708278
vn 0.471312 0.520437 -0.712047
vn 0.471312 0.520437 -0.712047
vn 0.223601 0.663217 -0.714245
vn 0.223600 0.663217 -0.714245
vn 0.055405 0.704325 -0.707712
vn 0.055405 0.704325 -0.707712
vn -0.065285 0.702264 -0.708917
vn -0.065284 0.702264 -0.708917
vn -0.182212 0.681637 -0.708639
vn -0.182212 0.681637 -0.708639
vn -0.373909 0.596323 -0.710346
vn -0.373909 0.596323 -0.710346
vn -0.512442 0.481935 -0.710734
vn -0.512442 0.481935 -0.710734
vn -0.600283 0.372462 -0.707765
vn -0.600283 0.372462 -0.707765
vn -0.660628 0.245723 -0.709360
vn -0.660628 0.245723 -0.709360
vn -0.815395 0.173257 -0.552371
vn -0.981137 0.188090 -0.044626
vn 0.000000 -0.000000 -1.000000
vn 0.000000 -0.000000 -1.000000
vn 0.000000 -0.000000 -1.000000
vn 0.000000 -0.000000 -1.000000
vn 0.000000 -0.000000 -1.000000
vn 0.000000 -0.000000 -1.000000
vn 0.000000 -0.000000 -1.000000
vn 0.000000 -0.000000 -1.000000
vn 0.000000 -0.000000 -1.000000
vn 0.000000 -0.000000 -1.000000
vn 0.000000 -0.000000 -1.000000
vn 0.000000 -0.000000 -1.000000
vn 0.000000 -0.000000 -1.000000
vn 0.000000 -0.000000 -1.000000
vn 0.000000 -0.000000 -1.000000
vn 0.000000 -0.000000 -1.000000
vn 0.000000 -0.000000 -1.000000
vn 0.000000 -0.000000 -1.000000
vn 0.000000 -0.000000 -1.000000
vn 0.000000 -0.000000 -1.000000
vn 0.000000 -0.000000 -1.000000
vn 0.000000 -0.000000 -1.000000
vn 0.000000 -0.000000 -1.000000
vn 0.000000 -0.000000 -1.000000
vn 0.000001 -0.000000 -1.000000
vn 0.915168 0.403072 0.000000
vn 0.942681 0.333694 0.000000
vn 0.942681 0.333694 0.000000
vn 0.915168 0.403072 0.000000
vn 0.819401 0.573221 0.000000
vn 0.819401 0.573221 0.000000
vn 0.668888 0.743363 0.000000
vn 0.668888 0.743363 0.000000
vn 0.321776 0.946816 0.000000
vn 0.321776 0.946816 0.000000
vn 0.078724 0.996897 0.000000
vn 0.078724 0.996897 0.000000
vn -0.092819 0.995683 0.000000
vn -0.092819 0.995683 0.000000
vn -0.260081 0.965587 0.000000
vn -0.260081 0.965587 0.000000
vn -0.529848 0.848093 0.000000
vn -0.529848 0.848093 0.000000
vn -0.727388 0.686226 0.000000
vn -0.727388 0.686226 0.000000
vn -0.849567 0.527480 0.000000
vn -0.849567 0.527480 0.000000
vn -0.937082 0.349110 0.000000
vn -0.937082 0.349110 0.000000
vn -0.008002 0.707114 0.707054
vn -0.008002 0.707114 0.707054
vn -0.008002 0.707114 0.707054
vn -0.008002 0.707114 0.707054
vn -0.008002 0.707114 -0.707054
vn -0.008002 0.707114 -0.707054
vn -0.008002 0.707114 -0.707054
vn -0.008002 0.707114 -0.707054
vn 0.000000 0.708689 0.705521
vn -0.000000 0.708689 0.705521
vn -0.000000 0.708565 0.705645
vn -0.000000 0.708565 0.705645
vn 0.000000 0.708689 0.705521
vn 0.000000 0.708689 0.705521
vn -0.000000 0.708689 -0.705521
vn 0.000000 0.708689 -0.705521
vn -0.000000 0.708565 -0.705645
vn -0.000000 0.708565 -0.705645
vn 0.000000 0.708689 -0.705521
vn 0.000000 0.708689 -0.705521
vn -0.000004 0.707106 0.707108
vn -0.000004 0.707106 0.707108
vn -0.000004 0.707106 -0.707108
vn -0.000004 0.707106 -0.707108
vn -0.000010 0.707105 0.707109
vn -0.000010 0.707105 0.707109
vn -0.000010 0.707105 -0.707109
vn -0.000010 0.707105 -0.707109
vn 0.000000 1.000000 0.000000
vn 0.000000 1.000000 0.000000
vn 0.000000 1.000000 0.000000
vn 0.000000 1.000000 0.000000
vn 0.000000 1.000000 0.000000
vn 0.000000 1.000000 0.000000
vn 0.000000 1.000000 0.000000
vn 0.000000 1.000000 0.000000
vn 0.669115 -0.743159 0.000000
vn 0.669115 -0.743159 0.000000
vn 0.669115 -0.743159 0.000000
vn 0.669115 -0.743159 0.000000
vn 0.702633 -0.079413 -0.707107
vn 0.702633 -0.079413 -0.707107
vn 0.702633 -0.079413 -0.707107
vn 0.702633 -0.079413 -0.707107
vn -0.000000 -0.000000 -1.000000
vn 0.000000 0.000000 -1.000000
vn 0.000000 0.000000 -1.000000
vn 0.000000 0.000000 -1.000000
vn -0.000000 -0.000000 -1.000000
vn -0.000005 -0.000000 -1.000000
vn -0.000006 -0.000620 -1.000000
vn -0.000000 -0.000000 -1.000000
vn 0.560833 0.594638 -0.576083
vn 0.560833 0.594638 -0.576083
vn 0.560833 0.594638 -0.576083
vn 0.246279 -0.883864 -0.397656
vn 0.246279 -0.883865 -0.397656
vn 0.000000 0.000000 1.000000
vn 0.000000 -0.000000 1.000000
vn 0.000000 -0.000000 1.000000
vn 0.000000 0.000000 1.000000
vn 0.702633 -0.079413 0.707107
vn 0.702633 -0.079413 0.707107
vn 0.702633 -0.079413 0.707107
vn 0.702633 -0.079413 0.707107
vn 0.000000 0.000000 1.000000
vn -0.000005 0.000000 1.000000
vn -0.000014 -0.000000 1.000000
vn 0.000000 -0.000000 1.000000
vn 0.000000 0.000000 1.000000
vn 0.000000 0.000000 1.000000
vn 0.000000 0.000000 1.000000
vn 0.000000 0.000000 1.000000
vn 0.000000 0.000000 1.000000
vn -0.000006 -0.000620 1.000000
vn 0.993674 -0.112307 0.000000
vn 0.993674 -0.112307 0.000000
vn 0.993674 -0.112307 0.000000
vn 0.993674 -0.112307 0.000000
vn 0.560833 0.594638 0.576083
vn 0.560833 0.594638 0.576083
vn 0.560833 0.594638 0.576083
vn -0.999792 -0.020389 -0.000000
vn -0.999229 -0.039263 -0.000000
vn -0.999229 -0.039263 -0.000000
vn -0.999792 -0.020389 -0.000000
vn -0.562880 -0.406711 -0.719550
vn -0.562764 -0.406877 -0.719547
vn -0.671562 -0.221699 -0.707004
vn -0.671562 -0.221699 -0.707004
vn -0.671562 -0.221699 -0.707004
vn -0.562839 -0.406796 0.719535
vn -0.562838 -0.406797 0.719534
vn -0.464422 -0.533228 0.707093
vn -0.464310 -0.533448 0.707000
vn -0.464439 -0.533196 0.707106
vn -0.671474 -0.221669 0.707096
vn -0.671474 -0.221669 0.707096
vn -0.671474 -0.221669 0.707096
vn 0.000000 0.000000 1.000000
vn 0.000000 0.000000 1.000000
vn -0.000000 -0.000000 -1.000000
vn -0.000000 -0.000000 -1.000000
vn 0.000000 0.000000 1.000000
vn -0.949594 -0.313483 0.000000
vn -0.949594 -0.313483 0.000000
vn -0.949594 -0.313483 0.000000
vn -0.949594 -0.313483 0.000000
vn -0.000000 -0.000000 -1.000000
vn -0.656813 -0.754054 0.000000
vn -0.691721 -0.722165 0.000000
vn -0.691722 -0.722164 0.000000
vn -0.656813 -0.754054 0.000000
vn -0.464359 -0.533144 -0.707197
vn -0.464231 -0.533397 -0.707091
vn -0.464343 -0.533176 -0.707184
vn -0.294918 -0.782366 -0.548567
vn 0.262100 -0.552826 -0.791004
vn 0.262100 -0.552826 -0.791004
vn 0.262100 -0.552826 -0.791004
vn 0.262100 -0.552826 -0.791004
vn 0.262086 -0.552799 0.791028
vn 0.262086 -0.552799 0.791028
vn 0.262086 -0.552799 0.791028
vn 0.262086 -0.552799 0.791028
vn -0.000001 0.000000 1.000000
vn -0.001487 0.000000 0.999999
vn -0.000001 0.000000 1.000000
vn -0.295003 -0.782053 0.548968
vn -0.705404 -0.024571 0.708380
vn -0.706476 -0.017601 0.707519
vn -0.706953 -0.014418 0.707113
vn -0.706953 -0.014418 0.707113
vn -0.575433 -0.434976 0.692584
vn -0.575433 -0.434976 0.692584
vn -0.479800 0.528305 0.700490
vn -0.479800 0.528306 0.700490
vn -0.479800 0.528305 0.700490
vn -0.479800 0.528305 0.700490
vn -0.905907 -0.423477 0.000000
vn -0.905907 -0.423477 0.000000
vn -0.706473 -0.017601 -0.707521
vn -0.705401 -0.024570 -0.708382
vn -0.706951 -0.014417 -0.707116
vn -0.706951 -0.014417 -0.707116
vn -0.575425 -0.434970 -0.692595
vn -0.575425 -0.434969 -0.692595
vn -0.479769 0.528346 -0.700480
vn -0.479769 0.528346 -0.700480
vn -0.479769 0.528346 -0.700480
vn -0.479769 0.528346 -0.700480
vn -0.470058 -0.882635 0.000603
vn -0.470058 -0.882635 0.000600
vn -0.470058 -0.882635 -0.000600
vn -0.470058 -0.882635 -0.000603
vn -0.456494 -0.856603 0.240508
vn -0.456498 -0.856609 -0.240479
vn 0.246279 -0.883864 0.397657
vn 0.246279 -0.883864 0.397657
vn 1.000000 -0.000000 0.000000
vn 1.000000 -0.000000 0.000000
vn 1.000000 -0.000000 0.000000
vn 1.000000 -0.000000 0.000000
vn 1.000000 -0.000000 0.000000
vn 1.000000 -0.000000 0.000000
vn 0.000045 -0.000067 1.000000
vn 0.000732 -0.000537 1.000000
vn -0.000000 0.000000 1.000000
vn 0.000000 0.000000 1.000000
vn -0.000645 -0.705891 0.708320
vn 0.000002 -0.707098 0.707115
vn 0.000002 -0.707098 0.707115
vn 0.577976 -0.407352 0.707113
vn 0.577976 -0.407352 0.707113
vn 0.520225 -0.396122 0.756606
vn -0.000000 0.000000 1.000000
vn -0.000000 0.000000 1.000000
vn -0.000014 0.000000 -1.000000
vn -0.000000 0.000000 -1.000000
vn -0.001485 -0.000000 -0.999999
vn 0.000001 -0.000000 -1.000000
vn 0.000001 -0.000000 -1.000000
vn -0.000645 -0.705891 -0.708320
vn 0.000002 -0.707098 -0.707115
vn 0.000002 -0.707098 -0.707115
vn 0.577978 -0.407353 -0.707111
vn 0.577978 -0.407353 -0.707111
vn 0.521635 -0.400710 -0.753212
vn 0.000000 -0.000000 -1.000000
vn 0.000000 -0.000000 -1.000000
vn 0.000003 -1.000000 0.000000
vn 0.000003 -1.000000 0.000000
vn 0.000003 -1.000000 0.000000
vn 0.000003 -1.000000 0.000000
vn 0.817388 -0.576087 0.000000
vn 0.817388 -0.576087 0.000000
vn 0.817388 -0.576087 0.000000
vn 0.817388 -0.576087 0.000000
vn 0.256480 -0.470410 -0.844353
vn 0.025695 -0.999617 -0.010256
vn 0.318588 -0.947893 0.000000
vn 0.318588 -0.947893 0.000000
vn 0.318588 -0.947893 0.000000
vn 0.318588 -0.947893 0.000000
vn 0.026079 -0.999637 0.006739
vn -0.018317 -0.910558 -0.412976
vn -0.017456 -0.999695 -0.017442
vn -0.025760 -0.915028 -0.402567
vn 0.528326 -0.636861 -0.561497
vn 0.528326 -0.636861 -0.561497
vn 0.620871 -0.783268 -0.031795
vn 0.312435 -0.839081 -0.445339
vn 0.631539 -0.775308 -0.007447
vn 0.261546 -0.900062 -0.348543
vn 0.493946 -0.869492 -0.001244
vn -0.000000 0.000000 -1.000000
vn -0.000000 0.000000 -1.000000
vn 0.224166 -0.877337 -0.424299
vn 0.409132 0.753379 -0.514812
vn 0.409132 0.753379 -0.514812
vn 0.409132 0.753379 -0.514812
vn 0.265484 -0.386705 0.883163
vn -0.000000 0.000000 1.000000
vn -0.000000 0.000000 1.000000
vn -0.000000 0.000000 1.000000
vn -0.000000 0.000000 1.000000
vn -0.022538 -0.914240 0.404545
vn -0.022538 -0.914240 0.404545
vn -0.017227 -0.999777 0.012224
vn 0.525935 -0.641945 0.557941
vn 0.525935 -0.641945 0.557941
vn 0.287727 -0.851115 0.439108
vn 0.622234 -0.782513 0.022318
vn 0.251221 -0.899515 0.357436
vn 0.636290 -0.771430 0.005582
vn 0.230365 -0.960738 0.154644
vn 0.397043 -0.917753 0.009330
vn -0.000000 0.000000 1.000000
vn -0.000000 0.000000 1.000000
vn 0.000000 0.000000 1.000000
vn 0.000000 0.000000 1.000000
vn 0.000000 0.000000 1.000000
vn 0.223931 -0.876374 0.426407
vn 0.665700 -0.746220 -0.000000
vn 0.665700 -0.746220 -0.000000
vn 0.618874 -0.785491 0.000347
vn 0.618874 -0.785491 0.000347
vn 0.195383 -0.578493 0.791941
vn 0.195383 -0.578493 0.791941
vn -0.000000 0.000000 -1.000000
vn -0.000000 0.000000 -1.000000
vn -0.000000 0.000000 -1.000000
vn -0.706685 -0.024418 -0.707107
vn -0.706685 -0.024418 -0.707107
vn -0.706685 -0.024418 -0.707107
vn -0.706685 -0.024418 -0.707107
vn -0.100539 -0.994570 -0.026889
vn -0.645395 0.620860 -0.444969
vn -0.645395 0.620860 -0.444969
vn -0.645395 0.620860 -0.444969
vn 0.025633 -0.999672 0.000000
vn 0.025633 -0.999672 0.000000
vn 0.025633 -0.999672 0.000000
vn 0.025633 -0.999672 0.000000
vn -0.706685 -0.024417 0.707107
vn -0.706685 -0.024417 0.707107
vn -0.706685 -0.024417 0.707107
vn -0.706685 -0.024417 0.707107
vn -0.100539 -0.994570 0.026889
vn -0.634433 0.637656 0.436909
vn -0.634433 0.637657 0.436909
vn -0.634433 0.637657 0.436909
vn 0.706772 -0.500238 -0.500236
vn 0.706772 -0.500238 -0.500236
vn 0.706771 -0.500238 -0.500236
vn 0.706772 -0.500238 -0.500236
vn 0.706632 -0.707581 0.000111
vn 0.706632 -0.707581 0.000111
vn 0.706632 -0.707581 0.000111
vn 0.706632 -0.707581 0.000111
vn 0.706853 -0.500343 0.500017
vn 0.706853 -0.500343 0.500017
vn 0.706853 -0.500343 0.500017
vn 0.706853 -0.500343 0.500016
vn -0.000949 -0.707107 -0.707106
vn -0.000949 -0.707107 -0.707106
vn -0.000949 -0.707107 -0.707106
vn -0.000949 -0.707107 -0.707106
vn 1.000000 -0.000000 0.000000
vn 1.000000 -0.000000 0.000000
vn 1.000000 -0.000000 0.000000
vn 1.000000 -0.000000 0.000000
vn 1.000000 -0.000000 0.000000
vn 1.000000 -0.000000 0.000000
vn 1.000000 -0.000000 0.000000
vn 1.000000 -0.000000 0.000000
vn -0.000949 -0.707106 0.707107
vn -0.000949 -0.707106 0.707107
vn -0.000949 -0.707106 0.707107
vn -0.000949 -0.707106 0.707107
vn -0.001342 -0.999999 -0.000000
vn -0.001342 -0.999999 -0.000000
vn -0.001342 -0.999999 -0.000000
vn -0.001342 -0.999999 -0.000000
s 1
g Body
usemtl standardSurface3SG
f 648/683/995 646/679/996 650/684/997 652/687/998
s off
f 373/706/999 372/704/1000 639/672/1001 638/670/1002 633/669/1003 632/659/1004
s 2
f 618/668/1005 637/671/1006 612/645/1007 368/646/1008
s off
f 368/646/1009 369/657/1010 371/652/1011 370/681/1012
s 1
f 370/681/1013 371/652/1014 653/685/1015 651/686/1016
s 3
f 380/741/1017 698/731/1018 697/738/1019 381/737/1020 382/729/1021
s 4
f 537/550/1022 591/630/1023 592/631/1024 563/629/1025
s 2
f 564/707/1026 593/716/1027 671/711/1028 673/722/1029 483/752/1030 482/708/1031
s 6
f 439/480/1032 438/486/1033 440/482/1034 442/481/1035 394/479/1036 384/430/1037
s 7
f 395/431/1038 441/483/1039 431/521/1040 418/473/1041
s 8
f 433/475/1042 432/522/1043 434/523/1044 436/476/1045 407/474/1046 419/453/1047
s 2
f 408/478/1048 435/524/1049 437/485/1050 383/477/1051
s 6
f 708/769/1052 705/770/1053 700/757/1054 704/761/1055
s 11
f 374/766/1056 375/754/1057 377/727/1058 376/733/1059
s 3
f 376/733/1060 377/727/1061 379/723/1062 378/735/1063
s off
f 378/735/1064 379/723/1065 382/729/1066 381/737/1067
s 3
f 379/723/1062 684/725/1068 683/739/1069 380/741/1070 382/729/1071
s 13
f 393/450/1072 406/452/1073 405/432/1074 430/455/1075 429/472/1076 417/451/1077
s 14
f 383/477/1078 384/430/1079 386/435/1080 385/442/1081
f 385/442/1081 386/435/1080 388/437/1082 387/444/1083
s 13
f 387/444/1084 388/437/1085 390/439/1086 389/446/1087
f 389/446/1087 390/439/1086 392/441/1088 391/448/1089
f 391/448/1089 392/441/1088 404/433/1090 406/452/1073 393/450/1072
s off
f 383/477/1091 439/480/1092 384/430/1093
s 16
f 394/479/1094 395/431/1095 396/457/1096 397/434/1097
f 397/434/1097 396/457/1096 398/459/1098 399/436/1099
s 13
f 399/436/1100 398/459/1101 400/461/1102 401/438/1103
f 401/438/1103 400/461/1102 402/463/1104 403/440/1105
f 403/440/1105 402/463/1104 405/432/1074 404/433/1090
s 6
f 386/435/1106 384/430/1037 394/479/1036 397/434/1107
f 386/435/1106 397/434/1107 399/436/1108 388/437/1109
s 13
f 388/437/1085 399/436/1110 401/438/1111 390/439/1086
f 390/439/1086 401/438/1103 403/440/1105 392/441/1088
f 392/441/1088 403/440/1105 404/433/1090
s off
f 394/479/1112 442/481/1113 395/431/1114
s 13
f 404/433/1090 405/432/1074 406/452/1073
s 18
f 407/474/1115 408/478/1116 410/443/1117 409/464/1118
f 409/464/1118 410/443/1117 412/445/1119 411/466/1120
s 13
f 411/466/1121 412/445/1122 414/447/1123 413/468/1124
f 413/468/1124 414/447/1123 416/449/1125 415/470/1126
f 415/470/1126 416/449/1125 417/451/1077 429/472/1076 428/454/1127
s 2
f 410/443/1128 408/478/1048 383/477/1051 385/442/1129
f 410/443/1128 385/442/1129 387/444/1130 412/445/1131
s 13
f 412/445/1132 387/444/1084 389/446/1087 414/447/1133
f 414/447/1123 389/446/1087 391/448/1089 416/449/1125
f 416/449/1125 391/448/1089 393/450/1072 417/451/1077
s off
f 407/474/1134 436/476/1135 408/478/1136
s 20
f 418/473/1137 419/453/1138 421/465/1139 420/456/1140
f 420/456/1140 421/465/1139 423/467/1141 422/458/1142
s 13
f 422/458/1143 423/467/1144 425/469/1145 424/460/1146
f 424/460/1146 425/469/1145 427/471/1147 426/462/1148
f 426/462/1148 427/471/1147 428/454/1127 430/455/1075
s 7
f 396/457/1149 395/431/1038 418/473/1041 420/456/1150
f 396/457/1149 420/456/1150 422/458/1151 398/459/1152
s 13
f 398/459/1153 422/458/1143 424/460/1146 400/461/1154
f 400/461/1102 424/460/1146 426/462/1148 402/463/1104
f 402/463/1104 426/462/1148 430/455/1075 405/432/1074
s 8
f 421/465/1155 419/453/1047 407/474/1046 409/464/1156
f 421/465/1155 409/464/1156 411/466/1157 423/467/1158
s 13
f 423/467/1144 411/466/1159 413/468/1160 425/469/1145
f 425/469/1145 413/468/1124 415/470/1126 427/471/1147
f 427/471/1147 415/470/1126 428/454/1127
s off
f 418/473/1161 433/475/1162 419/453/1163
s 13
f 428/454/1127 429/472/1076 430/455/1075
s off
f 431/521/1164 432/522/1165 433/475/1166 418/473/1167
f 431/521/1168 533/533/1169 432/522/1170
f 434/523/1171 435/524/1172 408/478/1173 436/476/1174
f 434/523/1175 535/526/1176 534/548/1177 435/524/1178
f 437/485/1179 438/486/1180 439/480/1181 383/477/1182
f 437/485/1183 516/488/1184 438/486/1185
f 440/482/1186 441/483/1187 395/431/1188 442/481/1189
f 440/482/1190 479/541/1191 441/483/1192
s 6
f 443/762/1193 446/763/1194 481/487/1195 480/751/1196 701/764/1197 700/757/1054 705/770/1053 707/765/1198
s 22
f 446/763/1199 445/484/1200 448/553/1201 447/489/1202
f 447/489/1202 448/553/1201 450/555/1203 449/491/1204
f 449/491/1204 450/555/1203 452/557/1205 451/493/1206
f 451/493/1206 452/557/1205 454/559/1207 453/495/1208
f 453/495/1208 454/559/1207 456/561/1209 455/497/1210
f 455/497/1210 456/561/1209 458/563/1211 457/499/1212
f 457/499/1212 458/563/1211 460/565/1213 459/501/1214
f 459/501/1214 460/565/1213 462/567/1215 461/503/1216
f 461/503/1216 462/567/1215 464/569/1217 463/505/1218
f 463/505/1218 464/569/1217 466/571/1219 465/507/1220
f 465/507/1220 466/571/1219 468/573/1221 467/509/1222
f 467/509/1222 468/573/1221 470/575/1223 469/511/1224
f 469/511/1224 470/575/1223 472/534/1225 471/513/1226
f 471/513/1226 472/534/1225 474/536/1227 473/515/1228
f 473/515/1228 474/536/1227 476/538/1229 475/517/1230
f 475/517/1230 476/538/1229 478/540/1231 477/519/1232
f 477/519/1232 478/540/1231 479/541/1233 440/482/1234
s off
f 443/762/1235 444/692/1236 445/484/1237 446/763/1238
s 2
f 480/751/1239 483/752/1030 673/722/1029 676/755/1240 699/759/1241 701/764/1242
s 23
f 482/708/1243 481/487/1244 485/490/1245 484/577/1246
f 484/577/1246 485/490/1245 487/492/1247 486/579/1248
f 486/579/1248 487/492/1247 489/494/1249 488/581/1250
f 488/581/1250 489/494/1249 491/496/1251 490/583/1252
f 490/583/1252 491/496/1251 493/498/1253 492/585/1254
f 492/585/1254 493/498/1253 495/500/1255 494/587/1256
f 494/587/1256 495/500/1255 497/502/1257 496/589/1258
f 496/589/1258 497/502/1257 499/504/1259 498/591/1260
f 498/591/1260 499/504/1259 501/506/1261 500/593/1262
f 500/593/1262 501/506/1261 503/508/1263 502/595/1264
f 502/595/1264 503/508/1263 505/510/1265 504/597/1266
f 504/597/1266 505/510/1265 507/512/1267 506/599/1268
f 506/599/1268 507/512/1267 509/514/1269 508/601/1270
f 508/601/1270 509/514/1269 511/516/1271 510/542/1272
f 510/542/1272 511/516/1271 513/518/1273 512/544/1274
f 512/544/1274 513/518/1273 515/520/1275 514/546/1276
f 514/546/1276 515/520/1275 438/486/1277 516/488/1278
s 6
f 485/490/1279 481/487/1195 446/763/1194 447/489/1280
f 485/490/1279 447/489/1280 449/491/1281 487/492/1282
f 487/492/1282 449/491/1281 451/493/1283 489/494/1284
f 489/494/1284 451/493/1283 453/495/1285 491/496/1286
f 491/496/1286 453/495/1285 455/497/1287 493/498/1288
f 493/498/1288 455/497/1287 457/499/1289 495/500/1290
f 495/500/1290 457/499/1289 459/501/1291 497/502/1292
f 497/502/1292 459/501/1291 461/503/1293 499/504/1294
f 499/504/1294 461/503/1293 463/505/1295 501/506/1296
f 501/506/1296 463/505/1295 465/507/1297 503/508/1298
f 503/508/1298 465/507/1297 467/509/1299 505/510/1300
f 505/510/1300 467/509/1299 469/511/1301 507/512/1302
f 507/512/1302 469/511/1301 471/513/1303 509/514/1304
f 509/514/1304 471/513/1303 473/515/1305 511/516/1306
f 511/516/1306 473/515/1305 475/517/1307 513/518/1308
f 513/518/1308 475/517/1307 477/519/1309 515/520/1310
f 515/520/1310 477/519/1309 440/482/1034 438/486/1033
s off
f 480/751/1311 481/487/1312 482/708/1313 483/752/1314
s 24
f 517/549/1315 518/627/1316 519/528/1317 520/535/1318
f 520/535/1318 519/528/1317 525/530/1319 526/537/1320
s 25
f 522/576/1321 521/525/1322 524/543/1323 523/527/1324
f 523/527/1324 524/543/1323 528/545/1325 527/529/1326
s 24
f 526/537/1320 525/530/1319 529/532/1327 530/539/1328
s 25
f 527/529/1326 528/545/1325 532/547/1329 531/531/1330
s 24
f 530/539/1328 529/532/1327 533/533/1331 431/521/1332
s 25
f 531/531/1330 532/547/1329 534/548/1333 535/526/1334
s 8
f 519/528/1335 518/627/1336 522/576/1337 523/527/1338
f 519/528/1335 523/527/1338 527/529/1339 525/530/1340
f 525/530/1340 527/529/1339 531/531/1341 529/532/1342
f 529/532/1342 531/531/1341 535/526/1343 434/523/1044 432/522/1043 533/533/1344
s 7
f 472/534/1345 517/549/1346 520/535/1347 474/536/1348
f 474/536/1348 520/535/1347 526/537/1349 476/538/1350
f 476/538/1350 526/537/1349 530/539/1351 478/540/1352
f 478/540/1352 530/539/1351 431/521/1040 441/483/1039 479/541/1353
s 2
f 524/543/1354 521/525/1355 508/601/1356 510/542/1357
f 524/543/1354 510/542/1357 512/544/1358 528/545/1359
f 528/545/1359 512/544/1358 514/546/1360 532/547/1361
f 532/547/1361 514/546/1360 516/488/1362 437/485/1050 435/524/1049 534/548/1363
s 29
f 517/549/1364 562/551/1365 518/627/1366
f 521/525/1367 522/576/1368 589/602/1369
f 536/628/1370 537/550/1371 538/604/1372 539/552/1373
f 539/552/1373 538/604/1372 540/606/1374 541/554/1375
f 541/554/1375 540/606/1374 542/608/1376 543/556/1377
f 543/556/1377 542/608/1376 544/610/1378 545/558/1379
f 545/558/1379 544/610/1378 546/612/1380 547/560/1381
f 547/560/1381 546/612/1380 548/614/1382 549/562/1383
f 549/562/1383 548/614/1382 550/616/1384 551/564/1385
f 551/564/1385 550/616/1384 552/618/1386 553/566/1387
f 553/566/1387 552/618/1386 554/620/1388 555/568/1389
f 555/568/1389 554/620/1388 556/622/1390 557/570/1391
f 557/570/1391 556/622/1390 558/624/1392 559/572/1393
f 559/572/1393 558/624/1392 560/626/1394 561/574/1395
f 561/574/1395 560/626/1394 518/627/1366 562/551/1365
s 7
f 448/553/1396 445/484/1397 536/628/1398 539/552/1399
f 448/553/1396 539/552/1399 541/554/1400 450/555/1401
f 450/555/1401 541/554/1400 543/556/1402 452/557/1403
f 452/557/1403 543/556/1402 545/558/1404 454/559/1405
f 454/559/1405 545/558/1404 547/560/1406 456/561/1407
f 456/561/1407 547/560/1406 549/562/1408 458/563/1409
f 458/563/1409 549/562/1408 551/564/1410 460/565/1411
f 460/565/1411 551/564/1410 553/566/1412 462/567/1413
f 462/567/1413 553/566/1412 555/568/1414 464/569/1415
f 464/569/1415 555/568/1414 557/570/1416 466/571/1417
f 466/571/1417 557/570/1416 559/572/1418 468/573/1419
f 468/573/1419 559/572/1418 561/574/1420 470/575/1421
f 470/575/1421 561/574/1420 562/551/1422 517/549/1346 472/534/1345
s 29
f 563/629/1423 564/707/1424 565/578/1425 566/603/1426
f 566/603/1426 565/578/1425 567/580/1427 568/605/1428
f 568/605/1428 567/580/1427 569/582/1429 570/607/1430
f 570/607/1430 569/582/1429 571/584/1431 572/609/1432
f 572/609/1432 571/584/1431 573/586/1433 574/611/1434
f 574/611/1434 573/586/1433 575/588/1435 576/613/1436
f 576/613/1436 575/588/1435 577/590/1437 578/615/1438
f 578/615/1438 577/590/1437 579/592/1439 580/617/1440
f 580/617/1440 579/592/1439 581/594/1441 582/619/1442
f 582/619/1442 581/594/1441 583/596/1443 584/621/1444
f 584/621/1444 583/596/1443 585/598/1445 586/623/1446
f 586/623/1446 585/598/1445 587/600/1447 588/625/1448
f 588/625/1448 587/600/1447 589/602/1369 522/576/1368
s 2
f 565/578/1449 564/707/1026 482/708/1031 484/577/1450
f 565/578/1449 484/577/1450 486/579/1451 567/580/1452
f 567/580/1452 486/579/1451 488/581/1453 569/582/1454
f 569/582/1454 488/581/1453 490/583/1455 571/584/1456
f 571/584/1456 490/583/1455 492/585/1457 573/586/1458
f 573/586/1458 492/585/1457 494/587/1459 575/588/1460
f 575/588/1460 494/587/1459 496/589/1461 577/590/1462
f 577/590/1462 496/589/1461 498/591/1463 579/592/1464
f 579/592/1464 498/591/1463 500/593/1465 581/594/1466
f 581/594/1466 500/593/1465 502/595/1467 583/596/1468
f 583/596/1468 502/595/1467 504/597/1469 585/598/1470
f 585/598/1470 504/597/1469 506/599/1471 587/600/1472
f 587/600/1472 506/599/1471 508/601/1356 521/525/1355 589/602/1473
s 29
f 538/604/1474 537/550/1475 563/629/1476 566/603/1477
f 538/604/1474 566/603/1477 568/605/1478 540/606/1479
f 540/606/1479 568/605/1478 570/607/1480 542/608/1481
f 542/608/1481 570/607/1480 572/609/1482 544/610/1483
f 544/610/1483 572/609/1482 574/611/1484 546/612/1485
f 546/612/1485 574/611/1484 576/613/1486 548/614/1487
f 548/614/1487 576/613/1486 578/615/1488 550/616/1489
f 550/616/1489 578/615/1488 580/617/1490 552/618/1491
f 552/618/1491 580/617/1490 582/619/1492 554/620/1493
f 554/620/1493 582/619/1492 584/621/1494 556/622/1495
f 556/622/1495 584/621/1494 586/623/1496 558/624/1497
f 558/624/1497 586/623/1496 588/625/1448 560/626/1394
f 560/626/1394 588/625/1448 522/576/1368 518/627/1366
s off
f 590/697/1498 591/630/1499 537/550/1500 536/628/1501
f 592/631/1502 593/716/1503 564/707/1504 563/629/1505
s 35
f 594/778/1506 595/632/1507 603/641/1508 602/688/1509
f 595/632/1507 594/778/1506 597/794/1510 596/633/1511
s 36
f 598/634/1512 599/701/1513 605/712/1514 604/640/1515
f 599/635/1513 598/638/1512 601/637/1516 600/636/1517
s 35
f 602/688/1509 603/641/1508 607/643/1518 606/695/1519
s 36
f 604/640/1515 605/712/1514 609/715/1520 608/642/1521
s 35
f 606/695/1519 607/643/1518 591/630/1522 590/697/1523
s 36
f 608/642/1521 609/715/1520 593/716/1524 592/631/1525
s 4
f 595/632/1526 596/633/1527 601/637/1528 598/638/1529
f 595/639/1526 598/634/1529 604/640/1530 603/641/1531
f 603/641/1531 604/640/1530 608/642/1532 607/643/1533
f 607/643/1533 608/642/1532 592/631/1024 591/630/1023
s off
f 368/646/1534 613/644/1535 616/649/1536 369/657/1537
f 611/702/1538 610/650/1539 613/644/1540 612/645/1541
s 2
f 599/773/1542 600/636/1543 716/774/1544 715/775/1545 611/776/1546
f 599/701/1542 611/702/1546 664/703/1547 668/713/1548 605/712/1549
s off
f 368/646/1550 612/645/1551 613/644/1552
s 1
f 370/681/1013 651/686/1016 650/684/997 646/679/996 645/678/1553 624/674/1554
s 7
f 369/657/1555 617/648/1556 630/658/1557 625/656/1558
s off
f 615/647/1559 614/777/1560 617/648/1561 616/649/1562
s 7
f 614/777/1563 654/698/1564 658/690/1565 631/689/1566 630/658/1557 617/648/1556
f 614/777/1563 717/785/1567 718/789/1568 597/794/1569 594/778/1570
f 614/777/1563 594/778/1570 602/688/1571 655/693/1572 654/698/1564
s off
f 610/650/1573 615/647/1574 616/649/1575 613/644/1576
f 616/649/1577 617/648/1578 369/657/1579
s 40
f 638/670/1580 642/673/1581 636/663/1582 633/669/1583
s 41
f 619/676/1584 620/653/1585 624/674/1586 645/678/1587 644/677/1588
s 42
f 621/654/1589 622/651/1590 625/656/1591 629/655/1592 628/662/1593
f 622/651/1590 621/654/1589 647/680/1594 649/682/1595 623/675/1596
s 7
f 369/657/1555 625/656/1558 622/651/1597 371/652/1598
s 2
f 620/653/1599 618/668/1005 368/646/1008 370/681/1600
s 7
f 371/652/1598 622/651/1597 623/675/1601
s off
f 621/654/1602 619/676/1603 644/677/1604 647/680/1605
s 2
f 620/653/1599 370/681/1600 624/674/1606
s 40
f 621/654/1607 628/662/1608 626/664/1609 619/676/1610
s 41
f 626/664/1611 627/666/1612 618/668/1613 620/653/1585 619/676/1584
f 627/666/1612 643/667/1614 618/668/1613
s off
f 626/664/1615 641/665/1616 643/667/1617 627/666/1618
f 628/662/1619 629/655/1620 635/661/1621 634/660/1622
s 7
f 632/659/1623 631/689/1566 658/690/1565 657/699/1624 373/706/1625
s 42
f 625/656/1591 635/661/1626 629/655/1592
s 43
f 630/658/1627 633/669/1628 636/663/1629 625/656/1630
f 630/658/1627 631/689/1631 632/659/1632 633/669/1628
s off
f 634/660/1633 635/661/1634 625/656/1635 636/663/1636
s 40
f 642/673/1581 641/665/1637 626/664/1609 628/662/1608 634/660/1638 636/663/1582
s 44
f 638/670/1639 637/671/1640 618/668/1641 642/673/1642
f 637/671/1640 638/670/1639 639/672/1643 640/700/1644
s off
f 641/665/1645 642/673/1646 618/668/1647 643/667/1648
s 45
f 644/677/1649 646/679/1650 648/683/1651 647/680/1652
f 644/677/1649 645/678/1653 646/679/1650
f 647/680/1652 648/683/1651 649/682/1654
s 1
f 652/687/998 653/685/1015 371/652/1014 623/675/1655 649/682/1656 648/683/995
f 650/684/997 651/686/1016 653/685/1015 652/687/998
s off
f 657/699/1657 656/705/1658 667/709/1659 666/721/1660 372/704/1661 373/706/1662
s 7
f 663/691/1663 662/694/1664 590/697/1665 536/628/1398 445/484/1397 444/692/1666
f 656/705/1667 655/693/1572 660/696/1668 659/717/1669
f 659/717/1670 660/696/1671 662/694/1664 661/719/1672
f 660/696/1673 655/693/1572 602/688/1571 606/695/1674
f 660/696/1673 606/695/1674 590/697/1665 662/694/1664
f 654/698/1564 655/693/1572 656/705/1667 657/699/1624 658/690/1565
s 2
f 665/720/1675 664/703/1547 611/702/1546 612/645/1007 637/671/1006 640/700/1676
f 666/721/1677 665/720/1675 640/700/1676 639/672/1678 372/704/1679
f 668/713/1548 667/709/1680 670/718/1681 669/714/1682
f 669/714/1683 670/718/1684 672/710/1685 671/711/1028
f 605/712/1549 668/713/1548 669/714/1686 609/715/1687
f 609/715/1687 669/714/1686 671/711/1028 593/716/1027
s off
f 670/718/1688 667/709/1689 656/705/1690 659/717/1691
f 670/718/1692 659/717/1693 661/719/1694 672/710/1695
s 2
f 664/703/1547 665/720/1675 666/721/1677 667/709/1680 668/713/1548
f 671/711/1028 672/710/1685 674/728/1696 673/722/1029
f 675/724/1697 674/728/1698 672/710/1699 661/719/1700 687/750/1701 686/742/1702
f 676/755/1703 675/724/1697 678/744/1704 677/756/1705
s 3
f 677/756/1706 678/744/1707 680/746/1708 679/753/1709
f 679/753/1709 680/746/1708 682/748/1710 681/726/1711
f 681/726/1711 682/748/1710 685/740/1712 684/725/1068
s 2
f 702/758/1713 699/759/1241 676/755/1240 677/756/1714
s 3
f 375/754/1715 679/753/1709 681/726/1711 377/727/1061
f 377/727/1061 681/726/1711 684/725/1068 379/723/1062
s 2
f 673/722/1029 674/728/1696 675/724/1697 676/755/1703
s off
f 683/739/1716 684/725/1717 685/740/1718
s 7
f 663/691/1663 687/750/1719 661/719/1672 662/694/1664
f 688/730/1720 663/691/1663 444/692/1666 443/762/1721 707/765/1722 706/768/1723
s 2
f 686/742/1702 688/730/1724 689/767/1725 690/743/1726
s 3
f 690/743/1727 689/767/1728 691/732/1729 692/745/1730
f 692/745/1730 691/732/1729 693/734/1731 694/747/1732
f 694/747/1732 693/734/1731 695/736/1733 696/749/1734
f 696/749/1734 695/736/1733 697/738/1019 698/731/1018
s 7
f 689/767/1735 688/730/1720 706/768/1723 710/772/1736
f 689/767/1735 710/772/1736 709/771/1737 374/766/1738 691/732/1739
s 3
f 691/732/1729 374/766/1740 376/733/1060 693/734/1731
f 693/734/1731 376/733/1060 378/735/1063 695/736/1733
f 695/736/1733 378/735/1063 381/737/1020 697/738/1019
f 683/739/1741 685/740/1712 696/749/1734 698/731/1018 380/741/1742
s 2
f 678/744/1704 675/724/1697 686/742/1702 690/743/1726
s 3
f 678/744/1743 690/743/1744 692/745/1730 680/746/1708
f 680/746/1708 692/745/1730 694/747/1732 682/748/1710
f 682/748/1710 694/747/1732 696/749/1734 685/740/1712
s 7
f 686/742/1745 687/750/1719 663/691/1663 688/730/1746
s 2
f 703/760/1747 702/758/1713 677/756/1714 679/753/1748 375/754/1749
s off
f 700/757/1750 699/759/1751 702/758/1752 704/761/1753
s 6
f 699/759/1754 700/757/1054 701/764/1197
s off
f 702/758/1755 703/760/1756 704/761/1757
s 11
f 709/771/1758 708/769/1759 704/761/1760 703/760/1761 375/754/1057 374/766/1056
s off
f 706/768/1762 705/770/1763 708/769/1764 710/772/1765
s 6
f 705/770/1053 706/768/1766 707/765/1198
s off
f 708/769/1767 709/771/1768 710/772/1769
f 711/779/1770 712/788/1771 715/787/1772 716/780/1773
f 712/781/1774 711/782/1775 713/784/1776 714/783/1777
f 714/783/1778 713/784/1779 718/789/1780 717/785/1781
f 610/796/1782 611/786/1783 715/787/1784 712/788/1785
f 718/789/1786 713/784/1787 711/782/1788 716/790/1789 600/791/1790 601/792/1791 596/793/1792 597/794/1793
f 614/777/1794 615/795/1795 714/783/1796 717/785/1797
f 610/796/1798 712/788/1799 714/797/1800 615/798/1801
g default
v -3.763874 5.501031 0.089803
v -3.703762 5.494837 0.089803
v -3.750051 5.568357 0.089803
v -3.692637 5.551570 0.089803
v -3.750051 5.568357 -0.089803
v -3.692637 5.551570 -0.089803
v -3.763874 5.501031 -0.089803
v -3.703762 5.494837 -0.089803
v -3.763986 5.425002 -0.089803
v -3.703769 5.430535 -0.089803
v -3.703769 5.430535 0.089803
v -3.763986 5.425002 0.089803
v -3.738421 5.337030 -0.089803
v -3.683226 5.358480 -0.089803
v -3.683226 5.358480 0.089803
v -3.738421 5.337030 0.089803
v -3.693727 5.271151 -0.089803
v -3.653978 5.312516 -0.089803
v -3.653978 5.312516 0.089803
v -3.693727 5.271151 0.089803
v -3.622198 5.235796 -0.089803
v -3.627707 5.265043 -0.089803
v -3.627707 5.265043 0.089803
v -3.622198 5.235796 0.089803
v -3.731825 5.616743 0.089803
v -3.671710 5.610574 0.089803
v -3.671710 5.610574 -0.089803
v -3.731825 5.616743 -0.089803
vt 0.375000 0.000000
vt 0.625000 0.000000
vt 0.375000 0.250000
vt 0.625000 0.250000
vt 0.375000 0.500000
vt 0.625000 0.500000
vt 0.375000 0.750000
vt 0.625000 0.750000
vt 0.375000 1.000000
vt 0.625000 1.000000
vt 0.875000 0.000000
vt 0.875000 0.250000
vt 0.125000 0.000000
vt 0.125000 0.250000
vt 0.375000 0.750000
vt 0.625000 0.750000
vt 0.625000 1.000000
vt 0.375000 1.000000
vt 0.375000 0.750000
vt 0.625000 0.750000
vt 0.625000 1.000000
vt 0.375000 1.000000
vt 0.375000 0.750000
vt 0.625000 0.750000
vt 0.625000 1.000000
vt 0.375000 1.000000
vt 0.375000 0.750000
vt 0.625000 0.750000
vt 0.625000 1.000000
vt 0.375000 1.000000
vt 0.375000 0.250000
vt 0.625000 0.250000
vt 0.625000 0.500000
vt 0.375000 0.500000
vn -0.000000 -0.000000 1.000000
vn -0.000000 -0.000000 1.000000
vn -0.000000 -0.000000 1.000000
vn -0.000000 -0.000000 1.000000
vn 0.102093 0.994775 0.000000
vn 0.102093 0.994775 0.000000
vn 0.102093 0.994775 0.000000
vn 0.102093 0.994775 0.000000
vn -0.000000 0.000000 -1.000000
vn -0.000000 0.000000 -1.000000
vn 0.000000 0.000000 -1.000000
vn 0.000000 0.000000 -1.000000
vn 0.982719 0.185103 0.000000
vn 0.982719 0.185103 0.000000
vn 0.982719 0.185103 0.000000
vn 0.982719 0.185103 0.000000
vn 0.995798 -0.091580 0.000000
vn 0.995798 -0.091580 0.000000
vn 0.963726 -0.266895 0.000000
vn 0.963726 -0.266895 0.000000
vn -0.995309 0.096751 0.000000
vn -0.995309 0.096751 0.000000
vn -0.963718 0.266923 0.000000
vn -0.963718 0.266923 0.000000
vn 0.000000 0.000000 -1.000000
vn 0.000000 0.000000 -1.000000
vn 0.988849 0.148924 0.000000
vn 0.988849 0.148924 0.000000
vn 0.000000 0.000000 1.000000
vn 0.000000 0.000000 1.000000
vn -0.988170 -0.153365 0.000000
vn -0.988170 -0.153365 0.000000
vn 0.000000 0.000000 -1.000000
vn 0.000000 0.000000 -1.000000
vn 0.921359 0.388713 0.000000
vn 0.921359 0.388713 0.000000
vn 0.000000 0.000000 1.000000
vn 0.000000 0.000000 1.000000
vn -0.909638 -0.415402 0.000000
vn -0.909638 -0.415402 0.000000
vn 0.000000 0.000000 -1.000000
vn 0.000000 0.000000 -1.000000
vn 0.859690 0.510816 0.000000
vn 0.859690 0.510816 0.000000
vn 0.000000 0.000000 1.000000
vn 0.000000 0.000000 1.000000
vn -0.656810 -0.754056 0.000000
vn -0.656810 -0.754056 0.000000
vn 0.000000 0.000000 -1.000000
vn 0.000000 0.000000 -1.000000
vn 0.874969 0.484180 0.000000
vn 0.874969 0.484180 0.000000
vn 0.000000 0.000000 1.000000
vn 0.000000 0.000000 1.000000
vn -0.443109 -0.896468 0.000000
vn -0.443109 -0.896468 0.000000
vn 0.000000 0.000000 1.000000
vn 0.000000 0.000000 1.000000
vn 0.942473 -0.334281 0.000000
vn 0.942473 -0.334281 0.000000
vn -0.000000 0.000000 -1.000000
vn -0.000000 0.000000 -1.000000
vn -0.935814 0.352495 0.000000
vn -0.935814 0.352495 0.000000
s 1
g Trigger
usemtl standardSurface3SG
f 719/799/1802 720/800/1803 722/802/1804 721/801/1805
s off
f 743/829/1806 744/830/1807 745/831/1808 746/832/1809
s 2
f 723/803/1810 724/804/1811 726/806/1812 725/805/1813
s off
f 739/825/1814 740/826/1815 741/827/1816 742/828/1817
s 3
f 720/800/1818 726/809/1819 724/810/1820 722/802/1821
s 4
f 725/811/1822 719/799/1823 721/801/1824 723/812/1825
s 2
f 725/805/1813 726/806/1812 728/814/1826 727/813/1827
s 3
f 726/806/1819 720/808/1818 729/815/1828 728/814/1829
s 1
f 720/808/1803 719/807/1802 730/816/1830 729/815/1831
s 4
f 719/807/1823 725/805/1822 727/813/1832 730/816/1833
s 2
f 727/813/1827 728/814/1826 732/818/1834 731/817/1835
s 3
f 728/814/1829 729/815/1828 733/819/1836 732/818/1837
s 1
f 729/815/1831 730/816/1830 734/820/1838 733/819/1839
s 4
f 730/816/1833 727/813/1832 731/817/1840 734/820/1841
s 2
f 731/817/1835 732/818/1834 736/822/1842 735/821/1843
s 3
f 732/818/1837 733/819/1836 737/823/1844 736/822/1845
s 1
f 733/819/1839 734/820/1838 738/824/1846 737/823/1847
s 4
f 734/820/1841 731/817/1840 735/821/1848 738/824/1849
s 2
f 735/821/1843 736/822/1842 740/826/1850 739/825/1851
s 3
f 736/822/1845 737/823/1844 741/827/1852 740/826/1853
s 1
f 737/823/1847 738/824/1846 742/828/1854 741/827/1855
s 4
f 738/824/1849 735/821/1848 739/825/1856 742/828/1857
s 1
f 721/801/1805 722/802/1804 744/830/1858 743/829/1859
s 3
f 722/802/1821 724/804/1820 745/831/1860 744/830/1861
s 2
f 724/804/1811 723/803/1810 746/832/1862 745/831/1863
s 4
f 723/803/1825 721/801/1824 743/829/1864 746/832/1865
g default
v -2.624127 8.008767 -0.028626
v -2.624127 8.008767 0.028626
v -2.627696 8.239821 0.028626
v -2.627696 8.239821 -0.028626
v -2.642039 8.017539 -0.014470
v -2.642039 8.017539 0.014470
v -2.645320 8.229939 0.014470
v -2.645320 8.229939 -0.014470
v -2.653211 8.053090 -0.007391
v -2.653211 8.053090 0.007391
v -2.655379 8.193405 0.007391
v -2.655379 8.193405 -0.007391
v -2.661873 8.097472 -0.001493
v -2.661873 8.097472 0.001493
v -2.662663 8.148612 0.001493
v -2.662663 8.148612 -0.001493
v -0.389432 7.245915 -0.029143
v -0.389432 7.245915 0.029143
v -0.313826 7.246285 -0.029143
v -0.313826 7.246285 0.029143
v -2.155338 8.231323 0.019189
v -2.155544 8.244644 0.024855
v -2.155487 8.240948 0.009595
v -2.391601 8.240991 0.024853
v -2.391395 8.227684 0.019189
v -2.391543 8.237277 0.009595
v -2.155487 8.240948 -0.009595
v -2.155544 8.244644 -0.024855
v -2.155338 8.231323 -0.019189
v -2.391601 8.240991 -0.024853
v -2.391543 8.237277 -0.009595
v -2.391395 8.227684 -0.019189
v -1.247670 8.245324 0.019189
v -1.247876 8.258648 0.024852
v -1.247818 8.254916 0.009595
v -1.483932 8.255045 0.024855
v -1.483726 8.241698 0.019189
v -1.483874 8.251291 0.009595
v -1.247818 8.254916 -0.009595
v -1.247876 8.258648 -0.024852
v -1.247670 8.245324 -0.019189
v -1.483932 8.255045 -0.024855
v -1.483874 8.251291 -0.009595
v -1.483726 8.241698 -0.019189
v -1.683225 8.238611 0.019189
v -1.683431 8.251931 0.024854
v -1.683373 8.248204 0.009595
v -1.919488 8.248288 0.024854
v -1.919283 8.235001 0.019189
v -1.919430 8.244551 0.009595
v -1.683373 8.248204 -0.009595
v -1.683431 8.251931 -0.024854
v -1.683225 8.238611 -0.019189
v -1.919488 8.248288 -0.024854
v -1.919430 8.244551 -0.009595
v -1.919283 8.235001 -0.019189
v -1.033307 8.241781 -0.023143
v -1.033575 8.259132 -0.028928
v -1.033485 8.253376 -0.011572
v -0.807602 8.262635 -0.028926
v -0.807334 8.245285 -0.023143
v -0.807512 8.256814 -0.011572
v -1.033485 8.253376 0.011572
v -1.033575 8.259132 0.028928
v -1.033307 8.241781 0.023143
v -0.807602 8.262635 0.028926
v -0.807512 8.256814 0.011572
v -0.807334 8.245285 0.023143
v -1.244589 8.045893 -0.019189
v -1.244384 8.032568 -0.024853
v -1.244441 8.036307 -0.009595
v -1.480646 8.042241 -0.019189
v -1.480497 8.032649 -0.009595
v -1.480440 8.028925 -0.024854
v -1.244441 8.036307 0.009595
v -1.244384 8.032568 0.024853
v -1.244589 8.045893 0.019189
v -1.480440 8.028925 0.024854
v -1.480497 8.032649 0.009595
v -1.480646 8.042241 0.019189
v -1.680144 8.039166 -0.019189
v -1.679939 8.025841 -0.024853
v -1.679997 8.029593 -0.009595
v -1.916202 8.035515 -0.019189
v -1.916053 8.025922 -0.009595
v -1.915996 8.022190 -0.024853
v -1.679997 8.029593 0.009595
v -1.679939 8.025841 0.024853
v -1.680144 8.039166 0.019189
v -1.915996 8.022190 0.024853
v -1.916053 8.025922 0.009595
v -1.916202 8.035515 0.019189
v -1.030408 8.054116 -0.023143
v -1.030260 8.044502 -0.013549
v -1.030186 8.039727 -0.027939
v -0.804435 8.057586 -0.023143
v -0.804212 8.043199 -0.027940
v -0.804286 8.047994 -0.013549
v -1.030408 8.054116 0.023143
v -1.030186 8.039727 0.027939
v -1.030260 8.044502 0.013549
v -0.804212 8.043199 0.027940
v -0.804435 8.057586 0.023143
v -0.804286 8.047994 0.013549
v -2.152257 8.031886 -0.019189
v -2.152052 8.018544 -0.024854
v -2.152109 8.022275 -0.009595
v -2.388314 8.028220 -0.019189
v -2.388166 8.018628 -0.009595
v -2.388108 8.014896 -0.024853
v -2.152109 8.022275 0.009595
v -2.152052 8.018544 0.024854
v -2.152257 8.031886 0.019189
v -2.388108 8.014896 0.024853
v -2.388166 8.018628 0.009595
v -2.388314 8.028220 0.019189
v -2.391724 8.248954 0.036910
v -2.627780 8.245285 0.036885
v -2.627648 8.236760 0.045142
v -2.627863 8.250710 0.031155
v -2.391724 8.248954 -0.036910
v -2.627780 8.245285 -0.036885
v -2.627863 8.250710 -0.031155
v -2.627648 8.236760 -0.045142
v -1.915873 8.014244 -0.036906
v -2.151929 8.010595 -0.036912
v -1.915873 8.014244 0.036906
v -2.151929 8.010625 0.036884
v -1.919611 8.256243 0.036911
v -2.155667 8.252590 0.036909
v -1.919611 8.256243 -0.036911
v -2.155666 8.252558 -0.036883
v -2.387985 8.006939 -0.036914
v -2.624174 8.011871 -0.045142
v -2.623958 7.997894 -0.031160
v -2.624042 8.003329 -0.036885
v -2.387985 8.006939 0.036914
v -2.624042 8.003329 0.036885
v -2.623958 7.997894 0.031160
v -2.624174 8.011871 0.045142
v -1.244274 8.025501 0.035575
v -1.030045 8.030608 0.037040
v -1.247985 8.265724 0.035577
v -1.033700 8.267231 0.037038
v -1.247985 8.265724 -0.035577
v -1.033700 8.267231 -0.037038
v -1.244274 8.025501 -0.035575
v -1.030045 8.030608 -0.037040
v -1.480331 8.021835 -0.035600
v -1.679829 8.018774 -0.035575
v -1.480331 8.021835 0.035600
v -1.679829 8.018774 0.035575
v -1.484042 8.262127 0.035600
v -1.683540 8.258998 0.035575
v -1.484042 8.262127 -0.035600
v -1.683540 8.258998 -0.035575
v -0.804072 8.034109 -0.037035
v -0.639141 8.039871 -0.043359
v -0.804072 8.034109 0.037035
v -0.639141 8.039871 0.043359
v -0.807727 8.270727 -0.037035
v -0.642698 8.270184 -0.042771
v -0.807727 8.270727 0.037035
v -0.642698 8.270184 0.042771
v -1.041499 8.038534 0.045142
v -1.044903 8.258956 0.045142
v -1.045154 8.275155 0.028936
v -1.045154 8.275155 -0.028936
v -1.044903 8.258956 -0.045142
v -1.041499 8.038534 -0.045142
v -1.041249 8.022335 0.028936
v -1.041249 8.022335 -0.028936
v -1.486806 8.015468 -0.028936
v -1.486806 8.015468 0.028936
v -1.480383 8.025227 0.038901
v -1.487054 8.031677 0.045142
v -1.490458 8.252059 0.045142
v -1.483990 8.258714 0.038901
v -1.490712 8.268289 0.028936
v -1.490712 8.268289 -0.028936
v -1.487054 8.031677 -0.045142
v -1.480383 8.025227 -0.038901
v -1.483990 8.258714 -0.038901
v -1.490458 8.252059 -0.045142
v -1.921453 8.008739 -0.031160
v -1.921453 8.008739 0.031160
v -1.915918 8.017163 0.039763
v -1.921667 8.022742 0.045142
v -1.925140 8.247579 0.045142
v -1.919565 8.253311 0.039763
v -1.925359 8.261551 0.031160
v -1.925359 8.261551 -0.031160
v -1.921667 8.022742 -0.045142
v -1.915918 8.017163 -0.039763
v -1.919565 8.253311 -0.039763
v -1.925140 8.247579 -0.045142
v -2.397486 8.254270 0.031155
v -2.397486 8.254270 -0.031155
v -2.391679 8.246028 -0.039750
v -2.397266 8.240284 -0.045142
v -2.393793 8.015435 -0.045142
v -2.388031 8.009865 -0.039751
v -2.391687 8.246573 0.039251
v -2.397769 8.240280 0.045142
v -2.393580 8.001443 -0.031160
v -2.393580 8.001443 0.031160
v -2.388031 8.009865 0.039751
v -2.393793 8.015435 0.045142
v -2.146195 8.005280 -0.031160
v -2.151922 8.010115 0.036454
v -2.146651 8.005277 0.031160
v -2.151974 8.013535 0.039753
v -2.146410 8.019256 0.045142
v -2.155614 8.249206 0.040209
v -2.150343 8.244093 0.045142
v -2.150099 8.258080 0.031160
v -2.155674 8.253093 -0.036450
v -2.150556 8.258093 -0.031160
v -2.151981 8.013994 -0.040210
v -2.146869 8.019250 -0.045142
v -2.155621 8.249687 -0.039753
v -2.149883 8.244117 -0.045142
v -1.239235 8.035480 0.045142
v -1.244347 8.030226 0.040210
v -1.247912 8.261008 0.040209
v -1.242641 8.255942 0.045142
v -1.242889 8.272145 0.028936
v -1.248007 8.267123 0.034210
v -1.248007 8.267123 -0.034210
v -1.242889 8.272145 -0.028936
v -1.242641 8.255942 -0.045142
v -1.247912 8.261008 -0.040209
v -1.244347 8.030226 -0.040210
v -1.239235 8.035480 -0.045142
v -1.244253 8.024129 0.034224
v -1.238983 8.019290 0.028936
v -1.238983 8.019290 -0.028936
v -1.244253 8.024129 -0.034224
v -1.679815 8.017842 -0.034710
v -1.674081 8.012556 -0.028936
v -1.679808 8.017401 0.034225
v -1.674537 8.012569 0.028936
v -1.679897 8.023021 0.039753
v -1.674331 8.028763 0.045142
v -1.683467 8.254293 0.040209
v -1.678196 8.249191 0.045142
v -1.683555 8.259931 0.034708
v -1.677987 8.265391 0.028936
v -1.683561 8.260383 -0.034223
v -1.678443 8.265388 -0.028936
v -1.679903 8.023504 -0.040209
v -1.674790 8.028758 -0.045142
v -1.683475 8.254777 -0.039752
v -1.677736 8.249205 -0.045142
v -0.798192 8.026094 -0.028931
v -0.804011 8.030134 -0.033045
v -0.804011 8.030134 0.033045
v -0.798192 8.026094 0.028931
v -0.798442 8.042314 0.045142
v -0.804134 8.038109 0.041030
v -0.807666 8.266735 0.041028
v -0.801847 8.262719 0.045142
v -0.804134 8.038109 -0.041030
v -0.798442 8.042314 -0.045142
v -0.801847 8.262719 -0.045142
v -0.807666 8.266735 -0.041028
v -0.807789 8.274730 -0.033048
v -0.802096 8.278910 -0.028931
v -0.802096 8.278910 0.028931
v -0.807789 8.274730 0.033048
v -0.639003 8.030888 -0.032160
v -0.641506 8.028510 -0.028931
v -0.641506 8.028510 0.028931
v -0.639003 8.030888 0.032160
v -0.641527 8.044735 0.045142
v -0.644926 8.265137 0.045142
v -0.642697 8.270067 0.042948
v -0.641527 8.044735 -0.045142
v -0.642697 8.270067 -0.042948
v -0.644926 8.265137 -0.045142
v -0.645415 8.281330 -0.028931
v -0.642836 8.279035 -0.032055
v -0.642836 8.279035 0.032055
v -0.645415 8.281330 0.028931
v -0.606705 8.181158 -0.004143
v -0.606309 8.155530 -0.004143
v -0.606309 8.155530 0.004143
v -0.606705 8.181158 0.004143
v -0.608241 8.280564 -0.060326
v -0.620550 8.281929 -0.062863
v -0.616669 8.030677 -0.063312
v -0.604402 8.031971 -0.060770
v -0.608309 8.284936 -0.052731
v -0.620627 8.286941 -0.054184
v -0.616669 8.030677 0.063312
v -0.604402 8.031971 0.060770
v -0.604123 8.013928 0.038276
v -0.616370 8.011299 0.039169
v -0.604123 8.013928 -0.038276
v -0.616370 8.011299 -0.039169
v -0.608493 8.296846 -0.038311
v -0.620819 8.299298 -0.039224
v -0.608493 8.296846 0.038311
v -0.620819 8.299298 0.039224
v -0.608309 8.284936 0.052731
v -0.620627 8.286941 0.054184
v -0.608241 8.280564 0.060326
v -0.620550 8.281929 0.062863
v -0.503490 8.192981 -0.029143
v -0.503490 8.192981 0.029143
v -0.418975 8.171896 -0.029143
v -0.418975 8.171896 0.029143
v -0.359095 8.118473 -0.029143
v -0.359095 8.118473 0.029143
v -0.318452 8.073960 -0.029143
v -0.317874 8.074086 -0.029143
v -0.318201 8.072957 -0.029143
v -0.318452 8.073960 0.029143
v -0.318201 8.072957 0.029143
v -0.317874 8.074086 0.029143
v -0.317847 8.074947 -0.029143
v -0.318141 8.075254 -0.029143
v -0.317847 8.074947 0.029143
v -0.318141 8.075254 0.029143
v -0.637439 8.202742 -0.026097
v -0.641703 8.205739 -0.023038
v -0.641609 8.199626 -0.029143
v -0.519007 8.201493 -0.029143
v -0.518707 8.207602 -0.023038
v -0.489167 8.204244 -0.023038
v -0.490249 8.198229 -0.029143
v -0.429632 8.183241 -0.029143
v -0.427449 8.188989 -0.023038
v -0.401130 8.175173 -0.023038
v -0.404625 8.170114 -0.029143
v -0.362869 8.133084 -0.029143
v -0.358416 8.137284 -0.023038
v -0.339968 8.113968 -0.023038
v -0.337924 8.110167 -0.029143
v -0.349531 8.116225 -0.029143
v -0.637440 8.202742 0.026097
v -0.641609 8.199628 0.029143
v -0.641703 8.205739 0.023039
v -0.519007 8.201493 0.029143
v -0.518707 8.207602 0.023039
v -0.490249 8.198229 0.029143
v -0.489167 8.204244 0.023039
v -0.429632 8.183242 0.029143
v -0.427449 8.188989 0.023039
v -0.404625 8.170114 0.029143
v -0.401130 8.175173 0.023039
v -0.362869 8.133082 0.029143
v -0.358416 8.137284 0.023039
v -0.339968 8.113968 0.023039
v -0.349531 8.116224 0.029143
v -0.337924 8.110167 0.029143
v -0.502670 8.139868 -0.029143
v -0.502670 8.139868 0.029143
v -0.441813 8.123926 -0.029143
v -0.441813 8.123926 0.029143
v -0.401891 8.086989 -0.029143
v -0.401891 8.086989 0.029143
v -0.393943 8.077421 -0.029143
v -0.392917 8.077196 -0.029143
v -0.393406 8.076639 -0.029143
v -0.393943 8.077421 0.029143
v -0.393406 8.076639 0.029143
v -0.392917 8.077196 0.029143
v -0.392975 8.074881 -0.029143
v -0.393448 8.074404 -0.029143
v -0.393439 8.075354 -0.029143
v -0.393448 8.074404 0.029143
v -0.392975 8.074881 0.029143
v -0.393439 8.075354 0.029143
v -0.640577 8.132840 -0.029143
v -0.640535 8.130101 -0.026404
v -0.638656 8.131498 -0.027770
v -0.510237 8.132142 -0.026404
v -0.510092 8.134881 -0.029143
v -0.638656 8.131498 0.027770
v -0.640535 8.130101 0.026404
v -0.640577 8.132840 0.029143
v -0.510092 8.134881 0.029143
v -0.510237 8.132142 0.026404
v -0.494604 8.132990 -0.029143
v -0.495122 8.130296 -0.026404
v -0.452674 8.119065 -0.026404
v -0.451646 8.121626 -0.029143
v -0.495122 8.130296 0.026404
v -0.494604 8.132990 0.029143
v -0.451646 8.121626 0.029143
v -0.452674 8.119065 0.026404
v -0.437725 8.113936 -0.029143
v -0.439345 8.111703 -0.026404
v -0.413708 8.087785 -0.026404
v -0.412043 8.089978 -0.029143
v -0.439345 8.111703 0.026404
v -0.437725 8.113936 0.029143
v -0.412043 8.089978 0.029143
v -0.413708 8.087785 0.026404
v -0.401300 8.083420 -0.029143
v -0.398886 8.079197 -0.029143
v -0.400708 8.079850 -0.026404
v -0.400708 8.079850 0.026404
v -0.398886 8.079197 0.029143
v -0.401300 8.083420 0.029143
vt 0.125000 0.000000
vt 0.375000 0.000000
vt 0.375000 0.250000
vt 0.125000 0.250000
vt 0.125000 0.000000
vt 0.375000 0.000000
vt 0.375000 0.250000
vt 0.125000 0.250000
vt 0.125000 0.000000
vt 0.375000 0.000000
vt 0.375000 0.250000
vt 0.125000 0.250000
vt 0.312506 0.250000
vt 0.187494 0.250000
vt 0.125000 0.239033
vt 0.312506 0.250000
vt 0.125000 0.239033
vt 0.187494 0.250000
vt 0.312506 0.250000
vt 0.187494 0.250000
vt 0.125000 0.239033
vt 0.312506 0.250000
vt 0.187494 0.250000
vt 0.125000 0.239032
vt 0.312506 0.250000
vt 0.125000 0.239032
vt 0.187494 0.250000
vt 0.312506 0.250000
vt 0.125000 0.239033
vt 0.187494 0.250000
vt 0.875000 0.236152
vt 0.812506 0.250000
vt 0.687494 0.250000
vt 0.812506 0.250000
vt 0.875000 0.236151
vt 0.687494 0.250000
vt 0.375000 0.239033
vt 0.375000 0.239032
vt 0.625000 0.236152
vt 0.125000 0.010971
vt 0.187494 0.000000
vt 0.312506 0.000000
vt 0.375000 0.010968
vt 0.125000 0.010970
vt 0.187494 0.000000
vt 0.312506 0.000000
vt 0.375000 0.010969
vt 0.823183 0.000000
vt 0.875000 0.011483
vt 0.625000 0.011483
vt 0.676817 0.000000
vt 0.187494 0.000001
vt 0.125000 0.010968
vt 0.375000 0.010970
vt 0.312506 0.000000
vt 0.187494 0.000001
vt 0.125000 0.010969
vt 0.375000 0.010969
vt 0.312506 0.000000
vt 0.875000 0.011483
vt 0.875000 0.000000
vt 0.823183 0.000000
vt 0.676817 0.000000
vt 0.625000 0.011483
vt 0.375000 0.239033
vt 0.125000 0.010969
vt 0.187494 0.000000
vt 0.312506 0.000000
vt 0.375000 0.010968
vt 0.187494 0.000000
vt 0.125000 0.010968
vt 0.375000 0.010968
vt 0.312506 0.000000
vt 0.374994 0.250000
vt 0.375000 0.250000
vt 0.125009 0.250000
vt 0.125000 0.250000
vt 0.125000 0.000000
vt 0.125000 0.000000
vt 0.375000 0.000000
vt 0.375000 0.000000
vt 0.625001 0.255607
vt 0.874991 0.250000
vt 0.625008 0.000002
vt 0.625000 0.250000
vt 0.874998 0.249996
vt 0.874997 0.250000
vt 0.625000 0.481118
vt 0.874990 0.000002
vt 0.875000 0.000002
vt 0.625000 0.000000
vt 0.609408 0.000000
vt 0.625000 0.733977
vt 0.374986 0.250000
vt 0.374943 0.250000
vt 0.125000 0.250000
vt 0.125078 0.000006
vt 0.125000 0.244435
vt 0.125000 0.000000
vt 0.374918 0.000001
vt 0.375000 0.000000
vt 0.375000 0.005562
vt 0.125000 0.005578
vt 0.375000 0.244418
vt 0.125057 0.250000
vt 0.375000 0.250000
vt 0.374939 0.250000
vt 0.125002 0.250000
vt 0.125001 0.245190
vt 0.125000 0.000000
vt 0.125095 0.000000
vt 0.375000 0.000000
vt 0.375000 0.004807
vt 0.125000 0.004821
vt 0.374905 0.000000
vt 0.374995 0.245176
vt 0.125053 0.250000
vt 0.163718 0.000000
vt 0.336282 0.000000
vt 0.375000 0.013825
vt 0.375000 0.236171
vt 0.336268 0.250000
vt 0.163732 0.250000
vt 0.125000 0.236171
vt 0.125000 0.013825
vt 0.375000 0.250000
vt 0.374943 0.250000
vt 0.125002 0.250000
vt 0.125001 0.245210
vt 0.125000 0.000000
vt 0.125052 0.000000
vt 0.375000 0.000000
vt 0.374999 0.004786
vt 0.336268 0.250000
vt 0.375000 0.236171
vt 0.125000 0.236170
vt 0.163732 0.250000
vt 0.375000 0.246031
vt 0.125058 0.250000
vt 0.163718 0.000000
vt 0.125000 0.013826
vt 0.375000 0.013825
vt 0.336282 0.000000
vt 0.125002 0.004800
vt 0.374949 0.000000
vt 0.874995 0.241986
vt 0.625000 0.000000
vt 0.625000 0.000000
vt 0.625003 0.250000
vt 0.625000 0.236151
vt 0.625005 0.250000
vt 0.875000 0.000001
vt 0.874985 0.250000
vt 0.375000 0.275207
vt 0.375002 0.294875
vt 0.375002 0.455124
vt 0.375000 0.474793
vt 0.375000 0.497383
vt 0.375000 0.516021
vt 0.375000 0.733978
vt 0.375000 0.752617
vt 0.375000 0.775161
vt 0.381061 0.955125
vt 0.375000 0.955125
vt 0.375000 0.794875
vt 0.875000 0.007900
vt 0.866022 0.000001
vt 0.625000 0.016029
vt 0.625000 0.007900
vt 0.625000 0.233972
vt 0.852908 0.250000
vt 0.647090 0.250000
vt 0.381058 0.016022
vt 0.611782 0.233978
vt 0.381061 0.294875
vt 0.611781 0.455126
vt 0.381058 0.516020
vt 0.611781 0.733977
vt 0.381061 0.794875
vt 0.611781 0.955125
vt 0.371675 0.000000
vt 0.125002 0.000001
vt 0.374998 0.000000
vt 0.375000 0.244442
vt 0.375000 0.239033
vt 0.374996 0.000000
vt 0.374940 0.249999
vt 0.128349 0.249999
vt 0.375000 0.250000
vt 0.125000 0.249999
vt 0.125001 0.005558
vt 0.125000 0.250000
vt 0.125050 0.000001
vt 0.374999 0.004806
vt 0.125000 0.245193
vt 0.375000 0.242253
vt 0.375000 0.239032
vt 0.375000 0.000001
vt 0.375000 0.250000
vt 0.365406 0.250000
vt 0.134606 0.250000
vt 0.375000 0.250000
vt 0.125009 0.250000
vt 0.125009 0.242240
vt 0.125000 0.007751
vt 0.125000 0.250000
vt 0.125000 0.000001
vt 0.134501 0.000001
vt 0.365499 0.000000
vt 0.125000 0.000001
vt 0.365501 0.000000
vt 0.125000 0.000001
vt 0.375000 0.000000
vt 0.375000 0.242250
vt 0.375000 0.239033
vt 0.375000 0.000000
vt 0.375000 0.250000
vt 0.134513 0.250000
vt 0.375000 0.250000
vt 0.125005 0.250000
vt 0.125000 0.007751
vt 0.125000 0.250000
vt 0.337274 0.000000
vt 0.611781 0.016023
vt 0.381058 0.233980
vt 0.611781 0.294874
vt 0.381061 0.455125
vt 0.611782 0.516022
vt 0.381058 0.733978
vt 0.611781 0.794875
vt 0.375000 0.000000
vt 0.375000 0.007764
vt 0.375000 0.250983
vt 0.375001 0.473514
vt 0.375001 0.473113
vt 0.375001 0.488452
vt 0.375000 0.743765
vt 0.375000 0.740312
vt 0.375000 0.744803
vt 0.125000 0.000000
vt 0.131273 0.000000
vt 0.375000 0.007000
vt 0.368722 0.250000
vt 0.125007 0.243001
vt 0.169875 0.000000
vt 0.330125 0.000001
vt 0.375000 0.016022
vt 0.375000 0.233975
vt 0.330127 0.250000
vt 0.169875 0.250000
vt 0.125009 0.233978
vt 0.125000 0.016027
vt 0.169875 0.000000
vt 0.125001 0.016022
vt 0.375000 0.016027
vt 0.330125 0.000000
vt 0.330125 0.250000
vt 0.375000 0.233979
vt 0.125000 0.233976
vt 0.169882 0.250000
vt 0.163718 0.000001
vt 0.336282 0.000000
vt 0.375000 0.013826
vt 0.375000 0.236175
vt 0.336282 0.250000
vt 0.163718 0.250000
vt 0.125000 0.236174
vt 0.125000 0.013826
vt 0.163718 0.000000
vt 0.125000 0.013827
vt 0.375000 0.013825
vt 0.336282 0.000000
vt 0.336282 0.250000
vt 0.375000 0.236174
vt 0.125000 0.236176
vt 0.163718 0.250000
vt 0.669890 0.000000
vt 0.830110 0.000001
vt 0.875000 0.016029
vt 0.875000 0.233972
vt 0.830110 0.250000
vt 0.669890 0.250000
vt 0.625000 0.233971
vt 0.625000 0.016030
vt 0.875000 0.016030
vt 0.830110 0.000000
vt 0.669890 0.000000
vt 0.625000 0.016029
vt 0.830110 0.250000
vt 0.875000 0.233971
vt 0.625000 0.233972
vt 0.669890 0.250000
vt 0.875000 0.241195
vt 0.828349 0.000000
vt 0.625000 0.241196
vt 0.872922 0.250000
vt 0.659841 0.000000
vt 0.869780 0.000001
vt 0.841356 0.250000
vt 0.671489 0.250000
vt 0.627078 0.250000
vt 0.630220 0.000001
vt 0.875000 0.249079
vt 0.875000 0.000003
vt 0.874999 0.250000
vt 0.875000 0.249079
vt 0.659861 0.000000
vt 0.625000 0.000003
vt 0.840139 0.000000
vt 0.659861 0.000000
vt 0.875000 0.000001
vt 0.840139 0.000000
vt 0.840220 0.250000
vt 0.874999 0.249999
vt 0.659780 0.250000
vt 0.840220 0.250000
vt 0.625001 0.250000
vt 0.659780 0.250000
vt 0.625000 0.249079
vt 0.625000 0.250000
vt 0.625000 0.000001
vt 0.625000 0.249079
vt 0.875000 0.250000
vt 0.875000 0.250000
vt 0.875000 0.250000
vt 0.625000 0.250000
vt 0.625000 0.250000
vt 0.848816 0.250000
vt 0.875000 0.225423
vt 0.875000 0.229127
vt 0.875000 0.228999
vt 0.875000 0.200839
vt 0.875000 0.250000
vt 0.625001 0.250000
vt 0.625000 0.250000
vt 0.875000 0.250000
vt 0.625000 0.225423
vt 0.651181 0.250000
vt 0.625000 0.229812
vt 0.625000 0.229354
vt 0.625000 0.229291
vt 0.848816 0.250000
vt 0.651181 0.250000
vt 0.651181 0.250000
vt 0.848817 0.250000
vt 0.651181 0.250000
vt 0.848817 0.250000
vt 0.651181 0.250000
vt 0.848816 0.250000
vt 0.651181 0.250000
vt 0.848817 0.250000
vt 0.651184 0.250000
vt 0.848817 0.250000
vt 0.875000 0.249018
vt 0.875000 0.249007
vt 0.875000 0.000000
vt 0.625000 0.249016
vt 0.625000 0.250000
vt 0.625000 0.249018
vt 0.625000 0.001571
vt 0.625000 0.000000
vt 0.625000 0.000000
vt 0.875000 0.000000
vt 0.625000 0.000000
vt 0.875000 0.001571
vt 0.875000 0.000000
vt 0.875000 0.001571
vt 0.875000 0.000000
vt 0.625000 0.001571
vt 0.625000 0.000000
vt 0.874988 0.250000
vt 0.874999 0.250000
vt 0.875000 0.000000
vt 0.875000 0.000000
vt 0.625000 0.000000
vt 0.625000 0.000000
vt 0.875000 0.000000
vt 0.625000 0.000000
vt 0.625000 0.250000
vt 0.625000 0.200838
vt 0.625000 0.248919
vt 0.625000 0.250000
vt 0.875000 0.009054
vt 0.636745 0.000000
vt 0.875000 0.012586
vt 0.863255 0.000000
vt 0.636745 0.000000
vt 0.625000 0.012586
vt 0.863255 -0.000000
vt 0.863253 0.000003
vt 0.636745 0.000003
vt 0.863257 0.000000
vt 0.636745 0.000000
vt 0.863253 0.000000
vt 0.874999 0.229825
vt 0.875000 0.229810
vt 0.625000 0.229826
vt 0.625000 0.009054
vt 0.625000 0.009060
vt 0.625000 0.229128
vt 0.625000 0.200840
vt 0.625000 0.025180
vt 0.625000 0.009220
vt 0.625000 0.229003
vt 0.625000 0.200846
vt 0.625000 0.025173
vt 0.625000 0.009219
vt 0.875000 0.009311
vt 0.875000 0.200841
vt 0.875000 0.229351
vt 0.875000 0.009343
vt 0.875000 0.200846
vt 0.875000 0.229292
vt 0.875000 0.025174
vt 0.863255 0.000003
vt 0.636745 0.000003
vt 0.863248 0.000000
vt 0.636759 0.000000
vt 0.636745 0.000000
vt 0.875000 0.025180
vt 0.875000 0.009061
vt 0.625000 0.009311
vt 0.875000 0.025174
vt 0.875000 0.009220
vt 0.625000 0.009343
vt 0.875000 0.009219
vt 0.625000 0.025174
vt 0.875000 0.000000
vt 0.625000 0.000001
vn 0.004894 -0.999988 0.000000
vn 0.004894 -0.999988 0.000000
vn 0.004894 -0.999988 0.000000
vn 0.004894 -0.999988 0.000000
vn -0.999881 -0.015431 0.000000
vn -0.999881 -0.015431 0.000000
vn -0.999881 -0.015431 0.000000
vn -0.999881 -0.015431 0.000000
vn 0.015496 -0.999880 0.000000
vn 0.015496 -0.999880 0.000000
vn 0.015496 -0.999880 0.000000
vn 0.015496 -0.999880 0.000000
vn 0.000000 0.000000 1.000000
vn 0.000000 0.000000 1.000000
vn 0.000000 0.000000 1.000000
vn 0.000000 0.000000 1.000000
vn -0.015355 0.999882 0.000000
vn -0.015355 0.999882 0.000000
vn -0.015355 0.999882 0.000000
vn -0.015355 0.999882 0.000000
vn 0.000000 0.000000 -1.000000
vn 0.000000 0.000000 -1.000000
vn 0.000000 0.000000 -1.000000
vn 0.000000 0.000000 -1.000000
vn 0.015549 -0.999879 0.000000
vn 0.015549 -0.999879 0.000000
vn 0.015549 -0.999879 0.000000
vn 0.015549 -0.999879 0.000000
vn -0.000000 -0.000000 1.000000
vn -0.000000 -0.000000 1.000000
vn -0.000000 -0.000000 1.000000
vn -0.000000 -0.000000 1.000000
vn -0.015473 0.999880 0.000000
vn -0.015473 0.999880 0.000000
vn -0.015473 0.999880 0.000000
vn -0.015473 0.999880 0.000000
vn -0.000000 -0.000000 -1.000000
vn -0.000000 -0.000000 -1.000000
vn -0.000000 -0.000000 -1.000000
vn -0.000000 -0.000000 -1.000000
vn 0.015449 -0.999881 0.000000
vn 0.015449 -0.999881 0.000000
vn 0.015449 -0.999881 0.000000
vn 0.015449 -0.999881 0.000000
vn 0.000000 0.000000 1.000000
vn 0.000000 0.000000 1.000000
vn 0.000000 0.000000 1.000000
vn 0.000000 0.000000 1.000000
vn -0.015551 0.999879 0.000000
vn -0.015551 0.999879 0.000000
vn -0.015551 0.999879 0.000000
vn -0.015551 0.999879 0.000000
vn 0.000000 0.000000 -1.000000
vn 0.000000 0.000000 -1.000000
vn 0.000000 0.000000 -1.000000
vn 0.000000 0.000000 -1.000000
vn -0.439802 -0.898095 0.000000
vn -0.439802 -0.898095 0.000000
vn -0.615965 -0.787773 0.000000
vn -0.615965 -0.787773 0.000000
vn -0.622918 -0.009623 0.782228
vn -0.622918 -0.009623 0.782228
vn -0.615267 -0.009505 0.788262
vn -0.615115 -0.009503 0.788380
vn -0.489085 0.872236 0.000000
vn -0.489085 0.872236 0.000000
vn -0.656896 0.753981 0.000000
vn -0.656896 0.753981 0.000000
vn -0.622918 -0.009623 -0.782228
vn -0.622918 -0.009623 -0.782228
vn -0.615115 -0.009503 -0.788380
vn -0.615267 -0.009505 -0.788262
vn -0.961226 -0.275763 0.000000
vn -0.961226 -0.275763 0.000000
vn -0.556771 -0.008601 0.830621
vn -0.556785 -0.008602 0.830612
vn -0.970216 0.242243 0.000000
vn -0.970216 0.242243 0.000000
vn -0.556785 -0.008602 -0.830612
vn -0.556771 -0.008601 -0.830622
vn -0.981482 -0.191557 0.000000
vn -0.981482 -0.191557 0.000000
vn -0.594578 -0.009183 0.803986
vn -0.594578 -0.009183 0.803986
vn -0.987037 0.160492 0.000000
vn -0.987037 0.160492 0.000000
vn -0.594578 -0.009183 -0.803986
vn -0.594578 -0.009183 -0.803986
vn 0.015449 -0.999881 0.000000
vn 0.015449 -0.999881 0.000000
vn 0.015449 -0.999881 0.000000
vn 0.015449 -0.999881 0.000000
vn 0.000000 0.000000 -1.000000
vn 0.000000 0.000000 -1.000000
vn 0.000000 0.000000 -1.000000
vn 0.000000 0.000000 -1.000000
vn -0.015214 0.999884 0.000000
vn -0.015214 0.999884 0.000000
vn -0.015214 0.999884 0.000000
vn -0.015214 0.999884 0.000000
vn 0.000000 0.000000 1.000000
vn 0.000000 0.000000 1.000000
vn 0.000000 0.000000 1.000000
vn 0.000000 0.000000 1.000000
vn -0.999681 0.025261 0.000000
vn -0.999681 0.025261 0.000000
vn -0.999822 0.018857 0.000000
vn -0.999822 0.018857 0.000000
vn -0.999515 0.031150 0.000000
vn -0.999515 0.031150 0.000000
vn -0.999515 0.031150 0.000000
vn -0.999515 0.031150 0.000000
vn -0.999988 -0.004830 0.000000
vn -0.999988 -0.004830 0.000000
vn -0.999988 -0.004848 0.000000
vn -0.999988 -0.004848 0.000000
vn 0.999988 0.004853 0.000000
vn 0.999988 0.004853 0.000000
vn 0.999988 0.004853 0.000000
vn 0.999988 0.004853 0.000000
vn -0.010939 0.706421 0.707707
vn -0.010939 0.706421 0.707707
vn -0.010939 0.706421 0.707707
vn -0.010939 0.706421 0.707707
vn -0.010939 0.706421 -0.707707
vn -0.010939 0.706421 -0.707707
vn -0.010939 0.706421 -0.707707
vn -0.010939 0.706421 -0.707707
vn -0.999881 -0.015443 0.000001
vn -0.999881 -0.015444 0.000001
vn -0.999881 -0.015447 -0.000000
vn 0.999881 0.015444 0.000012
vn 0.999881 0.015445 0.000014
vn 0.999881 0.015438 0.000000
vn -0.999881 -0.015447 0.000000
vn -0.999881 -0.015443 -0.000005
vn -0.999881 -0.015442 -0.000006
vn 0.999881 0.015444 -0.000012
vn 0.999881 0.015438 0.000000
vn 0.999881 0.015445 -0.000014
vn -0.010859 0.707027 0.707104
vn -0.010859 0.707027 0.707104
vn -0.010859 0.707027 0.707104
vn -0.010859 0.707027 0.707104
vn -0.010859 0.707026 -0.707104
vn -0.010859 0.707026 -0.707104
vn -0.010859 0.707026 -0.707104
vn -0.010859 0.707026 -0.707104
vn -0.010888 0.707809 0.706320
vn -0.010888 0.707809 0.706320
vn -0.010888 0.707809 0.706320
vn -0.010888 0.707809 0.706320
vn -0.010888 0.707809 -0.706320
vn -0.010888 0.707809 -0.706320
vn -0.010888 0.707809 -0.706320
vn -0.010888 0.707809 -0.706320
vn -0.999881 -0.015444 -0.000002
vn -0.999881 -0.015448 -0.000002
vn -0.999880 -0.015474 0.000000
vn 0.999881 0.015455 0.000034
vn 0.999881 0.015444 0.000038
vn 0.999879 0.015530 -0.000000
vn -0.999880 -0.015474 -0.000000
vn -0.999881 -0.015448 0.000002
vn -0.999881 -0.015444 0.000002
vn 0.999881 0.015455 -0.000034
vn 0.999879 0.015530 0.000000
vn 0.999881 0.015444 -0.000038
vn -0.999881 -0.015444 -0.000045
vn -0.999881 -0.015445 -0.000040
vn -0.999881 -0.015453 -0.000000
vn 0.999881 0.015447 -0.000015
vn 0.999881 0.015444 -0.000017
vn 0.999880 0.015469 0.000000
vn -0.999881 -0.015453 -0.000000
vn -0.999881 -0.015446 0.000004
vn -0.999881 -0.015445 0.000004
vn 0.999881 0.015447 0.000015
vn 0.999880 0.015469 -0.000000
vn 0.999881 0.015444 0.000017
vn -0.999881 -0.015441 0.000009
vn -0.999881 -0.015428 -0.000000
vn -0.999881 -0.015428 0.000000
vn -0.999881 -0.015441 -0.000009
vn -0.999881 -0.015444 -0.000011
vn -0.999881 -0.015428 0.000000
vn -0.999881 -0.015428 0.000000
vn -0.999881 -0.015444 0.000011
vn -0.999881 -0.015446 -0.000011
vn -0.999881 -0.015445 -0.000011
vn -0.999881 -0.015443 -0.000009
vn -0.999881 -0.015445 -0.000011
vn -0.999881 -0.015445 -0.000012
vn -0.999881 -0.015445 -0.000012
vn -0.010864 0.707226 -0.706904
vn -0.010864 0.707226 -0.706904
vn -0.010864 0.707226 -0.706904
vn -0.010864 0.707226 -0.706904
vn -0.010864 0.707226 0.706904
vn -0.010864 0.707226 0.706904
vn -0.010864 0.707226 0.706904
vn -0.010864 0.707226 0.706904
vn 0.999881 0.015444 -0.000015
vn 0.999881 0.015453 -0.000012
vn 0.999880 0.015481 -0.000000
vn -0.999881 -0.015446 0.000011
vn 0.999880 0.015481 0.000000
vn 0.999881 0.015453 0.000012
vn 0.999881 0.015444 0.000015
vn -0.999881 -0.015443 0.000009
vn -0.999881 -0.015445 0.000011
vn -0.999881 -0.015445 0.000012
vn -0.999881 -0.015445 0.000012
vn -0.999881 -0.015445 0.000011
vn -0.999881 -0.015435 -0.000000
vn -0.999881 -0.015435 0.000000
vn -0.999881 -0.015435 0.000000
vn -0.999881 -0.015435 -0.000000
vn 0.010949 -0.707150 -0.706979
vn 0.010949 -0.707150 -0.706979
vn 0.010949 -0.707150 -0.706979
vn 0.010949 -0.707150 -0.706979
vn 0.010949 -0.707150 0.706979
vn 0.010949 -0.707150 0.706979
vn 0.010949 -0.707150 0.706979
vn 0.010949 -0.707150 0.706979
vn 0.010970 -0.707362 -0.706766
vn 0.010970 -0.707362 -0.706766
vn 0.010970 -0.707362 -0.706766
vn 0.010970 -0.707362 -0.706766
vn 0.010970 -0.707363 0.706766
vn 0.010970 -0.707363 0.706766
vn 0.010970 -0.707363 0.706766
vn 0.010970 -0.707363 0.706766
vn 0.010883 -0.706636 -0.707494
vn 0.010883 -0.706636 -0.707494
vn 0.010883 -0.706636 -0.707494
vn 0.010883 -0.706636 -0.707494
vn 0.010883 -0.706636 0.707494
vn 0.010883 -0.706636 0.707494
vn 0.010883 -0.706636 0.707494
vn 0.010883 -0.706636 0.707494
vn -0.999881 -0.015444 0.000002
vn -0.999881 -0.015444 0.000002
vn -0.999881 -0.015442 0.000000
vn 0.999881 0.015444 -0.000038
vn 0.999881 0.015429 -0.000000
vn 0.999881 0.015442 -0.000034
vn -0.999881 -0.015442 -0.000000
vn -0.999881 -0.015444 -0.000002
vn -0.999881 -0.015444 -0.000002
vn 0.999881 0.015442 0.000034
vn 0.999881 0.015429 0.000000
vn 0.999881 0.015444 0.000038
vn -0.999881 -0.015445 0.000004
vn -0.999881 -0.015449 0.000004
vn -0.999880 -0.015475 -0.000000
vn 0.999881 0.015444 0.000017
vn 0.999881 0.015453 0.000000
vn 0.999881 0.015445 0.000015
vn -0.999880 -0.015475 0.000001
vn -0.999881 -0.015448 -0.000040
vn -0.999881 -0.015444 -0.000045
vn 0.999881 0.015445 -0.000015
vn 0.999881 0.015453 -0.000000
vn 0.999881 0.015444 -0.000017
vn 0.999881 0.015445 -0.000014
vn 0.999881 0.015430 0.000000
vn 0.999881 0.015441 -0.000012
vn 0.999881 0.015445 0.000014
vn 0.999881 0.015441 0.000012
vn 0.999881 0.015430 -0.000000
vn 0.010947 -0.706679 -0.707450
vn 0.010947 -0.706679 -0.707450
vn 0.010947 -0.706679 -0.707450
vn 0.010947 -0.706679 -0.707450
vn 0.010947 -0.706679 0.707450
vn 0.010947 -0.706679 0.707450
vn 0.010947 -0.706679 0.707450
vn 0.010947 -0.706679 0.707450
vn -0.999881 -0.015442 -0.000005
vn -0.999881 -0.015441 -0.000005
vn -0.999881 -0.015429 0.000002
vn 0.999881 0.015445 -0.000014
vn 0.999881 0.015454 0.000000
vn 0.999881 0.015446 -0.000012
vn -0.999881 -0.015429 0.000001
vn -0.999881 -0.015441 0.000001
vn -0.999881 -0.015443 0.000001
vn 0.999881 0.015447 0.000012
vn 0.999881 0.015454 -0.000000
vn 0.999881 0.015445 0.000014
vn -0.999881 -0.015445 0.000021
vn -0.999881 -0.015407 0.000000
vn -0.999881 -0.015407 0.000000
vn -0.999881 -0.015445 -0.000021
vn -0.999881 -0.015437 -0.000017
vn -0.999881 -0.015437 0.000017
vn -0.999881 -0.015446 -0.000022
vn -0.999881 -0.015446 -0.000022
vn -0.999881 -0.015448 -0.000021
vn -0.999881 -0.015456 -0.000017
vn 0.999825 0.018522 0.002783
vn 0.999825 0.018522 0.002783
vn 0.999825 0.018522 0.002783
vn 0.999825 0.018522 -0.002783
vn 0.999825 0.018522 -0.002783
vn 0.999825 0.018522 -0.002783
vn -0.999880 -0.015489 0.000000
vn -0.999880 -0.015489 0.000000
vn -0.999881 -0.015448 0.000021
vn -0.999881 -0.015456 0.000017
vn -0.999881 -0.015446 0.000022
vn -0.999881 -0.015446 0.000022
vn 0.999888 0.014929 -0.000390
vn 0.999888 0.014929 -0.000390
vn 0.999888 0.014929 -0.000390
vn 0.999888 0.014929 0.000390
vn 0.999888 0.014929 0.000390
vn 0.999888 0.014929 0.000390
vn 0.999881 0.015443 0.000014
vn 0.999881 0.015443 -0.000014
vn 0.999881 0.015447 0.000014
vn 0.999881 0.015447 -0.000014
vn -0.999796 0.000874 -0.020193
vn -0.999796 0.000874 -0.020194
vn -0.999796 0.000874 -0.020193
vn -0.999796 0.000874 0.020193
vn -0.999796 0.000874 0.020193
vn -0.999796 0.000874 0.020194
vn 0.010788 -0.707129 0.707003
vn 0.010908 -0.707231 0.706898
vn 0.010908 -0.707231 0.706898
vn 0.581671 0.008988 0.813374
vn 0.581671 0.008988 0.813374
vn 0.581671 0.008988 0.813374
vn 0.581671 0.008988 0.813374
vn -0.010772 0.707098 0.707034
vn -0.010822 0.707128 0.707002
vn -0.010772 0.707098 0.707034
vn 0.568969 0.822359 0.000000
vn 0.568969 0.822359 0.000000
vn 0.568969 0.822359 0.000000
vn 0.568969 0.822359 0.000000
vn -0.010772 0.707097 -0.707034
vn -0.010822 0.707128 -0.707002
vn -0.010772 0.707097 -0.707034
vn 0.581671 0.008988 -0.813374
vn 0.581671 0.008988 -0.813374
vn 0.581671 0.008988 -0.813374
vn 0.581671 0.008988 -0.813374
vn 0.010908 -0.707231 -0.706898
vn 0.010788 -0.707128 -0.707003
vn 0.010908 -0.707231 -0.706898
vn 0.594011 -0.804457 0.000000
vn 0.594011 -0.804457 0.000000
vn 0.594011 -0.804457 0.000000
vn 0.594011 -0.804457 0.000000
vn 0.999868 -0.000692 -0.016252
vn 0.010880 -0.706906 -0.707224
vn 0.010875 -0.706906 -0.707224
vn 0.999743 -0.006205 -0.021790
vn 0.701138 -0.713026 0.000000
vn 0.701137 -0.713026 0.000000
vn 0.701137 -0.713026 0.000000
vn 0.701138 -0.713026 0.000000
vn 0.010851 -0.707149 0.706981
vn 0.999868 -0.000692 0.016252
vn 0.999743 -0.006205 0.021790
vn 0.010846 -0.707149 0.706982
vn 0.688675 0.010638 0.724993
vn 0.688674 0.010638 0.724993
vn 0.688674 0.010638 0.724993
vn 0.688674 0.010638 0.724993
vn -0.010985 0.706866 0.707263
vn 0.999075 0.037055 0.021812
vn 0.999368 0.031582 0.016295
vn -0.010979 0.706866 0.707262
vn 0.678597 0.734511 0.000000
vn 0.678597 0.734511 0.000000
vn 0.678597 0.734511 0.000000
vn 0.678597 0.734511 0.000000
vn -0.010959 0.706899 -0.707230
vn 0.999368 0.031582 -0.016295
vn 0.999075 0.037055 -0.021812
vn -0.010965 0.706898 -0.707230
vn 0.688674 0.010638 -0.724993
vn 0.688675 0.010638 -0.724993
vn 0.688674 0.010638 -0.724993
vn 0.688674 0.010638 -0.724993
vn 0.999926 0.004006 -0.011477
vn 0.010839 -0.706788 -0.707343
vn 0.010835 -0.706788 -0.707343
vn 0.999881 0.000065 -0.015437
vn 0.702305 -0.711876 0.000000
vn 0.702305 -0.711876 0.000000
vn 0.702305 -0.711876 0.000000
vn 0.702305 -0.711876 0.000000
vn 0.010834 -0.706843 0.707288
vn 0.999926 0.004006 0.011477
vn 0.999881 0.000065 0.015437
vn 0.010830 -0.706842 0.707288
vn 0.688622 0.010637 0.725042
vn 0.688622 0.010637 0.725042
vn 0.688622 0.010637 0.725042
vn 0.688622 0.010637 0.725042
vn -0.011018 0.707151 0.706977
vn 0.999407 0.030797 0.015405
vn 0.999573 0.026884 0.011474
vn -0.011014 0.707151 0.706977
vn 0.678389 0.734702 0.000000
vn 0.678389 0.734703 0.000000
vn 0.678389 0.734703 0.000000
vn 0.678389 0.734702 0.000000
vn -0.010956 0.707104 -0.707025
vn 0.999573 0.026884 -0.011474
vn 0.999407 0.030797 -0.015406
vn -0.010960 0.707103 -0.707025
vn 0.688622 0.010637 -0.725042
vn 0.688622 0.010637 -0.725042
vn 0.688622 0.010637 -0.725042
vn 0.688622 0.010637 -0.725042
vn 0.999561 0.027194 0.011772
vn -0.010967 0.707519 0.706609
vn -0.010964 0.707519 0.706609
vn 0.999388 0.031219 0.015802
vn 0.678029 0.735035 0.000000
vn 0.678029 0.735035 0.000000
vn 0.678029 0.735035 0.000000
vn 0.678029 0.735035 0.000000
vn -0.010954 0.707468 -0.706660
vn 0.999571 0.026916 -0.011547
vn 0.999405 0.030832 -0.015486
vn -0.010958 0.707468 -0.706661
vn 0.688672 0.010639 -0.724995
vn 0.688672 0.010639 -0.724995
vn 0.688672 0.010639 -0.724995
vn 0.688672 0.010639 -0.724995
vn 0.010832 -0.706921 -0.707210
vn 0.999880 0.000062 -0.015487
vn 0.999925 0.003976 -0.011551
vn 0.010836 -0.706921 -0.707210
vn 0.689298 0.012183 0.724376
vn 0.689298 0.012183 0.724376
vn 0.689298 0.012183 0.724376
vn 0.689298 0.012183 0.724376
vn 0.700812 -0.713346 0.000000
vn 0.700812 -0.713346 0.000000
vn 0.700812 -0.713346 0.000000
vn 0.700812 -0.713346 0.000000
vn 0.010836 -0.706921 0.707210
vn 0.999924 0.003832 0.011696
vn 0.999876 -0.000181 0.015732
vn 0.010832 -0.706921 0.707210
vn 0.015405 -0.999881 0.000000
vn 0.015405 -0.999881 0.000000
vn 0.015405 -0.999881 0.000000
vn 0.015405 -0.999881 0.000000
vn 0.000000 0.000000 1.000000
vn 0.000000 0.000000 1.000000
vn 0.000000 0.000000 1.000000
vn 0.000000 0.000000 1.000000
vn -0.015449 0.999881 0.000000
vn -0.015449 0.999881 0.000000
vn -0.015449 0.999881 0.000000
vn -0.015449 0.999881 0.000000
vn 0.000000 0.000000 -1.000000
vn 0.000000 0.000000 -1.000000
vn 0.000000 0.000000 -1.000000
vn 0.000000 0.000000 -1.000000
vn -0.010883 0.707522 0.706608
vn -0.010883 0.707522 0.706608
vn -0.010876 0.707474 -0.706656
vn -0.010876 0.707474 -0.706656
vn 0.010913 -0.706924 -0.707205
vn 0.010913 -0.706924 -0.707206
vn 0.010913 -0.706924 0.707206
vn 0.010913 -0.706924 0.707205
vn -0.677974 -0.735070 -0.004865
vn -0.677974 -0.735070 -0.004865
vn -0.677974 -0.735070 -0.004865
vn -0.677974 -0.735070 -0.004865
vn 0.010995 -0.706784 -0.707344
vn -0.999585 -0.026541 -0.011187
vn -0.999425 -0.030373 -0.015047
vn 0.011005 -0.706783 -0.707344
vn 0.051208 -0.704057 0.708295
vn 0.011000 -0.706840 0.707288
vn 0.010998 -0.706840 0.707288
vn 0.051208 -0.704057 0.708295
vn -0.689314 -0.012053 0.724362
vn -0.689314 -0.012053 0.724362
vn -0.689314 -0.012053 0.724362
vn -0.689314 -0.012053 0.724362
vn -0.999887 -0.000492 0.015046
vn -0.010845 0.707152 0.706978
vn -0.010856 0.707152 0.706978
vn -0.999928 -0.004346 0.011169
vn -0.700453 0.713680 0.005112
vn -0.700453 0.713680 0.005112
vn -0.700453 0.713680 0.005112
vn -0.700453 0.713680 0.005112
vn 0.030524 0.705440 -0.708112
vn -0.010787 0.707106 -0.707025
vn -0.010790 0.707106 -0.707025
vn 0.030524 0.705440 -0.708112
vn -0.689351 -0.009240 -0.724368
vn -0.689351 -0.009240 -0.724368
vn -0.689351 -0.009240 -0.724368
vn -0.689351 -0.009240 -0.724368
vn 0.011016 -0.707226 0.706902
vn 0.052317 -0.704220 0.708052
vn 0.052317 -0.704220 0.708052
vn 0.011011 -0.707226 0.706902
vn -0.688697 -0.010637 0.724971
vn -0.688697 -0.010637 0.724971
vn -0.688697 -0.010637 0.724971
vn -0.688697 -0.010637 0.724971
vn 0.026188 0.705260 0.708465
vn -0.010676 0.707094 0.707039
vn -0.010681 0.707094 0.707039
vn 0.026188 0.705260 0.708465
vn -0.700333 0.713816 0.000000
vn -0.700333 0.713816 0.000000
vn -0.700333 0.713816 0.000000
vn -0.700333 0.713816 0.000000
vn 0.026188 0.705260 -0.708465
vn -0.010681 0.707094 -0.707039
vn -0.010676 0.707094 -0.707039
vn 0.026188 0.705260 -0.708465
vn -0.688697 -0.010637 -0.724971
vn -0.688697 -0.010637 -0.724971
vn -0.688697 -0.010637 -0.724971
vn -0.688697 -0.010637 -0.724971
vn 0.052318 -0.704220 -0.708052
vn 0.011016 -0.707226 -0.706902
vn 0.011011 -0.707226 -0.706902
vn 0.052318 -0.704220 -0.708052
vn -0.676336 -0.736593 0.000000
vn -0.676336 -0.736593 0.000000
vn -0.676336 -0.736593 0.000000
vn -0.676336 -0.736593 0.000000
vn -0.676664 -0.736275 -0.004882
vn -0.676664 -0.736275 -0.004882
vn -0.676664 -0.736275 -0.004882
vn -0.676664 -0.736275 -0.004882
vn 0.011099 -0.706900 -0.707227
vn 0.053001 -0.702576 -0.709633
vn 0.053001 -0.702576 -0.709633
vn 0.011112 -0.706899 -0.707228
vn 0.052611 -0.704981 0.707272
vn 0.011076 -0.707148 0.706978
vn 0.011075 -0.707148 0.706978
vn 0.052611 -0.704981 0.707272
vn -0.689269 -0.012078 0.724405
vn -0.689269 -0.012078 0.724405
vn -0.689269 -0.012078 0.724405
vn -0.689269 -0.012078 0.724405
vn 0.031529 0.704557 0.708947
vn -0.010746 0.706870 0.707262
vn -0.010759 0.706870 0.707261
vn 0.031529 0.704557 0.708947
vn -0.699552 0.714563 0.005087
vn -0.699552 0.714563 0.005087
vn -0.699552 0.714564 0.005087
vn -0.699552 0.714564 0.005087
vn 0.030174 0.706484 -0.707085
vn -0.010736 0.706908 -0.707224
vn -0.010738 0.706908 -0.707224
vn 0.030174 0.706484 -0.707085
vn -0.689379 -0.009214 -0.724342
vn -0.689379 -0.009214 -0.724342
vn -0.689379 -0.009214 -0.724342
vn -0.689379 -0.009214 -0.724342
vn 0.010899 -0.706788 -0.707341
vn 0.010246 -0.707025 -0.707114
vn 0.010246 -0.707025 -0.707114
vn 0.010899 -0.706788 -0.707342
vn -0.570304 -0.821434 0.000000
vn -0.570304 -0.821434 0.000000
vn -0.570304 -0.821434 0.000000
vn -0.570304 -0.821434 0.000000
vn 0.010246 -0.707025 0.707115
vn 0.010899 -0.706788 0.707341
vn 0.010899 -0.706788 0.707342
vn 0.010246 -0.707025 0.707115
vn -0.581329 -0.008977 0.813619
vn -0.581329 -0.008977 0.813619
vn -0.581329 -0.008977 0.813619
vn -0.581329 -0.008977 0.813619
vn -0.009919 0.707095 0.707049
vn -0.010908 0.707374 0.706755
vn -0.010908 0.707374 0.706755
vn -0.009919 0.707095 0.707049
vn -0.581329 -0.008977 -0.813619
vn -0.581329 -0.008977 -0.813619
vn -0.581329 -0.008977 -0.813619
vn -0.581329 -0.008977 -0.813619
vn -0.010908 0.707374 -0.706755
vn -0.009919 0.707095 -0.707049
vn -0.009919 0.707095 -0.707049
vn -0.010908 0.707374 -0.706755
vn -0.591910 0.806004 0.000000
vn -0.591910 0.806004 0.000000
vn -0.591910 0.806004 0.000000
vn -0.591910 0.806004 0.000000
vn 0.000000 0.000000 1.000000
vn 0.000000 0.000000 1.000000
vn 0.000000 0.000000 1.000000
vn 0.000000 0.000000 1.000000
vn -0.015225 0.999884 0.000000
vn -0.015225 0.999884 0.000000
vn -0.015225 0.999884 0.000000
vn -0.015225 0.999884 0.000000
vn 0.000000 0.000000 -1.000000
vn 0.000000 0.000000 -1.000000
vn 0.000000 0.000000 -1.000000
vn 0.000000 0.000000 -1.000000
vn 0.015398 -0.999881 0.000000
vn 0.015398 -0.999881 0.000000
vn 0.015398 -0.999881 0.000000
vn 0.015398 -0.999881 0.000000
vn -0.999881 -0.015430 0.000001
vn -0.999881 -0.015443 0.000001
vn -0.999881 -0.015443 0.000001
vn -0.999881 -0.015448 -0.000000
vn -0.999881 -0.015443 -0.000006
vn -0.999881 -0.015443 -0.000006
vn -0.999881 -0.015444 -0.000002
vn -0.999881 -0.015444 -0.000002
vn -0.999881 -0.015444 -0.000002
vn -0.999881 -0.015445 -0.000002
vn -0.999880 -0.015475 -0.000000
vn -0.999880 -0.015475 0.000000
vn -0.999881 -0.015445 0.000002
vn -0.999881 -0.015444 0.000002
vn -0.999881 -0.015444 0.000002
vn -0.999881 -0.015444 0.000002
vn -0.999881 -0.015442 0.000000
vn -0.999881 -0.015442 0.000000
vn -0.999881 -0.015446 0.000004
vn -0.999880 -0.015476 0.000000
vn -0.999880 -0.015476 0.000000
vn -0.999881 -0.015445 -0.000044
vn -0.999881 -0.015444 -0.000046
vn -0.999881 -0.015444 -0.000046
vn -0.999881 -0.015444 -0.000044
vn -0.999881 -0.015453 -0.000000
vn -0.999881 -0.015453 -0.000000
vn -0.999881 -0.015445 0.000004
vn -0.999881 -0.015445 0.000005
vn -0.999881 -0.015445 0.000005
vn 0.015492 -0.999880 0.000171
vn 0.015492 -0.999880 0.000171
vn 0.015492 -0.999880 0.000171
vn 0.015492 -0.999880 0.000171
vn 0.000000 0.000000 1.000000
vn 0.000000 0.000000 1.000000
vn 0.000000 0.000000 1.000000
vn 0.000000 0.000000 1.000000
vn -0.015460 0.999880 0.000033
vn -0.015460 0.999880 0.000033
vn -0.015460 0.999880 0.000033
vn -0.015460 0.999880 0.000033
vn 0.000000 0.000000 -1.000000
vn 0.000000 0.000000 -1.000000
vn 0.000000 0.000000 -1.000000
vn 0.000000 0.000000 -1.000000
vn 0.015380 -0.999882 0.000031
vn 0.015380 -0.999882 0.000031
vn 0.015380 -0.999882 0.000031
vn 0.015380 -0.999882 0.000031
vn 0.000000 0.000000 1.000000
vn 0.000000 0.000000 1.000000
vn 0.000000 0.000000 1.000000
vn 0.000000 0.000000 1.000000
vn -0.015395 0.999882 0.000162
vn -0.015395 0.999882 0.000162
vn -0.015395 0.999882 0.000162
vn -0.015395 0.999882 0.000162
vn 0.000000 0.000000 -1.000000
vn 0.000000 0.000000 -1.000000
vn 0.000000 0.000000 -1.000000
vn 0.000000 0.000000 -1.000000
vn -0.662696 -0.744578 -0.080235
vn -0.498369 -0.639583 -0.585288
vn -0.498369 -0.639583 -0.585288
vn -0.646496 -0.596205 -0.476007
vn 0.688710 -0.725037 0.000000
vn 0.688710 -0.725037 0.000000
vn 0.688710 -0.725037 0.000000
vn 0.688710 -0.725037 0.000000
vn -0.498369 -0.639583 0.585288
vn -0.662696 -0.744579 0.080234
vn -0.646497 -0.596208 0.476001
vn -0.498369 -0.639583 0.585288
vn 0.652873 0.010768 0.757391
vn 0.652873 0.010768 0.757391
vn 0.652873 0.010768 0.757391
vn 0.652873 0.010768 0.757391
vn -0.012475 0.707422 0.706682
vn -0.468923 0.641872 0.606721
vn -0.468923 0.641872 0.606721
vn -0.011717 0.707400 0.706717
vn 0.652873 0.010768 -0.757391
vn 0.652873 0.010768 -0.757391
vn 0.652873 0.010768 -0.757391
vn 0.652873 0.010768 -0.757391
vn -0.468923 0.641872 -0.606721
vn -0.012475 0.707422 -0.706682
vn -0.011717 0.707400 -0.706717
vn -0.468923 0.641872 -0.606721
vn 0.664651 0.747154 0.000000
vn 0.664651 0.747154 0.000000
vn 0.664651 0.747154 0.000000
vn 0.664651 0.747154 0.000000
vn 0.015417 -0.999881 0.000000
vn 0.015417 -0.999881 0.000000
vn 0.015417 -0.999881 0.000000
vn 0.015417 -0.999881 0.000000
vn 0.000000 0.000000 -1.000000
vn 0.000000 0.000000 -1.000000
vn 0.000000 0.000000 -1.000000
vn 0.000000 0.000000 -1.000000
vn -0.015445 0.999881 0.000000
vn -0.015445 0.999881 0.000000
vn -0.015445 0.999881 0.000000
vn -0.015445 0.999881 0.000000
vn 0.000000 0.000000 1.000000
vn 0.000000 0.000000 1.000000
vn 0.000000 0.000000 1.000000
vn 0.000000 0.000000 1.000000
vn 0.010902 -0.706787 -0.707343
vn 0.010902 -0.706787 -0.707343
vn 0.010902 -0.706787 0.707343
vn 0.010902 -0.706787 0.707343
vn 0.999717 0.022311 -0.008224
vn 0.999717 0.022311 -0.008224
vn 0.999717 0.022311 -0.008224
vn 0.999708 0.022740 0.008224
vn 0.999708 0.022740 0.008224
vn 0.999708 0.022740 0.008224
vn 0.195505 0.850360 -0.488533
vn 0.195505 0.850360 -0.488533
vn 0.196840 0.801249 -0.565026
vn 0.196921 0.780552 -0.593263
vn 0.202387 0.004873 -0.979294
vn 0.202387 0.004873 -0.979294
vn 0.202387 0.004873 -0.979294
vn 0.202387 0.004873 -0.979294
vn 0.207860 -0.761663 -0.613729
vn 0.207860 -0.761663 -0.613729
vn 0.207860 -0.761663 -0.613729
vn 0.207860 -0.761663 -0.613729
vn 0.196737 0.757157 -0.622903
vn 0.196737 0.757157 -0.622903
vn 0.202384 0.004873 0.979294
vn 0.202384 0.004873 0.979294
vn 0.202384 0.004873 0.979294
vn 0.202384 0.004873 0.979294
vn 0.207857 -0.761662 0.613732
vn 0.207857 -0.761662 0.613732
vn 0.207857 -0.761662 0.613732
vn 0.207857 -0.761662 0.613732
vn 0.209842 -0.977735 0.000000
vn 0.209842 -0.977735 0.000000
vn 0.209842 -0.977735 0.000000
vn 0.209842 -0.977735 0.000000
vn 0.195097 0.980784 0.000000
vn 0.195097 0.980784 0.000000
vn 0.195097 0.980784 0.000000
vn 0.195097 0.980784 0.000000
vn 0.196737 0.757158 0.622902
vn 0.196737 0.757158 0.622902
vn 0.196840 0.801248 0.565027
vn 0.196921 0.780552 0.593263
vn 0.195505 0.850358 0.488537
vn 0.195505 0.850358 0.488537
vn 0.999881 0.015441 -0.000008
vn 0.999881 0.015446 -0.000019
vn 0.999881 0.015446 -0.000014
vn 0.999881 0.015447 -0.000010
vn 0.999881 0.015441 -0.000008
vn 0.999881 0.015441 0.000008
vn 0.999881 0.015436 0.000000
vn 0.999881 0.015436 0.000000
vn 0.999881 0.015441 0.000008
vn 0.999881 0.015447 0.000000
vn 0.999881 0.015447 0.000000
vn 0.999881 0.015447 0.000014
vn 0.999881 0.015447 0.000010
vn 0.999881 0.015446 0.000019
vn -0.665970 -0.008955 -0.745925
vn -0.665970 -0.008955 -0.745925
vn -0.665970 -0.008955 -0.745925
vn -0.665970 -0.008955 -0.745925
vn -0.675923 0.635109 -0.373850
vn -0.675169 0.571936 -0.465871
vn -0.676499 0.598770 -0.428746
vn -0.675923 0.635109 -0.373850
vn -0.675847 -0.709449 0.199781
vn -0.656888 -0.592008 0.466932
vn -0.675847 -0.709448 -0.199784
vn -0.656886 -0.592005 -0.466938
vn -0.685169 0.726639 -0.050388
vn -0.696709 0.697045 -0.169486
vn -0.685169 0.726639 0.050388
vn -0.696709 0.697045 0.169486
vn -0.675169 0.571936 0.465871
vn -0.676501 0.598768 0.428746
vn -0.675927 0.635105 0.373851
vn -0.675927 0.635105 0.373851
vn -0.665972 -0.008954 0.745923
vn -0.665972 -0.008954 0.745923
vn -0.665972 -0.008954 0.745923
vn -0.665972 -0.008954 0.745923
vn 0.000006 0.000000 1.000000
vn 0.000000 0.000000 1.000000
vn 0.000008 0.000000 1.000000
vn 0.000008 0.000000 1.000000
vn 0.000008 0.000000 1.000000
vn 0.000000 0.000000 1.000000
vn 0.000000 0.000000 1.000000
vn 0.000008 0.000000 1.000000
vn 0.000000 0.000000 1.000000
vn 0.000000 0.000000 1.000000
vn 0.000000 0.000000 1.000000
vn 0.000000 0.000000 1.000000
vn -0.213762 0.976886 0.000000
vn -0.213762 0.976886 0.000000
vn -0.213762 0.976886 0.000000
vn -0.213762 0.976886 0.000000
vn 0.000000 0.000000 -1.000000
vn 0.000004 0.000000 -1.000000
vn 0.000000 0.000000 -1.000000
vn -0.000000 -0.000000 1.000000
vn -0.585427 -0.009048 0.810675
vn -0.585427 -0.009048 0.810675
vn -0.585427 -0.009048 0.810675
vn -0.585427 -0.009048 0.810675
vn -0.585427 -0.009048 0.810675
vn -0.585427 -0.009048 0.810675
vn 0.880718 0.473641 0.000001
vn 0.861770 0.507299 0.000001
vn 0.861770 0.507299 0.000001
vn 0.880718 0.473641 0.000001
vn 0.880718 0.473641 0.000001
vn 0.880718 0.473641 0.000001
vn -0.010734 0.706772 -0.707360
vn -0.010734 0.706772 -0.707360
vn 0.006384 0.706458 -0.707726
vn 0.007053 0.706441 -0.707736
vn 0.139929 0.692612 -0.707608
vn 0.142584 0.692102 -0.707576
vn 0.216454 0.671048 -0.709113
vn 0.224465 0.668201 -0.709311
vn 0.418188 0.567331 -0.709404
vn 0.427341 0.560761 -0.709173
vn 0.494179 0.504541 -0.707973
vn 0.499545 0.499060 -0.708092
vn 0.554799 0.438945 -0.706772
vn 0.554799 0.438945 -0.706772
vn 0.000000 0.000000 -1.000000
vn 0.000000 0.000000 -1.000000
vn 0.000000 0.000000 -1.000000
vn 0.000000 0.000000 -1.000000
vn 0.000000 0.000000 -1.000000
vn 0.000000 0.000000 -1.000000
vn 0.000000 0.000000 -1.000000
vn 0.000000 0.000000 -1.000000
vn 0.000000 0.000000 -1.000000
vn 0.010982 -0.706491 0.707637
vn 0.010982 -0.706491 0.707637
vn 0.010982 -0.706491 0.707637
vn 0.430078 0.823921 -0.369035
vn 0.430078 0.823921 -0.369035
vn 0.430078 0.823921 -0.369035
vn -0.574776 -0.818310 -0.000005
vn -0.574776 -0.818311 -0.000005
vn -0.574776 -0.818310 -0.000005
vn -0.574776 -0.818310 -0.000005
vn -0.574776 -0.818311 -0.000005
vn -0.574776 -0.818310 -0.000005
vn 0.000000 0.000000 1.000000
vn -0.000000 -0.000000 1.000000
vn -0.000000 -0.000000 1.000000
vn 0.000000 0.000000 1.000000
vn 0.000000 0.000000 1.000000
vn 0.000000 0.000000 1.000000
vn 0.000000 0.000000 1.000000
vn 0.000000 0.000000 1.000000
vn -0.010729 0.706796 0.707336
vn -0.010729 0.706796 0.707336
vn 0.007057 0.706455 0.707723
vn 0.006389 0.706472 0.707712
vn 0.142578 0.692093 0.707587
vn 0.139923 0.692602 0.707619
vn 0.224464 0.668201 0.709312
vn 0.216454 0.671048 0.709114
vn 0.427325 0.560721 0.709214
vn 0.418172 0.567296 0.709441
vn 0.499504 0.499007 0.708158
vn 0.494135 0.504492 0.708038
vn 0.554733 0.438901 0.706850
vn 0.554733 0.438901 0.706850
vn 0.000000 0.000000 1.000000
vn -0.000000 -0.000000 1.000000
vn 0.000000 0.000000 1.000000
vn -0.000000 -0.000000 1.000000
vn 0.000000 0.000000 1.000000
vn 0.000000 0.000000 1.000000
vn -0.000000 -0.000000 1.000000
vn 0.009800 0.999952 0.000000
vn -0.015147 0.999885 0.000000
vn -0.015147 0.999885 0.000000
vn 0.009800 0.999952 0.000000
vn 0.199843 0.979828 0.000000
vn 0.199843 0.979828 0.000000
vn 0.313557 0.949569 0.000000
vn 0.313557 0.949569 0.000000
vn 0.599481 0.800389 0.000000
vn 0.599481 0.800389 0.000000
vn 0.707361 0.706853 0.000000
vn 0.707361 0.706853 0.000000
vn 0.010836 -0.706578 -0.707552
vn 0.010836 -0.706578 -0.707552
vn 0.010836 -0.706578 -0.707552
vn 0.430013 0.823927 0.369097
vn 0.430013 0.823927 0.369097
vn 0.430013 0.823927 0.369097
vn 0.000005 0.000000 -1.000000
vn 0.000005 0.000000 -1.000000
vn 0.000005 0.000000 -1.000000
vn 0.000000 0.000000 -1.000000
vn 0.000000 0.000000 -1.000000
vn 0.000005 0.000000 -1.000000
vn 0.000000 0.000000 -1.000000
vn 0.000000 0.000000 -1.000000
vn 0.000000 0.000000 -1.000000
vn 0.000000 0.000000 -1.000000
vn -0.824418 -0.565981 0.000000
vn -0.824418 -0.565981 0.000000
vn -0.824418 -0.565981 0.000000
vn -0.824418 -0.565981 0.000000
vn 0.000000 0.000000 -1.000000
vn 0.000000 0.000000 -1.000000
vn 0.000000 0.000000 -1.000000
vn 0.000000 0.000000 1.000000
vn 0.000000 0.000000 -1.000000
vn 0.000000 0.000000 1.000000
vn -0.596395 0.802691 0.000000
vn -0.596395 0.802691 0.000000
vn -0.596395 0.802691 0.000000
vn -0.596395 0.802691 0.000000
vn -0.596395 0.802691 0.000000
vn -0.596395 0.802691 0.000000
vn -0.585426 -0.009049 -0.810675
vn -0.585426 -0.009049 -0.810675
vn -0.585426 -0.009049 -0.810675
vn -0.585426 -0.009049 -0.810675
vn -0.585426 -0.009049 -0.810675
vn -0.585426 -0.009049 -0.810675
vn 0.000000 0.000000 -1.000000
vn 0.000000 0.000000 -1.000000
vn 0.000000 0.000000 -1.000000
vn 0.000000 0.000000 -1.000000
vn -0.337909 -0.941179 0.000000
vn -0.433052 -0.901369 0.000000
vn -0.433052 -0.901369 0.000000
vn -0.337909 -0.941179 0.000000
vn -0.337909 -0.941179 0.000000
vn -0.337909 -0.941179 0.000000
vn 0.011065 -0.707059 -0.707068
vn 0.011065 -0.707059 -0.707068
vn 0.001069 -0.706855 -0.707357
vn 0.000610 -0.706844 -0.707369
vn -0.155043 -0.689347 -0.707646
vn -0.157669 -0.688793 -0.707605
vn 0.011065 -0.707059 0.707068
vn 0.011065 -0.707059 0.707068
vn 0.000610 -0.706844 0.707369
vn 0.001069 -0.706855 0.707357
vn -0.157669 -0.688793 0.707605
vn -0.155043 -0.689347 0.707646
vn -0.219726 -0.670125 -0.708980
vn -0.227222 -0.667365 -0.709221
vn -0.436018 -0.553595 -0.709521
vn -0.444718 -0.546967 -0.709262
vn -0.227222 -0.667365 0.709221
vn -0.219726 -0.670125 0.708980
vn -0.444718 -0.546966 0.709262
vn -0.436018 -0.553595 0.709521
vn -0.454154 -0.540146 -0.708510
vn -0.447353 -0.545541 -0.708703
vn -0.368371 -0.603499 -0.707172
vn -0.368371 -0.603499 -0.707172
vn -0.447353 -0.545541 0.708703
vn -0.454154 -0.540146 0.708510
vn -0.368371 -0.603499 0.707172
vn -0.368371 -0.603499 0.707172
vn 0.001342 -0.999999 0.000000
vn 0.015659 -0.999877 0.000000
vn 0.015659 -0.999877 0.000000
vn 0.001342 -0.999999 0.000000
vn -0.221531 -0.975153 0.000000
vn -0.221531 -0.975153 0.000000
vn -0.316248 -0.948677 0.000000
vn -0.316248 -0.948677 0.000000
vn -0.625993 -0.779828 0.000000
vn -0.625993 -0.779828 0.000000
vn -0.636108 -0.771600 0.000000
vn -0.636108 -0.771600 0.000000
vn 0.000000 0.000000 -1.000000
vn 0.000000 0.000000 -1.000000
vn 0.000000 0.000000 -1.000000
vn 0.000000 0.000000 -1.000000
vn -0.000000 -0.000000 1.000000
vn -0.000000 -0.000000 1.000000
vn -0.000000 -0.000000 1.000000
vn 0.000000 0.000000 1.000000
vn 0.000000 0.000000 1.000000
vn 0.000000 0.000000 1.000000
vn 0.000000 0.000000 1.000000
vn 0.000000 0.000000 1.000000
vn 0.000000 0.000000 1.000000
vn 0.000000 0.000000 -1.000000
vn 0.000000 0.000000 -1.000000
vn 0.000000 0.000000 -1.000000
vn 0.000000 0.000000 -1.000000
vn 0.000000 0.000000 -1.000000
vn -0.011319 0.706876 0.707247
vn -0.011319 0.706876 0.707247
vn -0.011319 0.706876 0.707247
vn -0.011319 0.706876 -0.707247
vn -0.011319 0.706876 -0.707247
vn -0.011319 0.706876 -0.707247
vn -0.788911 -0.450895 -0.417507
vn -0.788911 -0.450895 -0.417507
vn -0.788911 -0.450895 -0.417507
vn -0.788911 -0.450895 0.417507
vn -0.788911 -0.450895 0.417507
vn -0.788911 -0.450895 0.417507
s off
g Handle
usemtl standardSurface2SG
f 764/1193/1866 763/1188/1867 765/1155/1868 766/1190/1869
f 759/841/1870 760/842/1871 761/843/1872 762/844/1873
f 819/873/1874 817/884/1875 821/874/1876 825/887/1877
f 826/875/1878 823/886/1879 779/1029/1880 783/869/1881
f 784/851/1882 781/857/1883 785/852/1884 789/859/1885
f 790/853/1886 787/858/1887 815/872/1888 818/885/1889
f 831/877/1890 829/888/1891 833/878/1892 837/891/1893
f 838/879/1894 835/890/1895 791/1047/1896 795/870/1897
f 796/854/1898 793/860/1899 797/855/1900 801/862/1901
f 802/856/1902 799/861/1903 827/876/1904 830/889/1905
f 855/899/1906 853/902/1907 857/900/1908 861/905/1909
f 862/901/1910 859/904/1911 767/1017/1912 771/897/1913
f 772/845/1914 769/848/1915 773/846/1916 777/850/1917
f 778/847/1918 775/849/1919 851/898/1920 854/903/1921
s 1
f 747/911/1922 748/913/1923 752/834/1924 751/833/1925
s 2
f 748/913/1926 749/907/1927 753/835/1928 752/834/1929
s 3
f 749/907/1930 750/909/1931 754/836/1932 753/835/1933
s 4
f 750/909/1934 747/911/1935 751/833/1936 754/836/1937
s 1
f 751/833/1925 752/834/1924 756/838/1938 755/837/1939
s 2
f 752/834/1929 753/835/1928 757/839/1940 756/838/1941
s 3
f 753/835/1933 754/836/1932 758/840/1942 757/839/1943
s 4
f 754/836/1937 751/833/1936 755/837/1944 758/840/1945
s 1
f 755/837/1939 756/838/1938 760/842/1946 759/841/1947
s 2
f 756/838/1941 757/839/1940 761/843/1948 760/842/1949
s 3
f 757/839/1943 758/840/1942 762/844/1950 761/843/1951
s 4
f 758/840/1945 755/837/1944 759/841/1952 762/844/1953
s off
f 850/883/1954 847/895/1955 840/880/1956 844/894/1957
f 842/881/1958 839/892/1959 803/863/1960 807/867/1961
f 808/864/1962 805/866/1963 809/865/1964 813/868/1965
f 814/982/1966 811/871/1967 845/882/1968 849/896/1969
s 5
f 1113/1194/1970 1111/1198/1971 1117/1195/1972 1120/1202/1973
s off
f 1062/1156/1974 1066/1159/1975 1069/1158/1976 1067/1157/1977
s 5
f 1118/1196/1978 1116/1200/1979 763/1188/1980 764/1193/1981
s off
f 1067/1157/1982 1069/1158/1983 766/1190/1984 765/1155/1985
f 767/1017/1986 769/848/1987 772/845/1988 771/897/1989
f 773/846/1990 775/849/1991 778/847/1992 777/850/1993
s 6
f 767/1017/1994 768/1021/1995 769/848/1996
s 7
f 770/958/1997 771/897/1998 772/845/1999
s 6
f 773/846/2000 774/1024/2001 775/849/2002
s 7
f 776/960/2003 777/850/2004 778/847/2005
s off
f 779/1029/2006 781/857/2007 784/851/2008 783/869/2009
f 785/852/2010 787/858/2011 790/853/2012 789/859/2013
f 791/1047/2014 793/860/2015 796/854/2016 795/870/2017
f 797/855/2018 799/861/2019 802/856/2020 801/862/2021
s 8
f 779/1029/2022 780/1034/2023 781/857/2024
s 9
f 782/926/2025 783/869/2026 784/851/2027
s 8
f 785/852/2028 786/1038/2029 787/858/2030
s 9
f 788/928/2031 789/859/2032 790/853/2033
s 10
f 791/1047/2034 792/1051/2035 793/860/2036
s 6
f 794/938/2037 795/870/2038 796/854/2039
s 10
f 797/855/2040 798/1054/2041 799/861/2042
s 6
f 800/940/2043 801/862/2044 802/856/2045
s 12
f 806/985/2046 808/864/2047 813/868/2048 812/981/2049 909/983/2050 1016/1004/2051 1013/1003/2052 907/915/2053
f 812/981/2049 814/982/2054 849/896/2055 848/979/2056 905/980/2057 1006/1001/2058 1007/1002/2059 909/983/2050
s off
f 803/863/2060 805/866/2061 808/864/2062 807/867/2063
f 809/865/2064 811/871/2065 814/982/2066 813/868/2067
s 13
f 803/863/2068 804/919/2069 805/866/2070
s 12
f 806/985/2046 807/867/2071 808/864/2047
s 13
f 809/865/2072 810/917/2073 811/871/2074
s 12
f 812/981/2049 813/868/2048 814/982/2054
f 843/893/2075 842/881/2076 807/867/2071 806/985/2046 907/915/2053 1012/978/2077 1009/998/2078 903/984/2079
f 848/979/2056 850/883/2080 844/894/2081 843/893/2075 903/984/2079 1002/999/2082 1003/1000/2083 905/980/2057
s off
f 815/872/2084 817/884/2085 819/873/2086 818/885/2087
f 821/874/2088 823/886/2089 826/875/2090 825/887/2091
f 827/876/2092 829/888/2093 831/877/2094 830/889/2095
f 833/878/2096 835/890/2097 838/879/2098 837/891/2099
f 840/880/2100 839/892/2101 842/881/2102 844/894/2103
f 845/882/2104 847/895/2105 850/883/2106 849/896/2107
s 8
f 815/872/2108 816/1042/2109 817/884/2110
s 9
f 818/885/2111 819/873/2112 820/931/2113
s 8
f 821/874/2114 822/1030/2115 823/886/2116
s 9
f 824/933/2117 825/887/2118 826/875/2119
s 10
f 827/876/2120 828/1044/2121 829/888/2122
s 6
f 830/889/2123 831/877/2124 832/942/2125
s 10
f 833/878/2126 834/1048/2127 835/890/2128
s 6
f 836/944/2129 837/891/2130 838/879/2131
s 13
f 839/892/2132 840/880/2133 841/922/2134
s 12
f 842/881/2076 843/893/2075 844/894/2081
s 13
f 845/882/2135 846/923/2136 847/895/2137
s 12
f 848/979/2056 849/896/2055 850/883/2080
s off
f 851/898/2138 853/902/2139 855/899/2140 854/903/2141
f 857/900/2142 859/904/2143 862/901/2144 861/905/2145
s 6
f 851/898/2146 852/1014/2147 853/902/2148
s 7
f 854/903/2149 855/899/2150 856/962/2151
s 6
f 857/900/2152 858/1018/2153 859/904/2154
s 7
f 860/964/2155 861/905/2156 862/901/2157
s 18
f 864/906/2158 866/954/2159 869/969/2160 868/908/2161 750/909/2162 749/907/2163
f 868/908/2161 870/956/2164 880/973/2165 882/910/2166 747/911/2167 750/909/2162
s off
f 864/906/2168 865/967/2169 866/954/2170
f 868/908/2171 869/969/2172 870/956/2173
s 18
f 882/910/2166 881/950/2174 885/975/2175 884/912/2176 748/913/2177 747/911/2167
f 884/912/2176 886/952/2178 865/967/2179 864/906/2158 749/907/2163 748/913/2177
s off
f 880/973/2180 881/950/2181 882/910/2182
f 884/912/2183 885/975/2184 886/952/2185
s 13
f 888/916/2186 894/921/2187 841/922/2134 840/880/2133 847/895/2137 846/923/2136
f 890/914/2188 888/916/2186 846/923/2136 845/882/2135 811/871/2074 810/917/2073
f 892/918/2189 890/914/2188 810/917/2073 809/865/2072 805/866/2070 804/919/2069
f 894/921/2187 892/918/2189 804/919/2069 803/863/2068 839/892/2132 841/922/2134
s 12
f 903/984/2079 1009/998/2078 1002/999/2082
f 905/980/2057 1003/1000/2083 1006/1001/2058
s off
f 907/915/2190 1013/1003/2191 1012/978/2192
f 909/983/2193 1007/1002/2194 1016/1004/2195
s 19
f 888/916/2196 911/1056/2197 917/924/2198
s off
f 911/1056/2199 888/916/2200 890/914/2201 912/1006/2202
s 20
f 912//2203 890//2204 913//2205
s off
f 913//2206 890//2207 892//2208 914//2209
s 21
f 914/1008/2210 892/920/2211 915/1060/2212
s off
f 915/1060/2213 892/920/2214 894/925/2215 916/1010/2216
s 22
f 916//2217 894//2218 918//2219
s off
f 888//2220 917//2221 918//2222 894//2223
s 9
f 895/929/2224 919/1085/2225 927/1084/2226 928/935/2227
s off
f 919/1085/2228 895/929/2229 897/932/2230 920/1078/2231
s 9
f 920/1078/2232 897/932/2233 921/934/2234 922/1087/2235
s off
f 922/1087/2236 921/934/2237 924/936/2238 923/1080/2239
s 9
f 923/1080/2240 924/936/2241 899/927/2242 925/1089/2243
s off
f 925/1089/2244 899/927/2245 901/937/2246 926/1082/2247
s 9
f 926/1082/2248 901/937/2249 929/930/2250 930/1091/2251
s off
f 928/935/2252 927/1084/2253 930/1091/2254 929/930/2255
s 9
f 782/926/2025 784/851/2027 789/859/2032 788/928/2031 901/937/2249 899/927/2242
f 788/928/2031 790/853/2033 818/885/2111 820/931/2113 895/929/2224 928/935/2227 929/930/2250 901/937/2249
f 820/931/2113 819/873/2112 825/887/2118 824/933/2117 897/932/2233 895/929/2224
f 824/933/2117 826/875/2119 783/869/2026 782/926/2025 899/927/2242 924/936/2241 921/934/2234 897/932/2233
s 6
f 871/943/2256 931/1101/2257 939/1100/2258 940/946/2259
s off
f 931/1101/2260 871/943/2261 873/947/2262 932/1094/2263
s 6
f 932/1094/2264 873/947/2265 933/945/2266 934/1103/2267
s off
f 934/1103/2268 933/945/2269 936/948/2270 935/1096/2271
s 6
f 935/1096/2272 936/948/2273 875/939/2274 937/1105/2275
s off
f 937/1105/2276 875/939/2277 877/949/2278 938/1098/2279
s 6
f 938/1098/2280 877/949/2281 941/941/2282 942/1107/2283
s off
f 940/946/2284 939/1100/2285 942/1107/2286 941/941/2287
s 6
f 794/938/2037 796/854/2039 801/862/2044 800/940/2043 877/949/2281 875/939/2274
f 800/940/2043 802/856/2045 830/889/2123 832/942/2125 871/943/2256 940/946/2259 941/941/2282 877/949/2281
f 832/942/2125 831/877/2124 837/891/2130 836/944/2129 873/947/2265 871/943/2256
f 836/944/2129 838/879/2131 795/870/2038 794/938/2037 875/939/2274 936/948/2273 933/945/2266 873/947/2265
s 7
f 863/959/2288 943/966/2289 950/953/2290 949/970/2291
s off
f 943/966/2292 863/959/2293 867/971/2294 944/955/2295
s 7
f 944/955/2296 867/971/2297 945/961/2298 946/968/2299
s off
f 946/968/2300 945/961/2301 948/976/2302 947/957/2303
s 7
f 947/957/2304 948/976/2305 879/963/2306 951/972/2307
s off
f 949/970/2308 950/953/2309 954/974/2310 953/965/2311
f 951/972/2312 879/963/2313 883/977/2314 952/951/2315
s 7
f 952/951/2316 883/977/2317 953/965/2318 954/974/2319
s off
f 881/950/2320 951/972/2321 952/951/2322 885/975/2323
f 886/952/2324 954/974/2325 950/953/2326 865/967/2327
f 866/954/2328 943/966/2329 944/955/2330 869/969/2331
f 870/956/2332 946/968/2333 947/957/2334 880/973/2335
s 7
f 770/958/1997 772/845/1999 777/850/2004 776/960/2003 867/971/2297 863/959/2288
f 776/960/2003 778/847/2005 854/903/2149 856/962/2151 879/963/2306 948/976/2305 945/961/2298 867/971/2297
f 856/962/2151 855/899/2150 861/905/2156 860/964/2155 883/977/2317 879/963/2306
f 860/964/2155 862/901/2157 771/897/1998 770/958/1997 863/959/2288 949/970/2291 953/965/2318 883/977/2317
f 950/953/2290 943/966/2289 866/954/2336 865/967/2337
f 944/955/2296 946/968/2299 870/956/2338 869/969/2339
f 947/957/2304 951/972/2307 881/950/2340 880/973/2341
f 952/951/2316 954/974/2319 886/952/2342 885/975/2343
s off
f 872/1025/2344 955/1093/2345 957/1104/2346 956/1013/2347
s 6
f 955/1093/2348 872/1025/2349 965/1023/2350 966/1102/2351
f 956/1013/2352 957/1104/2353 959/1095/2354 958/1026/2355
s off
f 958/1026/2356 959/1095/2357 961/1106/2358 960/1016/2359
s 6
f 960/1016/2360 961/1106/2361 962/1097/2362 876/1019/2363
s off
f 876/1019/2364 962/1097/2365 964/1108/2366 963/1020/2367
s 6
f 963/1020/2368 964/1108/2369 968/1099/2370 967/1027/2371
s off
f 966/1102/2372 965/1023/2373 967/1027/2374 968/1099/2375
s 19
f 969/1005/2376 970/1064/2377 981/1041/2378 982/1055/2379
s off
f 970/1064/2380 969/1005/2381 972/1057/2382 971/1028/2383
s 20
f 971/1028/2384 972/1057/2385 973/1007/2386 974/986/2387
s off
f 974/987/2388 973/1007/2389 976/1059/2390 975/988/2391
s 21
f 975/989/2392 976/1059/2393 977/1009/2394 978/990/2395
s off
f 978/991/2396 977/1009/2397 980/1061/2398 979/992/2399
s 22
f 979/993/2400 980/1061/2401 983/1011/2402 984/994/2403
s off
f 982/995/2404 981/996/2405 984/997/2406 983/1011/2407
f 985/1073/2408 986/1077/2409 988/1088/2410 987/1043/2411
s 9
f 986/1077/2412 985/1073/2413 997/1053/2414 998/1086/2415
f 987/1043/2416 988/1088/2417 990/1079/2418 989/1074/2419
s off
f 989/1074/2420 990/1079/2421 992/1090/2422 991/1046/2423
s 9
f 991/1046/2424 992/1090/2425 994/1081/2426 993/1075/2427
s off
f 993/1075/2428 994/1081/2429 996/1092/2430 995/1050/2431
s 9
f 995/1050/2432 996/1092/2433 1000/1083/2434 999/1076/2435
s off
f 998/1086/2436 997/1053/2437 999/1076/2438 1000/1083/2439
s 26
f 1001/1110/2440 1002/999/2441 1009/998/2442 1010/1117/2443
s off
f 1002/999/2444 1001/1110/2445 1004/1119/2446 1003/1000/2447
s 27
f 1003/1000/2448 1004/1119/2449 1005/1116/2450 1006/1001/2451
s off
f 1006/1001/2452 1005/1116/2453 1008/1123/2454 1007/1002/2455
s 28
f 1007/1002/2456 1008/1123/2457 1015/1114/2458 1016/1004/2459
s off
f 1010//2460 1009//2461 1012//2462 1011//2463
s 29
f 1011//2464 1012//2465 1013//2466 1014//2467
s off
f 1014/1121/2468 1013/1003/2469 1016/1004/2470 1015/1114/2471
f 969/1005/2472 911/1056/2473 912/1006/2474 972/1057/2475
f 973/1007/2476 913/1058/2477 914/1008/2478 976/1059/2479
f 977/1009/2480 915/1060/2481 916/1010/2482 980/1061/2483
f 983/1011/2484 918/1062/2485 917/1012/2486 982/995/2487
s 6
f 872/1025/2349 956/1013/2488 874/1015/2489 858/1018/2153 857/900/2152 853/902/2148 852/1014/2147
f 874/1015/2489 958/1026/2490 960/1016/2360 876/1019/2363 768/1021/1995 767/1017/1994 859/904/2154 858/1018/2153
f 876/1019/2363 963/1020/2491 878/1022/2492 774/1024/2001 773/846/2000 769/848/1996 768/1021/1995
f 878/1022/2492 967/1027/2493 965/1023/2350 872/1025/2349 852/1014/2147 851/898/2146 775/849/2002 774/1024/2001
f 874/1015/2489 956/1013/2488 958/1026/2490
f 878/1022/2492 963/1020/2491 967/1027/2493
s 8
f 887/1063/2494 970/1064/2495 971/1028/2496 889/1031/2497 780/1034/2023 779/1029/2022 823/886/2116 822/1030/2115
f 889/1031/2497 974/1032/2498 975/1033/2499 891/1035/2500 786/1038/2029 785/852/2028 781/857/2024 780/1034/2023
f 891/1035/2500 978/1036/2501 979/1037/2502 893/1039/2503 816/1042/2109 815/872/2108 787/858/2030 786/1038/2029
f 893/1039/2503 984/1040/2504 981/1041/2505 887/1063/2494 822/1030/2115 821/874/2114 817/884/2110 816/1042/2109
s 10
f 896/1072/2506 985/1073/2507 987/1043/2508 898/1045/2509 834/1048/2127 833/878/2126 829/888/2122 828/1044/2121
f 898/1045/2509 989/1074/2510 991/1046/2511 900/1049/2512 792/1051/2035 791/1047/2034 835/890/2128 834/1048/2127
f 900/1049/2512 993/1075/2513 995/1050/2514 902/1052/2515 798/1054/2041 797/855/2040 793/860/2036 792/1051/2035
f 902/1052/2515 999/1076/2516 997/1053/2517 896/1072/2506 828/1044/2121 827/876/2120 799/861/2042 798/1054/2041
s 19
f 969/1005/2376 982/1055/2379 917/924/2198 911/1056/2197
s 20
f 973/1007/2386 972/1057/2385 912/1006/2203 913/1058/2205
s 21
f 977/1009/2394 976/1059/2393 914/1008/2210 915/1060/2212
s 22
f 983/1011/2402 980/1061/2401 916/1010/2217 918/1062/2219
s 8
f 887/1063/2494 981/1041/2505 970/1064/2495
f 889/1031/2497 971/1028/2496 974/1065/2498
f 891/1066/2500 975/1067/2499 978/1068/2501
f 893/1069/2503 979/1070/2502 984/1071/2504
s 10
f 896/1072/2506 997/1053/2517 985/1073/2507
f 898/1045/2509 987/1043/2508 989/1074/2510
f 900/1049/2512 991/1046/2511 993/1075/2513
f 902/1052/2515 995/1050/2514 999/1076/2516
s off
f 986/1077/2518 919/1085/2519 920/1078/2520 988/1088/2521
f 990/1079/2522 922/1087/2523 923/1080/2524 992/1090/2525
f 994/1081/2526 925/1089/2527 926/1082/2528 996/1092/2529
f 1000/1083/2530 930/1091/2531 927/1084/2532 998/1086/2533
s 9
f 927/1084/2226 919/1085/2225 986/1077/2412 998/1086/2415
f 920/1078/2232 922/1087/2235 990/1079/2418 988/1088/2417
f 923/1080/2240 925/1089/2243 994/1081/2426 992/1090/2425
f 926/1082/2248 930/1091/2251 1000/1083/2434 996/1092/2433
s off
f 955/1093/2534 931/1101/2535 932/1094/2536 957/1104/2537
f 959/1095/2538 934/1103/2539 935/1096/2540 961/1106/2541
f 962/1097/2542 937/1105/2543 938/1098/2544 964/1108/2545
f 968/1099/2546 942/1107/2547 939/1100/2548 966/1102/2549
s 6
f 939/1100/2258 931/1101/2257 955/1093/2348 966/1102/2351
f 932/1094/2264 934/1103/2267 959/1095/2354 957/1104/2353
f 935/1096/2272 937/1105/2275 962/1097/2362 961/1106/2361
f 938/1098/2280 942/1107/2283 968/1099/2370 964/1108/2369
s 30
f 1017/1141/2550 1018/1118/2551 1024/1111/2552 904/1143/2553
s off
f 1018/1118/2554 1017/1141/2555 1020/1139/2556 1019/1109/2557
s 30
f 1019/1109/2558 1020/1139/2559 906/1153/2560 1021/1120/2561
s off
f 1021/1120/2562 906/1153/2563 1023/1151/2564 1022/1115/2565
s 28
f 1022/1115/2566 1023/1151/2567 1029/1147/2568 1030/1124/2569
s off
f 904/1143/2570 1024/1111/2571 1026/1122/2572 1025/1135/2573
s 29
f 1025/1135/2574 1026/1122/2575 1027/1113/2576 1028/1145/2577
s off
f 1028/1145/2578 1027/1113/2579 1030/1124/2580 1029/1147/2581
f 1019/1109/2582 1004/1119/2583 1001/1110/2584 1018/1118/2585
f 1024/1111/2586 1010/1117/2587 1011/1112/2588 1026/1122/2589
f 1027/1113/2590 1014/1121/2591 1015/1114/2592 1030/1124/2593
f 1022/1115/2594 1008/1123/2595 1005/1116/2596 1021/1120/2597
s 26
f 1001/1110/2440 1010/1117/2443 1024/1111/2598 1018/1118/2599
s 27
f 1005/1116/2450 1004/1119/2449 1019/1109/2600 1021/1120/2601
s 29
f 1011/1112/2464 1014/1121/2467 1027/1113/2576 1026/1122/2575
s 28
f 1015/1114/2458 1008/1123/2457 1022/1115/2566 1030/1124/2569
s off
f 908/1137/2602 1025/1135/2603 1028/1145/2604
f 910/1149/2605 1029/1147/2606 1023/1151/2607
s 32
f 1035/1125/2608 1036/1138/2609 1040/1146/2610 1039/1128/2611
s off
f 1036/1138/2612 1035/1125/2613 1038/1130/2614 1037/1136/2615
f 1037/1136/2616 1038/1130/2617 1045/1126/2618 1046/1144/2619
s 32
f 1039/1128/2611 1040/1146/2610 1048/1148/2620 1047/1131/2621
s off
f 1041/1140/2622 1042/1134/2623 1053/1127/2624 1054/1154/2625
f 1042/1134/2626 1041/1140/2627 1044/1142/2628 1043/1129/2629
f 1043/1129/2630 1044/1142/2631 1046/1144/2632 1045/1126/2633
f 1047/1131/2634 1048/1148/2635 1050/1150/2636 1049/1132/2637
s 33
f 1049/1132/2638 1050/1150/2639 1052/1152/2640 1051/1133/2641
f 1051/1133/2641 1052/1152/2640 1054/1154/2642 1053/1127/2643
s 34
f 1038/1130/2644 1035/1125/2645 1039/1128/2646 1031/1204/2647 1032/1206/2648
f 1042/1134/2649 1043/1129/2650 1045/1126/2651 1038/1130/2644 1032/1206/2648 1033/1208/2652
f 1039/1128/2646 1047/1131/2653 1049/1132/2654 1051/1133/2655 1034/1167/2656 1031/1204/2647
f 1051/1133/2655 1053/1127/2657 1042/1134/2649 1033/1208/2652 1034/1167/2656
s off
f 904/1143/2658 1025/1135/2659 1036/1138/2660 1037/1136/2661
s 35
f 1025/1135/2662 908/1137/2663 1040/1146/2664 1036/1138/2665
s 30
f 906/1153/2560 1020/1139/2559 1044/1142/2666 1041/1140/2667
f 1020/1139/2559 1017/1141/2550 1046/1144/2668 1044/1142/2666
f 1017/1141/2550 904/1143/2553 1037/1136/2669 1046/1144/2668
s 35
f 908/1137/2663 1028/1145/2670 1048/1148/2671 1040/1146/2664
f 1028/1145/2670 1029/1147/2672 1050/1150/2673 1048/1148/2671
f 1029/1147/2672 910/1149/2674 1052/1152/2675 1050/1150/2673
f 910/1149/2674 1023/1151/2676 1054/1154/2677 1052/1152/2675
s off
f 1023/1151/2678 906/1153/2679 1041/1140/2680 1054/1154/2681
s 36
f 1066/1159/2682 1065/1191/2683 1114/1192/2684 1113/1194/2685 1120/1202/2686 1119/1201/2687 1070/1189/2688 1069/1158/2689
f 1069/1158/2690 1070/1189/2688 1119/1201/2687 1118/1196/2691 764/1193/2692 766/1190/2693
s off
f 1062/1156/2694 1061/1168/2695 1064/1214/2696 1066/1159/2697
s 37
f 1061/1168/2698 1062/1156/2699 1063/1186/2700
s 36
f 1064/1214/2701 1065/1191/2683 1066/1159/2682
s off
f 1071/1203/2702 1073/1227/2703 1121/1215/2704 1123/1205/2705 1032/1206/2706 1031/1204/2707
s 38
f 1085/1165/2708 1084/1160/2709 1100/1170/2710 1102/1211/2711 1064/1214/2712 1061/1168/2713
s 39
f 1073/1227/2714 1072/1174/2715 1075/1181/2716 1074/1228/2717
f 1074/1228/2717 1075/1181/2716 1076/1177/2718 1077/1162/2719
f 1077/1162/2719 1076/1177/2718 1079/1183/2720 1078/1242/2721
f 1078/1242/2721 1079/1183/2720 1080/1179/2722 1081/1163/2723
f 1081/1163/2723 1080/1179/2722 1083/1185/2724 1082/1245/2725
f 1082/1245/2725 1083/1185/2724 1084/1160/2726 1086/1161/2727
s 37
f 1077/1162/2728 1055/1241/2729 1074/1228/2730
f 1081/1163/2731 1057/1244/2732 1078/1242/2733
f 1082/1245/2734 1086/1161/2735 1059/1164/2736
s off
f 1071/1203/2737 1072/1174/2738 1073/1227/2739
f 1084/1160/2740 1085/1165/2741 1086/1161/2742
f 1087/1166/2743 1089/1175/2744 1072/1174/2745 1071/1203/2746 1031/1204/2747 1034/1167/2748
s 36
f 1102/1211/2749 1101/1169/2750 1060/1212/2751 1108/1259/2752 1152/1220/2753 1151/1261/2754 1112/1210/2755 1114/1192/2756 1065/1213/2683 1064/1214/2701
s 42
f 1089/1175/2757 1088/1229/2758 1090/1171/2759 1091/1176/2760
f 1091/1176/2760 1090/1171/2759 1092/1232/2761 1093/1182/2762
f 1093/1182/2762 1092/1232/2761 1094/1172/2763 1095/1178/2764
f 1095/1178/2764 1094/1172/2763 1096/1236/2765 1097/1184/2766
f 1097/1184/2766 1096/1236/2765 1098/1173/2767 1099/1180/2768
f 1099/1180/2768 1098/1173/2767 1101/1169/2769 1100/1170/2770
s 36
f 1092/1232/2771 1090/1171/2772 1056/1233/2773
f 1096/1236/2774 1094/1172/2775 1058/1237/2776
f 1101/1169/2750 1098/1173/2777 1060/1212/2751
s 38
f 1075/1181/2778 1072/1174/2779 1089/1175/2780 1091/1176/2781
f 1076/1177/2782 1093/1182/2783 1095/1178/2784 1079/1183/2785
f 1080/1179/2786 1097/1184/2787 1099/1180/2788 1083/1185/2789
f 1076/1177/2782 1075/1181/2778 1091/1176/2781 1093/1182/2783
f 1080/1179/2786 1079/1183/2785 1095/1178/2784 1097/1184/2787
f 1084/1160/2709 1083/1185/2789 1099/1180/2788 1100/1170/2710
s off
f 1087/1166/2790 1088/1229/2791 1089/1175/2792
f 1100/1170/2793 1101/1169/2794 1102/1211/2795
s 37
f 1111/1198/2796 1110/1197/2797 1063/1186/2700 1062/1156/2699 1067/1157/2798 1068/1187/2799 1115/1199/2800 1117/1195/2801
f 1116/1200/2802 1115/1199/2800 1068/1187/2799 1067/1157/2803 765/1155/2804 763/1188/2805
s off
f 1109/1209/2806 1111/1198/2807 1113/1194/2808 1112/1210/2809
s 5
f 1117/1195/1972 1116/1200/1979 1118/1196/1978 1120/1202/1973
s 37
f 1109/1209/2810 1110/1197/2811 1111/1198/2812
s 36
f 1112/1210/2755 1113/1194/2813 1114/1192/2756
s 37
f 1115/1199/2800 1116/1200/2802 1117/1195/2814
s 36
f 1118/1196/2691 1119/1201/2687 1120/1202/2815
s off
f 1123/1205/2816 1122/1221/2817 1127/1216/2818 1126/1207/2819 1033/1208/2820 1032/1206/2821
f 1126/1207/2822 1128/1230/2823 1088/1229/2824 1087/1166/2825 1034/1167/2826 1033/1208/2827
s 37
f 1148/1260/2828 1147/1217/2829 1107/1246/2830 1059/1164/2736 1086/1161/2735 1085/1165/2831 1061/1168/2698 1063/1186/2700 1110/1197/2811 1109/1209/2810
s 45
f 1151/1261/2832 1150/1219/2833 1149/1218/2834 1148/1260/2835 1109/1209/2836 1112/1210/2837
s 46
f 1122/1221/2838 1121/1215/2839 1125/1253/2840 1124/1222/2841
f 1124/1222/2841 1125/1253/2840 1131/1240/2842 1132/1247/2843
s 47
f 1128/1230/2844 1127/1216/2845 1130/1248/2846 1129/1231/2847
f 1129/1231/2847 1130/1248/2846 1135/1223/2848 1136/1254/2849
s 46
f 1132/1247/2843 1131/1240/2842 1134/1256/2850 1133/1224/2851
f 1133/1224/2851 1134/1256/2850 1139/1243/2852 1140/1249/2853
s 47
f 1136/1254/2849 1135/1223/2848 1138/1250/2854 1137/1235/2855
f 1137/1235/2855 1138/1250/2854 1143/1225/2856 1144/1257/2857
s 46
f 1140/1249/2853 1139/1243/2852 1142/1258/2858 1141/1226/2859
f 1141/1226/2859 1142/1258/2858 1147/1217/2860 1149/1218/2861
s 47
f 1144/1257/2857 1143/1225/2856 1146/1251/2862 1145/1239/2863
f 1145/1239/2863 1146/1251/2862 1150/1219/2864 1152/1220/2865
s 45
f 1130/1248/2866 1127/1216/2867 1122/1221/2868 1124/1222/2869
f 1135/1223/2870 1132/1247/2871 1133/1224/2872 1138/1250/2873
f 1143/1225/2874 1140/1249/2875 1141/1226/2876 1146/1251/2877
s 37
f 1125/1253/2878 1121/1215/2879 1073/1227/2880 1074/1228/2730 1055/1241/2729 1103/1252/2881
s 36
f 1090/1171/2772 1088/1229/2882 1128/1230/2883 1129/1231/2884 1104/1234/2885 1056/1233/2773
f 1092/1232/2771 1056/1233/2773 1104/1234/2885 1136/1254/2886 1137/1235/2887 1106/1238/2888 1058/1237/2776 1094/1172/2775
f 1096/1236/2774 1058/1237/2776 1106/1238/2888 1144/1257/2889 1145/1239/2890 1108/1259/2752 1060/1212/2751 1098/1173/2777
s 37
f 1131/1240/2891 1103/1252/2881 1055/1241/2729 1077/1162/2728 1078/1242/2733 1057/1244/2732 1105/1255/2892 1134/1256/2893
f 1139/1243/2894 1105/1255/2892 1057/1244/2732 1081/1163/2731 1082/1245/2734 1059/1164/2736 1107/1246/2830 1142/1258/2895
s 45
f 1124/1222/2869 1132/1247/2871 1135/1223/2870 1130/1248/2866
f 1133/1224/2872 1140/1249/2875 1143/1225/2874 1138/1250/2873
f 1141/1226/2876 1149/1218/2834 1150/1219/2833 1146/1251/2877
s 37
f 1103/1252/2881 1131/1240/2891 1125/1253/2878
s 36
f 1136/1254/2886 1104/1234/2885 1129/1231/2884
s 37
f 1105/1255/2892 1139/1243/2894 1134/1256/2893
s 36
f 1144/1257/2889 1106/1238/2888 1137/1235/2887
s 37
f 1107/1246/2830 1147/1217/2829 1142/1258/2895
s 36
f 1145/1239/2890 1152/1220/2753 1108/1259/2752
s off
f 1121/1215/2896 1122/1221/2897 1123/1205/2898
f 1126/1207/2899 1127/1216/2900 1128/1230/2901
f 1147/1217/2902 1148/1260/2903 1149/1218/2904
f 1150/1219/2905 1151/1261/2906 1152/1220/2907
