# This file uses centimeters as units for non-parametric coordinates.

mtllib Shotgun.mtl
g default
v 2.874212 7.839337 0.281005
v 6.940052 7.839337 0.281005
v 2.874212 7.839337 -0.281005
v 6.940052 7.839337 -0.281005
v 2.874212 7.125513 0.140516
v 2.874212 7.266001 0.281005
v 6.940052 7.125513 0.140516
v 6.940052 7.266001 0.281005
v 2.874212 7.125513 -0.140516
v 2.874212 7.266001 -0.281005
v 6.940052 7.125513 -0.140516
v 6.940052 7.266001 -0.281005
vt 0.375000 0.500000
vt 0.125000 0.049203
vt 0.187494 -0.000000
vt 0.125000 0.250000
vt 0.687494 -0.000000
vt 0.812506 -0.000000
vt 0.875000 0.049203
vt 0.875000 0.250000
vt 0.625000 0.250000
vt 0.375000 0.049203
vt 0.375000 0.250000
vt 0.375000 0.812494
vt 0.625000 0.937506
vt 0.375000 0.937506
vt 0.625000 0.500000
vt 0.625000 0.700797
vt 0.312506 -0.000000
vt 0.625000 0.049203
vt 0.375000 0.700797
vt 0.625000 0.812494
vn 0.000000 0.000000 1.000000
vn 0.000000 0.000000 1.000000
vn 0.000000 0.000000 1.000000
vn 0.000000 0.000000 1.000000
vn 0.000000 1.000000 0.000000
vn 0.000000 1.000000 0.000000
vn 0.000000 1.000000 0.000000
vn 0.000000 1.000000 0.000000
vn 0.000000 0.000000 -1.000000
vn 0.000000 0.000000 -1.000000
vn 0.000000 0.000000 -1.000000
vn 0.000000 0.000000 -1.000000
vn 0.000000 -1.000000 0.000000
vn 0.000000 -1.000000 0.000000
vn 0.000000 -1.000000 0.000000
vn 0.000000 -1.000000 0.000000
vn 1.000000 0.000000 0.000000
vn 1.000000 0.000000 0.000000
vn 1.000000 0.000000 0.000000
vn 1.000000 0.000000 0.000000
vn 1.000000 0.000000 0.000000
vn 1.000000 0.000000 0.000000
vn -1.000000 0.000001 0.000000
vn -1.000000 0.000001 0.000000
vn -1.000000 0.000001 0.000000
vn -1.000000 0.000001 0.000000
vn -1.000000 0.000001 0.000000
vn -1.000000 0.000001 0.000000
vn 0.000000 -0.707107 0.707107
vn 0.000000 -0.707107 0.707107
vn 0.000000 -0.707107 0.707107
vn 0.000000 -0.707107 0.707107
vn 0.000000 -0.707107 -0.707107
vn 0.000000 -0.707107 -0.707107
vn 0.000000 -0.707107 -0.707107
vn 0.000000 -0.707107 -0.707107
s off
g Grip
usemtl standardSurface3SG
f 6/10/1 8/18/2 2/9/3 1/11/4
f 1/11/5 2/9/6 4/15/7 3/1/8
f 3/1/9 4/15/10 12/16/11 10/19/12
f 9/12/13 11/20/14 7/13/15 5/14/16
f 8/18/17 7/5/18 11/6/19 12/7/20 4/8/21 2/9/22
f 10/2/23 9/3/24 5/17/25 6/10/26 1/11/27 3/4/28
f 6/10/29 5/17/30 7/5/31 8/18/32
f 9/12/33 10/19/34 12/16/35 11/20/36
g default
v -0.299716 7.206861 0.179864
v -0.049350 7.265679 0.178659
v -0.070139 7.409739 0.327621
v 2.896456 7.114972 0.181070
v 2.892399 7.261923 0.327621
v 0.257528 8.055170 0.327621
v 0.333409 8.191538 0.171566
v 2.867524 8.163034 0.181070
v 2.871571 8.016428 0.327621
v 0.333409 8.191538 -0.171566
v 0.257528 8.055170 -0.327621
v 2.871571 8.016428 -0.327621
v 2.867524 8.163034 -0.181070
v -0.070139 7.409739 -0.327621
v -0.050392 7.265732 -0.179864
v -0.299716 7.206861 -0.179864
v 2.896456 7.114972 -0.181070
v 2.892399 7.261923 -0.327621
v -0.205699 7.876529 -0.327621
v -0.381568 7.953231 -0.181070
v -0.381568 7.953231 0.181070
v -0.205699 7.876529 0.327621
v 0.136174 8.045032 0.327621
v 0.102035 8.191591 0.181070
v 0.102035 8.191591 -0.181070
v 0.136174 8.045032 -0.327621
v -0.697763 7.178081 0.099714
v -0.641362 7.182159 0.179864
v -0.715597 7.257171 0.180031
v -1.239085 6.963844 0.080048
v -1.274228 7.035863 0.160053
v -0.715597 7.257171 -0.180031
v -0.641362 7.182159 -0.179864
v -0.697763 7.178081 -0.099714
v -1.274228 7.035863 -0.160053
v -1.239085 6.963844 -0.080048
v -0.808624 7.669729 0.180902
v -0.775191 7.773024 0.181070
v -0.826608 7.749485 0.101274
v -1.345124 7.414242 0.160861
v -1.359131 7.496227 0.081152
v -0.826608 7.749485 -0.101274
v -0.775191 7.773024 -0.181070
v -0.808624 7.669729 -0.180902
v -1.359131 7.496227 -0.081152
v -1.345124 7.414242 -0.160861
v -1.513741 6.802508 0.079987
v -1.542073 6.878552 0.160012
v -1.542073 6.878552 -0.160012
v -1.513741 6.802508 -0.079987
v -1.673885 7.449052 0.160892
v -1.651996 7.527222 0.080988
v -1.651996 7.527222 -0.080988
v -1.673885 7.449052 -0.160892
v -1.612087 6.784393 0.079987
v -1.634318 6.861561 0.160012
v -1.634318 6.861561 -0.160012
v -1.612087 6.784393 -0.079987
v -1.824999 7.520328 0.160933
v -1.810950 7.602173 0.081009
v -1.810950 7.602173 -0.081009
v -1.824999 7.520328 -0.160933
v -4.485216 5.640719 0.079961
v -4.499340 5.721142 0.159960
v -4.499340 5.721142 -0.159960
v -4.485216 5.640719 -0.079961
v -4.872193 7.212768 0.160974
v -4.900168 7.290350 0.081030
v -4.900168 7.290350 -0.081029
v -4.872193 7.212768 -0.160974
v -4.688356 5.727021 0.159963
v -4.671736 5.646521 0.079962
v -4.606181 5.724486 -0.159963
v -4.671736 5.646521 -0.079940
v -4.997603 7.224895 0.081027
v -4.980129 7.140256 0.160969
v -4.997603 7.224895 -0.081046
v -4.908409 7.188458 -0.160969
v 2.443958 7.731880 0.327621
v 1.698637 7.739586 0.327621
v 2.438718 7.954867 0.327621
v 1.708059 7.967195 0.327621
v 2.443958 7.731880 0.249501
v 1.698637 7.739595 0.277140
v 2.438718 7.954866 0.277115
v 1.708059 7.967195 0.249501
v 2.442884 7.786308 0.315113
v 2.443958 7.732130 0.277769
v 1.700541 7.793336 0.315113
v 2.439801 7.901134 0.315113
v 1.706177 7.912458 0.315113
v 1.708059 7.966814 0.278079
v 1.799169 7.738849 0.277203
v 1.800775 7.792633 0.315113
v 1.805540 7.911326 0.315113
v 1.807125 7.965620 0.277982
vt 0.680915 0.000000
vt 0.819085 0.000000
vt 0.875000 0.035053
vt 0.875000 0.215029
vt 0.819085 0.250000
vt 0.680915 0.250000
vt 0.375000 0.000000
vt 0.385470 0.943165
vt 0.375000 0.940969
vt 0.375000 0.805601
vt 0.385470 0.000000
vt 0.625000 0.035053
vt 0.375000 0.309541
vt 0.625000 0.305915
vt 0.184541 0.250000
vt 0.125000 0.250000
vt 0.375000 0.537086
vt 0.625000 0.534971
vt 0.125000 0.000000
vt 0.625000 0.805915
vt 0.125000 0.210150
vt 0.375000 0.068920
vt 0.625000 0.215029
vt 0.375000 0.212914
vt 0.625000 0.444085
vt 0.375000 0.440459
vt 0.625000 0.714947
vt 0.377489 0.712188
vt 0.385385 0.806375
vt 0.625000 0.944085
vt 0.319085 0.250000
vt 0.377489 0.037812
vt 0.375000 0.210150
vt 0.315459 0.250000
vt 0.180915 0.250000
vt 0.125000 0.212914
vt 0.125000 0.057857
vt 0.125000 0.068920
vt 0.375000 0.719117
vt 0.318625 0.000000
vt 0.319085 0.000000
vt 0.180915 0.000000
vt 0.181375 0.000000
vt 0.318689 0.000000
vt 0.211955 0.000000
vt 0.288640 0.000000
vt 0.180979 0.000000
vt 0.319061 0.000000
vt 0.180939 0.000000
vt 0.215693 0.000000
vt 0.284762 0.000000
vt 0.288045 0.000000
vt 0.284353 0.000000
vt 0.319021 0.000000
vt 0.319014 0.000000
vt 0.211360 0.000000
vt 0.215184 0.000000
vt 0.181311 0.000000
vt 0.181314 0.000000
vt 0.215647 0.000000
vt 0.284327 0.000000
vt 0.318686 0.000000
vt 0.319029 0.000000
vt 0.284816 0.000000
vt 0.215254 0.000000
vt 0.180986 0.000000
vt 0.181325 0.000000
vt 0.215673 0.000000
vt 0.284327 0.000000
vt 0.318675 0.000000
vt 0.319046 0.000000
vt 0.284746 0.000000
vt 0.215245 0.000000
vt 0.180971 0.000000
vt 0.181331 0.000000
vt 0.215673 0.000000
vt 0.284316 0.000000
vt 0.318669 0.000000
vt 0.319063 0.000000
vt 0.284755 0.000000
vt 0.215236 0.000000
vt 0.180954 0.000000
vt 0.181353 0.000000
vt 0.215684 0.000000
vt 0.284317 0.000000
vt 0.318647 0.000000
vt 0.318649 0.000000
vt 0.284764 0.000000
vt 0.215230 0.000000
vt 0.180937 0.000000
vt 0.181352 0.000000
vt 0.318625 0.000000
vt 0.181375 0.000000
vt 0.319085 0.000000
vt 0.180915 0.000000
vt 0.377489 0.037812
vt 0.625000 0.035053
vt 0.625000 0.215029
vt 0.375000 0.212914
vt 0.625000 0.215029
vt 0.377489 0.037812
vt 0.625000 0.035053
vt 0.625000 0.035053
vt 0.376986 0.073204
vt 0.625000 0.177840
vt 0.375000 0.212914
vt 0.375000 0.212914
vt 0.625000 0.071920
vt 0.375497 0.177941
vt 0.402240 0.037536
vt 0.401787 0.073076
vt 0.400447 0.177931
vt 0.400000 0.213126
vn 0.999619 0.027595 0.000000
vn 0.999619 0.027595 0.000000
vn 0.999619 0.027595 0.000000
vn 0.999619 0.027595 0.000000
vn 0.999619 0.027595 0.000000
vn 0.999619 0.027595 0.000000
vn 0.999619 0.027595 0.000000
vn 0.999619 0.027595 0.000000
vn -0.563446 -0.101791 0.819858
vn -0.563446 -0.101791 0.819858
vn -0.563446 -0.101791 0.819858
vn -0.563446 -0.101791 0.819858
vn 0.229251 -0.973367 -0.000405
vn 0.229251 -0.973367 -0.000405
vn 0.229251 -0.973367 -0.000405
vn 0.229251 -0.973367 -0.000405
vn -0.036339 -0.713569 0.699642
vn -0.036339 -0.713569 0.699642
vn -0.036339 -0.713569 0.699642
vn -0.036339 -0.713569 0.699642
vn -0.002490 0.730629 0.682770
vn -0.002490 0.730629 0.682770
vn -0.002490 0.730629 0.682770
vn -0.002490 0.730629 0.682770
vn 0.008265 0.729398 0.684039
vn 0.008265 0.729398 0.684039
vn 0.008265 0.729398 0.684039
vn 0.008265 0.729398 0.684039
vn -0.002490 0.730629 -0.682770
vn -0.002490 0.730629 -0.682770
vn -0.002490 0.730629 -0.682770
vn -0.002490 0.730629 -0.682770
vn 0.008265 0.729398 -0.684039
vn 0.008265 0.729398 -0.684039
vn 0.008265 0.729398 -0.684040
vn 0.008265 0.729398 -0.684040
vn -0.563446 -0.101791 -0.819858
vn -0.563446 -0.101791 -0.819858
vn -0.563446 -0.101791 -0.819858
vn -0.563446 -0.101791 -0.819858
vn -0.036124 -0.712138 -0.701110
vn -0.036124 -0.712137 -0.701110
vn -0.036124 -0.712138 -0.701110
vn -0.036124 -0.712137 -0.701110
vn -0.312612 0.634250 -0.707107
vn -0.312612 0.634250 -0.707107
vn -0.312612 0.634250 -0.707107
vn -0.312612 0.634250 -0.707107
vn -0.312612 0.634250 0.707107
vn -0.312612 0.634250 0.707107
vn -0.312612 0.634250 0.707107
vn -0.312612 0.634250 0.707107
vn 0.000000 0.000000 1.000000
vn 0.000000 0.000000 1.000000
vn 0.000000 0.000000 1.000000
vn 0.000000 0.000000 1.000000
vn 0.011247 0.999937 0.000000
vn 0.011247 0.999937 0.000000
vn 0.011247 0.999937 0.000000
vn 0.011247 0.999937 0.000000
vn 0.000000 0.000000 -1.000000
vn 0.000000 0.000000 -1.000000
vn 0.000000 0.000000 -1.000000
vn 0.000000 0.000000 -1.000000
vn -0.051093 -0.998694 -0.000000
vn -0.051093 -0.998694 -0.000000
vn -0.051093 -0.998694 -0.000000
vn -0.051093 -0.998694 -0.000000
vn -0.442100 0.896966 0.000000
vn -0.442100 0.896966 0.000000
vn -0.442100 0.896966 0.000000
vn -0.442100 0.896966 0.000000
vn -0.000000 0.000000 1.000000
vn -0.000000 0.000000 1.000000
vn -0.000000 0.000000 1.000000
vn -0.000000 0.000000 1.000000
vn 0.000231 1.000000 0.000000
vn 0.000231 1.000000 0.000000
vn 0.000231 1.000000 0.000000
vn 0.000231 1.000000 0.000000
vn -0.000000 0.000000 -1.000000
vn -0.000000 0.000000 -1.000000
vn -0.000000 0.000000 -1.000000
vn -0.000000 0.000000 -1.000000
vn 0.167097 -0.696972 0.697358
vn 0.167097 -0.696972 0.697359
vn 0.167097 -0.696972 0.697359
vn 0.164191 -0.695358 -0.699656
vn 0.164191 -0.695358 -0.699656
vn 0.164191 -0.695358 -0.699656
vn 0.072113 -0.997397 0.000000
vn 0.072113 -0.997397 0.000000
vn 0.072113 -0.997396 0.000000
vn 0.072113 -0.997397 0.000000
vn 0.072113 -0.997397 0.000000
vn 0.072113 -0.997397 0.000000
vn 0.000483 -0.001749 0.999998
vn 0.000483 -0.001749 0.999998
vn 0.000483 -0.001749 0.999998
vn 0.000483 -0.001749 0.999998
vn 0.000483 -0.001749 0.999998
vn 0.000483 -0.001749 0.999998
vn -0.416266 0.909243 0.000000
vn -0.416266 0.909243 0.000000
vn -0.416266 0.909243 0.000000
vn -0.416266 0.909243 0.000000
vn -0.416266 0.909243 0.000000
vn -0.416266 0.909243 0.000000
vn 0.000483 -0.001749 -0.999998
vn 0.000483 -0.001749 -0.999998
vn 0.000483 -0.001749 -0.999998
vn 0.000483 -0.001749 -0.999998
vn 0.000483 -0.001749 -0.999998
vn 0.000483 -0.001749 -0.999998
vn 0.238324 -0.666200 0.706668
vn 0.238324 -0.666200 0.706668
vn 0.238324 -0.666200 0.706668
vn 0.238324 -0.666200 0.706668
vn 0.358262 -0.610170 0.706641
vn 0.358262 -0.610170 0.706640
vn 0.358262 -0.610170 0.706640
vn 0.358262 -0.610170 0.706641
vn 0.238324 -0.666200 -0.706668
vn 0.238324 -0.666200 -0.706668
vn 0.238324 -0.666200 -0.706668
vn 0.238324 -0.666200 -0.706668
vn 0.358262 -0.610170 -0.706640
vn 0.358262 -0.610170 -0.706641
vn 0.358262 -0.610170 -0.706641
vn 0.358262 -0.610170 -0.706641
vn -0.326233 0.629867 0.704868
vn -0.326233 0.629867 0.704868
vn -0.326233 0.629867 0.704868
vn -0.326233 0.629867 0.704868
vn 0.074175 0.702125 0.708180
vn 0.074175 0.702125 0.708180
vn 0.074175 0.702125 0.708180
vn 0.074175 0.702125 0.708180
vn -0.326233 0.629867 -0.704868
vn -0.326233 0.629867 -0.704868
vn -0.326233 0.629867 -0.704868
vn -0.326233 0.629867 -0.704868
vn 0.074175 0.702125 -0.708180
vn 0.074175 0.702125 -0.708180
vn 0.074175 0.702125 -0.708180
vn 0.074175 0.702125 -0.708180
vn 0.128176 -0.695873 0.706634
vn 0.128176 -0.695873 0.706634
vn 0.128176 -0.695873 0.706634
vn 0.128176 -0.695873 0.706634
vn 0.128175 -0.695875 -0.706632
vn 0.128175 -0.695875 -0.706632
vn 0.128175 -0.695875 -0.706632
vn 0.128175 -0.695875 -0.706633
vn 0.301517 0.639053 0.707601
vn 0.301517 0.639053 0.707601
vn 0.301517 0.639053 0.707601
vn 0.301517 0.639053 0.707601
vn 0.301518 0.639052 -0.707601
vn 0.301518 0.639052 -0.707601
vn 0.301518 0.639052 -0.707601
vn 0.301518 0.639052 -0.707601
vn 0.261634 -0.657306 0.706751
vn 0.261634 -0.657306 0.706751
vn 0.261634 -0.657306 0.706751
vn 0.261634 -0.657306 0.706751
vn 0.261634 -0.657306 -0.706751
vn 0.261634 -0.657306 -0.706751
vn 0.261634 -0.657306 -0.706751
vn 0.261634 -0.657306 -0.706751
vn -0.070971 0.703201 0.707440
vn -0.070971 0.703202 0.707440
vn -0.070971 0.703201 0.707440
vn -0.070971 0.703201 0.707440
vn -0.070971 0.703201 -0.707440
vn -0.070971 0.703201 -0.707440
vn -0.070971 0.703201 -0.707440
vn -0.070971 0.703201 -0.707440
vn -0.021984 -0.707010 0.706862
vn -0.021984 -0.707010 0.706862
vn -0.021984 -0.707010 0.706862
vn -0.021984 -0.707009 0.706862
vn -0.022086 -0.706994 -0.706874
vn -0.022086 -0.706994 -0.706874
vn -0.022086 -0.706994 -0.706874
vn -0.022086 -0.706994 -0.706874
vn -0.394193 0.586737 0.707356
vn -0.394193 0.586737 0.707356
vn -0.394193 0.586736 0.707356
vn -0.394193 0.586736 0.707356
vn -0.394075 0.586821 -0.707351
vn -0.394075 0.586821 -0.707352
vn -0.394075 0.586821 -0.707351
vn -0.394075 0.586821 -0.707352
vn -0.692384 -0.143434 -0.707129
vn -0.692384 -0.143434 -0.707129
vn -0.692384 -0.143434 -0.707129
vn -0.692384 -0.143434 -0.707129
vn -0.979346 -0.202193 -0.000000
vn -0.979346 -0.202193 -0.000000
vn -0.979346 -0.202193 -0.000000
vn -0.979346 -0.202193 -0.000000
vn -0.979346 -0.202193 -0.000000
vn -0.979346 -0.202193 -0.000000
vn 0.367995 -0.929828 0.000000
vn 0.367995 -0.929828 0.000000
vn 0.367995 -0.929828 0.000000
vn 0.367995 -0.929828 0.000000
vn -0.032652 -0.008888 0.999427
vn -0.032652 -0.008888 0.999427
vn -0.032652 -0.008888 0.999427
vn -0.032652 -0.008888 0.999427
vn -0.429485 0.903074 0.000000
vn -0.429485 0.903074 0.000000
vn -0.429485 0.903074 0.000000
vn -0.429485 0.903074 0.000000
vn -0.032652 -0.008888 -0.999427
vn -0.032652 -0.008888 -0.999427
vn -0.032652 -0.008888 -0.999427
vn -0.032652 -0.008888 -0.999427
vn 0.506493 -0.862244 0.000000
vn 0.506493 -0.862244 0.000000
vn 0.506493 -0.862244 0.000000
vn 0.506493 -0.862244 0.000000
vn 0.000334 -0.001707 0.999999
vn 0.000334 -0.001707 0.999998
vn 0.000334 -0.001707 0.999999
vn 0.000334 -0.001707 0.999999
vn 0.105247 0.994446 0.000000
vn 0.105247 0.994446 0.000000
vn 0.105247 0.994446 0.000000
vn 0.105247 0.994446 0.000000
vn 0.000334 -0.001706 -0.999998
vn 0.000334 -0.001706 -0.999999
vn 0.000334 -0.001706 -0.999999
vn 0.000334 -0.001706 -0.999999
vn 0.181151 -0.983455 0.000000
vn 0.181151 -0.983455 0.000000
vn 0.181151 -0.983455 0.000000
vn 0.181151 -0.983455 0.000000
vn -0.000167 -0.001509 0.999999
vn -0.000167 -0.001509 0.999999
vn -0.000167 -0.001509 0.999999
vn -0.000167 -0.001509 0.999999
vn 0.426489 0.904493 0.000000
vn 0.426489 0.904493 0.000000
vn 0.426489 0.904493 0.000000
vn 0.426489 0.904493 0.000000
vn -0.000166 -0.001508 -0.999999
vn -0.000166 -0.001508 -0.999999
vn -0.000166 -0.001508 -0.999999
vn -0.000166 -0.001508 -0.999999
vn 0.369835 -0.929097 0.000000
vn 0.369835 -0.929097 0.000000
vn 0.369835 -0.929097 0.000000
vn 0.369835 -0.929097 0.000000
vn 0.000205 -0.000846 1.000000
vn 0.000205 -0.000846 1.000000
vn 0.000205 -0.000846 1.000000
vn 0.000205 -0.000846 1.000000
vn -0.100429 0.994944 0.000000
vn -0.100429 0.994944 0.000000
vn -0.100429 0.994944 0.000000
vn -0.100429 0.994944 0.000000
vn 0.000205 -0.000846 -1.000000
vn 0.000205 -0.000846 -1.000000
vn 0.000205 -0.000846 -1.000000
vn 0.000205 -0.000846 -1.000000
vn -0.031095 -0.999516 0.000000
vn -0.031095 -0.999516 0.000000
vn -0.031095 -0.999516 0.000000
vn -0.031095 -0.999516 0.000000
vn 0.000140 -0.000663 1.000000
vn 0.000140 -0.000663 1.000000
vn 0.000140 -0.000663 1.000000
vn 0.000140 -0.000663 1.000000
vn -0.557636 0.830086 0.000000
vn -0.557636 0.830086 0.000000
vn -0.557636 0.830086 0.000000
vn -0.557636 0.830086 0.000000
vn 0.000081 -0.000665 -1.000000
vn 0.000081 -0.000665 -1.000000
vn 0.000081 -0.000665 -1.000000
vn 0.000081 -0.000665 -1.000000
vn -0.626050 -0.620613 0.472125
vn -0.626050 -0.620613 0.472125
vn -0.626050 -0.620613 0.472125
vn -0.626049 -0.620613 -0.472125
vn -0.626049 -0.620613 -0.472125
vn -0.626049 -0.620613 -0.472125
vn -0.843432 0.272230 0.463155
vn -0.843432 0.272230 0.463155
vn -0.843432 0.272230 0.463155
vn -0.843432 0.272230 -0.463156
vn -0.843432 0.272230 -0.463155
vn -0.843432 0.272231 -0.463156
vn -0.000000 0.000000 1.000000
vn -0.000000 0.000000 1.000000
vn -0.000000 0.000000 1.000000
vn -0.000000 0.000000 1.000000
vn 0.000000 0.000000 1.000000
vn 0.000000 0.000000 1.000000
vn 0.000000 0.000000 1.000000
vn 0.000000 0.000000 1.000000
vn 0.000000 0.000000 1.000000
vn 0.000000 0.000000 1.000000
vn 0.000000 0.000000 1.000000
vn 0.000000 0.000000 1.000000
vn 0.000000 0.000000 1.000000
vn 0.000000 0.000000 1.000000
vn 0.000000 0.000000 1.000000
vn 0.000000 0.000000 1.000000
vn 0.010346 0.999947 0.000074
vn 0.010346 0.999947 0.000074
vn 0.010346 0.999946 0.000074
vn 0.010346 0.999946 0.000074
vn -0.999724 -0.023491 0.000000
vn -0.999724 -0.023491 0.000000
vn -0.999724 -0.023491 0.000000
vn -0.999724 -0.023491 0.000000
vn -0.016870 -0.999858 0.000008
vn -0.016870 -0.999858 0.000008
vn -0.016870 -0.999858 0.000008
vn -0.016870 -0.999858 0.000008
vn 0.999144 -0.041363 -0.000003
vn 0.999144 -0.041363 -0.000003
vn 0.999144 -0.041364 -0.000003
vn 0.999144 -0.041363 -0.000003
vn -0.010029 -0.999787 0.018062
vn -0.010029 -0.999787 0.018062
vn -0.010029 -0.999787 0.018062
vn -0.010029 -0.999787 0.018062
vn 0.999705 0.024274 -0.000249
vn 0.999705 0.024274 -0.000249
vn 0.999705 0.024274 -0.000249
vn 0.999705 0.024274 -0.000249
vn 0.999705 0.024274 -0.000249
vn 0.016348 0.999865 -0.001561
vn 0.016348 0.999865 -0.001561
vn 0.016348 0.999865 -0.001561
vn 0.016348 0.999865 -0.001561
vn -0.999085 0.042768 0.000622
vn -0.999085 0.042768 0.000622
vn -0.999085 0.042768 0.000622
vn -0.999085 0.042768 0.000622
vn -0.999085 0.042768 0.000622
vn -0.004418 -0.576496 0.817088
vn -0.004418 -0.576496 0.817088
vn -0.004418 -0.576496 0.817088
vn -0.004418 -0.576496 0.817088
vn 0.007012 0.563610 0.826011
vn 0.007012 0.563610 0.826011
vn 0.007012 0.563610 0.826011
vn 0.007012 0.563610 0.826011
vn -0.006157 -0.571799 0.820370
vn -0.006157 -0.571799 0.820370
vn -0.006157 -0.571800 0.820370
vn -0.006157 -0.571799 0.820370
vn 0.000000 0.000000 1.000000
vn 0.000000 0.000000 1.000000
vn 0.000000 0.000000 1.000000
vn 0.000000 0.000000 1.000000
vn 0.010009 0.570902 0.820957
vn 0.010009 0.570902 0.820957
vn 0.010009 0.570902 0.820957
vn 0.010009 0.570902 0.820957
s off
g MainBody
usemtl standardSurface2SG
f 17/32/37 16/21/38 29/22/39 30/23/40 24/24/41 25/25/42 20/26/43 21/43/44
f 13/60/45 15/27/46 34/42/47 33/61/48
f 14/28/49 13/29/50 28/30/51 27/49/52
f 15/52/53 14/31/54 16/21/55 17/32/56
f 18/44/57 19/33/58 36/51/59 35/53/60
f 19/33/61 18/44/62 21/43/63 20/34/64
f 22/35/65 23/36/66 38/41/67 37/55/68
f 23/37/69 22/46/70 25/45/71 24/38/72
f 26/39/73 28/63/74 32/62/75 31/58/76
f 27/49/77 26/48/78 30/47/79 29/40/80
f 31/58/81 32/62/82 37/55/83 38/41/84
f 33/61/85 34/42/86 35/53/87 36/51/88
usemtl standardSurface5SG
f 101/124/89 106/131/90 107/132/91 103/129/92
usemtl standardSurface2SG
f 19/33/93 20/34/94 25/45/95 22/46/96
f 23/37/97 24/38/98 30/47/99 26/48/100
f 27/49/101 29/40/102 16/50/103 14/28/104
f 32/62/105 33/61/106 36/51/107 37/55/108
f 15/52/109 18/44/110 35/53/111 34/42/112
f 19/54/113 22/35/114 37/55/115 36/51/116
f 23/56/117 26/57/118 31/58/119 38/41/120
f 13/60/121 14/31/122 15/52/123
f 26/48/124 27/49/125 28/59/126
usemtl standardSurface3SG
f 28/63/127 13/60/128 40/112/129 39/72/130 46/65/131 45/113/132
f 13/60/133 33/61/134 50/114/135 49/74/136 41/64/137 40/112/138
f 33/61/139 32/62/140 55/115/141 54/76/142 51/66/143 50/114/144
f 32/62/145 28/63/146 45/113/147 44/78/148 56/67/149 55/115/150
f 39/72/151 41/64/152 43/82/153 42/73/154
f 42/73/155 43/82/156 60/90/157 59/81/158
f 44/78/159 46/65/160 48/80/161 47/79/162
f 47/79/163 48/80/164 62/88/165 61/87/166
f 49/74/167 51/66/168 53/84/169 52/75/170
f 52/75/171 53/84/172 64/92/173 63/83/174
f 54/76/175 56/67/176 58/86/177 57/77/178
f 57/77/179 58/86/180 66/94/181 65/85/182
f 59/81/183 60/90/184 68/98/185 67/89/186
f 61/87/187 62/88/188 70/96/189 69/95/190
f 63/83/191 64/92/192 72/100/193 71/91/194
f 65/85/195 66/94/196 74/102/197 73/93/198
f 67/89/199 68/98/200 76/106/201 75/97/202
f 69/95/203 70/96/204 78/104/205 77/103/206
f 71/91/207 72/100/208 80/108/209 79/99/210
f 73/93/211 74/102/212 82/110/213 81/101/214
f 75/97/215 76/106/216 83/107/217 84/105/218
f 77/103/219 78/104/220 86/70/221 85/111/222
f 79/99/223 80/108/224 87/71/225 88/68/226
f 81/101/227 82/110/228 90/69/229 89/109/230
f 85/111/231 86/70/232 89/109/233 90/69/234
f 86/70/235 84/105/236 83/107/237 88/68/238 87/71/239 89/109/240
f 48/80/241 46/65/242 39/72/243 42/73/244
f 43/82/245 41/64/246 49/74/247 52/75/248
f 53/84/249 51/66/250 54/76/251 57/77/252
f 58/86/253 56/67/254 44/78/255 47/79/256
f 48/80/257 42/73/258 59/81/259 62/88/260
f 43/82/261 52/75/262 63/83/263 60/90/264
f 53/84/265 57/77/266 65/85/267 64/92/268
f 58/86/269 47/79/270 61/87/271 66/94/272
f 62/88/273 59/81/274 67/89/275 70/96/276
f 60/90/277 63/83/278 71/91/279 68/98/280
f 64/92/281 65/85/282 73/93/283 72/100/284
f 66/94/285 61/87/286 69/95/287 74/102/288
f 70/96/289 67/89/290 75/97/291 78/104/292
f 68/98/293 71/91/294 79/99/295 76/106/296
f 72/100/297 73/93/298 81/101/299 80/108/300
f 74/102/301 69/95/302 77/103/303 82/110/304
f 78/104/305 75/97/306 84/105/307 86/70/308
f 76/106/309 79/99/310 88/68/311 83/107/312
f 80/108/313 81/101/314 89/109/315 87/71/316
f 82/110/317 77/103/318 85/111/319 90/69/320
f 39/72/321 40/112/322 41/64/323
f 44/78/324 45/113/325 46/65/326
f 49/74/327 50/114/328 51/66/329
f 54/76/330 55/115/331 56/67/332
usemtl standardSurface2SG
f 15/52/333 17/32/334 91/117/335 92/116/336
f 17/32/337 21/43/338 93/118/339 91/117/340
f 21/43/341 18/44/342 94/119/343 93/118/344
f 18/44/345 15/52/346 92/116/347 94/119/348
f 92/116/349 91/117/350 95/122/351 96/121/352
f 91/117/353 93/118/354 97/120/355 95/122/356
f 93/118/357 94/119/358 98/126/359 97/120/360
f 94/119/361 92/116/362 96/121/363 98/126/364
f 96/121/365 95/122/366 100/123/367 105/130/368
f 95/122/369 97/120/370 102/125/371 99/128/372 100/123/373
f 97/120/374 98/126/375 104/127/376 108/133/377
f 98/126/378 96/121/379 101/124/380 103/129/381 104/127/382
usemtl standardSurface5SG
f 105/130/383 106/131/384 101/124/385 96/121/386
f 107/132/387 108/133/388 104/127/389 103/129/390
usemtl standardSurface4SG
f 100/123/391 99/128/392 106/131/393 105/130/394
f 107/132/395 106/131/396 99/128/397 102/125/398
f 102/125/399 97/120/400 108/133/401 107/132/402
g default
v -0.119405 6.682561 -0.109944
v 0.068930 6.664993 -0.109944
v -0.124590 6.626981 -0.109944
v 0.063745 6.609412 -0.109944
v 0.165681 6.628499 -0.109944
v 0.170866 6.684078 -0.109944
v 0.269664 6.669538 -0.109944
v 0.274849 6.725122 -0.109944
v 0.373883 6.713101 -0.109944
v 0.379067 6.768680 -0.109944
v 0.481297 6.790927 -0.109944
v 0.486482 6.846505 -0.109944
v 0.601036 6.905950 -0.109944
v 0.563572 6.922506 -0.109944
v 0.636755 7.038758 -0.109944
v 0.599292 7.055312 -0.109944
v 0.624572 7.211905 -0.109944
v 0.585311 7.197151 -0.109944
v 0.568005 7.332433 -0.109944
v 0.528744 7.317672 -0.109944
v 0.466042 8.003035 -0.109944
v 0.426781 7.988283 -0.109944
v -0.222814 6.647667 -0.109944
v -0.217630 6.703246 -0.109944
v -0.304405 6.718908 -0.109944
v -0.291665 6.772736 -0.109944
v -0.367937 6.846790 -0.109944
v -0.334673 6.880751 -0.109944
v -0.403829 6.943291 -0.109944
v -0.367879 6.977920 -0.109944
v -0.447562 7.022605 -0.109944
v -0.402815 7.033283 -0.109944
v -0.479867 7.110539 -0.109944
v -0.439400 7.130080 -0.109944
v -0.498764 7.233148 -0.109944
v -0.458297 7.252688 -0.109944
v -0.124590 6.626981 0.092195
v -0.123435 6.636367 0.109944
v 0.063943 6.618891 0.109944
v 0.063745 6.609412 0.092195
v 0.164697 6.637753 0.109944
v 0.165681 6.628499 0.092195
v 0.270571 6.679266 0.109944
v 0.269664 6.669538 0.091606
v 0.371655 6.721851 0.109944
v 0.373883 6.713101 0.092195
v 0.478055 6.798939 0.109944
v 0.481297 6.790927 0.092195
v 0.595499 6.911759 0.109944
v 0.601036 6.905950 0.092195
v 0.629840 7.039446 0.109944
v 0.636755 7.038758 0.092195
v 0.617965 7.208213 0.109944
v 0.624572 7.211905 0.092195
v 0.561602 7.328304 0.109944
v 0.568005 7.332433 0.092195
v 0.459392 8.000539 0.109944
v 0.466042 8.003035 0.092195
v -0.222814 6.647667 0.092195
v -0.220061 6.656717 0.109944
v -0.304405 6.718908 0.092195
v -0.299457 6.726046 0.109944
v -0.367937 6.846790 0.092195
v -0.362004 6.851944 0.109944
v -0.403829 6.943291 0.092195
v -0.397262 6.948322 0.109944
v -0.447562 7.022605 0.092195
v -0.441398 7.028366 0.109944
v -0.479867 7.110539 0.092195
v -0.473164 7.114833 0.109944
v -0.491909 7.236460 0.109944
v -0.498764 7.233148 0.092195
v -0.119405 6.682561 0.107210
v -0.119815 6.679852 0.109944
v 0.068930 6.664991 0.107210
v 0.069058 6.662233 0.109944
v -0.217630 6.703246 0.107210
v -0.218943 6.700728 0.109944
v 0.170866 6.684079 0.107210
v 0.171626 6.681440 0.109944
v 0.274849 6.725122 0.107210
v 0.275879 6.722589 0.109944
v 0.379067 6.768680 0.107210
v 0.380415 6.766279 0.109944
v 0.486482 6.846506 0.107210
v 0.488254 6.844413 0.109944
v 0.563573 6.922506 0.107210
v 0.566020 6.921080 0.109944
v 0.599292 7.055310 0.107210
v 0.602062 7.055081 0.109944
v 0.585311 7.197151 0.107210
v 0.587986 7.197886 0.109944
v 0.528744 7.317672 0.107210
v 0.531388 7.318477 0.109944
v 0.429397 7.989265 0.109944
v 0.426781 7.988283 0.107210
v -0.291665 6.772738 0.107210
v -0.293980 6.771162 0.109944
v -0.334673 6.880752 0.107210
v -0.337238 6.879804 0.109944
v -0.367879 6.977920 0.107210
v -0.370363 6.976733 0.109944
v -0.402815 7.033283 0.107210
v -0.405275 7.032058 0.109944
v -0.439401 7.130081 0.107210
v -0.442059 7.129382 0.109944
v -0.458297 7.252688 0.107210
v -0.460873 7.251444 0.109944
vt 0.625000 0.500000
vt 0.375000 0.750000
vt 0.875000 0.000000
vt 0.125000 0.250000
vt 0.125000 0.000000
vt 0.375000 0.000000
vt 0.354820 0.000000
vt 0.625000 0.000000
vt 0.625000 0.042347
vt 0.354820 0.000000
vt 0.625000 0.750000
vt 0.625000 0.979820
vt 0.375000 0.979820
vt 0.645180 0.000000
vt 0.875000 0.000000
vt 0.645181 0.000000
vt 0.875000 0.000000
vt 0.645850 0.000000
vt 0.875000 0.000000
vt 0.645180 0.000000
vt 0.875000 0.000000
vt 0.645181 0.000000
vt 0.875000 0.000000
vt 0.645180 0.000000
vt 0.875000 0.000000
vt 0.645180 0.000000
vt 0.875000 0.000000
vt 0.645180 0.000000
vt 0.875000 0.000000
vt 0.645181 0.000000
vt 0.645180 0.000000
vt 0.125000 0.000000
vt 0.354820 0.000000
vt 0.125000 0.000000
vt 0.354820 0.000000
vt 0.125000 0.000000
vt 0.354820 0.000000
vt 0.125000 0.000000
vt 0.354820 0.000000
vt 0.125000 0.000000
vt 0.354820 0.000000
vt 0.125000 0.000000
vt 0.354820 0.000000
vt 0.125000 0.000000
vt 0.319495 0.126552
vt 0.875000 0.000006
vt 0.875000 0.249993
vt 0.050955 0.037079
vt 0.046875 0.031250
vt 0.068182 0.045455
vt 0.088036 0.033971
vt 0.078126 0.031250
vt 0.113443 0.045377
vt 0.068182 0.045454
vt 0.113636 0.045455
vt 0.113636 0.045455
vt 0.113636 0.045455
vt 0.113636 0.045455
vt 0.113636 0.045455
vt 0.113636 0.045455
vt 0.113636 0.045454
vt 0.113636 0.045455
vt 0.113636 0.045454
vt 0.123104 0.047997
vt 0.068182 0.045455
vt 0.068182 0.045455
vt 0.068182 0.045455
vt 0.068182 0.045454
vt 0.108640 0.056517
vt 0.084926 0.037079
vt 0.375000 0.500000
vt 0.875000 0.250000
vt 0.123106 0.047999
vt 0.875000 0.250000
vt 0.123104 0.047998
vt 0.875000 0.250000
vt 0.123104 0.047998
vt 0.875000 0.250000
vt 0.123104 0.047998
vt 0.875000 0.250000
vt 0.123107 0.047999
vt 0.875000 0.250000
vt 0.123104 0.047998
vt 0.875000 0.250000
vt 0.123104 0.047998
vt 0.875000 0.250000
vt 0.123108 0.047999
vt 0.875000 0.250000
vt 0.047846 0.033970
vt 0.125000 0.250000
vt 0.068888 0.047998
vt 0.125000 0.250000
vt 0.068888 0.047998
vt 0.125000 0.250000
vt 0.068888 0.047998
vt 0.125000 0.250000
vt 0.068888 0.047998
vt 0.125000 0.250000
vt 0.068888 0.047998
vt 0.125000 0.250000
vt 0.068888 0.047998
vt 0.125000 0.250000
vt 0.087017 0.060084
vt 0.624096 0.042352
vt 0.198660 0.120090
vt 0.331698 0.119913
vt 0.625000 0.043223
vt 0.333409 0.119534
vt 0.625000 0.043759
vt 0.333549 0.119548
vt 0.625000 0.045315
vt 0.337951 0.118596
vt 0.625000 0.049999
vt 0.342547 0.117620
vt 0.624999 0.042348
vt 0.340919 0.117483
vt 0.624999 0.042349
vt 0.341741 0.117270
vt 0.624999 0.042803
vt 0.337944 0.118305
vt 0.624998 0.045139
vt 0.337439 0.118618
vt 0.337569 0.118367
vt 0.375367 0.042346
vt 0.201622 0.118818
vt 0.375000 0.042491
vt 0.206247 0.116926
vt 0.375000 0.044769
vt 0.201920 0.118690
vt 0.375000 0.042670
vt 0.200376 0.119484
vt 0.375000 0.044306
vt 0.202043 0.118932
vt 0.375000 0.046766
vt 0.201864 0.118668
vt 0.375000 0.042346
vt 0.374999 0.042350
vn 0.000000 0.000000 -1.000000
vn 0.000000 0.000000 -1.000000
vn 0.000000 0.000000 -1.000000
vn 0.000000 0.000000 -1.000000
vn 0.000000 0.000000 -1.000000
vn 0.000000 0.000000 -1.000000
vn 0.000000 0.000000 -1.000000
vn 0.000000 0.000000 -1.000000
vn 0.000000 0.000000 -1.000000
vn 0.000000 0.000000 -1.000000
vn 0.000000 0.000000 -1.000000
vn 0.000000 0.000000 -1.000000
vn 0.000000 0.000000 -1.000000
vn 0.000000 0.000000 -1.000000
vn 0.000000 0.000000 -1.000000
vn 0.000000 0.000000 -1.000000
vn 0.000000 0.000000 -1.000000
vn 0.000000 0.000000 -1.000000
vn 0.000000 0.000000 -1.000000
vn 0.000000 0.000000 -1.000000
vn 0.000000 0.000000 -1.000000
vn 0.000000 0.000000 -1.000000
vn 0.000000 0.000000 -1.000000
vn 0.000000 0.000000 -1.000000
vn 0.000000 0.000000 -1.000000
vn 0.000000 0.000000 -1.000000
vn 0.000000 0.000000 -1.000000
vn 0.000000 0.000000 -1.000000
vn 0.000000 0.000000 -1.000000
vn 0.000000 0.000000 -1.000000
vn 0.000000 0.000000 -1.000000
vn 0.000000 0.000000 -1.000000
vn 0.000000 0.000000 -1.000000
vn 0.000000 0.000000 -1.000000
vn 0.000000 0.000000 -1.000000
vn 0.000000 0.000000 -1.000000
vn 0.000000 0.000000 -1.000000
vn 0.000000 0.000000 -1.000000
vn 0.000000 0.000000 -1.000000
vn 0.000000 0.000000 -1.000000
vn 0.000000 0.000000 -1.000000
vn 0.000000 0.000000 -1.000000
vn 0.000000 0.000000 -1.000000
vn 0.000000 0.000000 -1.000000
vn 0.000000 0.000000 -1.000000
vn 0.000000 0.000000 -1.000000
vn 0.000000 0.000000 -1.000000
vn 0.000000 0.000000 -1.000000
vn 0.000000 0.000000 -1.000000
vn 0.000000 0.000000 -1.000000
vn 0.000000 0.000000 -1.000000
vn 0.000000 0.000000 -1.000000
vn 0.000000 0.000000 -1.000000
vn 0.000000 0.000000 -1.000000
vn 0.000000 0.000000 -1.000000
vn 0.000000 0.000000 -1.000000
vn 0.000000 0.000000 -1.000000
vn 0.000000 0.000000 -1.000000
vn 0.000000 0.000000 -1.000000
vn 0.000000 0.000000 -1.000000
vn 0.000000 0.000000 -1.000000
vn 0.000000 0.000000 -1.000000
vn 0.000000 0.000000 -1.000000
vn 0.000000 0.000000 -1.000000
vn 0.000000 0.000000 -1.000000
vn 0.000000 0.000000 -1.000000
vn 0.000000 0.000000 -1.000000
vn 0.000000 0.000000 -1.000000
vn -0.182018 -0.864289 0.468907
vn -0.182018 -0.864289 0.468907
vn -0.182018 -0.864289 0.468907
vn -0.182018 -0.864289 0.468906
vn -0.081969 -0.878778 0.470140
vn -0.081969 -0.878778 0.470140
vn -0.081969 -0.878778 0.470140
vn -0.081969 -0.878778 0.470140
vn 0.163085 -0.871061 0.463309
vn 0.163085 -0.871061 0.463309
vn 0.163085 -0.871061 0.463309
vn 0.163085 -0.871061 0.463309
vn 0.329791 -0.835230 0.440032
vn 0.329791 -0.835230 0.440032
vn 0.329791 -0.835230 0.440032
vn 0.329791 -0.835230 0.440032
vn 0.346872 -0.829638 0.437471
vn 0.346872 -0.829638 0.437471
vn 0.346872 -0.829638 0.437471
vn 0.346872 -0.829638 0.437471
vn 0.530428 -0.732098 0.427410
vn 0.530428 -0.732098 0.427410
vn 0.530428 -0.732098 0.427410
vn 0.530428 -0.732098 0.427410
vn 0.631247 -0.657125 0.411964
vn 0.631247 -0.657125 0.411964
vn 0.631247 -0.657125 0.411964
vn 0.631247 -0.657125 0.411964
vn 0.900810 -0.242274 0.360339
vn 0.900810 -0.242274 0.360339
vn 0.900810 -0.242274 0.360339
vn 0.900810 -0.242274 0.360339
vn 0.930635 0.065484 0.360043
vn 0.930635 0.065484 0.360043
vn 0.930635 0.065484 0.360043
vn 0.930635 0.065484 0.360043
vn 0.833014 0.390958 0.391459
vn 0.833014 0.390958 0.391459
vn 0.833014 0.390958 0.391459
vn 0.833014 0.390958 0.391459
vn 0.920567 0.139968 0.364644
vn 0.920567 0.139968 0.364644
vn 0.920567 0.139968 0.364644
vn 0.920567 0.139968 0.364644
vn -0.591526 -0.677439 0.437234
vn -0.591526 -0.677439 0.437234
vn -0.591526 -0.677439 0.437234
vn -0.591526 -0.677439 0.437234
vn -0.823166 -0.408951 0.393900
vn -0.823166 -0.408951 0.393900
vn -0.823166 -0.408951 0.393900
vn -0.823166 -0.408951 0.393900
vn -0.861997 -0.317979 0.394780
vn -0.861997 -0.317979 0.394780
vn -0.861997 -0.317979 0.394780
vn -0.861997 -0.317979 0.394780
vn -0.795299 -0.438525 0.418563
vn -0.795299 -0.438525 0.418563
vn -0.795299 -0.438525 0.418563
vn -0.795299 -0.438525 0.418563
vn -0.859828 -0.315882 0.401143
vn -0.859828 -0.315882 0.401143
vn -0.859828 -0.315882 0.401143
vn -0.859828 -0.315882 0.401143
vn -0.914423 -0.140931 0.379432
vn -0.914423 -0.140931 0.379432
vn -0.914423 -0.140931 0.379432
vn -0.914423 -0.140931 0.379432
vn -0.092883 -0.995677 0.000000
vn -0.092883 -0.995677 0.000000
vn -0.092883 -0.995677 0.000000
vn -0.092883 -0.995677 0.000000
vn 0.184042 -0.982918 0.000000
vn 0.184042 -0.982918 0.000000
vn 0.184042 -0.982918 0.000000
vn 0.184042 -0.982918 0.000000
vn 0.367117 -0.930175 0.000000
vn 0.367117 -0.930175 0.000000
vn 0.367117 -0.930175 0.000000
vn 0.367117 -0.930175 0.000000
vn 0.385658 -0.922642 0.000000
vn 0.385658 -0.922642 0.000000
vn 0.385658 -0.922642 0.000000
vn 0.385658 -0.922642 0.000000
vn 0.586726 -0.809785 0.000000
vn 0.586726 -0.809785 0.000000
vn 0.586726 -0.809785 0.000000
vn 0.586726 -0.809785 0.000000
vn 0.692760 -0.721168 0.000000
vn 0.692760 -0.721168 0.000000
vn 0.692760 -0.721168 0.000000
vn 0.692760 -0.721168 0.000000
vn 0.965684 -0.259721 0.000000
vn 0.965684 -0.259721 0.000000
vn 0.965684 -0.259721 0.000000
vn 0.965684 -0.259721 0.000000
vn 0.997534 0.070189 0.000000
vn 0.997534 0.070189 0.000000
vn 0.997534 0.070189 0.000000
vn 0.997534 0.070189 0.000000
vn 0.905259 0.424859 0.000000
vn 0.905259 0.424859 0.000000
vn 0.905259 0.424859 0.000000
vn 0.905259 0.424859 0.000000
vn 0.988637 0.150320 0.000000
vn 0.988637 0.150320 0.000000
vn 0.988637 0.150320 0.000000
vn 0.988637 0.150320 0.000000
vn -0.206075 -0.978536 0.000000
vn -0.206075 -0.978536 0.000000
vn -0.206075 -0.978536 0.000000
vn -0.206075 -0.978536 0.000000
vn -0.657720 -0.753263 0.000000
vn -0.657720 -0.753263 0.000000
vn -0.657720 -0.753263 0.000000
vn -0.657720 -0.753263 0.000000
vn -0.895569 -0.444922 0.000000
vn -0.895569 -0.444922 0.000000
vn -0.895569 -0.444922 0.000000
vn -0.895569 -0.444922 0.000000
vn -0.937269 -0.348607 0.000000
vn -0.937269 -0.348607 0.000000
vn -0.937269 -0.348607 0.000000
vn -0.937269 -0.348607 0.000000
vn -0.875700 -0.482855 0.000000
vn -0.875700 -0.482855 0.000000
vn -0.875700 -0.482855 0.000000
vn -0.875700 -0.482855 0.000000
vn -0.938661 -0.344842 0.000000
vn -0.938661 -0.344842 0.000000
vn -0.938661 -0.344842 0.000000
vn -0.938661 -0.344842 0.000000
vn -0.988331 -0.152323 0.000000
vn -0.988331 -0.152323 0.000000
vn -0.988331 -0.152323 0.000000
vn -0.988331 -0.152323 0.000000
vn -0.434821 0.900517 -0.000002
vn -0.434821 0.900517 -0.000002
vn -0.434821 0.900517 -0.000002
vn -0.434821 0.900517 -0.000002
vn -0.434821 0.900517 -0.000002
vn -0.434821 0.900517 -0.000002
vn -0.351734 0.936100 -0.000003
vn -0.351734 0.936100 -0.000003
vn -0.351734 0.936100 -0.000003
vn -0.351734 0.936100 -0.000003
vn -0.351734 0.936100 -0.000003
vn -0.351734 0.936100 -0.000003
vn 0.065679 0.704037 0.707120
vn 0.065679 0.704037 0.707120
vn 0.065679 0.704037 0.707120
vn 0.065679 0.704037 0.707120
vn 0.145713 0.691929 0.707109
vn 0.145713 0.691929 0.707109
vn 0.145713 0.691929 0.707109
vn 0.145713 0.691929 0.707109
vn -0.130166 0.695110 0.707021
vn -0.130166 0.695110 0.707021
vn -0.130166 0.695110 0.707021
vn -0.130166 0.695111 0.707021
vn 0.484000 0.515636 0.707011
vn 0.484000 0.515636 0.707011
vn 0.484000 0.515636 0.707011
vn 0.484000 0.515636 0.707011
vn -0.259629 0.657778 0.707051
vn -0.259629 0.657778 0.707051
vn -0.259629 0.657778 0.707051
vn -0.259629 0.657778 0.707051
vn -0.272677 0.652428 0.707096
vn -0.272677 0.652428 0.707096
vn -0.272677 0.652428 0.707096
vn -0.272677 0.652428 0.707096
vn -0.414877 0.572609 0.707103
vn -0.414877 0.572609 0.707103
vn -0.414877 0.572609 0.707103
vn -0.414877 0.572609 0.707103
vn -0.496455 0.503576 0.707067
vn -0.496455 0.503576 0.707067
vn -0.496455 0.503576 0.707067
vn -0.496455 0.503576 0.707067
vn -0.682852 0.183662 0.707093
vn -0.682852 0.183662 0.707093
vn -0.682852 0.183662 0.707093
vn -0.682852 0.183662 0.707093
vn -0.703710 -0.069364 0.707093
vn -0.703710 -0.069364 0.707093
vn -0.703710 -0.069364 0.707093
vn -0.703710 -0.069364 0.707093
vn -0.640086 -0.300422 0.707133
vn -0.640086 -0.300422 0.707133
vn -0.640086 -0.300422 0.707133
vn -0.640086 -0.300422 0.707133
vn -0.699066 -0.106289 0.707113
vn -0.699066 -0.106289 0.707113
vn -0.699066 -0.106289 0.707113
vn -0.699066 -0.106289 0.707113
vn 0.657004 0.261599 0.707045
vn 0.657004 0.261599 0.707045
vn 0.657004 0.261599 0.707045
vn 0.657004 0.261599 0.707045
vn 0.669149 0.228677 0.707069
vn 0.669149 0.228677 0.707069
vn 0.669149 0.228677 0.707069
vn 0.669149 0.228677 0.707069
vn 0.598023 0.377377 0.707075
vn 0.598023 0.377377 0.707075
vn 0.598023 0.377377 0.707075
vn 0.598023 0.377377 0.707075
vn 0.661449 0.249997 0.707098
vn 0.661449 0.249997 0.707098
vn 0.661449 0.249997 0.707098
vn 0.661449 0.249997 0.707098
vn 0.698829 0.107709 0.707132
vn 0.698829 0.107709 0.707132
vn 0.698829 0.107709 0.707132
vn 0.698829 0.107709 0.707132
vn 0.092885 0.995677 0.000004
vn 0.092885 0.995677 0.000004
vn 0.092885 0.995677 0.000004
vn 0.092885 0.995677 0.000004
vn -0.184047 0.982917 0.000002
vn -0.184047 0.982917 0.000002
vn -0.184047 0.982917 0.000002
vn -0.184047 0.982917 0.000002
vn -0.367149 0.930162 -0.000002
vn -0.367149 0.930162 -0.000002
vn -0.367149 0.930162 -0.000002
vn -0.367149 0.930162 -0.000002
vn -0.385618 0.922659 0.000000
vn -0.385618 0.922659 0.000000
vn -0.385618 0.922659 0.000000
vn -0.385618 0.922659 0.000000
vn -0.586722 0.809789 -0.000001
vn -0.586722 0.809789 -0.000001
vn -0.586722 0.809789 -0.000001
vn -0.586722 0.809789 -0.000001
vn -0.702054 0.712124 -0.000000
vn -0.702054 0.712124 -0.000000
vn -0.702054 0.712124 -0.000000
vn -0.702054 0.712124 -0.000000
vn -0.965681 0.259731 0.000002
vn -0.965681 0.259731 0.000002
vn -0.965681 0.259731 0.000002
vn -0.965681 0.259731 0.000002
vn -0.995177 -0.098094 0.000000
vn -0.995177 -0.098094 0.000000
vn -0.995177 -0.098094 0.000000
vn -0.995177 -0.098094 0.000000
vn -0.905249 -0.424880 0.000000
vn -0.905249 -0.424881 0.000000
vn -0.905249 -0.424881 0.000000
vn -0.905249 -0.424881 0.000000
vn -0.988638 -0.150317 0.000000
vn -0.988638 -0.150317 0.000000
vn -0.988638 -0.150317 0.000000
vn -0.988638 -0.150317 0.000000
vn 0.206063 0.978539 0.000000
vn 0.206063 0.978539 0.000000
vn 0.206063 0.978539 0.000000
vn 0.206063 0.978539 0.000000
vn 0.684381 0.729125 -0.000003
vn 0.684381 0.729125 -0.000003
vn 0.684381 0.729125 -0.000003
vn 0.684381 0.729125 -0.000003
vn 0.929062 0.369923 -0.000002
vn 0.929062 0.369923 -0.000002
vn 0.929062 0.369923 -0.000002
vn 0.929062 0.369923 -0.000002
vn 0.946270 0.323379 -0.000000
vn 0.946270 0.323379 -0.000000
vn 0.946270 0.323379 -0.000000
vn 0.946270 0.323379 -0.000000
vn 0.845694 0.533667 0.000000
vn 0.845694 0.533667 0.000000
vn 0.845694 0.533667 0.000000
vn 0.845694 0.533667 0.000000
vn 0.935417 0.353545 -0.000000
vn 0.935417 0.353545 -0.000000
vn 0.935417 0.353545 -0.000000
vn 0.935417 0.353545 -0.000000
vn 0.988330 0.152326 0.000000
vn 0.988330 0.152327 0.000000
vn 0.988330 0.152326 0.000000
vn 0.988330 0.152326 0.000000
vn 0.000000 0.000000 1.000000
vn 0.000000 0.000000 1.000000
vn 0.000000 0.000000 1.000000
vn 0.000000 0.000000 1.000000
vn 0.000000 0.000000 1.000000
vn 0.000000 0.000000 1.000000
vn 0.000000 0.000000 1.000000
vn 0.000000 0.000000 1.000000
vn 0.000000 0.000000 1.000000
vn 0.000000 0.000000 1.000000
vn 0.000000 0.000000 1.000000
vn 0.000000 0.000000 1.000000
vn 0.000000 0.000000 1.000000
vn 0.000000 0.000000 1.000000
vn 0.000000 0.000000 1.000000
vn 0.000000 0.000000 1.000000
vn 0.000000 0.000000 1.000000
vn 0.000000 0.000000 1.000000
vn 0.000000 0.000000 1.000000
vn 0.000000 0.000000 1.000000
vn 0.000000 0.000000 1.000000
vn 0.000000 0.000000 1.000000
vn 0.000000 0.000000 1.000000
vn 0.000000 0.000000 1.000000
vn 0.000000 0.000000 1.000000
vn 0.000000 0.000000 1.000000
vn 0.000000 0.000000 1.000000
vn 0.000000 0.000000 1.000000
vn 0.000000 0.000000 1.000000
vn 0.000000 0.000000 1.000000
vn 0.000000 0.000000 1.000000
vn 0.000000 0.000000 1.000000
vn 0.000000 0.000000 1.000000
vn 0.000000 0.000000 1.000000
vn 0.000000 0.000000 1.000000
vn 0.000000 0.000000 1.000000
vn 0.000000 0.000000 1.000000
vn 0.000000 0.000000 1.000000
vn 0.000000 0.000000 1.000000
vn 0.000000 0.000000 1.000000
vn 0.000000 0.000000 1.000000
vn 0.000000 0.000000 1.000000
vn 0.000000 0.000000 1.000000
vn 0.000000 0.000000 1.000000
vn 0.000000 0.000000 1.000000
vn 0.000000 0.000000 1.000000
vn 0.000000 0.000000 1.000000
vn 0.000000 0.000000 1.000000
vn 0.000000 0.000000 1.000000
vn 0.000000 0.000000 1.000000
vn 0.000000 0.000000 1.000000
vn 0.000000 0.000000 1.000000
vn 0.000000 0.000000 1.000000
vn 0.000000 0.000000 1.000000
vn 0.000000 0.000000 1.000000
vn 0.000000 0.000000 1.000000
vn 0.000000 0.000000 1.000000
vn 0.000000 0.000000 1.000000
vn 0.000000 0.000000 1.000000
vn 0.000000 0.000000 1.000000
vn 0.000000 0.000000 1.000000
vn 0.000000 0.000000 1.000000
vn 0.000000 0.000000 1.000000
vn 0.000000 0.000000 1.000000
vn 0.000000 0.000000 1.000000
vn 0.000000 0.000000 1.000000
vn 0.000000 0.000000 1.000000
vn 0.000000 0.000000 1.000000
s off
g TriggerGuard
usemtl standardSurface2SG
f 109/204/403 110/134/404 112/144/405 111/135/406
f 112/136/407 110/205/408 114/207/409 113/148/410
f 113/148/411 114/207/412 116/209/413 115/150/414
f 115/150/415 116/209/416 118/211/417 117/152/418
f 117/152/419 118/211/420 120/213/421 119/154/422
f 119/154/423 120/213/424 122/215/425 121/156/426
f 121/156/427 122/215/428 124/217/429 123/158/430
f 123/158/431 124/217/432 126/219/433 125/160/434
f 125/160/435 126/219/436 128/221/437 127/162/438
f 127/162/439 128/221/440 130/180/441 129/179/442
f 109/137/443 111/165/444 131/167/445 132/223/446
f 132/223/447 131/167/448 133/169/449 134/225/450
f 134/225/451 133/169/452 135/171/453 136/227/454
f 136/227/455 135/171/456 137/173/457 138/229/458
f 138/229/459 137/173/460 139/175/461 140/231/462
f 140/231/463 139/175/464 141/177/465 142/233/466
f 142/233/467 141/177/468 143/138/469 144/235/470
f 145/140/471 146/139/472 168/259/473 167/166/474
f 146/257/475 145/140/476 148/141/477 147/237/478
f 147/237/479 148/147/480 150/149/481 149/240/482
f 149/240/483 150/149/484 152/151/485 151/242/486
f 151/242/487 152/151/488 154/153/489 153/244/490
f 153/244/491 154/153/492 156/155/493 155/246/494
f 155/246/495 156/155/496 158/157/497 157/248/498
f 157/248/499 158/157/500 160/159/501 159/250/502
f 159/250/503 160/159/504 162/161/505 161/252/506
f 161/252/507 162/161/508 164/163/509 163/254/510
f 163/254/511 164/163/512 166/164/513 165/142/514
f 167/166/515 168/259/516 170/261/517 169/168/518
f 169/168/519 170/261/520 172/263/521 171/170/522
f 171/170/523 172/263/524 174/265/525 173/172/526
f 173/172/527 174/265/528 176/267/529 175/174/530
f 175/174/531 176/267/532 178/269/533 177/176/534
f 177/176/535 178/269/536 179/270/537 180/143/538
f 111/135/539 112/144/540 148/145/541 145/146/542
f 148/147/543 112/136/544 113/148/545 150/149/546
f 150/149/547 113/148/548 115/150/549 152/151/550
f 152/151/551 115/150/552 117/152/553 154/153/554
f 154/153/555 117/152/556 119/154/557 156/155/558
f 156/155/559 119/154/560 121/156/561 158/157/562
f 158/157/563 121/156/564 123/158/565 160/159/566
f 160/159/567 123/158/568 125/160/569 162/161/570
f 162/161/571 125/160/572 127/162/573 164/163/574
f 164/163/575 127/162/576 129/179/577 166/164/578
f 111/165/579 145/140/580 167/166/581 131/167/582
f 131/167/583 167/166/584 169/168/585 133/169/586
f 133/169/587 169/168/588 171/170/589 135/171/590
f 135/171/591 171/170/592 173/172/593 137/173/594
f 137/173/595 173/172/596 175/174/597 139/175/598
f 139/175/599 175/174/600 177/176/601 141/177/602
f 141/177/603 177/176/604 180/143/605 143/138/606
f 144/235/607 143/138/608 180/143/609 179/270/610 216/202/611 215/236/612
f 204/178/613 203/256/614 165/142/615 166/164/616 129/179/617 130/180/618
f 181/181/619 182/182/620 184/185/621 183/203/622
f 182/182/623 181/222/624 185/224/625 186/183/626
f 183/184/627 184/185/628 188/186/629 187/206/630
f 186/183/631 185/224/632 205/226/633 206/187/634
f 187/206/635 188/188/636 190/189/637 189/208/638
f 189/208/639 190/189/640 192/190/641 191/210/642
f 191/210/643 192/190/644 194/191/645 193/212/646
f 193/212/647 194/191/648 196/192/649 195/214/650
f 195/214/651 196/192/652 198/193/653 197/216/654
f 197/216/655 198/193/656 200/194/657 199/218/658
f 199/218/659 200/194/660 202/195/661 201/220/662
f 201/220/663 202/195/664 203/196/665 204/197/666
f 206/187/667 205/226/668 207/228/669 208/198/670
f 208/198/671 207/228/672 209/230/673 210/199/674
f 210/199/675 209/230/676 211/232/677 212/200/678
f 212/200/679 211/232/680 213/234/681 214/201/682
f 214/201/683 213/234/684 215/236/685 216/202/686
f 181/181/687 183/203/688 110/134/689 109/204/690
f 110/205/691 183/184/692 187/206/693 114/207/694
f 114/207/695 187/206/696 189/208/697 116/209/698
f 116/209/699 189/208/700 191/210/701 118/211/702
f 118/211/703 191/210/704 193/212/705 120/213/706
f 120/213/707 193/212/708 195/214/709 122/215/710
f 122/215/711 195/214/712 197/216/713 124/217/714
f 124/217/715 197/216/716 199/218/717 126/219/718
f 126/219/719 199/218/720 201/220/721 128/221/722
f 128/221/723 201/220/724 204/197/725 130/180/726
f 181/222/727 109/137/728 132/223/729 185/224/730
f 185/224/731 132/223/732 134/225/733 205/226/734
f 205/226/735 134/225/736 136/227/737 207/228/738
f 207/228/739 136/227/740 138/229/741 209/230/742
f 209/230/743 138/229/744 140/231/745 211/232/746
f 211/232/747 140/231/748 142/233/749 213/234/750
f 213/234/751 142/233/752 144/235/753 215/236/754
f 146/257/755 147/237/756 184/239/757 182/238/758
f 184/239/759 147/237/760 149/240/761 188/241/762
f 188/241/763 149/240/764 151/242/765 190/243/766
f 190/243/767 151/242/768 153/244/769 192/245/770
f 192/245/771 153/244/772 155/246/773 194/247/774
f 194/247/775 155/246/776 157/248/777 196/249/778
f 196/249/779 157/248/780 159/250/781 198/251/782
f 198/251/783 159/250/784 161/252/785 200/253/786
f 200/253/787 161/252/788 163/254/789 202/255/790
f 202/255/791 163/254/792 165/142/793 203/256/794
f 146/257/795 182/238/796 186/258/797 168/259/798
f 168/259/799 186/258/800 206/260/801 170/261/802
f 170/261/803 206/260/804 208/262/805 172/263/806
f 172/263/807 208/262/808 210/264/809 174/265/810
f 174/265/811 210/264/812 212/266/813 176/267/814
f 176/267/815 212/266/816 214/268/817 178/269/818
f 178/269/819 214/268/820 216/202/821 179/270/822
g default
v 9.282077 7.413388 -0.157626
v 9.282077 7.385106 -0.157621
v 9.282077 7.441669 -0.157621
v 9.282077 7.260177 -0.004415
v 9.282077 7.260177 0.023863
v 9.282077 7.260177 -0.032699
v 9.282077 7.575419 0.004410
v 9.282077 7.575419 -0.023871
v 9.282077 7.422208 0.157621
v 9.282077 7.450489 0.157613
v 9.282077 7.393927 0.157621
v 9.282077 7.413387 -0.143484
v 9.282077 7.427530 -0.115192
v 9.282077 7.399246 -0.115192
v 9.302068 7.427530 -0.115192
v 9.302068 7.399246 -0.115192
v 9.282077 7.274322 -0.004410
v 9.282077 7.302606 -0.018553
v 9.282077 7.302606 0.009727
v 9.302068 7.302606 0.009727
v 9.302068 7.302606 -0.018553
v 9.282077 7.561274 0.004410
v 9.282077 7.532989 0.018552
v 9.282077 7.532989 -0.009731
v 9.302068 7.532989 0.018552
v 9.302068 7.532989 -0.009731
v 9.282077 7.422208 0.143476
v 9.282077 7.408065 0.115186
v 9.282077 7.436349 0.115184
v 9.302068 7.408065 0.115186
v 9.302068 7.436349 0.115184
v 6.875742 7.436348 0.256613
v 6.875742 7.408067 0.256614
v 7.122073 7.422208 0.256612
v 6.875742 7.674412 -0.009730
v 6.875742 7.674412 0.018550
v 7.122073 7.674407 0.004406
v 7.152068 7.674407 0.004406
v 7.122073 7.436348 0.228329
v 7.122073 7.408067 0.228330
v 7.152068 7.422208 0.256612
v 7.152068 7.436348 0.228329
v 7.152068 7.408067 0.228330
v 6.875742 7.175323 -0.032693
v 6.875742 7.175323 0.023867
v 6.875742 7.441667 -0.242477
v 6.875742 7.385106 -0.242476
v 7.122073 7.400324 -0.242476
v 7.122073 7.426450 -0.242479
v 7.122073 7.426451 -0.229412
v 7.122073 7.400324 -0.229412
v 7.152068 7.400324 -0.242476
v 7.152068 7.400324 -0.229412
v 7.152068 7.426451 -0.229412
v 7.152068 7.426450 -0.242479
v 7.122073 7.175323 -0.017474
v 7.122073 7.188387 -0.017477
v 7.122073 7.188388 0.008653
v 7.122073 7.175324 0.008649
v 7.152068 7.175323 -0.017474
v 7.152068 7.175324 0.008649
v 7.152068 7.188388 0.008653
v 7.152068 7.188387 -0.017477
v 7.122073 7.646127 0.004407
v 7.122073 7.636129 -0.019732
v 7.122073 7.657811 -0.003891
v 7.152068 7.646127 0.004407
v 7.152068 7.657811 -0.003891
v 7.152068 7.636129 -0.019732
v 7.122073 7.657811 0.012707
v 7.122073 7.636129 0.028547
v 7.152068 7.636129 0.028547
v 7.152068 7.657811 0.012707
v 7.372074 7.419135 -0.215544
v 7.372074 7.435243 -0.157622
v 7.372074 7.446393 -0.161026
v 7.380198 7.441669 -0.157621
v 7.372074 7.575419 -0.017806
v 7.380198 7.575419 -0.023871
v 7.372074 7.580233 -0.030552
v 7.372074 7.633337 -0.001339
v 7.372074 7.666555 -0.001778
v 7.372074 7.674412 0.001326
v 7.372074 7.663725 -0.009733
v 7.363443 7.674412 -0.009730
v 7.372074 7.430608 -0.242477
v 7.363443 7.441667 -0.242477
v 7.372074 7.441667 -0.231386
v 7.372074 7.418488 -0.232277
v 7.372074 7.576402 0.034140
v 7.372074 7.575420 0.030833
v 7.372074 7.448677 0.157615
v 7.374501 7.450489 0.157613
v 7.372074 7.452490 0.159046
v 7.372074 7.423924 0.214580
v 7.372074 7.423924 0.254892
v 7.371643 7.671785 0.017201
v 7.372074 7.674412 0.012094
v 7.369275 7.674412 0.018550
v 7.372074 7.433043 0.256611
v 7.372074 7.436349 0.253420
v 7.369496 7.436348 0.256613
v 7.372074 7.630292 0.008440
v 7.372074 7.630992 0.011862
v 7.368692 7.672848 0.011608
v 7.369273 7.675679 0.007986
v 7.372074 7.260177 0.021566
v 7.375149 7.260177 0.023863
v 7.372074 7.258355 0.026392
v 7.372074 7.392122 0.158891
v 7.375149 7.393927 0.157621
v 7.372074 7.396332 0.157618
v 7.372074 7.203100 -0.002236
v 7.372074 7.179427 -0.002362
v 7.372074 7.407323 0.252084
v 7.372074 7.413084 0.256613
v 7.368684 7.408067 0.256614
v 7.372074 7.178398 0.022593
v 7.368998 7.175323 0.023867
v 7.372074 7.422666 0.213289
v 7.372074 7.418315 0.214267
v 7.372074 7.418057 0.255536
v 7.372074 7.422406 0.256137
v 7.372074 7.382924 -0.159070
v 7.372074 7.387880 -0.157621
v 7.375706 7.385106 -0.157621
v 7.372074 7.258681 -0.034834
v 7.375706 7.260177 -0.032699
v 7.372074 7.260177 -0.029865
v 7.372074 7.385106 -0.237701
v 7.368218 7.385106 -0.242476
v 7.372074 7.390047 -0.242477
v 7.368442 7.175323 -0.032693
v 7.372074 7.178954 -0.031190
v 7.372074 7.405045 -0.213274
v 7.372074 7.410232 -0.212390
v 7.372074 7.408727 -0.239774
v 7.372074 7.403587 -0.239774
v 7.372074 7.204664 -0.004003
v 7.372074 7.203591 -0.009169
v 7.372074 7.180041 -0.009920
v 7.372074 7.177375 -0.004851
v 7.371618 7.175323 -0.002718
v 9.282077 7.575420 0.030833
v 9.282077 7.574106 0.034004
v 9.282077 7.575420 0.030975
v 7.373108 7.575983 0.033521
v 7.374499 7.574106 0.034004
v 7.122073 7.435343 0.254187
v 7.119647 7.436348 0.256613
v 7.122073 7.674412 0.016834
v 7.119647 7.674412 0.018550
v 7.122073 7.674411 0.015119
v 7.122073 7.674412 -0.008014
v 7.122073 7.674411 -0.006300
v 7.119647 7.674412 -0.009730
v 7.119269 7.441667 -0.242477
v 7.122073 7.437879 -0.242478
v 7.152068 7.674412 -0.008014
v 7.154495 7.674412 -0.009730
v 7.152068 7.674411 -0.006300
v 7.152068 7.437879 -0.242478
v 7.154872 7.441667 -0.242477
v 7.154495 7.674412 0.018550
v 7.152068 7.674412 0.016834
v 7.152068 7.674411 0.015119
v 7.154495 7.436348 0.256613
v 7.152068 7.435343 0.254187
v 7.122073 7.409072 0.254187
v 7.119646 7.408067 0.256614
v 7.152068 7.409072 0.254187
v 7.154495 7.408067 0.256614
v 7.122073 7.177749 0.022862
v 7.119647 7.175323 0.023867
v 7.119647 7.175323 -0.032693
v 7.122073 7.177749 -0.031688
v 7.122073 7.388894 -0.242476
v 7.119269 7.385106 -0.242476
v 7.154872 7.385106 -0.242476
v 7.152068 7.388894 -0.242476
v 7.152068 7.177749 -0.031688
v 7.154495 7.175323 -0.032693
v 7.152068 7.177750 0.022862
v 7.154495 7.175323 0.023867
vt 0.625000 0.000000
vt 0.874999 0.000000
vt 0.625000 0.250000
vt 0.653301 0.000000
vt 0.875000 0.026435
vt 0.846699 0.250000
vt 0.625000 0.223565
vt 0.846689 0.000000
vt 0.846699 0.000000
vt 0.625000 0.026445
vt 0.625000 0.026435
vt 0.875000 0.223554
vt 0.875000 0.223565
vt 0.653311 0.249999
vt 0.653301 0.250000
vt 0.875000 0.000000
vt 0.875000 0.026433
vt 0.625001 0.000000
vt 0.653300 0.000000
vt 0.875000 0.250000
vt 0.846700 0.250000
vt 0.625000 0.249999
vt 0.625000 0.223565
vt 0.639853 0.250000
vt 0.639850 0.250000
vt 0.125000 0.025694
vt 0.151545 -0.000000
vt 0.361727 0.250000
vt 0.138273 0.250000
vt 0.125000 0.237153
vt 0.625000 0.235681
vt 0.861278 -0.000000
vt 0.875000 0.013230
vt 0.625000 0.013228
vt 0.638718 0.000000
vt 0.875000 0.225549
vt 0.867576 0.242840
vt 0.867576 0.242838
vt 0.849651 0.250000
vt 0.862737 0.000000
vt 0.875000 0.013228
vt 0.638718 -0.000000
vt 0.625000 0.013228
vt 0.875000 0.241597
vt 0.875000 0.225556
vt 0.866286 0.250000
vt 0.849648 0.250000
vt 0.875000 0.037149
vt 0.875000 0.043355
vt 0.875000 0.212849
vt 0.875000 0.237153
vt 0.875000 0.212849
vt 0.837324 0.248780
vt 0.863438 0.250000
vt 0.871729 0.249999
vt 0.875000 0.210063
vt 0.875000 0.244778
vt 0.870269 0.248976
vt 0.875000 0.244380
vt 0.866152 0.245718
vt 0.870821 0.216834
vt 0.868003 0.250000
vt 0.870909 0.248680
vt 0.863387 0.248395
vt 0.861727 0.250000
vt 0.638608 0.250000
vt 0.625000 0.212849
vt 0.663957 0.250000
vt 0.625000 0.212849
vt 0.626657 0.214429
vt 0.625000 0.024871
vt 0.629497 0.242128
vt 0.666713 0.250000
vt 0.627110 0.250000
vt 0.626660 0.249230
vt 0.626611 0.250000
vt 0.631637 0.243577
vt 0.662707 0.248810
vt 0.625000 0.236476
vt 0.625000 0.212068
vt 0.625000 0.246464
vt 0.628699 0.240733
vt 0.626333 0.238443
vt 0.625000 0.037149
vt 0.875000 0.037151
vt 0.836043 0.000000
vt 0.663957 0.000000
vt 0.625000 0.037151
vt 0.625000 0.001864
vt 0.833162 0.000000
vt 0.663956 0.000000
vt 0.662005 0.001860
vt 0.851337 0.000002
vt 0.847495 0.000000
vt 0.650133 0.000000
vt 0.625000 0.003806
vt 0.865311 0.000000
vt 0.625000 0.000932
vt 0.628164 0.000000
vt 0.875000 0.006040
vt 0.870575 0.032929
vt 0.875000 0.027759
vt 0.875000 0.004634
vt 0.837955 0.001822
vt 0.869478 0.001677
vt 0.625000 0.040467
vt 0.625000 0.002285
vt 0.626063 0.001738
vt 0.626582 0.035641
vt 0.629466 0.000000
vt 0.853705 0.003342
vt 0.664882 0.000000
vt 0.836044 0.000000
vt 0.855522 0.250000
vt 0.875000 0.250000
vt 0.663956 0.250000
vt 0.835388 0.250000
vt 0.835668 0.250000
vt 0.375000 0.486727
vt 0.625000 0.493364
vt 0.625000 0.489339
vt 0.625000 0.488386
vt 0.875000 0.237153
vt 0.867036 0.244861
vt 0.875000 0.250000
vt 0.834235 0.250000
vt 0.624999 0.262417
vt 0.624999 0.263940
vt 0.624999 0.486727
vt 0.622536 0.486727
vt 0.625000 0.512847
vt 0.624999 0.724306
vt 0.624999 0.727805
vt 0.624999 0.773047
vt 0.875000 0.237152
vt 0.865045 0.250000
vt 0.622275 0.000000
vt 0.624999 0.000421
vt 0.624999 0.972788
vt 0.624999 0.776545
vt 0.375000 0.025694
vt 0.622536 0.237153
vt 0.375000 0.263273
vt 0.375000 0.512847
vt 0.622536 0.512847
vt 0.622153 0.724306
vt 0.375000 0.776545
vt 0.622536 0.973455
vt 0.375000 0.973455
vt 0.875000 0.025694
vt 0.861727 0.250000
vt 0.638274 0.250000
vt 0.625000 0.250000
vt 0.625000 0.025034
vt 0.875000 0.250000
vt 0.864947 0.250000
vt 0.637465 0.250000
vt 0.866286 0.250000
vt 0.625000 0.250000
vt 0.625000 0.235681
vt 0.651545 0.000000
vt 0.625000 0.237940
vt 0.375000 0.237152
vt 0.622536 0.263273
vt 0.625000 0.237153
vt 0.638273 0.250000
vt 0.625000 0.237940
vt 0.637465 0.250000
vt 0.348455 0.000000
vt 0.622536 0.025694
vt 0.375000 0.724306
vt 0.622153 0.776545
vt 0.875000 0.025693
vt 0.874999 0.000004
vt 0.848455 0.000000
vt 0.851758 0.000000
vt 0.861727 0.006424
vt 0.875000 0.012848
vt 0.625000 0.025033
vt 0.632963 0.012847
vt 0.640927 0.000000
vt 0.875000 0.011872
vt 0.875000 0.022252
vt 0.875000 0.240270
vt 0.875000 0.241594
vt 0.875000 0.237152
vt 0.875000 0.022495
vt 0.625000 0.000000
vt 0.625000 0.011870
vt 0.625000 0.000000
vt 0.637261 0.000000
vt 0.650873 0.000000
vt 0.852008 0.000000
vt 0.861282 0.000002
vt 0.861727 0.000001
vt 0.650872 0.000000
vt 0.625000 0.237153
vt 0.625000 0.025694
vt 0.651545 0.000000
vt 0.848454 0.000000
vt 0.651545 0.000000
vt 0.625005 0.025689
vt 0.837322 0.248781
vt 0.834235 0.250000
vt 0.624999 0.488312
vt 0.625000 0.497175
vt 0.863054 0.248715
vn 0.000000 -0.707105 -0.707109
vn 0.000000 -0.707105 -0.707109
vn 0.000000 -0.707105 -0.707109
vn 0.000000 -0.707105 -0.707109
vn 0.000000 0.707110 -0.707103
vn 0.000000 0.707110 -0.707103
vn 0.000000 0.707110 -0.707103
vn 0.000000 0.707110 -0.707103
vn 0.000000 0.707110 0.707104
vn 0.000000 0.707110 0.707104
vn 0.000000 0.707110 0.707104
vn 0.000000 0.707110 0.707104
vn 0.000000 -0.707104 0.707110
vn 0.000000 -0.707104 0.707110
vn 0.000000 -0.707104 0.707110
vn 0.000000 -0.707104 0.707110
vn 0.000000 -0.707084 -0.707129
vn 0.000000 -0.707084 -0.707129
vn 0.000000 -0.707084 -0.707129
vn 0.000000 -0.707084 -0.707129
vn 0.000000 0.707107 -0.707107
vn 0.000000 0.707107 -0.707107
vn 0.000000 0.707107 -0.707107
vn 0.000000 0.707107 -0.707107
vn 0.000000 0.707084 0.707129
vn 0.000000 0.707084 0.707129
vn 0.000000 0.707084 0.707129
vn 0.000000 0.707084 0.707129
vn 0.000000 -0.707128 0.707085
vn 0.000000 -0.707128 0.707085
vn 0.000000 -0.707128 0.707085
vn 0.000000 -0.707128 0.707085
vn 0.000000 -0.707105 -0.707109
vn 0.000000 -0.707105 -0.707109
vn 0.000000 -0.707105 -0.707109
vn 0.000000 -0.707105 -0.707109
vn 0.000000 0.707114 -0.707100
vn 0.000000 0.707114 -0.707100
vn 0.000000 0.707114 -0.707100
vn 0.000000 0.707114 -0.707100
vn 0.000000 0.707076 0.707137
vn 0.000000 0.707076 0.707137
vn 0.000000 0.707076 0.707137
vn 0.000000 0.707076 0.707137
vn 0.000000 -0.707110 0.707103
vn 0.000000 -0.707110 0.707103
vn 0.000000 -0.707110 0.707103
vn 0.000000 -0.707110 0.707103
vn 1.000000 0.000000 0.000000
vn 1.000000 0.000000 0.000000
vn 1.000000 0.000000 0.000000
vn 1.000000 0.000000 0.000000
vn 1.000000 0.000000 0.000000
vn 1.000000 0.000000 0.000000
vn 1.000000 0.000000 0.000000
vn 1.000000 0.000000 0.000000
vn 1.000000 -0.000000 -0.000000
vn 1.000000 -0.000000 -0.000000
vn 1.000000 -0.000000 -0.000000
vn 1.000000 -0.000000 -0.000000
vn 1.000000 -0.000000 -0.000000
vn 1.000000 -0.000000 -0.000000
vn 1.000000 -0.000000 -0.000000
vn 1.000000 -0.000000 -0.000000
vn 1.000000 -0.000004 -0.000004
vn 1.000000 -0.000004 -0.000004
vn 1.000000 -0.000004 -0.000004
vn 1.000000 -0.000004 -0.000004
vn 1.000000 -0.000004 -0.000004
vn 1.000000 -0.000004 -0.000004
vn 1.000000 -0.000004 -0.000004
vn 1.000000 -0.000004 -0.000004
vn 1.000000 -0.000004 -0.000004
vn 1.000000 -0.000000 -0.000000
vn 1.000000 -0.000000 -0.000000
vn 1.000000 -0.000000 -0.000000
vn 1.000000 -0.000000 -0.000000
vn 1.000000 -0.000000 -0.000000
vn 1.000000 -0.000000 -0.000000
vn 1.000000 -0.000000 -0.000000
vn 1.000000 -0.000000 -0.000000
vn -1.000000 0.000000 0.000000
vn -1.000000 0.000000 0.000000
vn -1.000000 0.000000 0.000000
vn 1.000000 0.000000 0.000000
vn 0.000000 0.000000 0.000000
vn 0.000000 0.000000 0.000000
vn -1.000000 0.000000 0.000000
vn -0.000000 0.000000 0.000000
vn -1.000000 0.000000 0.000000
vn -1.000000 0.000000 0.000000
vn -1.000000 0.000000 0.000000
vn -0.000000 0.000000 0.000000
vn -0.000000 0.000000 0.000000
vn 1.000000 -0.000001 -0.000001
vn 1.000000 -0.000001 -0.000001
vn 1.000000 -0.000001 -0.000001
vn 1.000000 -0.000001 -0.000001
vn 1.000000 -0.000001 -0.000001
vn 1.000000 -0.000001 -0.000001
vn 1.000000 -0.000001 -0.000001
vn 1.000000 -0.000001 -0.000001
vn 0.000000 -0.000013 -1.000000
vn 0.000000 -0.000013 -1.000000
vn 0.000000 -0.000013 -1.000000
vn 0.000000 -0.000013 -1.000000
vn 0.000000 -1.000000 0.000020
vn 0.000000 -1.000000 0.000020
vn 0.000000 -1.000000 0.000020
vn 0.000000 -1.000000 0.000020
vn 0.000000 1.000000 -0.000002
vn 0.000000 1.000000 -0.000002
vn 0.000000 1.000000 -0.000002
vn 0.000000 1.000000 -0.000002
vn 0.000000 0.000078 1.000000
vn 0.000000 0.000078 1.000000
vn 0.000000 0.000078 1.000000
vn 0.000000 0.000078 1.000000
vn 1.000000 0.000000 0.000000
vn 1.000000 0.000000 0.000000
vn 1.000000 0.000000 0.000000
vn 1.000000 0.000000 0.000000
vn 1.000000 0.000000 0.000000
vn 1.000000 0.000000 0.000000
vn 1.000000 -0.000007 -0.000007
vn 1.000000 -0.000007 -0.000007
vn 1.000000 -0.000007 -0.000007
vn 1.000000 0.000010 0.000010
vn 1.000000 0.000010 0.000010
vn 1.000000 0.000010 0.000010
vn -0.000000 1.000000 0.000015
vn -0.000000 1.000000 0.000015
vn -0.000000 1.000000 0.000015
vn -0.000000 1.000000 0.000015
vn -0.000000 1.000000 0.000015
vn -0.000000 1.000000 0.000015
vn 0.000000 0.000033 1.000000
vn 0.000000 0.000033 1.000000
vn 0.000000 0.000033 1.000000
vn 0.000000 0.000033 1.000000
vn 0.999999 -0.000906 -0.000906
vn 0.999999 -0.000906 -0.000906
vn 0.999999 -0.000906 -0.000906
vn 0.000000 -0.000000 -0.000000
vn 0.999999 -0.000906 -0.000906
vn -1.000000 0.000001 0.000001
vn -1.000000 0.000001 0.000001
vn -1.000000 0.000001 0.000001
vn -1.000000 0.000001 0.000001
vn 1.000000 0.000000 0.000000
vn 1.000000 0.000000 0.000000
vn 1.000000 0.000000 0.000000
vn -1.000000 0.000000 0.000000
vn -1.000000 0.000000 0.000000
vn -1.000000 0.000000 0.000000
vn -1.000000 -0.000000 -0.000000
vn -1.000000 -0.000000 -0.000000
vn -1.000000 -0.000000 -0.000000
vn -1.000000 -0.000000 -0.000000
vn -1.000000 -0.000000 -0.000000
vn -1.000000 -0.000000 -0.000000
vn -1.000000 -0.000000 -0.000000
vn -1.000000 -0.000000 -0.000000
vn 1.000000 -0.000000 -0.000000
vn 1.000000 -0.000000 -0.000000
vn 1.000000 -0.000000 -0.000000
vn 1.000000 -0.000000 -0.000000
vn 0.000000 0.000005 -1.000000
vn 0.000000 0.000005 -1.000000
vn 0.000000 0.000005 -1.000000
vn 0.000000 0.000005 -1.000000
vn 0.000000 -1.000000 0.000026
vn 0.000000 -1.000000 0.000026
vn 0.000000 -1.000000 0.000026
vn 0.000000 -1.000000 0.000026
vn 0.000000 0.923888 -0.382663
vn 0.000000 0.923888 -0.382663
vn 0.000000 0.923888 -0.382663
vn 0.000000 0.923888 -0.382663
vn 0.000000 0.923889 0.382661
vn 0.000000 0.923889 0.382661
vn 0.000000 0.923889 0.382661
vn 0.000000 0.923889 0.382661
vn 1.000000 -0.000000 -0.000000
vn 1.000000 -0.000000 -0.000000
vn 1.000000 -0.000000 -0.000000
vn 1.000000 -0.000000 -0.000000
vn -1.000000 -0.000000 -0.000000
vn -1.000000 -0.000000 -0.000000
vn -1.000000 -0.000000 -0.000000
vn -1.000000 -0.000000 -0.000000
vn 1.000000 0.000000 0.000000
vn 1.000000 0.000000 0.000000
vn 1.000000 0.000000 0.000000
vn 1.000000 0.000000 0.000000
vn -1.000000 0.000000 0.000000
vn -1.000000 0.000000 0.000000
vn -1.000000 0.000000 0.000000
vn -1.000000 0.000000 0.000000
vn 1.000000 0.000000 0.000000
vn 1.000000 0.000000 0.000000
vn 1.000000 0.000000 0.000000
vn -1.000000 0.000000 0.000000
vn -1.000000 0.000000 0.000000
vn -1.000000 0.000000 0.000000
vn 1.000000 0.000000 0.000000
vn 1.000000 0.000000 0.000000
vn 1.000000 0.000000 0.000000
vn -1.000000 0.000000 0.000000
vn -1.000000 0.000000 0.000000
vn -1.000000 0.000000 0.000000
vn 0.000000 1.000000 -0.000008
vn 0.000000 1.000000 -0.000008
vn 0.000000 1.000000 -0.000008
vn 0.000000 1.000000 -0.000008
vn 0.000000 1.000000 -0.000008
vn 0.649452 0.534272 -0.541078
vn 0.649452 0.534272 -0.541078
vn 0.649452 0.534272 -0.541078
vn 0.649452 0.534272 -0.541078
vn 0.665658 0.527448 -0.527918
vn 0.665658 0.527448 -0.527918
vn 0.665658 0.527448 -0.527918
vn 0.665658 0.527448 -0.527918
vn 1.000000 -0.000000 -0.000000
vn 1.000000 -0.000000 -0.000000
vn 1.000000 -0.000000 -0.000000
vn 1.000000 -0.000000 -0.000000
vn 1.000000 -0.000000 -0.000000
vn 1.000000 -0.000000 -0.000000
vn 1.000000 -0.000000 -0.000000
vn 1.000000 -0.000000 -0.000000
vn 0.225094 -0.284532 -0.931866
vn 0.225094 -0.284532 -0.931866
vn 0.225094 -0.284532 -0.931866
vn 0.255053 0.904565 0.341628
vn 0.255053 0.904565 0.341629
vn 0.255053 0.904565 0.341628
vn 0.664913 0.537116 -0.519034
vn 0.664913 0.537116 -0.519034
vn 0.664913 0.537116 -0.519034
vn 0.671965 0.524416 -0.522925
vn 0.671965 0.524416 -0.522925
vn 0.671965 0.524416 -0.522925
vn -0.000000 0.000142 1.000000
vn -0.000000 0.000142 1.000000
vn -0.000000 0.000142 1.000000
vn -0.000000 0.000142 1.000000
vn -0.000000 0.000142 1.000000
vn -0.000000 0.000142 1.000000
vn 1.000000 0.000037 0.000069
vn 1.000000 0.000037 0.000069
vn 1.000000 0.000037 0.000069
vn 1.000000 0.000037 0.000069
vn 0.428100 -0.787710 -0.442994
vn 0.428100 -0.787710 -0.442994
vn 0.428100 -0.787710 -0.442994
vn 0.428100 -0.787710 -0.442994
vn 0.715593 0.494826 0.493024
vn 0.715593 0.494826 0.493024
vn 0.715593 0.494826 0.493024
vn 0.715593 0.494826 0.493024
vn 0.992105 0.071145 0.103276
vn 0.992105 0.071145 0.103276
vn 0.992105 0.071145 0.103276
vn 0.992105 0.071145 0.103276
vn 1.000000 0.000000 0.000000
vn 1.000000 0.000000 0.000000
vn 1.000000 0.000000 0.000000
vn 1.000000 0.000000 0.000000
vn 0.990758 0.036790 0.130557
vn 0.990758 0.036790 0.130557
vn 0.990758 0.036790 0.130557
vn 0.990758 0.036790 0.130557
vn 0.974178 -0.082981 0.209979
vn 0.974178 -0.082981 0.209980
vn 0.974178 -0.082981 0.209979
vn 0.974178 -0.082981 0.209979
vn 1.000000 0.000004 -0.000010
vn 1.000000 0.000004 -0.000010
vn 1.000000 0.000004 -0.000010
vn 0.999992 0.003828 -0.001125
vn 0.999992 0.003828 -0.001125
vn 0.999992 0.003828 -0.001125
vn 0.999992 0.003828 -0.001125
vn 0.999992 0.003828 -0.001125
vn 0.999992 0.003828 -0.001125
vn 0.999992 0.003828 -0.001125
vn 0.999992 0.003828 -0.001125
vn -0.412050 -0.911161 -0.000034
vn -0.412050 -0.911161 -0.000034
vn -0.412050 -0.911161 -0.000034
vn 0.212635 0.936673 -0.278263
vn 0.212635 0.936673 -0.278263
vn 0.212635 0.936673 -0.278263
vn 0.254552 -0.339712 0.905428
vn 0.254552 -0.339712 0.905428
vn 0.254552 -0.339712 0.905428
vn 0.778847 0.528556 0.337677
vn 0.778847 0.528556 0.337677
vn 0.778847 0.528556 0.337677
vn 0.665223 0.518580 0.537172
vn 0.665223 0.518580 0.537172
vn 0.665223 0.518580 0.537172
vn -0.000000 -1.000000 -0.000001
vn -0.000000 -1.000000 -0.000001
vn -0.000000 -1.000000 -0.000001
vn -0.000000 -1.000000 -0.000001
vn -0.000000 -1.000000 -0.000001
vn -0.000000 -1.000000 -0.000001
vn 0.649260 -0.536531 0.539069
vn 0.649260 -0.536531 0.539069
vn 0.649260 -0.536531 0.539069
vn 0.649260 -0.536531 0.539069
vn 1.000000 0.000000 0.000000
vn 1.000000 0.000000 0.000000
vn 1.000000 0.000000 0.000000
vn 1.000000 0.000000 0.000000
vn 1.000000 0.000000 0.000000
vn 1.000000 0.000000 0.000000
vn 1.000000 0.000000 0.000000
vn 1.000000 0.000000 0.000000
vn 0.664664 -0.528409 0.528210
vn 0.664664 -0.528409 0.528211
vn 0.664664 -0.528409 0.528211
vn 0.664664 -0.528409 0.528211
vn 1.000000 0.000000 0.000000
vn 1.000000 0.000000 0.000000
vn 1.000000 0.000000 0.000000
vn 1.000000 0.000000 0.000000
vn 1.000000 0.000000 0.000000
vn 1.000000 0.000000 0.000000
vn 1.000000 0.000000 0.000000
vn 1.000000 0.000000 0.000000
vn 1.000000 0.000008 0.000008
vn 1.000000 0.000008 0.000008
vn 1.000000 0.000008 0.000008
vn 1.000000 0.000008 0.000008
vn 1.000000 -0.000005 -0.000005
vn 1.000000 -0.000005 -0.000005
vn 1.000000 -0.000005 -0.000005
vn 1.000000 -0.000005 -0.000005
vn 1.000000 0.000001 0.000001
vn 1.000000 0.000001 0.000001
vn 1.000000 0.000001 0.000001
vn 1.000000 0.000000 0.000000
vn 1.000000 0.000000 0.000000
vn 1.000000 0.000000 0.000000
vn 1.000000 0.000000 0.000000
vn 1.000000 0.000000 0.000000
vn 1.000000 0.000000 0.000000
vn 1.000000 0.000000 0.000000
vn 1.000000 0.000000 0.000000
vn 1.000000 0.000000 0.000000
vn 1.000000 0.000000 0.000000
vn 1.000000 0.000000 0.000000
vn 0.255036 -0.904608 -0.341529
vn 0.255036 -0.904608 -0.341529
vn 0.255036 -0.904608 -0.341529
vn 0.219858 0.282288 0.933797
vn 0.219858 0.282288 0.933797
vn 0.219858 0.282288 0.933797
vn 0.674972 -0.455993 0.580072
vn 0.674972 -0.455993 0.580072
vn 0.674972 -0.455993 0.580072
vn 0.000000 -0.000014 -1.000000
vn 0.000000 -0.000014 -1.000000
vn 0.000000 -0.000014 -1.000000
vn 0.000000 -0.000014 -1.000000
vn 0.000000 -0.000014 -1.000000
vn 0.000000 -0.000014 -1.000000
vn 0.904766 -0.424050 0.039745
vn 0.904766 -0.424050 0.039745
vn 0.904766 -0.424050 0.039745
vn 0.904766 -0.424050 0.039745
vn 0.904766 -0.424050 0.039745
vn 1.000000 0.000000 0.000000
vn 1.000000 0.000000 0.000000
vn 1.000000 0.000000 0.000000
vn 1.000000 0.000000 0.000000
vn 0.577187 -0.577416 -0.577448
vn 0.577187 -0.577416 -0.577448
vn 0.577187 -0.577416 -0.577448
vn 0.577187 -0.577416 -0.577448
vn 1.000000 -0.000003 -0.000003
vn 1.000000 -0.000003 -0.000003
vn 1.000000 -0.000003 -0.000003
vn 1.000000 -0.000003 -0.000003
vn 1.000000 0.000000 0.000000
vn 1.000000 0.000000 0.000000
vn 1.000000 0.000000 0.000000
vn 1.000000 0.000000 0.000000
vn 0.683264 -0.516347 -0.516271
vn 0.683264 -0.516347 -0.516271
vn 0.683264 -0.516347 -0.516271
vn 0.683265 -0.516347 -0.516271
vn 0.884731 -0.463924 -0.044994
vn 0.884731 -0.463924 -0.044994
vn 0.884731 -0.463924 -0.044994
vn 0.884731 -0.463924 -0.044994
vn 1.000000 0.000000 0.000000
vn 1.000000 0.000000 0.000000
vn 1.000000 0.000000 0.000000
vn 1.000000 0.000000 0.000000
vn 1.000000 0.000000 0.000000
vn 1.000000 0.000000 0.000000
vn 1.000000 0.000000 0.000000
vn 1.000000 0.000000 0.000000
vn 1.000000 0.000000 0.000000
vn 1.000000 0.000000 0.000000
vn 1.000000 0.000000 0.000000
vn 1.000000 0.000000 0.000000
vn 1.000000 0.000000 0.000000
vn 1.000000 0.000000 0.000000
vn 1.000000 0.000000 0.000000
vn 1.000000 0.000000 0.000000
vn 1.000000 0.000000 0.000000
vn 1.000000 0.000000 0.000000
vn 1.000000 0.000000 0.000000
vn 1.000000 0.000000 0.000000
vn 1.000000 0.000000 0.000000
vn 1.000000 0.000000 0.000000
vn 1.000000 0.000000 0.000000
vn 1.000000 0.000000 0.000000
vn 1.000000 0.000000 0.000000
vn 1.000000 0.000000 0.000000
vn 1.000000 0.000000 0.000000
vn 1.000000 0.000000 0.000000
vn 1.000000 0.000000 0.000000
vn 1.000000 0.000000 0.000000
vn 1.000000 0.000009 0.000009
vn 1.000000 0.000009 0.000009
vn 1.000000 0.000009 0.000009
vn 1.000000 0.000009 0.000009
vn 1.000000 0.000001 0.000001
vn 1.000000 0.000001 0.000001
vn 1.000000 0.000001 0.000001
vn -0.000047 -1.000000 0.000006
vn -0.000047 -1.000000 0.000006
vn -0.000047 -1.000000 0.000006
vn 1.000000 -0.000000 -0.000000
vn 1.000000 -0.000000 -0.000000
vn 1.000000 -0.000000 -0.000000
vn 1.000000 -0.000000 -0.000000
vn 1.000000 -0.000000 -0.000000
vn 1.000000 -0.000000 -0.000000
vn 1.000000 -0.000000 -0.000000
vn 1.000000 -0.000000 -0.000000
vn 0.209660 0.274562 -0.938434
vn 0.209660 0.274562 -0.938434
vn 0.209660 0.274562 -0.938434
vn 0.219347 -0.934239 0.281218
vn 0.219347 -0.934239 0.281218
vn 0.219347 -0.934239 0.281218
vn 0.664987 -0.519105 -0.536957
vn 0.664987 -0.519105 -0.536957
vn 0.664987 -0.519105 -0.536957
vn 0.874835 -0.428753 -0.225464
vn 0.874835 -0.428753 -0.225464
vn 0.874835 -0.428753 -0.225464
vn 0.650032 0.538401 0.536267
vn 0.650032 0.538401 0.536267
vn 0.650032 0.538401 0.536267
vn 0.650032 0.538401 0.536267
vn 0.650032 0.538401 0.536267
vn 0.000000 1.000000 0.000015
vn 0.000000 1.000000 0.000015
vn 0.000000 1.000000 0.000015
vn 0.000000 1.000000 0.000015
vn 0.000000 1.000000 0.000015
vn 0.000000 1.000000 0.000015
vn 0.000000 1.000000 0.000015
vn 0.000000 1.000000 0.000015
vn -1.000000 0.000000 0.000000
vn -1.000000 0.000000 0.000000
vn -1.000000 0.000000 0.000000
vn -1.000000 0.000000 0.000000
vn -0.000000 0.000000 0.000000
vn 0.000000 0.923892 0.382653
vn 0.000000 0.923892 0.382653
vn 0.000000 0.923892 0.382653
vn 0.000000 0.923892 0.382653
vn 0.707100 -0.000000 0.707114
vn 0.707100 -0.000000 0.707114
vn 0.707100 -0.000000 0.707114
vn 0.707100 -0.000000 0.707114
vn 0.707131 0.499982 0.499984
vn 0.707131 0.499982 0.499984
vn 0.707131 0.499982 0.499984
vn 0.707131 0.499982 0.499984
vn 0.698367 0.505632 -0.506576
vn 0.698367 0.505632 -0.506576
vn 0.698367 0.505632 -0.506576
vn 0.698367 0.505632 -0.506576
vn -0.000232 -0.000022 -1.000000
vn -0.000232 -0.000022 -1.000000
vn -0.000232 -0.000022 -1.000000
vn -0.000232 -0.000022 -1.000000
vn -0.698399 0.505610 -0.506554
vn -0.698399 0.505610 -0.506554
vn -0.698399 0.505610 -0.506554
vn -0.698399 0.505610 -0.506554
vn 0.000232 -0.000023 -1.000000
vn 0.000232 -0.000023 -1.000000
vn 0.000232 -0.000023 -1.000000
vn 0.000232 -0.000023 -1.000000
vn -0.707130 0.499983 0.499985
vn -0.707130 0.499983 0.499985
vn -0.707130 0.499983 0.499985
vn -0.707130 0.499983 0.499985
vn -0.707135 0.000003 0.707078
vn -0.707135 0.000003 0.707078
vn -0.707135 0.000003 0.707078
vn -0.707135 0.000003 0.707078
vn 0.707091 -0.500013 0.500010
vn 0.707091 -0.500013 0.500010
vn 0.707091 -0.500013 0.500010
vn 0.707091 -0.500013 0.500010
vn -0.707152 -0.499970 0.499966
vn -0.707152 -0.499970 0.499966
vn -0.707152 -0.499970 0.499966
vn -0.707152 -0.499970 0.499966
vn 0.707077 -0.707137 -0.000003
vn 0.707077 -0.707137 -0.000004
vn 0.707077 -0.707136 -0.000004
vn 0.707077 -0.707137 -0.000003
vn 0.698101 -0.505759 -0.506816
vn 0.698101 -0.505759 -0.506816
vn 0.698101 -0.505759 -0.506816
vn 0.698101 -0.505759 -0.506816
vn -0.698132 -0.505739 -0.506794
vn -0.698132 -0.505739 -0.506794
vn -0.698132 -0.505739 -0.506794
vn -0.698132 -0.505739 -0.506794
vn -0.707115 -0.707099 0.000001
vn -0.707115 -0.707099 0.000001
vn -0.707115 -0.707099 0.000001
vn -0.707115 -0.707099 0.000001
vn 0.000000 -0.707109 0.707104
vn 0.000000 -0.707109 0.707104
vn 0.000000 -0.707109 0.707104
vn 0.000000 -0.707109 0.707104
vn 0.000000 0.707106 0.707107
vn 0.000000 0.707106 0.707107
vn 0.000000 0.707106 0.707107
vn 0.000000 0.707106 0.707107
vn 0.000000 0.707108 -0.707105
vn 0.000000 0.707108 -0.707105
vn 0.000000 0.707108 -0.707105
vn 0.000000 0.707108 -0.707105
vn 0.000000 -0.707106 -0.707108
vn 0.000000 -0.707106 -0.707108
vn 0.000000 -0.707106 -0.707108
vn 0.000000 -0.707106 -0.707108
vn 0.000000 0.707108 -0.707105
vn 0.000000 0.707108 -0.707105
vn 0.000000 0.707108 -0.707105
vn 0.000000 0.707108 -0.707105
vn 0.000000 0.707106 0.707108
vn 0.000000 0.707106 0.707108
vn 0.000000 0.707106 0.707108
vn 0.000000 0.707106 0.707108
vn 1.000000 0.000000 0.000000
vn 1.000000 0.000000 0.000000
vn 1.000000 0.000000 0.000000
vn 1.000000 0.000000 0.000000
vn 1.000000 0.000000 0.000000
vn 1.000000 0.000000 0.000000
vn 1.000000 0.000000 0.000000
vn 1.000000 0.000000 0.000000
vn 1.000000 0.000000 0.000000
vn 1.000000 0.000000 0.000000
vn 1.000000 0.000000 0.000000
vn 1.000000 0.000000 0.000000
vn 1.000000 0.000000 0.000000
vn -1.000000 -0.000000 -0.000000
vn -1.000000 -0.000000 -0.000000
vn -1.000000 -0.000000 -0.000000
vn -1.000000 -0.000000 -0.000000
vn -1.000000 -0.000000 -0.000000
vn -1.000000 -0.000000 -0.000000
vn -1.000000 -0.000000 -0.000000
vn -1.000000 0.000000 0.000000
vn -1.000000 0.000000 0.000000
vn -1.000000 0.000000 0.000000
vn -1.000000 0.000000 0.000000
vn -1.000000 0.000000 0.000000
vn -1.000000 0.000000 0.000000
vn 0.000000 0.000005 1.000000
vn 0.000000 0.000005 1.000000
vn 0.000000 0.000005 1.000000
vn 0.000000 0.000005 1.000000
vn 0.000004 0.000006 1.000000
vn 0.000004 0.000006 1.000000
vn 0.000004 0.000006 1.000000
vn 0.000004 0.000006 1.000000
vn 0.000004 0.000006 1.000000
vn 0.000004 0.000006 1.000000
vn -1.000000 -0.000002 -0.000002
vn -1.000000 -0.000002 -0.000002
vn -1.000000 -0.000002 -0.000002
vn 1.000000 0.000000 0.000000
vn 1.000000 0.000000 0.000000
vn 1.000000 0.000000 0.000000
vn 0.000000 -1.000000 -0.000001
vn 0.000000 -1.000000 -0.000001
vn 0.000000 -1.000000 -0.000001
vn 0.000000 -1.000000 -0.000001
vn 0.000000 -0.000015 -1.000000
vn 0.000000 -0.000015 -1.000000
vn 0.000000 -0.000015 -1.000000
vn 0.000000 -0.000015 -1.000000
vn -0.000002 -0.000015 -1.000000
vn -0.000002 -0.000015 -1.000000
vn -0.000002 -0.000015 -1.000000
vn -0.000002 -0.000015 -1.000000
vn -0.000002 -0.000015 -1.000000
vn -0.000002 -0.000015 -1.000000
vn -0.000000 0.000000 0.000000
vn -1.000000 0.000000 0.000000
vn -1.000000 0.000000 0.000000
vn -0.000000 0.000000 0.000000
vn 0.000000 0.000000 0.000000
vn 0.000000 0.000000 0.000000
vn 0.999804 0.013985 0.013985
vn 0.999804 0.013985 0.013985
vn 1.000000 0.000000 0.000000
vn 1.000000 0.000000 0.000000
vn 1.000000 0.000000 0.000000
vn 1.000000 0.000000 0.000000
vn 1.000000 0.000000 0.000000
vn 1.000000 0.000000 0.000000
vn 1.000000 0.000000 0.000000
vn 1.000000 0.000000 0.000000
vn 1.000000 0.000000 0.000000
vn 1.000000 0.000000 0.000000
vn 1.000000 0.000000 0.000000
vn -1.000000 0.000000 0.000000
vn -1.000000 0.000000 0.000000
vn -1.000000 0.000000 0.000000
vn -1.000000 0.000000 0.000000
vn -1.000000 0.000000 0.000000
vn -1.000000 0.000000 0.000000
vn -1.000000 0.000000 0.000000
vn -1.000000 -0.000001 -0.000001
vn -1.000000 -0.000001 -0.000001
vn -1.000000 -0.000001 -0.000001
vn -1.000000 -0.000001 -0.000001
vn 1.000000 0.000000 0.000000
vn 1.000000 0.000000 0.000000
vn 1.000000 0.000000 0.000000
vn 1.000000 0.000000 0.000000
vn 1.000000 0.000000 0.000000
vn 1.000000 0.000000 0.000000
vn -1.000000 -0.000000 -0.000000
vn -1.000000 -0.000000 -0.000000
vn -1.000000 -0.000000 -0.000000
vn -1.000000 -0.000000 -0.000000
vn -1.000000 -0.000000 -0.000000
vn -1.000000 -0.000000 -0.000000
vn 0.000000 -0.707109 0.707104
vn 0.000000 -0.707109 0.707104
vn 0.000000 -0.707109 0.707104
vn 0.000000 -0.707109 0.707104
vn 0.000000 -0.707106 -0.707108
vn 0.000000 -0.707106 -0.707108
vn 0.000000 -0.707106 -0.707108
vn 0.000000 -0.707106 -0.707108
vn 0.000000 -1.000000 -0.000001
vn 0.000000 -1.000000 -0.000001
vn 0.000000 -1.000000 -0.000001
vn 0.000000 -1.000000 -0.000001
vn -0.999998 0.001302 0.001302
vn -0.999998 0.001302 0.001302
vn -0.999998 0.001302 0.001302
vn 0.782342 0.476666 -0.400913
vn 0.782342 0.476666 -0.400913
vn 0.782342 0.476666 -0.400913
vn 0.000312 -1.000000 0.000474
vn 0.000312 -1.000000 0.000474
vn 0.000312 -1.000000 0.000474
vn 0.000648 -0.999999 -0.000881
vn 0.000648 -0.999999 -0.000881
vn 0.000648 -0.999999 -0.000881
vn -0.000648 -0.999999 -0.000881
vn -0.000648 -0.999999 -0.000881
vn -0.000648 -0.999999 -0.000881
vn -0.000312 -1.000000 0.000470
vn -0.000312 -1.000000 0.000470
vn -0.000312 -1.000000 0.000470
s off
g SupportBarrel
usemtl standardSurface2SG
f 279/305/823 273/312/824 267/302/825 269/464/826
f 270/303/827 266/311/828 281/306/829 285/315/830
f 288/309/831 287/317/832 255/294/833 258/295/834
f 259/430/835 256/301/836 274/304/837 278/313/838
f 222/357/839 344/361/840 342/383/841 218/356/842
f 219/355/843 293/318/844 295/320/845 224/322/846
f 361/396/847 364/474/848 309/386/849 226/338/850
f 227/337/851 327/339/852 324/354/853 221/358/854
f 237/274/855 234/289/856 230/278/857 232/279/858
f 231/275/859 229/287/860 240/282/861 242/283/862
f 241/276/863 239/291/864 245/284/865 247/285/866
f 246/277/867 244/293/868 235/280/869 236/281/870
f 217/272/871 219/355/872 224/322/873 223/385/874 238/290/875 240/282/876 229/287/877 228/286/878
f 220/271/879 222/357/880 218/356/881 217/272/882 228/286/883 230/278/884 234/289/885 233/288/886
f 223/385/887 362/384/888 361/396/889 226/338/890 225/273/891 243/292/892 245/284/893 239/291/894 238/290/895
f 225/273/896 227/337/897 221/358/898 220/271/899 233/288/900 235/280/901 244/293/902 243/292/903
f 217/272/904 218/356/905 219/355/906
f 220/271/907 221/358/908 222/357/909
f 223/385/910 224/322/911 360/473/912 362/384/913
f 225/273/914 226/338/915 227/337/916
f 236/281/917 237/274/918 232/279/919 231/275/920 242/283/921 241/276/922 247/285/923 246/277/924
f 230/278/925 229/287/926 231/275/927 232/279/928
f 235/280/929 234/289/930 237/274/931 236/281/932
f 240/282/933 239/291/934 241/276/935 242/283/936
f 245/284/937 244/293/938 246/277/939 247/285/940
f 228/286/941 229/287/942 230/278/943
f 233/288/944 234/289/945 235/280/946
f 238/290/947 239/291/948 240/282/949
f 243/292/950 244/293/951 245/284/952
f 251/414/953 252/389/954 368/400/955 367/391/956 370/476/957 372/415/958
f 255/294/959 256/301/960 259/430/961 258/295/962
f 253/390/963 371/401/964 370/476/965 367/391/966 369/392/967
f 254/395/968 284/314/969 283/307/970 289/428/971
f 255/294/972 250/423/973 256/301/974
f 257/429/975 258/295/976 259/430/977
f 262/296/978 263/297/979 260/439/980 261/411/981 249/433/982 248/298/983 252/299/984 251/300/985
f 280/308/986 282/455/987 253/425/988 286/316/989
f 267/302/990 266/311/991 270/303/992 269/464/993
f 274/304/994 273/312/995 279/305/996 278/313/997
f 281/306/998 280/308/999 283/307/1000 285/315/1001
f 280/308/1002 287/317/1003 288/309/1004 283/307/1005
f 264/310/1006 265/452/1007 266/311/1008 267/302/1009
f 268//1010 269//1011 270//1012 271//1013
f 272/461/1014 273/312/1015 274/304/1016 275/459/1017
f 276/451/1018 277/431/1019 278/313/1020 279/305/1021
f 280/308/1022 281/306/1023 282/455/1024
f 283/307/1025 284/314/1026 285/315/1027
f 280/308/1028 286/316/1029 287/317/1030
f 283/307/1031 288/309/1032 289/428/1033
f 295/320/1034 294/331/1035 307/323/1036 360/473/1037 224/322/1038
f 293/318/1039 292/319/1040 296/326/1041 295/320/1042
f 301/393/1043 300/321/1044 304/372/1045 303/420/1046
f 305/373/1047 304/372/1048 300/321/1049 298/329/1050 297/327/1051 296/326/1052 292/319/1053 290/370/1054
f 291/371/1055 292/319/1056 293/318/1057
f 294/331/1058 295/320/1059 296/326/1060
f 299/330/1061 300/321/1062 301/393/1063
f 302/444/1064 303/420/1065 304/372/1066
f 309/386/1067 308/348/1068 328/340/1069 327/339/1070 227/337/1071 226/338/1072
f 306/387/1073 307/323/1074 319/328/1075 320/332/1076
f 314/334/1077 313/324/1078 321/325/1079 322/333/1080
f 313/324/1081 315/335/1082 318/436/1083 317/336/1084
f 320/332/1085 319/328/1086 322/333/1087 321/325/1088
f 294/331/1089 296/326/1090 297/327/1091 319/328/1092
f 319/328/1093 297/327/1094 298/329/1095 322/333/1096
f 322/333/1097 298/329/1098 300/321/1099 299/330/1100
f 294/331/1101 319/328/1102 307/323/1103
f 321/325/1104 313/324/1105 317/336/1106 312/346/1107 311/344/1108 310/343/1109 306/387/1110 320/332/1111
f 322/333/1112 299/330/1113 314/334/1114
f 306/387/1115 363/388/1116 307/323/1117
f 308/348/1118 309/386/1119 310/343/1120
f 313/324/1121 314/334/1122 315/335/1123
f 316/347/1124 317/336/1125 318/436/1126
f 324/354/1127 323/379/1128 345/362/1129 344/361/1130 222/357/1131 221/358/1132
f 325/376/1133 324/354/1134 327/339/1135 326/350/1136
f 326/350/1137 328/340/1138 336/345/1139 337/351/1140
f 332/353/1141 331/349/1142 338/342/1143 339/352/1144
f 331/349/1145 333/467/1146 335/472/1147 334/341/1148
f 337/351/1149 336/345/1150 339/352/1151 338/342/1152
f 308/348/1153 310/343/1154 311/344/1155 336/345/1156
f 336/345/1157 311/344/1158 312/346/1159 339/352/1160
f 339/352/1161 312/346/1162 317/336/1163 316/347/1164
f 308/348/1165 336/345/1166 328/340/1167
f 338/342/1168 331/349/1169 334/341/1170 330/359/1171 329/377/1172 325/376/1173 326/350/1174 337/351/1175
f 339/352/1176 316/347/1177 332/353/1178
f 323/379/1179 324/354/1180 325/376/1181
f 326/350/1182 327/339/1183 328/340/1184
f 331/349/1185 332/353/1186 333/467/1187
f 342/383/1188 341/374/1189 291/371/1190 293/318/1191 219/355/1192 218/356/1193
f 359/366/1194 358/368/1195 330/359/1196 334/341/1197 335/472/1198
f 341/374/1199 340/360/1200 351/367/1201 352/375/1202
f 340/360/1203 342/383/1204 344/361/1205 343/382/1206
f 343/382/1207 345/362/1208 355/378/1209 356/380/1210
f 346//1211 348//1212 353//1213 354//1214
f 347/445/1215 346/364/1216 350/365/1217 349/469/1218
f 349/469/1219 350/365/1220 357/369/1221 359/366/1222
f 352//1223 351//1224 354//1225 353//1226
f 356/380/1227 355/378/1228 358/368/1229 357/369/1230
f 290//1231 352//1232 353//1233 305//1234
f 352/375/1235 290/370/1236 292/319/1237 291/371/1238
f 302//1239 304//1240 305//1241 353//1242
f 341/374/1243 352/375/1244 291/371/1245
f 302//1246 353//1247 348//1248
f 323/379/1249 325/376/1250 329/377/1251 355/378/1252
f 355/378/1253 329/377/1254 330/359/1255 358/368/1256
f 323/379/1257 355/378/1258 345/362/1259
f 349/469/1260 359/366/1261 335/472/1262
f 356/380/1263 357/369/1264 350/365/1265 346/364/1266 354/381/1267 351/367/1268 340/360/1269 343/382/1270
f 340/360/1271 341/374/1272 342/383/1273
f 343/382/1274 344/361/1275 345/362/1276
f 346/364/1277 347/445/1278 348/363/1279
f 357/369/1280 358/368/1281 359/366/1282
f 364/474/1283 363/388/1284 306/387/1285 310/343/1286 309/386/1287
f 376/405/1288 375/394/1289 381/477/1290 380/421/1291 315/335/1292 314/334/1293 299/330/1294 301/393/1295
f 375/394/1296 377/456/1297 254/395/1298 382/406/1299 381/477/1300
f 361/396/1301 360/473/1302 307/323/1303 364/474/1304
f 365/397/1305 366/434/1306 386/412/1307 385/437/1308
f 366/434/1309 365/398/1310 369/399/1311 368/400/1312
f 372/415/1313 371/401/1314 374/402/1315 373/416/1316
f 373/416/1317 374/403/1318 393/404/1319 394/442/1320
f 377/456/1321 376/405/1322 379/443/1323 378/457/1324
f 378/457/1325 379/443/1326 395/470/1327 396/446/1328
f 380/421/1329 382/406/1330 384/438/1331 383/422/1332
f 383/422/1333 384/438/1334 387/432/1335 388/435/1336
f 385/437/1337 386/412/1338 390/440/1339 389/424/1340
f 388/435/1341 387/432/1342 399/449/1343 400/468/1344
f 389/424/1345 390/440/1346 391/407/1347 392/408/1348
f 392/409/1349 391/418/1350 394/442/1351 393/410/1352
f 396/446/1353 395/470/1354 398/471/1355 397/466/1356
f 397/466/1357 398/471/1358 400/468/1359 399/449/1360
f 261/411/1361 390/440/1362 386/412/1363 249/433/1364
f 248/413/1365 366/434/1366 368/400/1367 252/389/1368
f 251/414/1369 372/415/1370 373/416/1371 262/441/1372
f 263/417/1373 394/442/1374 391/418/1375 260/419/1376
f 301/393/1377 303/420/1378 379/443/1379 376/405/1380
f 318/436/1381 315/335/1382 380/421/1383 383/422/1384
f 250/423/1385 385/437/1386 389/424/1387 275/459/1388 274/304/1389 256/301/1390
f 253/425/1391 369/426/1392 365/427/1393 250/423/1394 255/294/1395 287/317/1396 286/316/1397
f 254/395/1398 289/428/1399 288/309/1400 258/295/1401 257/429/1402 384/438/1403 382/406/1404
f 257/429/1405 259/430/1406 278/313/1407 277/431/1408 399/449/1409 387/432/1410
f 248/413/1411 249/433/1412 386/412/1413 366/434/1414
f 383/422/1415 388/435/1416 333/467/1417 332/353/1418 316/347/1419 318/436/1420
f 250//1421 365//1422 385//1423
f 384//1424 257//1425 387//1426
f 261/411/1427 260/439/1428 391/407/1429 390/440/1430
f 263/417/1431 262/441/1432 373/416/1433 394/442/1434
f 395/470/1435 379/443/1436 303/420/1437 302/444/1438 348/363/1439 347/445/1440
f 374//1441 265//1442 264//1443 393//1444
f 378/457/1445 396/446/1446 268/447/1447 271/448/1448
f 399/449/1449 277/450/1450 276/451/1451 397/466/1452
f 266/311/1453 265/452/1454 374/453/1455 371/454/1456 253/425/1457 282/455/1458 281/306/1459
f 271/448/1460 270/303/1461 285/315/1462 284/314/1463 254/395/1464 377/456/1465 378/457/1466
f 272/458/1467 275/459/1468 389/424/1469 392/460/1470
f 273/312/1471 272/461/1472 392/462/1473 393/463/1474 264/310/1475 267/302/1476
f 276/451/1477 279/305/1478 269/464/1479 268/465/1480 396/446/1481 397/466/1482
f 335/472/1483 333/467/1484 388/435/1485 400/468/1486
f 349/469/1487 398/471/1488 395/470/1489 347/445/1490
f 400/468/1491 398/471/1492 349/469/1493 335/472/1494
f 360//1495 361//1496 362//1497
f 363/388/1498 364/474/1499 307/323/1500
f 367/475/1501 368/400/1502 369/399/1503
f 370/476/1504 371/401/1505 372/415/1506
f 375/394/1507 376/405/1508 377/456/1509
f 380/421/1510 381/477/1511 382/406/1512
g default
v 2.729919 7.767089 -0.028281
v 2.729919 7.767089 0.028281
v 9.284910 7.745840 0.000000
v 9.284910 7.745838 0.028281
v 9.284910 7.745838 -0.028281
v 2.730618 7.928154 0.132785
v 2.730376 7.871588 0.132785
v 9.285488 7.878622 0.132785
v 9.285612 7.906904 0.132785
v 9.285366 7.850340 0.132785
v 2.731076 8.032652 -0.028281
v 2.731076 8.032652 0.028281
v 9.286074 8.011405 0.000000
v 9.286074 8.011405 -0.028281
v 9.286074 8.011405 0.028281
v 2.730376 7.871588 -0.132785
v 2.730618 7.928154 -0.132785
v 9.285488 7.878622 -0.132785
v 9.285366 7.850340 -0.132785
v 9.285612 7.906904 -0.132785
v 9.285488 7.878622 -0.118640
v 9.285551 7.892764 -0.090357
v 9.285428 7.864483 -0.090357
v 9.305552 7.892680 -0.090357
v 9.305428 7.864397 -0.090357
v 9.284972 7.759983 0.000000
v 9.285097 7.788266 -0.014141
v 9.285097 7.788266 0.014141
v 9.305092 7.788181 0.014141
v 9.305092 7.788181 -0.014141
v 9.286008 7.997261 0.000000
v 9.285888 7.968978 0.014141
v 9.285888 7.968978 -0.014141
v 9.305882 7.968893 0.014141
v 9.305882 7.968893 -0.014141
v 9.285488 7.878622 0.118640
v 9.285428 7.864483 0.090357
v 9.285551 7.892764 0.090357
v 9.305428 7.864397 0.090357
v 9.305552 7.892680 0.090357
v 9.043569 8.012193 0.028281
v 9.043569 8.012193 -0.028281
v 9.271604 8.011453 0.028281
v 9.271604 8.011453 -0.028281
v 9.073924 8.122096 -0.001719
v 9.073924 8.122096 0.001719
v 9.241960 8.121550 -0.001719
v 9.241960 8.121550 0.001719
v 7.024114 7.798165 -0.014141
v 7.024114 7.798165 0.014141
v 7.024450 7.874381 -0.090357
v 7.024573 7.902664 -0.090357
v 7.024905 7.978877 -0.014141
v 7.024905 7.978877 0.014141
v 7.024573 7.902664 0.090357
v 7.024450 7.874381 0.090357
vt 0.125000 0.043898
vt 0.168897 0.000000
vt 0.331102 0.250000
vt 0.168897 0.250000
vt 0.125000 0.206103
vt 0.375000 0.043898
vt 0.375000 0.293898
vt 0.375000 0.793897
vt 0.625000 0.956103
vt 0.375000 0.956102
vt 0.375000 0.543896
vt 0.331102 0.000001
vt 0.625000 0.000001
vt 0.375000 0.206103
vt 0.625000 0.206103
vt 0.375000 0.456104
vt 0.625000 0.456103
vt 0.375000 0.706102
vt 0.625000 0.706103
vt 0.625000 0.043897
vt 0.625000 0.293897
vt 0.624999 0.478051
vt 0.625000 0.543897
vt 0.624999 0.728052
vt 0.625000 0.793897
vt 0.625000 0.000000
vt 0.668897 0.000000
vt 0.831101 0.000000
vt 0.875000 0.000000
vt 0.875000 0.043897
vt 0.875000 0.206102
vt 0.875000 0.250000
vt 0.831103 0.250000
vt 0.668899 0.250000
vt 0.625000 0.250000
vt 0.658832 0.000000
vt 0.875000 0.033833
vt 0.841169 0.250000
vt 0.625000 0.216169
vt 0.841148 0.000000
vt 0.841169 0.000000
vt 0.625000 0.033839
vt 0.625000 0.033832
vt 0.875000 0.216159
vt 0.875000 0.216169
vt 0.658842 0.250000
vt 0.658833 0.250000
vt 0.875000 0.000000
vt 0.875000 0.033831
vt 0.625000 -0.000000
vt 0.658830 0.000000
vt 0.875000 0.250000
vt 0.841170 0.250000
vt 0.625000 0.250000
vt 0.625000 0.216171
vt 0.375000 0.543896
vt 0.375000 0.456104
vt 0.625000 0.456103
vt 0.625000 0.543897
vt 0.375000 0.543896
vt 0.375000 0.456104
vt 0.625000 0.456103
vt 0.625000 0.543897
vt 0.625000 0.033832
vt 0.658832 0.000000
vt 0.841169 0.000000
vt 0.875000 0.033833
vt 0.875000 0.216169
vt 0.841169 0.250000
vt 0.658833 0.250000
vt 0.625000 0.216169
vn -0.002292 -0.707113 0.707097
vn -0.002292 -0.707113 0.707097
vn -0.002292 -0.707113 0.707097
vn -0.002292 -0.707113 0.707097
vn 0.002292 0.707114 0.707096
vn 0.002292 0.707114 0.707096
vn 0.002292 0.707114 0.707096
vn 0.002292 0.707114 0.707096
vn 0.002292 0.707114 -0.707096
vn 0.002292 0.707114 -0.707096
vn 0.002292 0.707114 -0.707096
vn 0.002292 0.707114 -0.707096
vn -0.002292 -0.707113 -0.707097
vn -0.002292 -0.707113 -0.707097
vn -0.002292 -0.707113 -0.707097
vn -0.002292 -0.707113 -0.707097
vn -0.003009 -0.707090 -0.707117
vn -0.003009 -0.707090 -0.707117
vn -0.003009 -0.707090 -0.707117
vn -0.003009 -0.707090 -0.707117
vn 0.002977 0.707103 -0.707104
vn 0.002977 0.707103 -0.707104
vn 0.002977 0.707103 -0.707104
vn 0.002977 0.707103 -0.707104
vn 0.002977 0.707103 0.707104
vn 0.002977 0.707103 0.707104
vn 0.002977 0.707103 0.707104
vn 0.002977 0.707103 0.707104
vn -0.003009 -0.707090 0.707117
vn -0.003009 -0.707090 0.707117
vn -0.003009 -0.707090 0.707117
vn -0.003009 -0.707090 0.707117
vn 0.999990 -0.004368 -0.000016
vn 0.999990 -0.004368 -0.000016
vn 0.999990 -0.004368 -0.000016
vn 0.999990 -0.004368 -0.000016
vn 0.999990 -0.004368 -0.000016
vn 0.999990 -0.004368 -0.000016
vn 0.999990 -0.004368 -0.000016
vn 0.999990 -0.004368 -0.000016
vn 0.999990 -0.004368 0.000016
vn 0.999990 -0.004368 0.000016
vn 0.999990 -0.004368 0.000016
vn 0.999990 -0.004368 0.000016
vn 0.999990 -0.004368 0.000016
vn 0.999990 -0.004368 0.000016
vn 0.999990 -0.004368 0.000016
vn 0.999990 -0.004368 0.000016
vn 0.999990 -0.004404 0.000006
vn 0.999990 -0.004404 0.000006
vn 0.999990 -0.004404 0.000006
vn 0.999990 -0.004404 0.000006
vn 0.999990 -0.004404 0.000006
vn 0.999990 -0.004404 0.000006
vn 0.999990 -0.004404 0.000006
vn 0.999990 -0.004404 0.000006
vn -0.999991 0.004347 0.000000
vn -0.999991 0.004347 0.000000
vn -0.999991 0.004347 0.000000
vn -0.999991 0.004347 0.000000
vn -0.999991 0.004347 0.000000
vn -0.999991 0.004347 0.000000
vn -0.999991 0.004347 0.000000
vn -0.999991 0.004347 0.000000
vn 0.999990 -0.004404 -0.000006
vn 0.999990 -0.004404 -0.000006
vn 0.999990 -0.004404 -0.000006
vn 0.999990 -0.004404 -0.000006
vn 0.999990 -0.004404 -0.000006
vn 0.999990 -0.004404 -0.000006
vn 0.999990 -0.004404 -0.000006
vn 0.999990 -0.004404 -0.000006
vn -0.003242 -0.999995 0.000000
vn -0.003242 -0.999995 0.000000
vn -0.003242 -0.999995 0.000000
vn -0.003242 -0.999995 0.000000
vn -0.000000 0.000005 1.000000
vn -0.000000 0.000005 1.000000
vn -0.000000 0.000005 1.000000
vn -0.000000 0.000005 1.000000
vn -0.003248 -0.999995 -0.000000
vn -0.003248 -0.999995 -0.000000
vn -0.003248 -0.999995 -0.000000
vn -0.003248 -0.999995 -0.000000
vn -0.000000 0.000005 -1.000000
vn -0.000000 0.000005 -1.000000
vn -0.000000 0.000005 -1.000000
vn -0.000000 0.000005 -1.000000
vn 0.999983 -0.005678 -0.001314
vn 0.000000 -0.000000 -0.000000
vn 0.000000 -0.000000 -0.000000
vn 0.000006 0.001320 -0.999999
vn 0.000000 0.000000 -0.000000
vn 0.000006 0.001320 -0.999999
vn 0.000000 0.000000 0.000000
vn 0.000000 0.000000 0.000000
vn 0.000000 0.000000 0.000000
vn -0.000006 -0.001320 0.999999
vn -0.000006 -0.001320 0.999999
vn -0.000000 -0.000000 0.000000
vn 0.999990 -0.004375 0.000000
vn 0.999990 -0.004375 0.000000
vn 0.999990 -0.004375 0.000000
vn 0.999990 -0.004375 0.000000
vn 0.999990 -0.004375 0.000000
vn 0.999990 -0.004375 0.000000
vn 0.999990 -0.004375 0.000000
vn 0.999990 -0.004375 0.000000
vn 0.000000 0.000000 -1.000000
vn 0.000000 0.000000 -1.000000
vn 0.000000 0.000000 -1.000000
vn 0.000000 0.000000 -1.000000
vn -0.004241 -0.999991 0.000000
vn -0.004241 -0.999991 0.000000
vn -0.004241 -0.999991 0.000000
vn -0.004241 -0.999991 0.000000
vn 0.004240 0.999991 0.000000
vn 0.004240 0.999991 0.000000
vn 0.004240 0.999991 0.000000
vn 0.004240 0.999991 0.000000
vn -0.000000 0.000000 1.000000
vn -0.000000 0.000000 1.000000
vn -0.000000 0.000000 1.000000
vn -0.000000 0.000000 1.000000
vn 0.999991 -0.004333 -0.000046
vn 0.999991 -0.004333 -0.000046
vn 0.999991 -0.004333 -0.000046
vn 0.999990 -0.004425 -0.000000
vn 0.999990 -0.004425 -0.000000
vn 0.999990 -0.004425 -0.000000
vn 0.999991 -0.004240 -0.000000
vn 0.999991 -0.004240 -0.000000
vn 0.999991 -0.004240 -0.000000
vn 0.999991 -0.004333 0.000046
vn 0.999991 -0.004333 0.000046
vn 0.999991 -0.004333 0.000046
vn 0.003241 0.999995 0.000000
vn 0.003241 0.999995 0.000000
vn 0.003241 0.999995 0.000000
vn 0.003241 0.999995 0.000000
vn 0.000000 0.000000 1.000000
vn 0.000000 0.000000 1.000000
vn 0.000000 0.000000 1.000000
vn 0.000000 0.000000 1.000000
vn 0.003302 0.999995 -0.000000
vn 0.003302 0.999995 -0.000000
vn 0.003302 0.999995 -0.000000
vn 0.003302 0.999995 -0.000000
vn 0.000004 -0.000397 -1.000000
vn 0.000004 -0.000397 -1.000000
vn 0.000004 -0.000397 -1.000000
vn 0.000004 -0.000397 -1.000000
vn -0.963909 0.266231 -0.000000
vn -0.963909 0.266231 -0.000000
vn -0.963909 0.266231 -0.000000
vn -0.963909 0.266231 -0.000000
vn 0.000854 0.263118 0.964763
vn 0.000854 0.263118 0.964763
vn 0.000854 0.263118 0.964763
vn 0.000854 0.263118 0.964763
vn 0.965611 0.259991 -0.000000
vn 0.965611 0.259991 -0.000000
vn 0.965611 0.259991 -0.000000
vn 0.965611 0.259991 -0.000000
vn 0.000854 0.263118 -0.964763
vn 0.000854 0.263118 -0.964763
vn 0.000854 0.263118 -0.964763
vn 0.000854 0.263118 -0.964763
vn 0.004377 0.999990 0.000000
vn 0.004377 0.999990 0.000000
vn 0.004377 0.999990 0.000000
vn 0.004377 0.999990 0.000000
vn 0.003095 0.707093 0.707114
vn 0.003095 0.707093 0.707114
vn 0.003095 0.707093 0.707114
vn 0.003095 0.707093 0.707114
vn -0.000000 0.000000 1.000000
vn -0.000000 0.000000 1.000000
vn -0.000000 0.000000 1.000000
vn -0.000000 0.000000 1.000000
vn -0.003095 -0.707106 0.707101
vn -0.003095 -0.707106 0.707101
vn -0.003095 -0.707106 0.707101
vn -0.003095 -0.707106 0.707101
vn -0.004377 -0.999990 0.000000
vn -0.004377 -0.999990 0.000000
vn -0.004377 -0.999990 0.000000
vn -0.004377 -0.999990 0.000000
vn -0.003095 -0.707106 -0.707101
vn -0.003095 -0.707106 -0.707101
vn -0.003095 -0.707106 -0.707101
vn -0.003095 -0.707106 -0.707101
vn -0.000000 -0.000000 -1.000000
vn 0.000000 -0.000000 -1.000000
vn 0.000000 0.000000 -1.000000
vn 0.000000 0.000000 -1.000000
vn 0.003095 0.707093 -0.707114
vn 0.003095 0.707093 -0.707114
vn 0.003095 0.707093 -0.707114
vn 0.003095 0.707093 -0.707114
s off
g Barrel
usemtl standardSurface2SG
f 402/483/1513 404/497/1514 410/492/1515 407/491/1516
f 406/484/1517 409/498/1518 415/494/1519 412/493/1520
f 411/488/1521 414/500/1522 420/496/1523 417/495/1524
f 416/485/1525 419/502/1526 405/486/1527 401/487/1528
f 430/513/1529 427/528/1530 423/517/1531 425/518/1532
f 424/514/1533 422/526/1534 433/521/1535 435/522/1536
f 434/515/1537 432/530/1538 438/523/1539 440/524/1540
f 439/516/1541 437/532/1542 428/519/1543 429/520/1544
f 403/503/1545 405/504/1546 419/505/1547 418/506/1548 421/525/1549 423/517/1550 427/528/1551 426/527/1552
f 408/512/1553 410/492/1554 404/497/1555 403/503/1556 426/527/1557 428/519/1558 437/532/1559 436/531/1560
f 413/509/1561 415/510/1562 409/511/1563 408/512/1564 436/531/1565 438/523/1566 432/530/1567 431/529/1568
f 417/478/1569 416/479/1570 401/489/1571 402/483/1572 407/491/1573 406/480/1574 412/481/1575 411/482/1576
f 418/506/1577 420/507/1578 414/508/1579 413/509/1580 431/529/1581 433/521/1582 422/526/1583 421/525/1584
f 402/483/1585 401/489/1586 405/490/1587 404/497/1588
f 406/484/1589 407/491/1590 410/492/1591 409/498/1592
f 446/537/1593 445/538/1594 447/539/1595 448/540/1596
f 416/485/1597 417/495/1598 420/496/1599 419/502/1600
f 403/503/1601 404/497/1602 405/490/1603
f 408/512/1604 409/498/1605 410/492/1606
f 413/499/1607 414/500/1608 415/494/1609
f 418/501/1610 419/502/1611 420/496/1612
f 450/541/1613 449/542/1614 451/543/1615 452/544/1616 453/545/1617 454/546/1618 455/547/1619 456/548/1620
f 423/517/1621 422/526/1622 424/514/1623 425/518/1624
f 428/519/1625 427/528/1626 430/513/1627 429/520/1628
f 433/521/1629 432/530/1630 434/515/1631 435/522/1632
f 438/523/1633 437/532/1634 439/516/1635 440/524/1636
f 421/525/1637 422/526/1638 423/517/1639
f 426/527/1640 427/528/1641 428/519/1642
f 431/529/1643 432/530/1644 433/521/1645
f 436/531/1646 437/532/1647 438/523/1648
f 411/488/1649 412/493/1650 441/534/1651 442/533/1652
f 412/493/1653 415/494/1654 443/535/1655 441/534/1656
f 415/494/1657 414/500/1658 444/536/1659 443/535/1660
f 414/500/1661 411/488/1662 442/533/1663 444/536/1664
f 442/533/1665 441/534/1666 445/538/1667 446/537/1668
f 441/534/1669 443/535/1670 447/539/1671 445/538/1672
f 443/535/1673 444/536/1674 448/540/1675 447/539/1676
f 444/536/1677 442/533/1678 446/537/1679 448/540/1680
f 429/520/1681 430/513/1682 449/542/1683 450/541/1684
f 430/513/1685 425/518/1686 451/543/1687 449/542/1688
f 425/518/1689 424/514/1690 452/544/1691 451/543/1692
f 424/514/1693 435/522/1694 453/545/1695 452/544/1696
f 435/522/1697 434/515/1698 454/546/1699 453/545/1700
f 434/515/1701 440/524/1702 455/547/1703 454/546/1704
f 440/524/1705 439/516/1706 456/548/1707 455/547/1708
f 439/516/1709 429/520/1710 450/541/1711 456/548/1712
g default
v 0.035983 7.046459 0.028483
v 0.035983 7.046459 -0.028483
v 0.008792 7.294803 0.028481
v 0.065445 7.288836 0.028481
v 0.065445 7.288836 -0.028485
v 0.008792 7.294803 -0.028485
v 0.027277 7.121946 0.028483
v 0.014825 7.109628 0.028483
v 0.028921 7.097232 0.028483
v 0.027274 7.121537 -0.011545
v 0.029007 7.096615 -0.028483
v 0.010341 7.109667 -0.028483
v 0.063513 6.963644 -0.028483
v 0.047312 6.966889 -0.028483
v 0.053649 6.986365 -0.028483
v 0.063513 6.963644 0.028483
v 0.053649 6.986365 0.028483
v 0.047312 6.966889 0.028483
v 0.115999 6.880456 -0.028483
v 0.098398 6.880841 -0.028483
v 0.100989 6.900161 -0.028483
v 0.115999 6.880456 0.028483
v 0.100989 6.900161 0.028483
v 0.098398 6.880841 0.028483
v 0.029946 7.188119 -0.028484
v 0.027494 7.162719 -0.010553
v 0.011022 7.179561 -0.028483
v 0.029827 7.187478 0.028482
v 0.015577 7.178376 0.028483
v 0.027495 7.162819 0.028483
v 0.042281 7.238076 0.028481
v 0.024759 7.225692 0.028481
v 0.034827 7.214455 0.028482
v 0.042281 7.238076 -0.028485
v 0.034827 7.214455 -0.028484
v 0.024759 7.225692 -0.028485
v -0.019898 7.116876 0.028483
v -0.018582 7.103040 0.028483
v -0.012772 7.109856 0.028483
v -0.019898 7.116876 -0.028483
v -0.012772 7.109856 -0.028483
v -0.018582 7.103040 -0.028483
v -0.006108 7.035220 0.028483
v -0.001512 7.042526 0.028483
v -0.009566 7.048681 0.028483
v -0.006108 7.035220 -0.028483
v -0.009566 7.048681 -0.028483
v -0.001512 7.042526 -0.028483
v 0.028635 6.943819 -0.028483
v 0.021806 6.955928 -0.028483
v 0.029682 6.953476 -0.028483
v 0.028635 6.943819 0.028483
v 0.029682 6.953476 0.028483
v 0.021806 6.955928 0.028483
v 0.094382 6.867530 -0.028483
v 0.083893 6.876652 -0.028483
v 0.093384 6.876022 -0.028483
v 0.094382 6.867530 0.028483
v 0.093384 6.876022 0.028483
v 0.083893 6.876652 0.028483
v -0.020142 7.194917 0.028483
v -0.021513 7.181082 0.028483
v -0.014963 7.186334 0.028483
v -0.020142 7.194917 -0.028484
v -0.014963 7.186334 -0.028483
v -0.021513 7.181082 -0.028483
v -0.011824 7.229093 0.028481
v -0.015443 7.215673 0.028482
v -0.006981 7.223037 0.028481
v -0.011824 7.229093 -0.028485
v -0.006981 7.223037 -0.028485
v -0.015443 7.215673 -0.028485
v 0.149745 6.845565 -0.028483
v 0.152049 6.840861 -0.028483
v 0.149745 6.845565 0.028483
v 0.152049 6.840861 0.028483
v 0.152532 6.837493 -0.028483
v 0.152532 6.837493 0.028483
v 0.145924 6.835981 -0.028483
v 0.150345 6.836054 -0.028483
v 0.150345 6.836054 0.028483
v 0.145924 6.835981 0.028483
vt 0.625000 0.000001
vt 0.875000 0.000000
vt 0.625000 0.250000
vt 0.625000 0.250000
vt 0.875000 0.198810
vt 0.812357 0.250000
vt 0.625000 0.425666
vt 0.625000 0.750000
vt 0.625000 1.000000
vt 0.625000 0.750000
vt 0.625000 1.000000
vt 0.625000 0.421314
vt 0.625000 0.250000
vt 0.625000 0.250000
vt 0.625000 0.500000
vt 0.625000 0.201252
vt 0.625000 0.750000
vt 0.625000 1.000000
vt 0.625000 0.750000
vt 0.625000 1.000000
vt 0.625000 0.500000
vt 0.625000 0.250000
vt 0.625000 0.250000
vt 0.625000 0.500000
vt 0.559029 0.250000
vt 0.412023 0.250000
vt 0.624999 0.551190
vt 0.625000 0.749998
vt 0.413917 0.750000
vt 0.375000 0.724736
vt 0.375000 0.750000
vt 0.550370 0.750000
vt 0.416883 0.750000
vt 0.625000 1.000000
vt 0.413917 1.000000
vt 0.507222 0.750000
vt 0.441104 0.750000
vt 0.550370 1.000000
vt 0.564162 0.250000
vt 0.409141 0.250000
vt 0.535143 0.500000
vt 0.375000 0.250000
vt 0.564509 0.250000
vt 0.408946 0.250000
vt 0.564508 0.500000
vt 0.624998 0.500000
vt 0.541043 0.500000
vt 0.125000 0.224772
vt 0.375000 1.000000
vt 0.375000 0.500000
vt 0.375000 0.500000
vt 0.375000 0.224772
vt 0.125000 0.250000
vt 0.375000 0.000000
vt 0.125000 0.025264
vt 0.375000 0.750000
vt 0.375000 1.000000
vt 0.375000 0.750000
vt 0.375004 1.000000
vt 0.375000 0.250000
vt 0.375000 0.500000
vt 0.375000 0.250000
vt 0.375000 0.500000
vt 0.375000 0.250000
vt 0.412023 0.500000
vt 0.375000 0.525228
vt 0.411111 0.000000
vt 0.413916 0.000001
vt 0.375000 0.025264
vt 0.125000 0.000000
vt 0.125000 0.000000
vt 0.375000 0.750000
vt 0.416883 1.000000
vt 0.375000 1.000000
vt 0.375000 0.750000
vt 0.441107 1.000000
vt 0.375004 1.000000
vt 0.375000 0.250000
vt 0.409142 0.500000
vt 0.375000 0.500000
vt 0.375000 0.250000
vt 0.408948 0.500000
vt 0.375000 0.500000
vt 0.625000 1.000000
vt 0.569110 0.750000
vt 0.625000 0.750000
vt 0.569108 1.000000
vt 0.507222 1.000000
vt 0.375008 0.750000
vt 0.437502 1.000000
vt 0.500004 0.750000
vt 0.500000 1.000000
vt 0.437508 0.750000
vt 0.375000 1.000000
vn 0.104758 0.994498 0.000000
vn 0.104758 0.994498 0.000000
vn 0.104758 0.994498 0.000000
vn 0.104758 0.994498 0.000000
vn 0.989867 0.141995 0.000000
vn 0.989867 0.141995 0.000000
vn 0.989867 0.141995 0.000000
vn 0.989867 0.141995 0.000000
vn 0.990465 0.137766 -0.000001
vn 0.990465 0.137766 -0.000001
vn 0.990465 0.137766 -0.000001
vn 0.990465 0.137766 -0.000001
vn -0.986523 -0.163623 0.000000
vn -0.986523 -0.163623 0.000000
vn -0.986523 -0.163623 0.000000
vn -0.986523 -0.163623 0.000000
vn 0.959403 0.282038 0.000000
vn 0.959403 0.282038 0.000000
vn 0.959403 0.282038 0.000000
vn 0.959403 0.282038 0.000000
vn -0.000000 0.000000 1.000000
vn -0.000000 0.000000 1.000000
vn -0.000000 0.000000 1.000000
vn -0.000000 0.000000 1.000000
vn -0.000000 0.000000 1.000000
vn -0.000000 0.000000 1.000000
vn -0.000000 0.000000 1.000000
vn -0.943254 -0.332072 0.000000
vn -0.943254 -0.332072 0.000000
vn -0.943254 -0.332072 0.000000
vn -0.943254 -0.332072 0.000000
vn 0.861144 0.508360 0.000000
vn 0.861144 0.508360 0.000000
vn 0.861144 0.508360 0.000000
vn 0.861144 0.508360 0.000000
vn -0.772247 -0.635323 0.000000
vn -0.772247 -0.635323 0.000000
vn -0.772247 -0.635323 0.000000
vn -0.772247 -0.635323 0.000000
vn 0.718810 0.695207 0.000000
vn 0.718810 0.695207 0.000000
vn 0.718810 0.695207 0.000000
vn 0.718810 0.695207 0.000000
vn -0.522065 -0.852906 0.000000
vn -0.522065 -0.852906 0.000000
vn -0.522065 -0.852906 0.000000
vn -0.522065 -0.852906 0.000000
vn -0.000001 -0.000003 -1.000000
vn -0.000001 -0.000003 -1.000000
vn -0.000001 -0.000003 -1.000000
vn -0.000001 -0.000003 -1.000000
vn -0.000001 -0.000003 -1.000000
vn -0.000001 -0.000003 -1.000000
vn -0.999684 -0.025146 0.000000
vn -0.999684 -0.025146 0.000000
vn -0.999684 -0.025146 0.000000
vn -0.999684 -0.025146 0.000000
vn 0.983256 -0.182230 0.000001
vn 0.983256 -0.182230 0.000001
vn 0.983256 -0.182230 0.000001
vn 0.983256 -0.182230 0.000001
vn -0.975314 0.220823 0.000000
vn -0.975314 0.220823 0.000000
vn -0.975314 0.220823 0.000000
vn -0.975314 0.220823 0.000000
vn 0.909750 -0.415156 -0.000001
vn 0.909750 -0.415156 -0.000001
vn 0.909750 -0.415156 -0.000001
vn 0.909750 -0.415156 -0.000001
vn -0.954140 0.299362 0.000000
vn -0.954140 0.299362 0.000000
vn -0.954140 0.299362 0.000000
vn -0.954140 0.299362 0.000000
vn 0.000000 0.000000 1.000000
vn 0.000000 0.000000 1.000000
vn 0.000000 0.000000 1.000000
vn 0.000000 0.000000 1.000000
vn 0.000000 0.000000 1.000000
vn 0.000000 0.000000 1.000000
vn 0.000000 0.000000 1.000000
vn 0.000000 0.000000 1.000000
vn -0.000000 0.000000 1.000000
vn -0.000000 0.000000 1.000000
vn -0.000000 0.000000 1.000000
vn -0.000000 0.000000 1.000000
vn -0.000000 0.000000 1.000000
vn -0.000000 0.000000 1.000000
vn -0.000000 0.000000 1.000000
vn -0.000000 0.000000 1.000000
vn -0.000000 0.000000 1.000000
vn -0.000003 -0.000037 -1.000000
vn -0.000003 -0.000037 -1.000000
vn -0.000003 -0.000037 -1.000000
vn -0.000003 -0.000037 -1.000000
vn -0.000003 -0.000037 -1.000000
vn -0.000003 -0.000037 -1.000000
vn -0.000003 -0.000037 -1.000000
vn -0.000003 -0.000037 -1.000000
vn 0.000000 -0.000000 -1.000000
vn 0.000000 -0.000000 -1.000000
vn 0.000000 -0.000000 -1.000000
vn 0.000000 -0.000000 -1.000000
vn 0.000000 -0.000000 -1.000000
vn 0.000000 -0.000000 -1.000000
vn 0.999986 -0.005339 -0.000006
vn 0.999986 -0.005339 -0.000006
vn 0.999986 -0.005339 -0.000006
vn 0.999986 -0.005339 -0.000006
vn 0.997698 0.067819 0.000140
vn 0.997698 0.067819 0.000140
vn 0.997698 0.067819 0.000140
vn 0.997698 0.067819 0.000140
vn 0.722112 0.000321 -0.691776
vn 0.722112 0.000321 -0.691776
vn 0.722112 0.000321 -0.691776
vn 0.722112 0.000321 -0.691776
vn 0.917283 0.398236 0.000000
vn 0.917283 0.398236 0.000000
vn 0.917283 0.398236 0.000000
vn 0.917283 0.398236 0.000000
vn 0.795488 0.605969 0.000000
vn 0.795488 0.605969 0.000000
vn 0.795488 0.605969 0.000000
vn 0.795488 0.605969 0.000000
vn 0.995489 -0.094876 0.000690
vn 0.995489 -0.094876 0.000690
vn 0.995489 -0.094876 0.000690
vn 0.995489 -0.094876 0.000690
vn 0.953640 -0.300949 -0.000001
vn 0.953640 -0.300949 -0.000001
vn 0.953640 -0.300949 -0.000001
vn 0.953640 -0.300949 -0.000001
vn 0.000002 0.000002 1.000000
vn 0.000002 0.000002 1.000000
vn 0.000002 0.000002 1.000000
vn 0.376558 0.538490 -0.753812
vn 0.376558 0.538490 -0.753812
vn 0.376558 0.538490 -0.753812
vn 0.000000 0.000000 -1.000000
vn 0.000000 0.000000 -1.000000
vn 0.000000 0.000000 -1.000000
vn -0.000000 0.000000 1.000000
vn -0.000000 0.000000 1.000000
vn -0.000000 0.000000 1.000000
vn -0.000000 0.000000 -1.000000
vn -0.000000 0.000000 -1.000000
vn -0.000000 0.000000 -1.000000
vn -0.000000 0.000000 1.000000
vn -0.000000 0.000000 1.000000
vn -0.000000 0.000000 1.000000
vn 0.259369 -0.573537 -0.777035
vn 0.259369 -0.573537 -0.777035
vn 0.259369 -0.573537 -0.777035
vn 0.000017 0.000015 1.000000
vn 0.000017 0.000015 1.000000
vn 0.000017 0.000015 1.000000
vn -0.000015 0.000021 1.000000
vn -0.000015 0.000021 1.000000
vn -0.000015 0.000021 1.000000
vn 0.000015 -0.000021 -1.000000
vn 0.000015 -0.000021 -1.000000
vn 0.000015 -0.000021 -1.000000
vn 0.000000 0.000003 1.000000
vn 0.000000 0.000003 1.000000
vn 0.000000 0.000003 1.000000
vn 0.000000 0.000003 1.000000
vn 0.000000 0.000003 1.000000
vn 0.000000 0.000003 1.000000
vn 0.000000 0.000003 1.000000
vn 0.000000 0.000003 1.000000
vn 0.000000 0.000000 -1.000000
vn 0.000000 0.000000 -1.000000
vn 0.000000 0.000000 -1.000000
vn 0.000000 0.000000 -1.000000
vn 0.000000 0.000000 -1.000000
vn 0.000000 0.000000 -1.000000
vn 0.000000 0.000000 -1.000000
vn 0.000000 0.000000 1.000000
vn 0.000000 0.000000 1.000000
vn 0.000000 0.000000 1.000000
vn 0.000000 0.000000 1.000000
vn 0.000000 0.000000 1.000000
vn 0.000000 0.000000 1.000000
vn 0.000000 0.000000 1.000000
vn -0.000000 0.000000 -1.000000
vn -0.000000 0.000000 -1.000000
vn -0.000000 0.000000 -1.000000
vn -0.000000 0.000000 -1.000000
vn -0.000000 0.000000 -1.000000
vn -0.000000 0.000000 -1.000000
vn -0.000000 0.000000 -1.000000
vn 0.000000 0.000000 -1.000000
vn 0.000000 0.000000 -1.000000
vn 0.000000 0.000000 -1.000000
vn 0.000000 0.000000 -1.000000
vn 0.000000 0.000000 -1.000000
vn 0.000000 0.000000 -1.000000
vn 0.000000 0.000000 -1.000000
vn 0.000000 0.000000 -1.000000
vn -0.000000 0.000000 -1.000000
vn -0.000000 0.000000 -1.000000
vn -0.000000 0.000000 -1.000000
vn -0.000000 0.000000 -1.000000
vn -0.000000 0.000000 -1.000000
vn -0.000000 0.000000 -1.000000
vn -0.000000 0.000000 -1.000000
vn -0.000000 0.000000 -1.000000
vn -0.000000 0.000000 -1.000000
vn 0.000003 0.000037 1.000000
vn 0.000003 0.000037 1.000000
vn 0.000003 0.000037 1.000000
vn 0.000003 0.000037 1.000000
vn 0.000003 0.000037 1.000000
vn 0.000003 0.000037 1.000000
vn 0.000003 0.000037 1.000000
vn 0.000003 0.000037 1.000000
vn 0.000000 0.000000 1.000000
vn 0.000000 0.000000 1.000000
vn 0.000000 0.000000 1.000000
vn 0.000000 0.000000 1.000000
vn 0.000000 0.000000 1.000000
vn 0.000000 0.000000 1.000000
vn -0.995510 -0.094660 0.000000
vn -0.995510 -0.094660 0.000000
vn -0.995510 -0.094660 0.000000
vn -0.995510 -0.094660 0.000000
vn -0.968551 -0.248815 0.000000
vn -0.968551 -0.248815 0.000000
vn -0.968551 -0.248815 0.000000
vn -0.968551 -0.248815 0.000000
vn -0.871045 -0.491203 0.000000
vn -0.871045 -0.491203 0.000000
vn -0.871045 -0.491203 0.000000
vn -0.871045 -0.491203 0.000000
vn -0.656223 -0.754567 0.000000
vn -0.656223 -0.754567 0.000000
vn -0.656223 -0.754567 0.000000
vn -0.656223 -0.754567 0.000000
vn -0.995131 0.098558 0.000000
vn -0.995131 0.098558 0.000000
vn -0.995131 0.098558 0.000000
vn -0.995131 0.098558 0.000000
vn -0.965513 0.260355 0.000000
vn -0.965513 0.260355 0.000000
vn -0.965513 0.260355 0.000000
vn -0.965513 0.260355 0.000000
vn -0.000001 0.000001 1.000000
vn -0.000001 0.000001 1.000000
vn -0.000001 0.000001 1.000000
vn 0.000001 -0.000001 -1.000000
vn 0.000001 -0.000001 -1.000000
vn 0.000001 -0.000001 -1.000000
vn 0.000000 0.000000 1.000000
vn 0.000000 0.000000 1.000000
vn 0.000000 0.000000 1.000000
vn 0.000000 0.000000 -1.000000
vn 0.000000 0.000000 -1.000000
vn 0.000000 0.000000 -1.000000
vn 0.000000 0.000000 -1.000000
vn 0.000000 0.000000 -1.000000
vn 0.000000 0.000000 -1.000000
vn 0.000000 0.000000 1.000000
vn 0.000000 0.000000 1.000000
vn 0.000000 0.000000 1.000000
vn 0.000000 0.000000 -1.000000
vn 0.000000 0.000000 -1.000000
vn 0.000000 0.000000 -1.000000
vn 0.000000 0.000000 1.000000
vn 0.000000 0.000000 1.000000
vn 0.000000 0.000000 1.000000
vn -0.000019 0.000026 1.000000
vn -0.000019 0.000026 1.000000
vn -0.000019 0.000026 1.000000
vn 0.000016 -0.000026 -1.000000
vn 0.000016 -0.000026 -1.000000
vn 0.000016 -0.000026 -1.000000
vn 0.000022 0.000018 1.000000
vn 0.000022 0.000018 1.000000
vn 0.000022 0.000018 1.000000
vn -0.000024 -0.000019 -1.000000
vn -0.000024 -0.000019 -1.000000
vn -0.000024 -0.000019 -1.000000
vn 0.898058 0.439877 0.000000
vn 0.898058 0.439877 0.000000
vn 0.898058 0.439877 0.000000
vn 0.898058 0.439877 0.000000
vn 0.549652 -0.835393 0.000000
vn 0.549652 -0.835393 0.000000
vn 0.549652 -0.835393 0.000000
vn 0.549652 -0.835393 0.000000
vn 0.016404 -0.999865 0.000000
vn 0.016404 -0.999865 0.000000
vn 0.016404 -0.999865 0.000000
vn 0.016404 -0.999865 0.000000
s off
g Trigger
usemtl standardSurface2SG
f 459/590/1713 460/551/1714 461/594/1715 462/599/1716
f 534/640/1717 533/639/1718 530/633/1719 532/635/1720
f 457/549/1721 458/550/1722 467/553/1723 465/564/1724
f 503/603/1725 501/617/1726 494/600/1727 498/596/1728
f 458/576/1729 457/582/1730 473/557/1731 471/565/1732
f 457/582/1733 500/583/1734 499/597/1735 510/622/1736 509/621/1737 474/586/1738 473/557/1739
f 499/597/1740 502/579/1741 506/604/1742 510/622/1743
f 469/556/1744 472/566/1745 479/559/1746 477/567/1747
f 508/605/1748 505/620/1749 512/606/1750 516/625/1751
f 475/558/1752 478/568/1753 531/632/1754 529/634/1755
f 514/607/1756 511/623/1757 535/637/1758 538/642/1759
f 483/595/1760 468/589/1761 497/613/1762 496/598/1763 522/628/1764 521/627/1765
f 496/598/1766 493/612/1767 518/608/1768 522/628/1769
f 484/561/1770 481/569/1771 491/563/1772 489/571/1773
f 520/609/1774 517/626/1775 524/610/1776 528/631/1777
f 487/562/1778 490/572/1779 461/594/1780 460/551/1781
f 526/611/1782 523/629/1783 459/590/1784 462/599/1785
f 472/566/1786 474/586/1787 509/621/1788 508/605/1789 516/625/1790 515/624/1791 480/636/1792 479/559/1793
f 478/568/1794 480/636/1795 515/624/1796 514/607/1797 538/642/1798 537/638/1799 534/640/1800 532/635/1801 531/632/1802
f 481/569/1803 483/595/1804 521/627/1805 520/609/1806 528/631/1807 527/630/1808 492/593/1809 491/563/1810
f 490/572/1811 492/593/1812 527/630/1813 526/611/1814 462/599/1815 461/594/1816
f 463/552/1817 466/555/1818 482/560/1819 486/570/1820
f 463/552/1821 465/564/1822 467/553/1823 466/554/1824
f 466/555/1825 468/589/1826 483/595/1827 482/560/1828
f 469/556/1829 471/565/1830 473/557/1831 472/566/1832
f 475/558/1833 477/567/1834 479/559/1835 478/568/1836
f 482/560/1837 481/569/1838 484/561/1839 486/570/1840
f 487/562/1841 489/571/1842 491/563/1843 490/572/1844
f 463/552/1845 464/573/1846 465/564/1847
f 466/555/1848 467/575/1849 468/589/1850
f 469/556/1851 470/580/1852 471/565/1853
f 472/566/1854 473/557/1855 474/586/1856
f 475/558/1857 476/584/1858 477/567/1859
f 478/568/1860 479/559/1861 480/636/1862
f 481/569/1863 482/560/1864 483/595/1865
f 484/561/1866 485/587/1867 486/570/1868
f 487/562/1869 488/591/1870 489/571/1871
f 490/572/1872 491/563/1873 492/593/1874
f 493/612/1875 495/574/1876 464/573/1877 463/552/1878 486/570/1879 485/587/1880 519/588/1881 518/608/1882
f 498/614/1883 497/613/1884 468/589/1885 467/575/1886 458/576/1887 504/577/1888 503/578/1889
f 501/617/1890 500/616/1891 457/549/1892 465/564/1893 464/573/1894 495/574/1895 494/600/1896
f 502/579/1897 504/577/1898 458/576/1899 471/565/1900 470/580/1901 507/581/1902 506/604/1903
f 505/620/1904 507/581/1905 470/580/1906 469/556/1907 477/567/1908 476/584/1909 513/585/1910 512/606/1911
f 511/623/1912 513/585/1913 476/584/1914 475/558/1915 529/634/1916 530/633/1917 533/639/1918 536/641/1919 535/637/1920
f 517/626/1921 519/588/1922 485/587/1923 484/561/1924 489/571/1925 488/591/1926 525/592/1927 524/610/1928
f 523/629/1929 525/592/1930 488/591/1931 487/562/1932 460/551/1933 459/590/1934
f 494/600/1935 493/612/1936 496/601/1937 498/596/1938
f 499/602/1939 501/617/1940 503/603/1941 502/618/1942
f 506/604/1943 505/620/1944 508/605/1945 510/622/1946
f 512/606/1947 511/623/1948 514/607/1949 516/625/1950
f 518/608/1951 517/626/1952 520/609/1953 522/628/1954
f 524/610/1955 523/629/1956 526/611/1957 528/631/1958
f 493/612/1959 494/600/1960 495/574/1961
f 496/598/1962 497/613/1963 498/614/1964
f 499/615/1965 500/616/1966 501/617/1967
f 502/618/1968 503/603/1969 504/619/1970
f 505/620/1971 506/604/1972 507/581/1973
f 508/605/1974 509/621/1975 510/622/1976
f 511/623/1977 512/606/1978 513/585/1979
f 514/607/1980 515/624/1981 516/625/1982
f 517/626/1983 518/608/1984 519/588/1985
f 520/609/1986 521/627/1987 522/628/1988
f 523/629/1989 524/610/1990 525/592/1991
f 526/611/1992 527/630/1993 528/631/1994
f 530/633/1995 529/634/1996 531/632/1997 532/635/1998
f 537/638/1999 536/641/2000 533/639/2001 534/640/2002
f 535/637/2003 536/641/2004 537/638/2005 538/642/2006
g default
v 0.036556 7.484384 0.317188
v 0.003787 7.485964 0.317188
v 0.003250 7.474839 0.317188
v 0.013770 7.474332 0.317188
v 0.011447 7.426166 0.317188
v 0.022894 7.425613 0.317188
v 0.025217 7.473780 0.317188
v 0.036020 7.473259 0.317188
v 0.054128 7.485030 0.317188
v 0.043205 7.485557 0.317188
v 0.040273 7.424775 0.317188
v 0.051196 7.424248 0.317188
v 0.052045 7.441862 0.317188
v 0.052965 7.450867 0.317188
v 0.056581 7.456753 0.317188
v 0.062432 7.458693 0.317188
v 0.066701 7.457153 0.317188
v 0.068985 7.453004 0.317188
v 0.069213 7.442650 0.317188
v 0.068286 7.423424 0.317188
v 0.079129 7.422901 0.317188
v 0.080527 7.451881 0.317188
v 0.077251 7.463553 0.317188
v 0.066465 7.468599 0.317188
v 0.059788 7.467527 0.317188
v 0.053097 7.463668 0.317188
v 0.112569 7.466375 0.317188
v 0.096025 7.460526 0.317188
v 0.088752 7.444172 0.317188
v 0.094455 7.427555 0.317188
v 0.110949 7.420235 0.317188
v 0.122550 7.422038 0.317188
v 0.131204 7.428913 0.317188
v 0.122143 7.433714 0.317188
v 0.111335 7.429912 0.317188
v 0.102983 7.433082 0.317188
v 0.099251 7.440716 0.317188
v 0.134600 7.439011 0.317188
v 0.134741 7.441105 0.317188
v 0.129097 7.458931 0.317188
v 0.112662 7.457016 0.317188
v 0.119963 7.454373 0.317188
v 0.123956 7.448232 0.317188
v 0.100213 7.449377 0.317188
v 0.104503 7.454837 0.317188
v 0.155984 7.478623 0.317188
v 0.146662 7.479073 0.317188
v 0.143802 7.419781 0.317188
v 0.160427 7.418979 0.317188
v 0.171782 7.420471 0.317188
v 0.178737 7.426297 0.317188
v 0.181758 7.435282 0.317188
v 0.179694 7.444411 0.317188
v 0.172101 7.451140 0.317188
v 0.177005 7.456095 0.317188
v 0.178733 7.462173 0.317188
v 0.176021 7.471353 0.317188
v 0.167799 7.477002 0.317188
v 0.158707 7.445042 0.317188
v 0.168092 7.442378 0.317188
v 0.170657 7.436224 0.317188
v 0.167976 7.431208 0.317188
v 0.158461 7.429899 0.317188
v 0.155646 7.430035 0.317188
v 0.156375 7.445154 0.317188
v 0.160353 7.467594 0.317188
v 0.166031 7.465692 0.317188
v 0.167711 7.461208 0.317188
v 0.165492 7.456612 0.317188
v 0.159310 7.455182 0.317188
v 0.156854 7.455301 0.317188
v 0.157454 7.467734 0.317188
v 0.202381 7.460911 0.317188
v 0.191377 7.461442 0.317188
v 0.189262 7.417588 0.317188
v 0.200265 7.417057 0.317188
v 0.197750 7.479234 0.317188
v 0.192707 7.477417 0.317188
v 0.190418 7.472558 0.317188
v 0.192241 7.467319 0.317188
v 0.197143 7.464961 0.317188
v 0.202145 7.466801 0.317188
v 0.204437 7.471720 0.317188
v 0.202613 7.476898 0.317188
v 0.230953 7.460664 0.317188
v 0.216731 7.455613 0.317188
v 0.209473 7.439157 0.317188
v 0.214782 7.422740 0.317188
v 0.229388 7.415653 0.317188
v 0.236665 7.416574 0.317188
v 0.242952 7.420452 0.317188
v 0.241482 7.413009 0.317188
v 0.237502 7.409646 0.317188
v 0.230301 7.408620 0.317188
v 0.224342 7.409857 0.317188
v 0.220324 7.412858 0.317188
v 0.208192 7.413443 0.317188
v 0.212300 7.405630 0.317188
v 0.219488 7.400536 0.317188
v 0.230253 7.398401 0.317188
v 0.248693 7.404621 0.317188
v 0.253956 7.420770 0.317188
v 0.255768 7.458336 0.317188
v 0.244805 7.458865 0.317188
v 0.244572 7.454028 0.317188
v 0.238041 7.458928 0.317188
v 0.232953 7.450204 0.317188
v 0.241371 7.446380 0.317188
v 0.244273 7.437356 0.317188
v 0.240533 7.428572 0.317188
v 0.231966 7.425569 0.317188
v 0.223472 7.429476 0.317188
v 0.220454 7.438586 0.317188
v 0.224244 7.447146 0.317188
v 0.288073 7.439850 0.317188
v 0.267597 7.440838 0.317188
v 0.267103 7.430599 0.317188
v 0.287579 7.429611 0.317188
v 0.314911 7.470957 0.317188
v 0.303464 7.471509 0.317188
v 0.300604 7.412217 0.317188
v 0.312051 7.411665 0.317188
v 0.313305 7.437663 0.317188
v 0.333096 7.436708 0.317188
v 0.331842 7.410711 0.317188
v 0.343249 7.410160 0.317188
v 0.346109 7.469452 0.317188
v 0.334702 7.470002 0.317188
v 0.333623 7.447631 0.317188
v 0.313832 7.448586 0.317188
v 0.367408 7.469919 0.317188
v 0.356687 7.470436 0.317188
v 0.357923 7.450014 0.317188
v 0.364211 7.449711 0.317188
v 0.388313 7.453074 0.317188
v 0.377877 7.449880 0.317188
v 0.373438 7.441186 0.317188
v 0.383431 7.427251 0.317188
v 0.387051 7.425217 0.317188
v 0.391608 7.420029 0.317188
v 0.390161 7.417674 0.317188
v 0.386604 7.416795 0.317188
v 0.382056 7.418408 0.317188
v 0.377697 7.422275 0.317188
v 0.370570 7.415225 0.317188
v 0.385525 7.406990 0.317188
v 0.397221 7.410344 0.317188
v 0.401984 7.419891 0.317188
v 0.399975 7.427664 0.317188
v 0.391538 7.434495 0.317188
v 0.387605 7.436704 0.317188
v 0.384418 7.438899 0.317188
v 0.383831 7.440563 0.317188
v 0.384974 7.442468 0.317188
v 0.387914 7.443114 0.317188
v 0.395252 7.438639 0.317188
v 0.402393 7.445122 0.317188
v 0.396264 7.450811 0.317188
v 0.426843 7.465557 0.317188
v 0.414885 7.466134 0.317188
v 0.412025 7.406843 0.317188
v 0.423311 7.406298 0.317188
v 0.424522 7.431409 0.317188
v 0.425555 7.431359 0.317188
v 0.437677 7.405605 0.317188
v 0.450015 7.405010 0.317188
v 0.437241 7.432048 0.317188
v 0.445971 7.437586 0.317188
v 0.449243 7.447225 0.317188
v 0.447172 7.456981 0.317188
v 0.440749 7.463129 0.317188
v 0.428751 7.454405 0.317188
v 0.434877 7.453484 0.317188
v 0.437457 7.451302 0.317188
v 0.438294 7.447895 0.317188
v 0.436050 7.443324 0.317188
v 0.428606 7.442272 0.317188
v 0.425087 7.442442 0.317188
v 0.425671 7.454554 0.317188
v 0.480736 7.448615 0.317188
v 0.464192 7.442767 0.317188
v 0.456919 7.426412 0.317188
v 0.462622 7.409795 0.317188
v 0.479116 7.402475 0.317188
v 0.490717 7.404279 0.317188
v 0.499371 7.411153 0.317188
v 0.490310 7.415954 0.317188
v 0.479502 7.412152 0.317188
v 0.471150 7.415323 0.317188
v 0.467418 7.422957 0.317188
v 0.502767 7.421252 0.317188
v 0.502908 7.423346 0.317188
v 0.497264 7.441172 0.317188
v 0.480829 7.439257 0.317188
v 0.488130 7.436614 0.317188
v 0.492122 7.430472 0.317188
v 0.468380 7.431617 0.317188
v 0.472670 7.437078 0.317188
v 0.531430 7.446170 0.317188
v 0.517208 7.441119 0.317188
v 0.509950 7.424663 0.317188
v 0.515259 7.408246 0.317188
v 0.529865 7.401158 0.317188
v 0.537142 7.402080 0.317188
v 0.543429 7.405958 0.317188
v 0.541959 7.398515 0.317188
v 0.537979 7.395151 0.317188
v 0.530778 7.394125 0.317188
v 0.524819 7.395363 0.317188
v 0.520802 7.398364 0.317188
v 0.508669 7.398949 0.317188
v 0.512777 7.391135 0.317188
v 0.519965 7.386042 0.317188
v 0.530730 7.383907 0.317188
v 0.549170 7.390127 0.317188
v 0.554433 7.406276 0.317188
v 0.556245 7.443842 0.317188
v 0.545282 7.444371 0.317188
v 0.545049 7.439533 0.317188
v 0.538518 7.444434 0.317188
v 0.533430 7.435709 0.317188
v 0.541848 7.431886 0.317188
v 0.544750 7.422862 0.317188
v 0.541010 7.414078 0.317188
v 0.532443 7.411075 0.317188
v 0.523949 7.414982 0.317188
v 0.520931 7.424092 0.317188
v 0.524721 7.432652 0.317188
v 0.585970 7.443539 0.317188
v 0.571082 7.437752 0.317188
v 0.564280 7.421395 0.317188
v 0.569690 7.404712 0.317188
v 0.584066 7.397413 0.317188
v 0.591157 7.398424 0.317188
v 0.597832 7.402526 0.317188
v 0.597608 7.397891 0.317188
v 0.608612 7.397360 0.317188
v 0.610728 7.441214 0.317188
v 0.599724 7.441745 0.317188
v 0.599491 7.436907 0.317188
v 0.593305 7.441690 0.317188
v 0.587718 7.433209 0.317188
v 0.596141 7.429265 0.317188
v 0.599094 7.419877 0.317188
v 0.595242 7.410636 0.317188
v 0.586516 7.407459 0.317188
v 0.578278 7.411515 0.317188
v 0.575310 7.420984 0.317188
v 0.579110 7.430026 0.317188
v 0.638379 7.441011 0.317188
v 0.632735 7.439586 0.317188
v 0.628425 7.434825 0.317188
v 0.628692 7.440347 0.317188
v 0.619260 7.440802 0.317188
v 0.617144 7.396948 0.317188
v 0.628067 7.396421 0.317188
v 0.628923 7.414156 0.317188
v 0.628985 7.416294 0.317188
v 0.631334 7.428543 0.317188
v 0.635779 7.431481 0.317188
v 0.638916 7.430360 0.317188
v 0.642799 7.439667 0.317188
v 0.692442 7.454240 0.317188
v 0.681438 7.454771 0.317188
v 0.680388 7.433005 0.317188
v 0.674202 7.437788 0.317188
v 0.666867 7.439637 0.317188
v 0.651979 7.433850 0.317188
v 0.645178 7.417493 0.317188
v 0.650587 7.400809 0.317188
v 0.664964 7.393511 0.317188
v 0.672055 7.394521 0.317188
v 0.678730 7.398623 0.317188
v 0.678506 7.393988 0.317188
v 0.689510 7.393458 0.317188
v 0.668616 7.429306 0.317188
v 0.677039 7.425363 0.317188
v 0.679992 7.415975 0.317188
v 0.676140 7.406733 0.317188
v 0.667413 7.403557 0.317188
v 0.659175 7.407613 0.317188
v 0.656207 7.417082 0.317188
v 0.660008 7.426124 0.317188
v 0.715206 7.437305 0.317188
v 0.704770 7.434112 0.317188
v 0.700331 7.425417 0.317188
v 0.710324 7.411482 0.317188
v 0.713943 7.409448 0.317188
v 0.718500 7.404260 0.317188
v 0.717054 7.401906 0.317188
v 0.713497 7.401026 0.317188
v 0.708948 7.402640 0.317188
v 0.704590 7.406506 0.317188
v 0.697463 7.399457 0.317188
v 0.712417 7.391222 0.317188
v 0.724114 7.394576 0.317188
v 0.728877 7.404123 0.317188
v 0.726868 7.411896 0.317188
v 0.718430 7.418727 0.317188
v 0.714498 7.420936 0.317188
v 0.711310 7.423130 0.317188
v 0.710724 7.424795 0.317188
v 0.711866 7.426699 0.317188
v 0.714807 7.427345 0.317188
v 0.722145 7.422871 0.317188
v 0.729286 7.429354 0.317188
v 0.723157 7.435043 0.317188
v 0.036556 7.484384 0.323725
v 0.003787 7.485964 0.323725
v 0.003250 7.474839 0.323725
v 0.013770 7.474332 0.323725
v 0.011447 7.426166 0.323725
v 0.022894 7.425613 0.323725
v 0.025217 7.473780 0.323725
v 0.036020 7.473259 0.323725
v 0.036556 7.484384 0.330262
v 0.003787 7.485964 0.330262
v 0.003250 7.474839 0.330262
v 0.013770 7.474332 0.330262
v 0.011447 7.426166 0.330262
v 0.022894 7.425613 0.330262
v 0.025217 7.473780 0.330262
v 0.036020 7.473259 0.330262
v 0.036556 7.484384 0.336799
v 0.003787 7.485964 0.336799
v 0.003250 7.474839 0.336799
v 0.013770 7.474332 0.336799
v 0.011447 7.426166 0.336799
v 0.022894 7.425613 0.336799
v 0.025217 7.473780 0.336799
v 0.036020 7.473259 0.336799
v 0.036556 7.484384 0.343336
v 0.003787 7.485964 0.343336
v 0.003250 7.474839 0.343336
v 0.013770 7.474332 0.343336
v 0.011447 7.426166 0.343336
v 0.022894 7.425613 0.343336
v 0.025217 7.473780 0.343336
v 0.036020 7.473259 0.343336
v 0.054128 7.485030 0.323725
v 0.043205 7.485557 0.323725
v 0.040273 7.424775 0.323725
v 0.051196 7.424248 0.323725
v 0.052045 7.441862 0.323725
v 0.052965 7.450867 0.323725
v 0.056581 7.456753 0.323725
v 0.062432 7.458693 0.323725
v 0.066701 7.457153 0.323725
v 0.068985 7.453004 0.323725
v 0.069213 7.442650 0.323725
v 0.068286 7.423424 0.323725
v 0.079129 7.422901 0.323725
v 0.080527 7.451881 0.323725
v 0.077251 7.463553 0.323725
v 0.066465 7.468599 0.323725
v 0.059788 7.467527 0.323725
v 0.053097 7.463668 0.323725
v 0.054128 7.485030 0.330262
v 0.043205 7.485557 0.330262
v 0.040273 7.424775 0.330262
v 0.051196 7.424248 0.330262
v 0.052045 7.441862 0.330262
v 0.052965 7.450867 0.330262
v 0.056581 7.456753 0.330262
v 0.062432 7.458693 0.330262
v 0.066701 7.457153 0.330262
v 0.068985 7.453004 0.330262
v 0.069213 7.442650 0.330262
v 0.068286 7.423424 0.330262
v 0.079129 7.422901 0.330262
v 0.080527 7.451881 0.330262
v 0.077251 7.463553 0.330262
v 0.066465 7.468599 0.330262
v 0.059788 7.467527 0.330262
v 0.053097 7.463668 0.330262
v 0.054128 7.485030 0.336799
v 0.043205 7.485557 0.336799
v 0.040273 7.424775 0.336799
v 0.051196 7.424248 0.336799
v 0.052045 7.441862 0.336799
v 0.052965 7.450867 0.336799
v 0.056581 7.456753 0.336799
v 0.062432 7.458693 0.336799
v 0.066701 7.457153 0.336799
v 0.068985 7.453004 0.336799
v 0.069213 7.442650 0.336799
v 0.068286 7.423424 0.336799
v 0.079129 7.422901 0.336799
v 0.080527 7.451881 0.336799
v 0.077251 7.463553 0.336799
v 0.066465 7.468599 0.336799
v 0.059788 7.467527 0.336799
v 0.053097 7.463668 0.336799
v 0.054128 7.485030 0.343336
v 0.043205 7.485557 0.343336
v 0.040273 7.424775 0.343336
v 0.051196 7.424248 0.343336
v 0.052045 7.441862 0.343336
v 0.052965 7.450867 0.343336
v 0.056581 7.456753 0.343336
v 0.062432 7.458693 0.343336
v 0.066701 7.457153 0.343336
v 0.068985 7.453004 0.343336
v 0.069213 7.442650 0.343336
v 0.068286 7.423424 0.343336
v 0.079129 7.422901 0.343336
v 0.080527 7.451881 0.343336
v 0.077251 7.463553 0.343336
v 0.066465 7.468599 0.343336
v 0.059788 7.467527 0.343336
v 0.053097 7.463668 0.343336
v 0.112569 7.466375 0.323725
v 0.096025 7.460526 0.323725
v 0.088752 7.444172 0.323725
v 0.094455 7.427555 0.323725
v 0.110949 7.420235 0.323725
v 0.122550 7.422038 0.323725
v 0.131204 7.428913 0.323725
v 0.122143 7.433714 0.323725
v 0.111335 7.429912 0.323725
v 0.102983 7.433082 0.323725
v 0.099251 7.440716 0.323725
v 0.134600 7.439011 0.323725
v 0.134741 7.441105 0.323725
v 0.129097 7.458931 0.323725
v 0.112662 7.457016 0.323725
v 0.119963 7.454373 0.323725
v 0.123956 7.448232 0.323725
v 0.100213 7.449377 0.323725
v 0.104503 7.454837 0.323725
v 0.112569 7.466375 0.330262
v 0.096025 7.460526 0.330262
v 0.088752 7.444172 0.330262
v 0.094455 7.427555 0.330262
v 0.110949 7.420235 0.330262
v 0.122550 7.422038 0.330262
v 0.131204 7.428913 0.330262
v 0.122143 7.433714 0.330262
v 0.111335 7.429912 0.330262
v 0.102983 7.433082 0.330262
v 0.099251 7.440716 0.330262
v 0.134600 7.439011 0.330262
v 0.134741 7.441105 0.330262
v 0.129097 7.458931 0.330262
v 0.112662 7.457016 0.330262
v 0.119963 7.454373 0.330262
v 0.123956 7.448232 0.330262
v 0.100213 7.449377 0.330262
v 0.104503 7.454837 0.330262
v 0.112569 7.466375 0.336799
v 0.096025 7.460526 0.336799
v 0.088752 7.444172 0.336799
v 0.094455 7.427555 0.336799
v 0.110949 7.420235 0.336799
v 0.122550 7.422038 0.336799
v 0.131204 7.428913 0.336799
v 0.122143 7.433714 0.336799
v 0.111335 7.429912 0.336799
v 0.102983 7.433082 0.336799
v 0.099251 7.440716 0.336799
v 0.134600 7.439011 0.336799
v 0.134741 7.441105 0.336799
v 0.129097 7.458931 0.336799
v 0.112662 7.457016 0.336799
v 0.119963 7.454373 0.336799
v 0.123956 7.448232 0.336799
v 0.100213 7.449377 0.336799
v 0.104503 7.454837 0.336799
v 0.112569 7.466375 0.343336
v 0.096025 7.460526 0.343336
v 0.088752 7.444172 0.343336
v 0.094455 7.427555 0.343336
v 0.110949 7.420235 0.343336
v 0.122550 7.422038 0.343336
v 0.131204 7.428913 0.343336
v 0.122143 7.433714 0.343336
v 0.111335 7.429912 0.343336
v 0.102983 7.433082 0.343336
v 0.099251 7.440716 0.343336
v 0.134600 7.439011 0.343336
v 0.134741 7.441105 0.343336
v 0.129097 7.458931 0.343336
v 0.112662 7.457016 0.343336
v 0.119963 7.454373 0.343336
v 0.123956 7.448232 0.343336
v 0.100213 7.449377 0.343336
v 0.104503 7.454837 0.343336
v 0.155984 7.478623 0.323725
v 0.146662 7.479073 0.323725
v 0.143802 7.419781 0.323725
v 0.160427 7.418979 0.323725
v 0.171782 7.420471 0.323725
v 0.178737 7.426297 0.323725
v 0.181758 7.435282 0.323725
v 0.179694 7.444411 0.323725
v 0.172101 7.451140 0.323725
v 0.177005 7.456095 0.323725
v 0.178733 7.462173 0.323725
v 0.176021 7.471353 0.323725
v 0.167799 7.477002 0.323725
v 0.158707 7.445042 0.323725
v 0.168092 7.442378 0.323725
v 0.170657 7.436224 0.323725
v 0.167976 7.431208 0.323725
v 0.158461 7.429899 0.323725
v 0.155646 7.430035 0.323725
v 0.156375 7.445154 0.323725
v 0.160353 7.467594 0.323725
v 0.166031 7.465692 0.323725
v 0.167711 7.461208 0.323725
v 0.165492 7.456612 0.323725
v 0.159310 7.455182 0.323725
v 0.156854 7.455301 0.323725
v 0.157454 7.467734 0.323725
v 0.155984 7.478623 0.330262
v 0.146662 7.479073 0.330262
v 0.143802 7.419781 0.330262
v 0.160427 7.418979 0.330262
v 0.171782 7.420471 0.330262
v 0.178737 7.426297 0.330262
v 0.181758 7.435282 0.330262
v 0.179694 7.444411 0.330262
v 0.172101 7.451140 0.330262
v 0.177005 7.456095 0.330262
v 0.178733 7.462173 0.330262
v 0.176021 7.471353 0.330262
v 0.167799 7.477002 0.330262
v 0.158707 7.445042 0.330262
v 0.168092 7.442378 0.330262
v 0.170657 7.436224 0.330262
v 0.167976 7.431208 0.330262
v 0.158461 7.429899 0.330262
v 0.155646 7.430035 0.330262
v 0.156375 7.445154 0.330262
v 0.160353 7.467594 0.330262
v 0.166031 7.465692 0.330262
v 0.167711 7.461208 0.330262
v 0.165492 7.456612 0.330262
v 0.159310 7.455182 0.330262
v 0.156854 7.455301 0.330262
v 0.157454 7.467734 0.330262
v 0.155984 7.478623 0.336799
v 0.146662 7.479073 0.336799
v 0.143802 7.419781 0.336799
v 0.160427 7.418979 0.336799
v 0.171782 7.420471 0.336799
v 0.178737 7.426297 0.336799
v 0.181758 7.435282 0.336799
v 0.179694 7.444411 0.336799
v 0.172101 7.451140 0.336799
v 0.177005 7.456095 0.336799
v 0.178733 7.462173 0.336799
v 0.176021 7.471353 0.336799
v 0.167799 7.477002 0.336799
v 0.158707 7.445042 0.336799
v 0.168092 7.442378 0.336799
v 0.170657 7.436224 0.336799
v 0.167976 7.431208 0.336799
v 0.158461 7.429899 0.336799
v 0.155646 7.430035 0.336799
v 0.156375 7.445154 0.336799
v 0.160353 7.467594 0.336799
v 0.166031 7.465692 0.336799
v 0.167711 7.461208 0.336799
v 0.165492 7.456612 0.336799
v 0.159310 7.455182 0.336799
v 0.156854 7.455301 0.336799
v 0.157454 7.467734 0.336799
v 0.155984 7.478623 0.343336
v 0.146662 7.479073 0.343336
v 0.143802 7.419781 0.343336
v 0.160427 7.418979 0.343336
v 0.171782 7.420471 0.343336
v 0.178737 7.426297 0.343336
v 0.181758 7.435282 0.343336
v 0.179694 7.444411 0.343336
v 0.172101 7.451140 0.343336
v 0.177005 7.456095 0.343336
v 0.178733 7.462173 0.343336
v 0.176021 7.471353 0.343336
v 0.167799 7.477002 0.343336
v 0.158707 7.445042 0.343336
v 0.168092 7.442378 0.343336
v 0.170657 7.436224 0.343336
v 0.167976 7.431208 0.343336
v 0.158461 7.429899 0.343336
v 0.155646 7.430035 0.343336
v 0.156375 7.445154 0.343336
v 0.160353 7.467594 0.343336
v 0.166031 7.465692 0.343336
v 0.167711 7.461208 0.343336
v 0.165492 7.456612 0.343336
v 0.159310 7.455182 0.343336
v 0.156854 7.455301 0.343336
v 0.157454 7.467734 0.343336
v 0.202381 7.460911 0.323725
v 0.191377 7.461442 0.323725
v 0.189262 7.417588 0.323725
v 0.200265 7.417057 0.323725
v 0.202381 7.460911 0.330262
v 0.191377 7.461442 0.330262
v 0.189262 7.417588 0.330262
v 0.200265 7.417057 0.330262
v 0.202381 7.460911 0.336799
v 0.191377 7.461442 0.336799
v 0.189262 7.417588 0.336799
v 0.200265 7.417057 0.336799
v 0.202381 7.460911 0.343336
v 0.191377 7.461442 0.343336
v 0.189262 7.417588 0.343336
v 0.200265 7.417057 0.343336
v 0.197750 7.479234 0.323725
v 0.192707 7.477417 0.323725
v 0.190418 7.472558 0.323725
v 0.192241 7.467319 0.323725
v 0.197143 7.464961 0.323725
v 0.202145 7.466801 0.323725
v 0.204437 7.471720 0.323725
v 0.202613 7.476898 0.323725
v 0.197750 7.479234 0.330262
v 0.192707 7.477417 0.330262
v 0.190418 7.472558 0.330262
v 0.192241 7.467319 0.330262
v 0.197143 7.464961 0.330262
v 0.202145 7.466801 0.330262
v 0.204437 7.471720 0.330262
v 0.202613 7.476898 0.330262
v 0.197750 7.479234 0.336799
v 0.192707 7.477417 0.336799
v 0.190418 7.472558 0.336799
v 0.192241 7.467319 0.336799
v 0.197143 7.464961 0.336799
v 0.202145 7.466801 0.336799
v 0.204437 7.471720 0.336799
v 0.202613 7.476898 0.336799
v 0.197750 7.479234 0.343336
v 0.192707 7.477417 0.343336
v 0.190418 7.472558 0.343336
v 0.192241 7.467319 0.343336
v 0.197143 7.464961 0.343336
v 0.202145 7.466801 0.343336
v 0.204437 7.471720 0.343336
v 0.202613 7.476898 0.343336
v 0.230953 7.460664 0.323725
v 0.216731 7.455613 0.323725
v 0.209473 7.439157 0.323725
v 0.214782 7.422740 0.323725
v 0.229388 7.415653 0.323725
v 0.236665 7.416574 0.323725
v 0.242952 7.420452 0.323725
v 0.241482 7.413009 0.323725
v 0.237502 7.409646 0.323725
v 0.230301 7.408620 0.323725
v 0.224342 7.409857 0.323725
v 0.220324 7.412858 0.323725
v 0.208192 7.413443 0.323725
v 0.212300 7.405630 0.323725
v 0.219488 7.400536 0.323725
v 0.230253 7.398401 0.323725
v 0.248693 7.404621 0.323725
v 0.253956 7.420770 0.323725
v 0.255768 7.458336 0.323725
v 0.244805 7.458865 0.323725
v 0.244572 7.454028 0.323725
v 0.238041 7.458928 0.323725
v 0.232953 7.450204 0.323725
v 0.241371 7.446380 0.323725
v 0.244273 7.437356 0.323725
v 0.240533 7.428572 0.323725
v 0.231966 7.425569 0.323725
v 0.223472 7.429476 0.323725
v 0.220454 7.438586 0.323725
v 0.224244 7.447146 0.323725
v 0.230953 7.460664 0.330262
v 0.216731 7.455613 0.330262
v 0.209473 7.439157 0.330262
v 0.214782 7.422740 0.330262
v 0.229388 7.415653 0.330262
v 0.236665 7.416574 0.330262
v 0.242952 7.420452 0.330262
v 0.241482 7.413009 0.330262
v 0.237502 7.409646 0.330262
v 0.230301 7.408620 0.330262
v 0.224342 7.409857 0.330262
v 0.220324 7.412858 0.330262
v 0.208192 7.413443 0.330262
v 0.212300 7.405630 0.330262
v 0.219488 7.400536 0.330262
v 0.230253 7.398401 0.330262
v 0.248693 7.404621 0.330262
v 0.253956 7.420770 0.330262
v 0.255768 7.458336 0.330262
v 0.244805 7.458865 0.330262
v 0.244572 7.454028 0.330262
v 0.238041 7.458928 0.330262
v 0.232953 7.450204 0.330262
v 0.241371 7.446380 0.330262
v 0.244273 7.437356 0.330262
v 0.240533 7.428572 0.330262
v 0.231966 7.425569 0.330262
v 0.223472 7.429476 0.330262
v 0.220454 7.438586 0.330262
v 0.224244 7.447146 0.330262
v 0.230953 7.460664 0.336799
v 0.216731 7.455613 0.336799
v 0.209473 7.439157 0.336799
v 0.214782 7.422740 0.336799
v 0.229388 7.415653 0.336799
v 0.236665 7.416574 0.336799
v 0.242952 7.420452 0.336799
v 0.241482 7.413009 0.336799
v 0.237502 7.409646 0.336799
v 0.230301 7.408620 0.336799
v 0.224342 7.409857 0.336799
v 0.220324 7.412858 0.336799
v 0.208192 7.413443 0.336799
v 0.212300 7.405630 0.336799
v 0.219488 7.400536 0.336799
v 0.230253 7.398401 0.336799
v 0.248693 7.404621 0.336799
v 0.253956 7.420770 0.336799
v 0.255768 7.458336 0.336799
v 0.244805 7.458865 0.336799
v 0.244572 7.454028 0.336799
v 0.238041 7.458928 0.336799
v 0.232953 7.450204 0.336799
v 0.241371 7.446380 0.336799
v 0.244273 7.437356 0.336799
v 0.240533 7.428572 0.336799
v 0.231966 7.425569 0.336799
v 0.223472 7.429476 0.336799
v 0.220454 7.438586 0.336799
v 0.224244 7.447146 0.336799
v 0.230953 7.460664 0.343336
v 0.216731 7.455613 0.343336
v 0.209473 7.439157 0.343336
v 0.214782 7.422740 0.343336
v 0.229388 7.415653 0.343336
v 0.236665 7.416574 0.343336
v 0.242952 7.420452 0.343336
v 0.241482 7.413009 0.343336
v 0.237502 7.409646 0.343336
v 0.230301 7.408620 0.343336
v 0.224342 7.409857 0.343336
v 0.220324 7.412858 0.343336
v 0.208192 7.413443 0.343336
v 0.212300 7.405630 0.343336
v 0.219488 7.400536 0.343336
v 0.230253 7.398401 0.343336
v 0.248693 7.404621 0.343336
v 0.253956 7.420770 0.343336
v 0.255768 7.458336 0.343336
v 0.244805 7.458865 0.343336
v 0.244572 7.454028 0.343336
v 0.238041 7.458928 0.343336
v 0.232953 7.450204 0.343336
v 0.241371 7.446380 0.343336
v 0.244273 7.437356 0.343336
v 0.240533 7.428572 0.343336
v 0.231966 7.425569 0.343336
v 0.223472 7.429476 0.343336
v 0.220454 7.438586 0.343336
v 0.224244 7.447146 0.343336
v 0.288073 7.439850 0.323725
v 0.267597 7.440838 0.323725
v 0.267103 7.430599 0.323725
v 0.287579 7.429611 0.323725
v 0.288073 7.439850 0.330262
v 0.267597 7.440838 0.330262
v 0.267103 7.430599 0.330262
v 0.287579 7.429611 0.330262
v 0.288073 7.439850 0.336799
v 0.267597 7.440838 0.336799
v 0.267103 7.430599 0.336799
v 0.287579 7.429611 0.336799
v 0.288073 7.439850 0.343336
v 0.267597 7.440838 0.343336
v 0.267103 7.430599 0.343336
v 0.287579 7.429611 0.343336
v 0.314911 7.470957 0.323725
v 0.303464 7.471509 0.323725
v 0.300604 7.412217 0.323725
v 0.312051 7.411665 0.323725
v 0.313305 7.437663 0.323725
v 0.333096 7.436708 0.323725
v 0.331842 7.410711 0.323725
v 0.343249 7.410160 0.323725
v 0.346109 7.469452 0.323725
v 0.334702 7.470002 0.323725
v 0.333623 7.447631 0.323725
v 0.313832 7.448586 0.323725
v 0.314911 7.470957 0.330262
v 0.303464 7.471509 0.330262
v 0.300604 7.412217 0.330262
v 0.312051 7.411665 0.330262
v 0.313305 7.437663 0.330262
v 0.333096 7.436708 0.330262
v 0.331842 7.410711 0.330262
v 0.343249 7.410160 0.330262
v 0.346109 7.469452 0.330262
v 0.334702 7.470002 0.330262
v 0.333623 7.447631 0.330262
v 0.313832 7.448586 0.330262
v 0.314911 7.470957 0.336799
v 0.303464 7.471509 0.336799
v 0.300604 7.412217 0.336799
v 0.312051 7.411665 0.336799
v 0.313305 7.437663 0.336799
v 0.333096 7.436708 0.336799
v 0.331842 7.410711 0.336799
v 0.343249 7.410160 0.336799
v 0.346109 7.469452 0.336799
v 0.334702 7.470002 0.336799
v 0.333623 7.447631 0.336799
v 0.313832 7.448586 0.336799
v 0.314911 7.470957 0.343336
v 0.303464 7.471509 0.343336
v 0.300604 7.412217 0.343336
v 0.312051 7.411665 0.343336
v 0.313305 7.437663 0.343336
v 0.333096 7.436708 0.343336
v 0.331842 7.410711 0.343336
v 0.343249 7.410160 0.343336
v 0.346109 7.469452 0.343336
v 0.334702 7.470002 0.343336
v 0.333623 7.447631 0.343336
v 0.313832 7.448586 0.343336
v 0.367408 7.469919 0.323725
v 0.356687 7.470436 0.323725
v 0.357923 7.450014 0.323725
v 0.364211 7.449711 0.323725
v 0.367408 7.469919 0.330262
v 0.356687 7.470436 0.330262
v 0.357923 7.450014 0.330262
v 0.364211 7.449711 0.330262
v 0.367408 7.469919 0.336799
v 0.356687 7.470436 0.336799
v 0.357923 7.450014 0.336799
v 0.364211 7.449711 0.336799
v 0.367408 7.469919 0.343336
v 0.356687 7.470436 0.343336
v 0.357923 7.450014 0.343336
v 0.364211 7.449711 0.343336
v 0.388313 7.453074 0.323725
v 0.377877 7.449880 0.323725
v 0.373438 7.441186 0.323725
v 0.383431 7.427251 0.323725
v 0.387051 7.425217 0.323725
v 0.391608 7.420029 0.323725
v 0.390161 7.417674 0.323725
v 0.386604 7.416795 0.323725
v 0.382056 7.418408 0.323725
v 0.377697 7.422275 0.323725
v 0.370570 7.415225 0.323725
v 0.385525 7.406990 0.323725
v 0.397221 7.410344 0.323725
v 0.401984 7.419891 0.323725
v 0.399975 7.427664 0.323725
v 0.391538 7.434495 0.323725
v 0.387605 7.436704 0.323725
v 0.384418 7.438899 0.323725
v 0.383831 7.440563 0.323725
v 0.384974 7.442468 0.323725
v 0.387914 7.443114 0.323725
v 0.395252 7.438639 0.323725
v 0.402393 7.445122 0.323725
v 0.396264 7.450811 0.323725
v 0.388313 7.453074 0.330262
v 0.377877 7.449880 0.330262
v 0.373438 7.441186 0.330262
v 0.383431 7.427251 0.330262
v 0.387051 7.425217 0.330262
v 0.391608 7.420029 0.330262
v 0.390161 7.417674 0.330262
v 0.386604 7.416795 0.330262
v 0.382056 7.418408 0.330262
v 0.377697 7.422275 0.330262
v 0.370570 7.415225 0.330262
v 0.385525 7.406990 0.330262
v 0.397221 7.410344 0.330262
v 0.401984 7.419891 0.330262
v 0.399975 7.427664 0.330262
v 0.391538 7.434495 0.330262
v 0.387605 7.436704 0.330262
v 0.384418 7.438899 0.330262
v 0.383831 7.440563 0.330262
v 0.384974 7.442468 0.330262
v 0.387914 7.443114 0.330262
v 0.395252 7.438639 0.330262
v 0.402393 7.445122 0.330262
v 0.396264 7.450811 0.330262
v 0.388313 7.453074 0.336799
v 0.377877 7.449880 0.336799
v 0.373438 7.441186 0.336799
v 0.383431 7.427251 0.336799
v 0.387051 7.425217 0.336799
v 0.391608 7.420029 0.336799
v 0.390161 7.417674 0.336799
v 0.386604 7.416795 0.336799
v 0.382056 7.418408 0.336799
v 0.377697 7.422275 0.336799
v 0.370570 7.415225 0.336799
v 0.385525 7.406990 0.336799
v 0.397221 7.410344 0.336799
v 0.401984 7.419891 0.336799
v 0.399975 7.427664 0.336799
v 0.391538 7.434495 0.336799
v 0.387605 7.436704 0.336799
v 0.384418 7.438899 0.336799
v 0.383831 7.440563 0.336799
v 0.384974 7.442468 0.336799
v 0.387914 7.443114 0.336799
v 0.395252 7.438639 0.336799
v 0.402393 7.445122 0.336799
v 0.396264 7.450811 0.336799
v 0.388313 7.453074 0.343336
v 0.377877 7.449880 0.343336
v 0.373438 7.441186 0.343336
v 0.383431 7.427251 0.343336
v 0.387051 7.425217 0.343336
v 0.391608 7.420029 0.343336
v 0.390161 7.417674 0.343336
v 0.386604 7.416795 0.343336
v 0.382056 7.418408 0.343336
v 0.377697 7.422275 0.343336
v 0.370570 7.415225 0.343336
v 0.385525 7.406990 0.343336
v 0.397221 7.410344 0.343336
v 0.401984 7.419891 0.343336
v 0.399975 7.427664 0.343336
v 0.391538 7.434495 0.343336
v 0.387605 7.436704 0.343336
v 0.384418 7.438899 0.343336
v 0.383831 7.440563 0.343336
v 0.384974 7.442468 0.343336
v 0.387914 7.443114 0.343336
v 0.395252 7.438639 0.343336
v 0.402393 7.445122 0.343336
v 0.396264 7.450811 0.343336
v 0.426843 7.465557 0.323725
v 0.414885 7.466134 0.323725
v 0.412025 7.406843 0.323725
v 0.423311 7.406298 0.323725
v 0.424522 7.431409 0.323725
v 0.425555 7.431359 0.323725
v 0.437677 7.405605 0.323725
v 0.450015 7.405010 0.323725
v 0.437241 7.432048 0.323725
v 0.445971 7.437586 0.323725
v 0.449243 7.447225 0.323725
v 0.447172 7.456981 0.323725
v 0.440749 7.463129 0.323725
v 0.428751 7.454405 0.323725
v 0.434877 7.453484 0.323725
v 0.437457 7.451302 0.323725
v 0.438294 7.447895 0.323725
v 0.436050 7.443324 0.323725
v 0.428606 7.442272 0.323725
v 0.425087 7.442442 0.323725
v 0.425671 7.454554 0.323725
v 0.426843 7.465557 0.330262
v 0.414885 7.466134 0.330262
v 0.412025 7.406843 0.330262
v 0.423311 7.406298 0.330262
v 0.424522 7.431409 0.330262
v 0.425555 7.431359 0.330262
v 0.437677 7.405605 0.330262
v 0.450015 7.405010 0.330262
v 0.437241 7.432048 0.330262
v 0.445971 7.437586 0.330262
v 0.449243 7.447225 0.330262
v 0.447172 7.456981 0.330262
v 0.440749 7.463129 0.330262
v 0.428751 7.454405 0.330262
v 0.434877 7.453484 0.330262
v 0.437457 7.451302 0.330262
v 0.438294 7.447895 0.330262
v 0.436050 7.443324 0.330262
v 0.428606 7.442272 0.330262
v 0.425087 7.442442 0.330262
v 0.425671 7.454554 0.330262
v 0.426843 7.465557 0.336799
v 0.414885 7.466134 0.336799
v 0.412025 7.406843 0.336799
v 0.423311 7.406298 0.336799
v 0.424522 7.431409 0.336799
v 0.425555 7.431359 0.336799
v 0.437677 7.405605 0.336799
v 0.450015 7.405010 0.336799
v 0.437241 7.432048 0.336799
v 0.445971 7.437586 0.336799
v 0.449243 7.447225 0.336799
v 0.447172 7.456981 0.336799
v 0.440749 7.463129 0.336799
v 0.428751 7.454405 0.336799
v 0.434877 7.453484 0.336799
v 0.437457 7.451302 0.336799
v 0.438294 7.447895 0.336799
v 0.436050 7.443324 0.336799
v 0.428606 7.442272 0.336799
v 0.425087 7.442442 0.336799
v 0.425671 7.454554 0.336799
v 0.426843 7.465557 0.343336
v 0.414885 7.466134 0.343336
v 0.412025 7.406843 0.343336
v 0.423311 7.406298 0.343336
v 0.424522 7.431409 0.343336
v 0.425555 7.431359 0.343336
v 0.437677 7.405605 0.343336
v 0.450015 7.405010 0.343336
v 0.437241 7.432048 0.343336
v 0.445971 7.437586 0.343336
v 0.449243 7.447225 0.343336
v 0.447172 7.456981 0.343336
v 0.440749 7.463129 0.343336
v 0.428751 7.454405 0.343336
v 0.434877 7.453484 0.343336
v 0.437457 7.451302 0.343336
v 0.438294 7.447895 0.343336
v 0.436050 7.443324 0.343336
v 0.428606 7.442272 0.343336
v 0.425087 7.442442 0.343336
v 0.425671 7.454554 0.343336
v 0.480736 7.448615 0.323725
v 0.464192 7.442767 0.323725
v 0.456919 7.426412 0.323725
v 0.462622 7.409795 0.323725
v 0.479116 7.402475 0.323725
v 0.490717 7.404279 0.323725
v 0.499371 7.411153 0.323725
v 0.490310 7.415954 0.323725
v 0.479502 7.412152 0.323725
v 0.471150 7.415323 0.323725
v 0.467418 7.422957 0.323725
v 0.502767 7.421252 0.323725
v 0.502908 7.423346 0.323725
v 0.497264 7.441172 0.323725
v 0.480829 7.439257 0.323725
v 0.488130 7.436614 0.323725
v 0.492122 7.430472 0.323725
v 0.468380 7.431617 0.323725
v 0.472670 7.437078 0.323725
v 0.480736 7.448615 0.330262
v 0.464192 7.442767 0.330262
v 0.456919 7.426412 0.330262
v 0.462622 7.409795 0.330262
v 0.479116 7.402475 0.330262
v 0.490717 7.404279 0.330262
v 0.499371 7.411153 0.330262
v 0.490310 7.415954 0.330262
v 0.479502 7.412152 0.330262
v 0.471150 7.415323 0.330262
v 0.467418 7.422957 0.330262
v 0.502767 7.421252 0.330262
v 0.502908 7.423346 0.330262
v 0.497264 7.441172 0.330262
v 0.480829 7.439257 0.330262
v 0.488130 7.436614 0.330262
v 0.492122 7.430472 0.330262
v 0.468380 7.431617 0.330262
v 0.472670 7.437078 0.330262
v 0.480736 7.448615 0.336799
v 0.464192 7.442767 0.336799
v 0.456919 7.426412 0.336799
v 0.462622 7.409795 0.336799
v 0.479116 7.402475 0.336799
v 0.490717 7.404279 0.336799
v 0.499371 7.411153 0.336799
v 0.490310 7.415954 0.336799
v 0.479502 7.412152 0.336799
v 0.471150 7.415323 0.336799
v 0.467418 7.422957 0.336799
v 0.502767 7.421252 0.336799
v 0.502908 7.423346 0.336799
v 0.497264 7.441172 0.336799
v 0.480829 7.439257 0.336799
v 0.488130 7.436614 0.336799
v 0.492122 7.430472 0.336799
v 0.468380 7.431617 0.336799
v 0.472670 7.437078 0.336799
v 0.480736 7.448615 0.343336
v 0.464192 7.442767 0.343336
v 0.456919 7.426412 0.343336
v 0.462622 7.409795 0.343336
v 0.479116 7.402475 0.343336
v 0.490717 7.404279 0.343336
v 0.499371 7.411153 0.343336
v 0.490310 7.415954 0.343336
v 0.479502 7.412152 0.343336
v 0.471150 7.415323 0.343336
v 0.467418 7.422957 0.343336
v 0.502767 7.421252 0.343336
v 0.502908 7.423346 0.343336
v 0.497264 7.441172 0.343336
v 0.480829 7.439257 0.343336
v 0.488130 7.436614 0.343336
v 0.492122 7.430472 0.343336
v 0.468380 7.431617 0.343336
v 0.472670 7.437078 0.343336
v 0.531430 7.446170 0.323725
v 0.517208 7.441119 0.323725
v 0.509950 7.424663 0.323725
v 0.515259 7.408246 0.323725
v 0.529865 7.401158 0.323725
v 0.537142 7.402080 0.323725
v 0.543429 7.405958 0.323725
v 0.541959 7.398515 0.323725
v 0.537979 7.395151 0.323725
v 0.530778 7.394125 0.323725
v 0.524819 7.395363 0.323725
v 0.520802 7.398364 0.323725
v 0.508669 7.398949 0.323725
v 0.512777 7.391135 0.323725
v 0.519965 7.386042 0.323725
v 0.530730 7.383907 0.323725
v 0.549170 7.390127 0.323725
v 0.554433 7.406276 0.323725
v 0.556245 7.443842 0.323725
v 0.545282 7.444371 0.323725
v 0.545049 7.439533 0.323725
v 0.538518 7.444434 0.323725
v 0.533430 7.435709 0.323725
v 0.541848 7.431886 0.323725
v 0.544750 7.422862 0.323725
v 0.541010 7.414078 0.323725
v 0.532443 7.411075 0.323725
v 0.523949 7.414982 0.323725
v 0.520931 7.424092 0.323725
v 0.524721 7.432652 0.323725
v 0.531430 7.446170 0.330262
v 0.517208 7.441119 0.330262
v 0.509950 7.424663 0.330262
v 0.515259 7.408246 0.330262
v 0.529865 7.401158 0.330262
v 0.537142 7.402080 0.330262
v 0.543429 7.405958 0.330262
v 0.541959 7.398515 0.330262
v 0.537979 7.395151 0.330262
v 0.530778 7.394125 0.330262
v 0.524819 7.395363 0.330262
v 0.520802 7.398364 0.330262
v 0.508669 7.398949 0.330262
v 0.512777 7.391135 0.330262
v 0.519965 7.386042 0.330262
v 0.530730 7.383907 0.330262
v 0.549170 7.390127 0.330262
v 0.554433 7.406276 0.330262
v 0.556245 7.443842 0.330262
v 0.545282 7.444371 0.330262
v 0.545049 7.439533 0.330262
v 0.538518 7.444434 0.330262
v 0.533430 7.435709 0.330262
v 0.541848 7.431886 0.330262
v 0.544750 7.422862 0.330262
v 0.541010 7.414078 0.330262
v 0.532443 7.411075 0.330262
v 0.523949 7.414982 0.330262
v 0.520931 7.424092 0.330262
v 0.524721 7.432652 0.330262
v 0.531430 7.446170 0.336799
v 0.517208 7.441119 0.336799
v 0.509950 7.424663 0.336799
v 0.515259 7.408246 0.336799
v 0.529865 7.401158 0.336799
v 0.537142 7.402080 0.336799
v 0.543429 7.405958 0.336799
v 0.541959 7.398515 0.336799
v 0.537979 7.395151 0.336799
v 0.530778 7.394125 0.336799
v 0.524819 7.395363 0.336799
v 0.520802 7.398364 0.336799
v 0.508669 7.398949 0.336799
v 0.512777 7.391135 0.336799
v 0.519965 7.386042 0.336799
v 0.530730 7.383907 0.336799
v 0.549170 7.390127 0.336799
v 0.554433 7.406276 0.336799
v 0.556245 7.443842 0.336799
v 0.545282 7.444371 0.336799
v 0.545049 7.439533 0.336799
v 0.538518 7.444434 0.336799
v 0.533430 7.435709 0.336799
v 0.541848 7.431886 0.336799
v 0.544750 7.422862 0.336799
v 0.541010 7.414078 0.336799
v 0.532443 7.411075 0.336799
v 0.523949 7.414982 0.336799
v 0.520931 7.424092 0.336799
v 0.524721 7.432652 0.336799
v 0.531430 7.446170 0.343336
v 0.517208 7.441119 0.343336
v 0.509950 7.424663 0.343336
v 0.515259 7.408246 0.343336
v 0.529865 7.401158 0.343336
v 0.537142 7.402080 0.343336
v 0.543429 7.405958 0.343336
v 0.541959 7.398515 0.343336
v 0.537979 7.395151 0.343336
v 0.530778 7.394125 0.343336
v 0.524819 7.395363 0.343336
v 0.520802 7.398364 0.343336
v 0.508669 7.398949 0.343336
v 0.512777 7.391135 0.343336
v 0.519965 7.386042 0.343336
v 0.530730 7.383907 0.343336
v 0.549170 7.390127 0.343336
v 0.554433 7.406276 0.343336
v 0.556245 7.443842 0.343336
v 0.545282 7.444371 0.343336
v 0.545049 7.439533 0.343336
v 0.538518 7.444434 0.343336
v 0.533430 7.435709 0.343336
v 0.541848 7.431886 0.343336
v 0.544750 7.422862 0.343336
v 0.541010 7.414078 0.343336
v 0.532443 7.411075 0.343336
v 0.523949 7.414982 0.343336
v 0.520931 7.424092 0.343336
v 0.524721 7.432652 0.343336
v 0.585970 7.443539 0.323725
v 0.571082 7.437752 0.323725
v 0.564280 7.421395 0.323725
v 0.569690 7.404712 0.323725
v 0.584066 7.397413 0.323725
v 0.591157 7.398424 0.323725
v 0.597832 7.402526 0.323725
v 0.597608 7.397891 0.323725
v 0.608612 7.397360 0.323725
v 0.610728 7.441214 0.323725
v 0.599724 7.441745 0.323725
v 0.599491 7.436907 0.323725
v 0.593305 7.441690 0.323725
v 0.587718 7.433209 0.323725
v 0.596141 7.429265 0.323725
v 0.599094 7.419877 0.323725
v 0.595242 7.410636 0.323725
v 0.586516 7.407459 0.323725
v 0.578278 7.411515 0.323725
v 0.575310 7.420984 0.323725
v 0.579110 7.430026 0.323725
v 0.585970 7.443539 0.330262
v 0.571082 7.437752 0.330262
v 0.564280 7.421395 0.330262
v 0.569690 7.404712 0.330262
v 0.584066 7.397413 0.330262
v 0.591157 7.398424 0.330262
v 0.597832 7.402526 0.330262
v 0.597608 7.397891 0.330262
v 0.608612 7.397360 0.330262
v 0.610728 7.441214 0.330262
v 0.599724 7.441745 0.330262
v 0.599491 7.436907 0.330262
v 0.593305 7.441690 0.330262
v 0.587718 7.433209 0.330262
v 0.596141 7.429265 0.330262
v 0.599094 7.419877 0.330262
v 0.595242 7.410636 0.330262
v 0.586516 7.407459 0.330262
v 0.578278 7.411515 0.330262
v 0.575310 7.420984 0.330262
v 0.579110 7.430026 0.330262
v 0.585970 7.443539 0.336799
v 0.571082 7.437752 0.336799
v 0.564280 7.421395 0.336799
v 0.569690 7.404712 0.336799
v 0.584066 7.397413 0.336799
v 0.591157 7.398424 0.336799
v 0.597832 7.402526 0.336799
v 0.597608 7.397891 0.336799
v 0.608612 7.397360 0.336799
v 0.610728 7.441214 0.336799
v 0.599724 7.441745 0.336799
v 0.599491 7.436907 0.336799
v 0.593305 7.441690 0.336799
v 0.587718 7.433209 0.336799
v 0.596141 7.429265 0.336799
v 0.599094 7.419877 0.336799
v 0.595242 7.410636 0.336799
v 0.586516 7.407459 0.336799
v 0.578278 7.411515 0.336799
v 0.575310 7.420984 0.336799
v 0.579110 7.430026 0.336799
v 0.585970 7.443539 0.343336
v 0.571082 7.437752 0.343336
v 0.564280 7.421395 0.343336
v 0.569690 7.404712 0.343336
v 0.584066 7.397413 0.343336
v 0.591157 7.398424 0.343336
v 0.597832 7.402526 0.343336
v 0.597608 7.397891 0.343336
v 0.608612 7.397360 0.343336
v 0.610728 7.441214 0.343336
v 0.599724 7.441745 0.343336
v 0.599491 7.436907 0.343336
v 0.593305 7.441690 0.343336
v 0.587718 7.433209 0.343336
v 0.596141 7.429265 0.343336
v 0.599094 7.419877 0.343336
v 0.595242 7.410636 0.343336
v 0.586516 7.407459 0.343336
v 0.578278 7.411515 0.343336
v 0.575310 7.420984 0.343336
v 0.579110 7.430026 0.343336
v 0.638379 7.441011 0.323725
v 0.632735 7.439586 0.323725
v 0.628425 7.434825 0.323725
v 0.628692 7.440347 0.323725
v 0.619260 7.440802 0.323725
v 0.617144 7.396948 0.323725
v 0.628067 7.396421 0.323725
v 0.628923 7.414156 0.323725
v 0.628985 7.416294 0.323725
v 0.631334 7.428543 0.323725
v 0.635779 7.431481 0.323725
v 0.638916 7.430360 0.323725
v 0.642799 7.439667 0.323725
v 0.638379 7.441011 0.330262
v 0.632735 7.439586 0.330262
v 0.628425 7.434825 0.330262
v 0.628692 7.440347 0.330262
v 0.619260 7.440802 0.330262
v 0.617144 7.396948 0.330262
v 0.628067 7.396421 0.330262
v 0.628923 7.414156 0.330262
v 0.628985 7.416294 0.330262
v 0.631334 7.428543 0.330262
v 0.635779 7.431481 0.330262
v 0.638916 7.430360 0.330262
v 0.642799 7.439667 0.330262
v 0.638379 7.441011 0.336799
v 0.632735 7.439586 0.336799
v 0.628425 7.434825 0.336799
v 0.628692 7.440347 0.336799
v 0.619260 7.440802 0.336799
v 0.617144 7.396948 0.336799
v 0.628067 7.396421 0.336799
v 0.628923 7.414156 0.336799
v 0.628985 7.416294 0.336799
v 0.631334 7.428543 0.336799
v 0.635779 7.431481 0.336799
v 0.638916 7.430360 0.336799
v 0.642799 7.439667 0.336799
v 0.638379 7.441011 0.343336
v 0.632735 7.439586 0.343336
v 0.628425 7.434825 0.343336
v 0.628692 7.440347 0.343336
v 0.619260 7.440802 0.343336
v 0.617144 7.396948 0.343336
v 0.628067 7.396421 0.343336
v 0.628923 7.414156 0.343336
v 0.628985 7.416294 0.343336
v 0.631334 7.428543 0.343336
v 0.635779 7.431481 0.343336
v 0.638916 7.430360 0.343336
v 0.642799 7.439667 0.343336
v 0.692442 7.454240 0.323725
v 0.681438 7.454771 0.323725
v 0.680388 7.433005 0.323725
v 0.674202 7.437788 0.323725
v 0.666867 7.439637 0.323725
v 0.651979 7.433850 0.323725
v 0.645178 7.417493 0.323725
v 0.650587 7.400809 0.323725
v 0.664964 7.393511 0.323725
v 0.672055 7.394521 0.323725
v 0.678730 7.398623 0.323725
v 0.678506 7.393988 0.323725
v 0.689510 7.393458 0.323725
v 0.668616 7.429306 0.323725
v 0.677039 7.425363 0.323725
v 0.679992 7.415975 0.323725
v 0.676140 7.406733 0.323725
v 0.667413 7.403557 0.323725
v 0.659175 7.407613 0.323725
v 0.656207 7.417082 0.323725
v 0.660008 7.426124 0.323725
v 0.692442 7.454240 0.330262
v 0.681438 7.454771 0.330262
v 0.680388 7.433005 0.330262
v 0.674202 7.437788 0.330262
v 0.666867 7.439637 0.330262
v 0.651979 7.433850 0.330262
v 0.645178 7.417493 0.330262
v 0.650587 7.400809 0.330262
v 0.664964 7.393511 0.330262
v 0.672055 7.394521 0.330262
v 0.678730 7.398623 0.330262
v 0.678506 7.393988 0.330262
v 0.689510 7.393458 0.330262
v 0.668616 7.429306 0.330262
v 0.677039 7.425363 0.330262
v 0.679992 7.415975 0.330262
v 0.676140 7.406733 0.330262
v 0.667413 7.403557 0.330262
v 0.659175 7.407613 0.330262
v 0.656207 7.417082 0.330262
v 0.660008 7.426124 0.330262
v 0.692442 7.454240 0.336799
v 0.681438 7.454771 0.336799
v 0.680388 7.433005 0.336799
v 0.674202 7.437788 0.336799
v 0.666867 7.439637 0.336799
v 0.651979 7.433850 0.336799
v 0.645178 7.417493 0.336799
v 0.650587 7.400809 0.336799
v 0.664964 7.393511 0.336799
v 0.672055 7.394521 0.336799
v 0.678730 7.398623 0.336799
v 0.678506 7.393988 0.336799
v 0.689510 7.393458 0.336799
v 0.668616 7.429306 0.336799
v 0.677039 7.425363 0.336799
v 0.679992 7.415975 0.336799
v 0.676140 7.406733 0.336799
v 0.667413 7.403557 0.336799
v 0.659175 7.407613 0.336799
v 0.656207 7.417082 0.336799
v 0.660008 7.426124 0.336799
v 0.692442 7.454240 0.343336
v 0.681438 7.454771 0.343336
v 0.680388 7.433005 0.343336
v 0.674202 7.437788 0.343336
v 0.666867 7.439637 0.343336
v 0.651979 7.433850 0.343336
v 0.645178 7.417493 0.343336
v 0.650587 7.400809 0.343336
v 0.664964 7.393511 0.343336
v 0.672055 7.394521 0.343336
v 0.678730 7.398623 0.343336
v 0.678506 7.393988 0.343336
v 0.689510 7.393458 0.343336
v 0.668616 7.429306 0.343336
v 0.677039 7.425363 0.343336
v 0.679992 7.415975 0.343336
v 0.676140 7.406733 0.343336
v 0.667413 7.403557 0.343336
v 0.659175 7.407613 0.343336
v 0.656207 7.417082 0.343336
v 0.660008 7.426124 0.343336
v 0.715206 7.437305 0.323725
v 0.704770 7.434112 0.323725
v 0.700331 7.425417 0.323725
v 0.710324 7.411482 0.323725
v 0.713943 7.409448 0.323725
v 0.718500 7.404260 0.323725
v 0.717054 7.401906 0.323725
v 0.713497 7.401026 0.323725
v 0.708948 7.402640 0.323725
v 0.704590 7.406506 0.323725
v 0.697463 7.399457 0.323725
v 0.712417 7.391222 0.323725
v 0.724114 7.394576 0.323725
v 0.728877 7.404123 0.323725
v 0.726868 7.411896 0.323725
v 0.718430 7.418727 0.323725
v 0.714498 7.420936 0.323725
v 0.711310 7.423130 0.323725
v 0.710724 7.424795 0.323725
v 0.711866 7.426699 0.323725
v 0.714807 7.427345 0.323725
v 0.722145 7.422871 0.323725
v 0.729286 7.429354 0.323725
v 0.723157 7.435043 0.323725
v 0.715206 7.437305 0.330262
v 0.704770 7.434112 0.330262
v 0.700331 7.425417 0.330262
v 0.710324 7.411482 0.330262
v 0.713943 7.409448 0.330262
v 0.718500 7.404260 0.330262
v 0.717054 7.401906 0.330262
v 0.713497 7.401026 0.330262
v 0.708948 7.402640 0.330262
v 0.704590 7.406506 0.330262
v 0.697463 7.399457 0.330262
v 0.712417 7.391222 0.330262
v 0.724114 7.394576 0.330262
v 0.728877 7.404123 0.330262
v 0.726868 7.411896 0.330262
v 0.718430 7.418727 0.330262
v 0.714498 7.420936 0.330262
v 0.711310 7.423130 0.330262
v 0.710724 7.424795 0.330262
v 0.711866 7.426699 0.330262
v 0.714807 7.427345 0.330262
v 0.722145 7.422871 0.330262
v 0.729286 7.429354 0.330262
v 0.723157 7.435043 0.330262
v 0.715206 7.437305 0.336799
v 0.704770 7.434112 0.336799
v 0.700331 7.425417 0.336799
v 0.710324 7.411482 0.336799
v 0.713943 7.409448 0.336799
v 0.718500 7.404260 0.336799
v 0.717054 7.401906 0.336799
v 0.713497 7.401026 0.336799
v 0.708948 7.402640 0.336799
v 0.704590 7.406506 0.336799
v 0.697463 7.399457 0.336799
v 0.712417 7.391222 0.336799
v 0.724114 7.394576 0.336799
v 0.728877 7.404123 0.336799
v 0.726868 7.411896 0.336799
v 0.718430 7.418727 0.336799
v 0.714498 7.420936 0.336799
v 0.711310 7.423130 0.336799
v 0.710724 7.424795 0.336799
v 0.711866 7.426699 0.336799
v 0.714807 7.427345 0.336799
v 0.722145 7.422871 0.336799
v 0.729286 7.429354 0.336799
v 0.723157 7.435043 0.336799
v 0.715206 7.437305 0.343336
v 0.704770 7.434112 0.343336
v 0.700331 7.425417 0.343336
v 0.710324 7.411482 0.343336
v 0.713943 7.409448 0.343336
v 0.718500 7.404260 0.343336
v 0.717054 7.401906 0.343336
v 0.713497 7.401026 0.343336
v 0.708948 7.402640 0.343336
v 0.704590 7.406506 0.343336
v 0.697463 7.399457 0.343336
v 0.712417 7.391222 0.343336
v 0.724114 7.394576 0.343336
v 0.728877 7.404123 0.343336
v 0.726868 7.411896 0.343336
v 0.718430 7.418727 0.343336
v 0.714498 7.420936 0.343336
v 0.711310 7.423130 0.343336
v 0.710724 7.424795 0.343336
v 0.711866 7.426699 0.343336
v 0.714807 7.427345 0.343336
v 0.722145 7.422871 0.343336
v 0.729286 7.429354 0.343336
v 0.723157 7.435043 0.343336
vt 0.016960 0.491752
vt 0.014778 0.491752
vt 0.014778 0.369312
vt 0.016960 0.369312
vt 0.014778 0.246872
vt 0.016960 0.246872
vt 0.014778 0.124432
vt 0.016960 0.124432
vt 0.014778 0.001992
vt 0.016960 0.001992
vt 0.042419 0.491752
vt 0.032972 0.491752
vt 0.032972 0.369312
vt 0.042419 0.369312
vt 0.032972 0.246872
vt 0.042419 0.246872
vt 0.032972 0.124432
vt 0.042419 0.124432
vt 0.032972 0.001992
vt 0.042419 0.001992
vt 0.058444 0.001992
vt 0.067891 0.001992
vt 0.067891 0.124432
vt 0.058444 0.124432
vt 0.067891 0.246872
vt 0.058444 0.246872
vt 0.067891 0.369312
vt 0.058444 0.369312
vt 0.067891 0.491752
vt 0.058444 0.491752
vt 0.083916 0.001992
vt 0.086098 0.001992
vt 0.086098 0.124432
vt 0.083916 0.124432
vt 0.086098 0.246872
vt 0.083916 0.246872
vt 0.086098 0.369312
vt 0.083916 0.369312
vt 0.086098 0.491752
vt 0.083916 0.491752
vt 0.114031 0.491752
vt 0.102110 0.491752
vt 0.102110 0.369312
vt 0.114031 0.369312
vt 0.102110 0.246872
vt 0.114031 0.246872
vt 0.102110 0.124432
vt 0.114031 0.124432
vt 0.102110 0.001992
vt 0.114031 0.001992
vt 0.129401 0.001992
vt 0.132856 0.001992
vt 0.132856 0.124432
vt 0.129401 0.124432
vt 0.134627 0.001992
vt 0.134627 0.124432
vt 0.132856 0.246872
vt 0.129401 0.246872
vt 0.135812 0.001992
vt 0.135812 0.124432
vt 0.134627 0.246872
vt 0.132856 0.369312
vt 0.129401 0.369312
vt 0.135812 0.246872
vt 0.134627 0.369312
vt 0.132856 0.491752
vt 0.129401 0.491752
vt 0.135812 0.369312
vt 0.134627 0.491752
vt 0.135812 0.491752
vt 0.157029 0.491752
vt 0.155005 0.491752
vt 0.155005 0.369312
vt 0.157029 0.369312
vt 0.151234 0.491752
vt 0.151234 0.369312
vt 0.155005 0.246872
vt 0.157029 0.246872
vt 0.157819 0.491752
vt 0.157819 0.369312
vt 0.151234 0.246872
vt 0.155005 0.124432
vt 0.157029 0.124432
vt 0.157819 0.246872
vt 0.151234 0.124432
vt 0.155005 0.001992
vt 0.157029 0.001992
vt 0.157819 0.124432
vt 0.151234 0.001992
vt 0.157819 0.001992
vt 0.173067 0.001992
vt 0.178751 0.001992
vt 0.178751 0.124432
vt 0.173067 0.124432
vt 0.181004 0.001992
vt 0.181004 0.124432
vt 0.178751 0.246872
vt 0.173067 0.246872
vt 0.181004 0.246872
vt 0.178751 0.369312
vt 0.173067 0.369312
vt 0.181004 0.369312
vt 0.178751 0.491752
vt 0.173067 0.491752
vt 0.181004 0.491752
vt 0.198539 0.001992
vt 0.202729 0.001992
vt 0.202729 0.124432
vt 0.198539 0.124432
vt 0.202729 0.246872
vt 0.198539 0.246872
vt 0.202729 0.369312
vt 0.198539 0.369312
vt 0.202729 0.491752
vt 0.198539 0.491752
vt 0.228658 0.491752
vt 0.225390 0.491752
vt 0.225390 0.369312
vt 0.228658 0.369312
vt 0.222192 0.491752
vt 0.222192 0.369312
vt 0.225390 0.246872
vt 0.228658 0.246872
vt 0.222192 0.246872
vt 0.225390 0.124432
vt 0.228658 0.124432
vt 0.222192 0.124432
vt 0.225390 0.001992
vt 0.228658 0.001992
vt 0.222192 0.001992
vt 0.262219 0.001992
vt 0.263678 0.001992
vt 0.263678 0.124432
vt 0.262219 0.124432
vt 0.263678 0.246872
vt 0.262219 0.246872
vt 0.263678 0.369312
vt 0.262219 0.369312
vt 0.263678 0.491752
vt 0.262219 0.491752
vt 0.282233 0.001992
vt 0.282644 0.001992
vt 0.282644 0.124432
vt 0.282233 0.124432
vt 0.286079 0.001992
vt 0.286079 0.124432
vt 0.282644 0.246872
vt 0.282233 0.246872
vt 0.286079 0.246872
vt 0.282644 0.369312
vt 0.282233 0.369312
vt 0.286079 0.369312
vt 0.282644 0.491752
vt 0.282233 0.491752
vt 0.286079 0.491752
vt 0.337528 0.491752
vt 0.325899 0.491752
vt 0.325899 0.369312
vt 0.337528 0.369312
vt 0.325899 0.246872
vt 0.337528 0.246872
vt 0.325899 0.124432
vt 0.337528 0.124432
vt 0.325899 0.001992
vt 0.337528 0.001992
vt 0.358035 0.001992
vt 0.359821 0.001992
vt 0.359821 0.124432
vt 0.358035 0.124432
vt 0.361588 0.001992
vt 0.361588 0.124432
vt 0.359821 0.246872
vt 0.358035 0.246872
vt 0.356829 0.001992
vt 0.356829 0.124432
vt 0.362833 0.001992
vt 0.362833 0.124432
vt 0.361588 0.246872
vt 0.359821 0.369312
vt 0.358035 0.369312
vt 0.356829 0.246872
vt 0.363849 0.001992
vt 0.363849 0.124432
vt 0.362833 0.246872
vt 0.361588 0.369312
vt 0.359821 0.491752
vt 0.358035 0.491752
vt 0.356829 0.369312
vt 0.365055 0.001992
vt 0.365055 0.124432
vt 0.363849 0.246872
vt 0.362833 0.369312
vt 0.361588 0.491752
vt 0.356829 0.491752
vt 0.366826 0.001992
vt 0.366826 0.124432
vt 0.365055 0.246872
vt 0.363849 0.369312
vt 0.362833 0.491752
vt 0.367853 0.001992
vt 0.367853 0.124432
vt 0.366826 0.246872
vt 0.365055 0.369312
vt 0.363849 0.491752
vt 0.367853 0.246872
vt 0.366826 0.369312
vt 0.365055 0.491752
vt 0.367853 0.369312
vt 0.366826 0.491752
vt 0.367853 0.491752
vt 0.386307 0.491752
vt 0.385127 0.491752
vt 0.385127 0.369312
vt 0.386307 0.369312
vt 0.384120 0.491752
vt 0.384120 0.369312
vt 0.385127 0.246872
vt 0.386307 0.246872
vt 0.384120 0.246872
vt 0.385127 0.124432
vt 0.386307 0.124432
vt 0.384120 0.124432
vt 0.385127 0.001992
vt 0.386307 0.001992
vt 0.384120 0.001992
vt 0.402315 0.001992
vt 0.405280 0.001992
vt 0.405280 0.124432
vt 0.402315 0.124432
vt 0.405280 0.246872
vt 0.402315 0.246872
vt 0.405280 0.369312
vt 0.402315 0.369312
vt 0.405280 0.491752
vt 0.402315 0.491752
vt 0.422291 0.491752
vt 0.421429 0.491752
vt 0.421429 0.369312
vt 0.422291 0.369312
vt 0.420509 0.491752
vt 0.420509 0.369312
vt 0.421429 0.246872
vt 0.422291 0.246872
vt 0.420509 0.246872
vt 0.421429 0.124432
vt 0.422291 0.124432
vt 0.420509 0.124432
vt 0.421429 0.001992
vt 0.422291 0.001992
vt 0.420509 0.001992
vt 0.438703 0.001992
vt 0.441142 0.001992
vt 0.441142 0.124432
vt 0.438703 0.124432
vt 0.441142 0.246872
vt 0.438703 0.246872
vt 0.441142 0.369312
vt 0.438703 0.369312
vt 0.441142 0.491752
vt 0.438703 0.491752
vt 0.465499 0.491752
vt 0.456897 0.491752
vt 0.456897 0.369312
vt 0.465499 0.369312
vt 0.456897 0.246872
vt 0.465499 0.246872
vt 0.456897 0.124432
vt 0.465499 0.124432
vt 0.456897 0.001992
vt 0.465499 0.001992
vt 0.480550 0.001992
vt 0.489151 0.001992
vt 0.489151 0.124432
vt 0.480550 0.124432
vt 0.489151 0.246872
vt 0.480550 0.246872
vt 0.489151 0.369312
vt 0.480550 0.369312
vt 0.489151 0.491752
vt 0.480550 0.491752
vt 0.506183 0.491752
vt 0.505210 0.491752
vt 0.505210 0.369312
vt 0.506183 0.369312
vt 0.504202 0.491752
vt 0.504202 0.369312
vt 0.505210 0.246872
vt 0.506183 0.246872
vt 0.504202 0.246872
vt 0.505210 0.124432
vt 0.506183 0.124432
vt 0.504202 0.124432
vt 0.505210 0.001992
vt 0.506183 0.001992
vt 0.504202 0.001992
vt 0.522397 0.001992
vt 0.523381 0.001992
vt 0.523381 0.124432
vt 0.522397 0.124432
vt 0.524377 0.001992
vt 0.524377 0.124432
vt 0.523381 0.246872
vt 0.522397 0.246872
vt 0.524377 0.246872
vt 0.523381 0.369312
vt 0.522397 0.369312
vt 0.524377 0.369312
vt 0.523381 0.491752
vt 0.522397 0.491752
vt 0.524377 0.491752
vt 0.550681 0.491752
vt 0.547392 0.491752
vt 0.547392 0.369312
vt 0.550681 0.369312
vt 0.544230 0.491752
vt 0.544230 0.369312
vt 0.547392 0.246872
vt 0.550681 0.246872
vt 0.544230 0.246872
vt 0.547392 0.124432
vt 0.550681 0.124432
vt 0.544230 0.124432
vt 0.547392 0.001992
vt 0.550681 0.001992
vt 0.544230 0.001992
vt 0.571868 0.491752
vt 0.570397 0.491752
vt 0.570397 0.369312
vt 0.571868 0.369312
vt 0.569702 0.491752
vt 0.569702 0.369312
vt 0.570397 0.246872
vt 0.571868 0.246872
vt 0.569702 0.246872
vt 0.570397 0.124432
vt 0.571868 0.124432
vt 0.569702 0.124432
vt 0.570397 0.001992
vt 0.571868 0.001992
vt 0.569702 0.001992
vt 0.606090 0.001992
vt 0.609300 0.001992
vt 0.609300 0.124432
vt 0.606090 0.124432
vt 0.616668 0.001992
vt 0.616668 0.124432
vt 0.609300 0.246872
vt 0.606090 0.246872
vt 0.616668 0.246872
vt 0.609300 0.369312
vt 0.606090 0.369312
vt 0.616668 0.369312
vt 0.609300 0.491752
vt 0.606090 0.491752
vt 0.616668 0.491752
vt 0.632511 0.491752
vt 0.631562 0.491752
vt 0.631562 0.369312
vt 0.632511 0.369312
vt 0.631562 0.246872
vt 0.632511 0.246872
vt 0.631562 0.124432
vt 0.632511 0.124432
vt 0.631562 0.001992
vt 0.632511 0.001992
vt 0.651429 0.491752
vt 0.649691 0.491752
vt 0.649691 0.369312
vt 0.651429 0.369312
vt 0.647937 0.491752
vt 0.647937 0.369312
vt 0.649691 0.246872
vt 0.651429 0.246872
vt 0.647937 0.246872
vt 0.649691 0.124432
vt 0.651429 0.124432
vt 0.647937 0.124432
vt 0.649691 0.001992
vt 0.651429 0.001992
vt 0.647937 0.001992
vt 0.667951 0.001992
vt 0.669705 0.001992
vt 0.669705 0.124432
vt 0.667951 0.124432
vt 0.671415 0.001992
vt 0.671415 0.124432
vt 0.669705 0.246872
vt 0.667951 0.246872
vt 0.671415 0.246872
vt 0.669705 0.369312
vt 0.667951 0.369312
vt 0.671415 0.369312
vt 0.669705 0.491752
vt 0.667951 0.491752
vt 0.671415 0.491752
vt 0.691792 0.491752
vt 0.689784 0.491752
vt 0.689784 0.369312
vt 0.691792 0.369312
vt 0.689784 0.246872
vt 0.691792 0.246872
vt 0.689784 0.124432
vt 0.691792 0.124432
vt 0.689784 0.001992
vt 0.691792 0.001992
vt 0.709797 0.001992
vt 0.711805 0.001992
vt 0.711805 0.124432
vt 0.709797 0.124432
vt 0.711805 0.246872
vt 0.709797 0.246872
vt 0.711805 0.369312
vt 0.709797 0.369312
vt 0.711805 0.491752
vt 0.709797 0.491752
vt 0.739620 0.491752
vt 0.727991 0.491752
vt 0.727991 0.369312
vt 0.739620 0.369312
vt 0.727991 0.246872
vt 0.739620 0.246872
vt 0.727991 0.124432
vt 0.739620 0.124432
vt 0.727991 0.001992
vt 0.739620 0.001992
vt 0.755283 0.001992
vt 0.760382 0.001992
vt 0.760382 0.124432
vt 0.755283 0.124432
vt 0.760382 0.246872
vt 0.755283 0.246872
vt 0.760382 0.369312
vt 0.755283 0.369312
vt 0.760382 0.491752
vt 0.755283 0.491752
vt 0.782215 0.491752
vt 0.777116 0.491752
vt 0.777116 0.369312
vt 0.782215 0.369312
vt 0.777116 0.246872
vt 0.782215 0.246872
vt 0.777116 0.124432
vt 0.782215 0.124432
vt 0.777116 0.001992
vt 0.782215 0.001992
vt 0.797130 0.001992
vt 0.808758 0.001992
vt 0.808758 0.124432
vt 0.797130 0.124432
vt 0.808758 0.246872
vt 0.797130 0.246872
vt 0.808758 0.369312
vt 0.797130 0.369312
vt 0.808758 0.491752
vt 0.797130 0.491752
vt 0.828808 0.491752
vt 0.824421 0.491752
vt 0.824421 0.369312
vt 0.828808 0.369312
vt 0.824421 0.246872
vt 0.828808 0.246872
vt 0.824421 0.124432
vt 0.828808 0.124432
vt 0.824421 0.001992
vt 0.828808 0.001992
vt 0.846254 0.001992
vt 0.850642 0.001992
vt 0.850642 0.124432
vt 0.846254 0.124432
vt 0.850642 0.246872
vt 0.846254 0.246872
vt 0.850642 0.369312
vt 0.846254 0.369312
vt 0.850642 0.491752
vt 0.846254 0.491752
vt 0.870252 0.491752
vt 0.866268 0.491752
vt 0.866268 0.369312
vt 0.870252 0.369312
vt 0.866268 0.246872
vt 0.870252 0.246872
vt 0.866268 0.124432
vt 0.870252 0.124432
vt 0.866268 0.001992
vt 0.870252 0.001992
vt 0.884462 0.001992
vt 0.888446 0.001992
vt 0.888446 0.124432
vt 0.884462 0.124432
vt 0.888446 0.246872
vt 0.884462 0.246872
vt 0.888446 0.369312
vt 0.884462 0.369312
vt 0.888446 0.491752
vt 0.884462 0.491752
vt 0.910671 0.491752
vt 0.908927 0.491752
vt 0.908927 0.369312
vt 0.910671 0.369312
vt 0.906295 0.491752
vt 0.906295 0.369312
vt 0.908927 0.246872
vt 0.910671 0.246872
vt 0.906295 0.246872
vt 0.908927 0.124432
vt 0.910671 0.124432
vt 0.906295 0.124432
vt 0.908927 0.001992
vt 0.910671 0.001992
vt 0.906295 0.001992
vt 0.924964 0.491752
vt 0.924489 0.491752
vt 0.924489 0.369312
vt 0.924964 0.369312
vt 0.924489 0.246872
vt 0.924964 0.246872
vt 0.925936 0.491752
vt 0.925936 0.369312
vt 0.924489 0.124432
vt 0.924964 0.124432
vt 0.925936 0.246872
vt 0.924489 0.001992
vt 0.924964 0.001992
vt 0.925936 0.124432
vt 0.925936 0.001992
vt 0.906481 0.495478
vt 0.908394 0.495478
vt 0.908394 0.617918
vt 0.906481 0.617918
vt 0.909896 0.495478
vt 0.909896 0.617918
vt 0.908394 0.740358
vt 0.906481 0.740358
vt 0.911153 0.495478
vt 0.911153 0.617918
vt 0.909896 0.740358
vt 0.908394 0.862798
vt 0.906481 0.862798
vt 0.911153 0.740358
vt 0.909896 0.862798
vt 0.908394 0.985238
vt 0.906481 0.985238
vt 0.911153 0.862798
vt 0.909896 0.985238
vt 0.911153 0.985238
vt 0.893532 0.495478
vt 0.893852 0.495478
vt 0.893852 0.617918
vt 0.893532 0.617918
vt 0.894235 0.495478
vt 0.894235 0.617918
vt 0.893852 0.740358
vt 0.893532 0.740358
vt 0.893133 0.495478
vt 0.893133 0.617918
vt 0.894235 0.740358
vt 0.893852 0.862798
vt 0.893532 0.862798
vt 0.893133 0.740358
vt 0.894235 0.862798
vt 0.893852 0.985238
vt 0.893532 0.985238
vt 0.893133 0.862798
vt 0.894235 0.985238
vt 0.893133 0.985238
vt 0.867477 0.985238
vt 0.855848 0.985238
vt 0.855848 0.862798
vt 0.867477 0.862798
vt 0.855848 0.740358
vt 0.867477 0.740358
vt 0.855848 0.617918
vt 0.867477 0.617918
vt 0.855848 0.495478
vt 0.867477 0.495478
vt 0.837255 0.495478
vt 0.842180 0.495478
vt 0.842180 0.617918
vt 0.837255 0.617918
vt 0.842180 0.740358
vt 0.837255 0.740358
vt 0.842180 0.862798
vt 0.837255 0.862798
vt 0.842180 0.985238
vt 0.837255 0.985238
vt 0.825597 0.985238
vt 0.820672 0.985238
vt 0.820672 0.862798
vt 0.825597 0.862798
vt 0.820672 0.740358
vt 0.825597 0.740358
vt 0.820672 0.617918
vt 0.825597 0.617918
vt 0.820672 0.495478
vt 0.825597 0.495478
vt 0.795512 0.495478
vt 0.800682 0.495478
vt 0.800682 0.617918
vt 0.795512 0.617918
vt 0.801848 0.495478
vt 0.801848 0.617918
vt 0.800682 0.740358
vt 0.795512 0.740358
vt 0.803765 0.495478
vt 0.803765 0.617918
vt 0.801848 0.740358
vt 0.800682 0.862798
vt 0.795512 0.862798
vt 0.805655 0.495478
vt 0.805655 0.617918
vt 0.803765 0.740358
vt 0.801848 0.862798
vt 0.800682 0.985238
vt 0.795512 0.985238
vt 0.806797 0.495478
vt 0.806797 0.617918
vt 0.805655 0.740358
vt 0.803765 0.862798
vt 0.801848 0.985238
vt 0.806797 0.740358
vt 0.805655 0.862798
vt 0.803765 0.985238
vt 0.806797 0.862798
vt 0.805655 0.985238
vt 0.806797 0.985238
vt 0.781843 0.985238
vt 0.781184 0.985238
vt 0.781184 0.862798
vt 0.781843 0.862798
vt 0.780268 0.985238
vt 0.780268 0.862798
vt 0.781184 0.740358
vt 0.781843 0.740358
vt 0.782245 0.985238
vt 0.782245 0.862798
vt 0.780268 0.740358
vt 0.781184 0.617918
vt 0.781843 0.617918
vt 0.782245 0.740358
vt 0.780268 0.617918
vt 0.781184 0.495478
vt 0.781843 0.495478
vt 0.782245 0.617918
vt 0.780268 0.495478
vt 0.782245 0.495478
vt 0.764301 0.495478
vt 0.766676 0.495478
vt 0.766676 0.617918
vt 0.764301 0.617918
vt 0.766676 0.740358
vt 0.764301 0.740358
vt 0.766676 0.862798
vt 0.764301 0.862798
vt 0.766676 0.985238
vt 0.764301 0.985238
vt 0.746359 0.985238
vt 0.743090 0.985238
vt 0.743090 0.862798
vt 0.746359 0.862798
vt 0.739893 0.985238
vt 0.739893 0.862798
vt 0.743090 0.740358
vt 0.746359 0.740358
vt 0.739893 0.740358
vt 0.743090 0.617918
vt 0.746359 0.617918
vt 0.739893 0.617918
vt 0.743090 0.495478
vt 0.746359 0.495478
vt 0.739893 0.495478
vt 0.708512 0.495478
vt 0.709970 0.495478
vt 0.709970 0.617918
vt 0.708512 0.617918
vt 0.709970 0.740358
vt 0.708512 0.740358
vt 0.709970 0.862798
vt 0.708512 0.862798
vt 0.709970 0.985238
vt 0.708512 0.985238
vt 0.686278 0.495478
vt 0.686689 0.495478
vt 0.686689 0.617918
vt 0.686278 0.617918
vt 0.690124 0.495478
vt 0.690124 0.617918
vt 0.686689 0.740358
vt 0.686278 0.740358
vt 0.690124 0.740358
vt 0.686689 0.862798
vt 0.686278 0.862798
vt 0.690124 0.862798
vt 0.686689 0.985238
vt 0.686278 0.985238
vt 0.690124 0.985238
vt 0.648592 0.985238
vt 0.645303 0.985238
vt 0.645303 0.862798
vt 0.648592 0.862798
vt 0.642141 0.985238
vt 0.642141 0.862798
vt 0.645303 0.740358
vt 0.648592 0.740358
vt 0.642141 0.740358
vt 0.645303 0.617918
vt 0.648592 0.617918
vt 0.642141 0.617918
vt 0.645303 0.495478
vt 0.648592 0.495478
vt 0.642141 0.495478
vt 0.625152 0.985238
vt 0.623681 0.985238
vt 0.623681 0.862798
vt 0.625152 0.862798
vt 0.622986 0.985238
vt 0.622986 0.862798
vt 0.623681 0.740358
vt 0.625152 0.740358
vt 0.622986 0.740358
vt 0.623681 0.617918
vt 0.625152 0.617918
vt 0.622986 0.617918
vt 0.623681 0.495478
vt 0.625152 0.495478
vt 0.622986 0.495478
vt 0.581446 0.495478
vt 0.584656 0.495478
vt 0.584656 0.617918
vt 0.581446 0.617918
vt 0.592024 0.495478
vt 0.592024 0.617918
vt 0.584656 0.740358
vt 0.581446 0.740358
vt 0.592024 0.740358
vt 0.584656 0.862798
vt 0.581446 0.862798
vt 0.592024 0.862798
vt 0.584656 0.985238
vt 0.581446 0.985238
vt 0.592024 0.985238
vt 0.567841 0.985238
vt 0.566892 0.985238
vt 0.566892 0.862798
vt 0.567841 0.862798
vt 0.566892 0.740358
vt 0.567841 0.740358
vt 0.566892 0.617918
vt 0.567841 0.617918
vt 0.566892 0.495478
vt 0.567841 0.495478
vt 0.552078 0.985238
vt 0.550340 0.985238
vt 0.550340 0.862798
vt 0.552078 0.862798
vt 0.548586 0.985238
vt 0.548586 0.862798
vt 0.550340 0.740358
vt 0.552078 0.740358
vt 0.548586 0.740358
vt 0.550340 0.617918
vt 0.552078 0.617918
vt 0.548586 0.617918
vt 0.550340 0.495478
vt 0.552078 0.495478
vt 0.548586 0.495478
vt 0.530319 0.495478
vt 0.532073 0.495478
vt 0.532073 0.617918
vt 0.530319 0.617918
vt 0.533784 0.495478
vt 0.533784 0.617918
vt 0.532073 0.740358
vt 0.530319 0.740358
vt 0.533784 0.740358
vt 0.532073 0.862798
vt 0.530319 0.862798
vt 0.533784 0.862798
vt 0.532073 0.985238
vt 0.530319 0.985238
vt 0.533784 0.985238
vt 0.513297 0.985238
vt 0.510032 0.985238
vt 0.510032 0.862798
vt 0.513297 0.862798
vt 0.506818 0.985238
vt 0.506818 0.862798
vt 0.510032 0.740358
vt 0.513297 0.740358
vt 0.506818 0.740358
vt 0.510032 0.617918
vt 0.513297 0.617918
vt 0.506818 0.617918
vt 0.510032 0.495478
vt 0.513297 0.495478
vt 0.506818 0.495478
vt 0.489836 0.985238
vt 0.488927 0.985238
vt 0.488927 0.862798
vt 0.489836 0.862798
vt 0.488927 0.740358
vt 0.489836 0.740358
vt 0.488927 0.617918
vt 0.489836 0.617918
vt 0.488927 0.495478
vt 0.489836 0.495478
vt 0.466712 0.495478
vt 0.475313 0.495478
vt 0.475313 0.617918
vt 0.466712 0.617918
vt 0.475313 0.740358
vt 0.466712 0.740358
vt 0.475313 0.862798
vt 0.466712 0.862798
vt 0.475313 0.985238
vt 0.466712 0.985238
vt 0.453099 0.985238
vt 0.452150 0.985238
vt 0.452150 0.862798
vt 0.453099 0.862798
vt 0.452150 0.740358
vt 0.453099 0.740358
vt 0.452150 0.617918
vt 0.453099 0.617918
vt 0.452150 0.495478
vt 0.453099 0.495478
vt 0.437355 0.985238
vt 0.435546 0.985238
vt 0.435546 0.862798
vt 0.437355 0.862798
vt 0.433702 0.985238
vt 0.433702 0.862798
vt 0.435546 0.740358
vt 0.437355 0.740358
vt 0.433702 0.740358
vt 0.435546 0.617918
vt 0.437355 0.617918
vt 0.433702 0.617918
vt 0.435546 0.495478
vt 0.437355 0.495478
vt 0.433702 0.495478
vt 0.415288 0.495478
vt 0.417113 0.495478
vt 0.417113 0.617918
vt 0.415288 0.617918
vt 0.418919 0.495478
vt 0.418919 0.617918
vt 0.417113 0.740358
vt 0.415288 0.740358
vt 0.418919 0.740358
vt 0.417113 0.862798
vt 0.415288 0.862798
vt 0.418919 0.862798
vt 0.417113 0.985238
vt 0.415288 0.985238
vt 0.418919 0.985238
vt 0.399983 0.495478
vt 0.401067 0.495478
vt 0.401067 0.617918
vt 0.399983 0.617918
vt 0.401067 0.740358
vt 0.399983 0.740358
vt 0.401067 0.862798
vt 0.399983 0.862798
vt 0.401067 0.985238
vt 0.399983 0.985238
vt 0.386678 0.985238
vt 0.378077 0.985238
vt 0.378077 0.862798
vt 0.386678 0.862798
vt 0.378077 0.740358
vt 0.386678 0.740358
vt 0.378077 0.617918
vt 0.386678 0.617918
vt 0.378077 0.495478
vt 0.386678 0.495478
vt 0.357547 0.495478
vt 0.361025 0.495478
vt 0.361025 0.617918
vt 0.357547 0.617918
vt 0.361444 0.495478
vt 0.361444 0.617918
vt 0.361025 0.740358
vt 0.357547 0.740358
vt 0.363863 0.495478
vt 0.363863 0.617918
vt 0.361444 0.740358
vt 0.361025 0.862798
vt 0.357547 0.862798
vt 0.364480 0.495478
vt 0.364480 0.617918
vt 0.363863 0.740358
vt 0.361444 0.862798
vt 0.361025 0.985238
vt 0.357547 0.985238
vt 0.364480 0.740358
vt 0.363863 0.862798
vt 0.361444 0.985238
vt 0.364480 0.862798
vt 0.363863 0.985238
vt 0.364480 0.985238
vt 0.343609 0.495478
vt 0.345467 0.495478
vt 0.345467 0.617918
vt 0.343609 0.617918
vt 0.345467 0.740358
vt 0.343609 0.740358
vt 0.345467 0.862798
vt 0.343609 0.862798
vt 0.345467 0.985238
vt 0.343609 0.985238
vt 0.329996 0.985238
vt 0.325727 0.985238
vt 0.325727 0.862798
vt 0.329996 0.862798
vt 0.325727 0.740358
vt 0.329996 0.740358
vt 0.325727 0.617918
vt 0.329996 0.617918
vt 0.325727 0.495478
vt 0.329996 0.495478
vt 0.308705 0.985238
vt 0.305440 0.985238
vt 0.305440 0.862798
vt 0.308705 0.862798
vt 0.302227 0.985238
vt 0.302227 0.862798
vt 0.305440 0.740358
vt 0.308705 0.740358
vt 0.302227 0.740358
vt 0.305440 0.617918
vt 0.308705 0.617918
vt 0.302227 0.617918
vt 0.305440 0.495478
vt 0.308705 0.495478
vt 0.302227 0.495478
vt 0.285244 0.985238
vt 0.284335 0.985238
vt 0.284335 0.862798
vt 0.285244 0.862798
vt 0.284335 0.740358
vt 0.285244 0.740358
vt 0.284335 0.617918
vt 0.285244 0.617918
vt 0.284335 0.495478
vt 0.285244 0.495478
vt 0.258800 0.495478
vt 0.270722 0.495478
vt 0.270722 0.617918
vt 0.258800 0.617918
vt 0.270722 0.740358
vt 0.258800 0.740358
vt 0.270722 0.862798
vt 0.258800 0.862798
vt 0.270722 0.985238
vt 0.258800 0.985238
vt 0.244006 0.985238
vt 0.242197 0.985238
vt 0.242197 0.862798
vt 0.244006 0.862798
vt 0.240352 0.985238
vt 0.240352 0.862798
vt 0.242197 0.740358
vt 0.244006 0.740358
vt 0.240352 0.740358
vt 0.242197 0.617918
vt 0.244006 0.617918
vt 0.240352 0.617918
vt 0.242197 0.495478
vt 0.244006 0.495478
vt 0.240352 0.495478
vt 0.221939 0.495478
vt 0.223764 0.495478
vt 0.223764 0.617918
vt 0.221939 0.617918
vt 0.225569 0.495478
vt 0.225569 0.617918
vt 0.223764 0.740358
vt 0.221939 0.740358
vt 0.225569 0.740358
vt 0.223764 0.862798
vt 0.221939 0.862798
vt 0.225569 0.862798
vt 0.223764 0.985238
vt 0.221939 0.985238
vt 0.225569 0.985238
vt 0.205642 0.985238
vt 0.203898 0.985238
vt 0.203898 0.862798
vt 0.205642 0.862798
vt 0.201266 0.985238
vt 0.201266 0.862798
vt 0.203898 0.740358
vt 0.205642 0.740358
vt 0.201266 0.740358
vt 0.203898 0.617918
vt 0.205642 0.617918
vt 0.201266 0.617918
vt 0.203898 0.495478
vt 0.205642 0.495478
vt 0.201266 0.495478
vt 0.188111 0.985238
vt 0.187637 0.985238
vt 0.187637 0.862798
vt 0.188111 0.862798
vt 0.187637 0.740358
vt 0.188111 0.740358
vt 0.189083 0.985238
vt 0.189083 0.862798
vt 0.187637 0.617918
vt 0.188111 0.617918
vt 0.189083 0.740358
vt 0.187637 0.495478
vt 0.188111 0.495478
vt 0.189083 0.617918
vt 0.189083 0.495478
vt 0.156711 0.495478
vt 0.158624 0.495478
vt 0.158624 0.617918
vt 0.156711 0.617918
vt 0.160126 0.495478
vt 0.160126 0.617918
vt 0.158624 0.740358
vt 0.156711 0.740358
vt 0.161383 0.495478
vt 0.161383 0.617918
vt 0.160126 0.740358
vt 0.158624 0.862798
vt 0.156711 0.862798
vt 0.161383 0.740358
vt 0.160126 0.862798
vt 0.158624 0.985238
vt 0.156711 0.985238
vt 0.161383 0.862798
vt 0.160126 0.985238
vt 0.161383 0.985238
vt 0.143761 0.495478
vt 0.144082 0.495478
vt 0.144082 0.617918
vt 0.143761 0.617918
vt 0.144465 0.495478
vt 0.144465 0.617918
vt 0.144082 0.740358
vt 0.143761 0.740358
vt 0.143362 0.495478
vt 0.143362 0.617918
vt 0.144465 0.740358
vt 0.144082 0.862798
vt 0.143761 0.862798
vt 0.143362 0.740358
vt 0.144465 0.862798
vt 0.144082 0.985238
vt 0.143761 0.985238
vt 0.143362 0.862798
vt 0.144465 0.985238
vt 0.143362 0.985238
vt 0.008287 0.491752
vt 0.001860 0.491752
vt 0.001860 0.369312
vt 0.008287 0.369312
vt 0.001860 0.246872
vt 0.008287 0.246872
vt 0.001860 0.124432
vt 0.008287 0.124432
vt 0.001860 0.001992
vt 0.008287 0.001992
vt 0.023875 0.001992
vt 0.025938 0.001992
vt 0.025938 0.124432
vt 0.023875 0.124432
vt 0.025938 0.246872
vt 0.023875 0.246872
vt 0.025938 0.369312
vt 0.023875 0.369312
vt 0.025938 0.491752
vt 0.023875 0.491752
vt 0.049347 0.001992
vt 0.051592 0.001992
vt 0.051592 0.124432
vt 0.049347 0.124432
vt 0.051592 0.246872
vt 0.049347 0.246872
vt 0.051592 0.369312
vt 0.049347 0.369312
vt 0.051592 0.491752
vt 0.049347 0.491752
vt 0.074819 0.001992
vt 0.076937 0.001992
vt 0.076937 0.124432
vt 0.074819 0.124432
vt 0.076937 0.246872
vt 0.074819 0.246872
vt 0.076937 0.369312
vt 0.074819 0.369312
vt 0.076937 0.491752
vt 0.074819 0.491752
vt 0.095155 0.491752
vt 0.093013 0.491752
vt 0.093013 0.369312
vt 0.095155 0.369312
vt 0.093013 0.246872
vt 0.095155 0.246872
vt 0.093013 0.124432
vt 0.095155 0.124432
vt 0.093013 0.001992
vt 0.095155 0.001992
vt 0.120304 0.001992
vt 0.122446 0.001992
vt 0.122446 0.124432
vt 0.120304 0.124432
vt 0.122446 0.246872
vt 0.120304 0.246872
vt 0.122446 0.369312
vt 0.120304 0.369312
vt 0.122446 0.491752
vt 0.120304 0.491752
vt 0.142137 0.001992
vt 0.143264 0.001992
vt 0.143264 0.124432
vt 0.142137 0.124432
vt 0.144114 0.001992
vt 0.144114 0.124432
vt 0.143264 0.246872
vt 0.142137 0.246872
vt 0.144114 0.246872
vt 0.143264 0.369312
vt 0.142137 0.369312
vt 0.144114 0.369312
vt 0.143264 0.491752
vt 0.142137 0.491752
vt 0.144114 0.491752
vt 0.163970 0.001992
vt 0.166097 0.001992
vt 0.166097 0.124432
vt 0.163970 0.124432
vt 0.166097 0.246872
vt 0.163970 0.246872
vt 0.166097 0.369312
vt 0.163970 0.369312
vt 0.166097 0.491752
vt 0.163970 0.491752
vt 0.192350 0.491752
vt 0.190192 0.491752
vt 0.190192 0.369312
vt 0.192350 0.369312
vt 0.188895 0.491752
vt 0.188895 0.369312
vt 0.190192 0.246872
vt 0.192350 0.246872
vt 0.187623 0.491752
vt 0.187623 0.369312
vt 0.188895 0.246872
vt 0.190192 0.124432
vt 0.192350 0.124432
vt 0.187623 0.246872
vt 0.188895 0.124432
vt 0.190192 0.001992
vt 0.192350 0.001992
vt 0.187623 0.124432
vt 0.188895 0.001992
vt 0.187623 0.001992
vt 0.212638 0.491752
vt 0.209456 0.491752
vt 0.209456 0.369312
vt 0.212638 0.369312
vt 0.209456 0.246872
vt 0.212638 0.246872
vt 0.215942 0.491752
vt 0.215942 0.369312
vt 0.209456 0.124432
vt 0.212638 0.124432
vt 0.215942 0.246872
vt 0.209456 0.001992
vt 0.212638 0.001992
vt 0.215942 0.124432
vt 0.215942 0.001992
vt 0.234928 0.001992
vt 0.238224 0.001992
vt 0.238224 0.124432
vt 0.234928 0.124432
vt 0.240477 0.001992
vt 0.240477 0.124432
vt 0.238224 0.246872
vt 0.234928 0.246872
vt 0.242106 0.001992
vt 0.242106 0.124432
vt 0.240477 0.246872
vt 0.238224 0.369312
vt 0.234928 0.369312
vt 0.242106 0.246872
vt 0.240477 0.369312
vt 0.238224 0.491752
vt 0.234928 0.491752
vt 0.242106 0.369312
vt 0.240477 0.491752
vt 0.242106 0.491752
vt 0.255045 0.491752
vt 0.253226 0.491752
vt 0.253226 0.369312
vt 0.255045 0.369312
vt 0.251147 0.491752
vt 0.251147 0.369312
vt 0.253226 0.246872
vt 0.255045 0.246872
vt 0.249483 0.491752
vt 0.249483 0.369312
vt 0.251147 0.246872
vt 0.253226 0.124432
vt 0.255045 0.124432
vt 0.249483 0.246872
vt 0.251147 0.124432
vt 0.253226 0.001992
vt 0.255045 0.001992
vt 0.249483 0.124432
vt 0.251147 0.001992
vt 0.249483 0.001992
vt 0.269497 0.001992
vt 0.276430 0.001992
vt 0.276430 0.124432
vt 0.269497 0.124432
vt 0.276430 0.246872
vt 0.269497 0.246872
vt 0.276430 0.369312
vt 0.269497 0.369312
vt 0.276430 0.491752
vt 0.269497 0.491752
vt 0.295513 0.001992
vt 0.296967 0.001992
vt 0.296967 0.124432
vt 0.295513 0.124432
vt 0.297806 0.001992
vt 0.297806 0.124432
vt 0.296967 0.246872
vt 0.295513 0.246872
vt 0.293937 0.001992
vt 0.293937 0.124432
vt 0.297806 0.246872
vt 0.296967 0.369312
vt 0.295513 0.369312
vt 0.293937 0.246872
vt 0.293149 0.001992
vt 0.293149 0.124432
vt 0.297806 0.369312
vt 0.296967 0.491752
vt 0.295513 0.491752
vt 0.293937 0.369312
vt 0.293149 0.246872
vt 0.297806 0.491752
vt 0.293937 0.491752
vt 0.293149 0.369312
vt 0.293149 0.491752
vt 0.308722 0.491752
vt 0.304066 0.491752
vt 0.304066 0.369312
vt 0.308722 0.369312
vt 0.304066 0.246872
vt 0.308722 0.246872
vt 0.304066 0.124432
vt 0.308722 0.124432
vt 0.304066 0.001992
vt 0.308722 0.001992
vt 0.316811 0.491752
vt 0.314982 0.491752
vt 0.314982 0.369312
vt 0.316811 0.369312
vt 0.314982 0.246872
vt 0.316811 0.246872
vt 0.319138 0.491752
vt 0.319138 0.369312
vt 0.314982 0.124432
vt 0.316811 0.124432
vt 0.319138 0.246872
vt 0.314982 0.001992
vt 0.316811 0.001992
vt 0.319138 0.124432
vt 0.319138 0.001992
vt 0.344093 0.001992
vt 0.347354 0.001992
vt 0.347354 0.124432
vt 0.344093 0.124432
vt 0.349562 0.001992
vt 0.349562 0.124432
vt 0.347354 0.246872
vt 0.344093 0.246872
vt 0.349562 0.246872
vt 0.347354 0.369312
vt 0.344093 0.369312
vt 0.349562 0.369312
vt 0.347354 0.491752
vt 0.344093 0.491752
vt 0.349562 0.491752
vt 0.375481 0.001992
vt 0.377342 0.001992
vt 0.377342 0.124432
vt 0.375481 0.124432
vt 0.377342 0.246872
vt 0.375481 0.246872
vt 0.375023 0.001992
vt 0.375023 0.124432
vt 0.377342 0.369312
vt 0.375481 0.369312
vt 0.375023 0.246872
vt 0.377342 0.491752
vt 0.375481 0.491752
vt 0.375023 0.369312
vt 0.375023 0.491752
vt 0.395619 0.491752
vt 0.393770 0.491752
vt 0.393770 0.369312
vt 0.395619 0.369312
vt 0.393218 0.491752
vt 0.393218 0.369312
vt 0.393770 0.246872
vt 0.395619 0.246872
vt 0.393218 0.246872
vt 0.393770 0.124432
vt 0.395619 0.124432
vt 0.393218 0.124432
vt 0.393770 0.001992
vt 0.395619 0.001992
vt 0.393218 0.001992
vt 0.411980 0.001992
vt 0.413109 0.001992
vt 0.413109 0.124432
vt 0.411980 0.124432
vt 0.413109 0.246872
vt 0.411980 0.246872
vt 0.411412 0.001992
vt 0.411412 0.124432
vt 0.413109 0.369312
vt 0.411980 0.369312
vt 0.411412 0.246872
vt 0.413109 0.491752
vt 0.411980 0.491752
vt 0.411412 0.369312
vt 0.411412 0.491752
vt 0.431284 0.491752
vt 0.430088 0.491752
vt 0.430088 0.369312
vt 0.431284 0.369312
vt 0.429606 0.491752
vt 0.429606 0.369312
vt 0.430088 0.246872
vt 0.431284 0.246872
vt 0.429606 0.246872
vt 0.430088 0.124432
vt 0.431284 0.124432
vt 0.429606 0.124432
vt 0.430088 0.001992
vt 0.431284 0.001992
vt 0.429606 0.001992
vt 0.449958 0.491752
vt 0.447800 0.491752
vt 0.447800 0.369312
vt 0.449958 0.369312
vt 0.447800 0.246872
vt 0.449958 0.246872
vt 0.447800 0.124432
vt 0.449958 0.124432
vt 0.447800 0.001992
vt 0.449958 0.001992
vt 0.471453 0.001992
vt 0.473611 0.001992
vt 0.473611 0.124432
vt 0.471453 0.124432
vt 0.473611 0.246872
vt 0.471453 0.246872
vt 0.473611 0.369312
vt 0.471453 0.369312
vt 0.473611 0.491752
vt 0.471453 0.491752
vt 0.496075 0.491752
vt 0.495105 0.491752
vt 0.495105 0.369312
vt 0.496075 0.369312
vt 0.495105 0.246872
vt 0.496075 0.246872
vt 0.497048 0.491752
vt 0.497048 0.369312
vt 0.495105 0.124432
vt 0.496075 0.124432
vt 0.497048 0.246872
vt 0.495105 0.001992
vt 0.496075 0.001992
vt 0.497048 0.124432
vt 0.497048 0.001992
vt 0.513300 0.001992
vt 0.514281 0.001992
vt 0.514281 0.124432
vt 0.513300 0.124432
vt 0.515242 0.001992
vt 0.515242 0.124432
vt 0.514281 0.246872
vt 0.513300 0.246872
vt 0.515242 0.246872
vt 0.514281 0.369312
vt 0.513300 0.369312
vt 0.515242 0.369312
vt 0.514281 0.491752
vt 0.513300 0.491752
vt 0.515242 0.491752
vt 0.534229 0.491752
vt 0.531494 0.491752
vt 0.531494 0.369312
vt 0.534229 0.369312
vt 0.531494 0.246872
vt 0.534229 0.246872
vt 0.535632 0.491752
vt 0.535632 0.369312
vt 0.531494 0.124432
vt 0.534229 0.124432
vt 0.535632 0.246872
vt 0.536957 0.491752
vt 0.536957 0.369312
vt 0.531494 0.001992
vt 0.534229 0.001992
vt 0.535632 0.124432
vt 0.536957 0.246872
vt 0.535632 0.001992
vt 0.536957 0.124432
vt 0.536957 0.001992
vt 0.556966 0.001992
vt 0.559891 0.001992
vt 0.559891 0.124432
vt 0.556966 0.124432
vt 0.561306 0.001992
vt 0.561306 0.124432
vt 0.559891 0.246872
vt 0.556966 0.246872
vt 0.562500 0.001992
vt 0.562500 0.124432
vt 0.561306 0.246872
vt 0.559891 0.369312
vt 0.556966 0.369312
vt 0.562500 0.246872
vt 0.561306 0.369312
vt 0.559891 0.491752
vt 0.556966 0.491752
vt 0.562500 0.369312
vt 0.561306 0.491752
vt 0.562500 0.491752
vt 0.584570 0.491752
vt 0.583170 0.491752
vt 0.583170 0.369312
vt 0.584570 0.369312
vt 0.581993 0.491752
vt 0.581993 0.369312
vt 0.583170 0.246872
vt 0.584570 0.246872
vt 0.581178 0.491752
vt 0.581178 0.369312
vt 0.581993 0.246872
vt 0.583170 0.124432
vt 0.584570 0.124432
vt 0.578799 0.491752
vt 0.578799 0.369312
vt 0.581178 0.246872
vt 0.581993 0.124432
vt 0.583170 0.001992
vt 0.584570 0.001992
vt 0.578799 0.246872
vt 0.581178 0.124432
vt 0.581993 0.001992
vt 0.578799 0.124432
vt 0.581178 0.001992
vt 0.578799 0.001992
vt 0.593867 0.001992
vt 0.595993 0.001992
vt 0.595993 0.124432
vt 0.593867 0.124432
vt 0.599543 0.001992
vt 0.599543 0.124432
vt 0.595993 0.246872
vt 0.593867 0.246872
vt 0.592412 0.001992
vt 0.592412 0.124432
vt 0.599543 0.246872
vt 0.595993 0.369312
vt 0.593867 0.369312
vt 0.592412 0.246872
vt 0.591535 0.001992
vt 0.591535 0.124432
vt 0.599543 0.369312
vt 0.595993 0.491752
vt 0.593867 0.491752
vt 0.592412 0.369312
vt 0.591535 0.246872
vt 0.599543 0.491752
vt 0.592412 0.491752
vt 0.591535 0.369312
vt 0.591535 0.491752
vt 0.624615 0.491752
vt 0.622465 0.491752
vt 0.622465 0.369312
vt 0.624615 0.369312
vt 0.622465 0.246872
vt 0.624615 0.246872
vt 0.622465 0.124432
vt 0.624615 0.124432
vt 0.622465 0.001992
vt 0.624615 0.001992
vt 0.640515 0.001992
vt 0.642198 0.001992
vt 0.642198 0.124432
vt 0.640515 0.124432
vt 0.642198 0.246872
vt 0.640515 0.246872
vt 0.638840 0.001992
vt 0.638840 0.124432
vt 0.642198 0.369312
vt 0.640515 0.369312
vt 0.638840 0.246872
vt 0.642198 0.491752
vt 0.640515 0.491752
vt 0.638840 0.369312
vt 0.638840 0.491752
vt 0.662200 0.491752
vt 0.660552 0.491752
vt 0.660552 0.369312
vt 0.662200 0.369312
vt 0.658853 0.491752
vt 0.658853 0.369312
vt 0.660552 0.246872
vt 0.662200 0.246872
vt 0.658853 0.246872
vt 0.660552 0.124432
vt 0.662200 0.124432
vt 0.658853 0.124432
vt 0.660552 0.001992
vt 0.662200 0.001992
vt 0.658853 0.001992
vt 0.682883 0.491752
vt 0.678867 0.491752
vt 0.678867 0.369312
vt 0.682883 0.369312
vt 0.678867 0.246872
vt 0.682883 0.246872
vt 0.678867 0.124432
vt 0.682883 0.124432
vt 0.678867 0.001992
vt 0.682883 0.001992
vt 0.698881 0.001992
vt 0.702897 0.001992
vt 0.702897 0.124432
vt 0.698881 0.124432
vt 0.702897 0.246872
vt 0.698881 0.246872
vt 0.702897 0.369312
vt 0.698881 0.369312
vt 0.702897 0.491752
vt 0.698881 0.491752
vt 0.721139 0.491752
vt 0.718894 0.491752
vt 0.718894 0.369312
vt 0.721139 0.369312
vt 0.718894 0.246872
vt 0.721139 0.246872
vt 0.718894 0.124432
vt 0.721139 0.124432
vt 0.718894 0.001992
vt 0.721139 0.001992
vt 0.746186 0.001992
vt 0.748431 0.001992
vt 0.748431 0.124432
vt 0.746186 0.124432
vt 0.748431 0.246872
vt 0.746186 0.246872
vt 0.748431 0.369312
vt 0.746186 0.369312
vt 0.748431 0.491752
vt 0.746186 0.491752
vt 0.766199 0.001992
vt 0.770081 0.001992
vt 0.770081 0.124432
vt 0.766199 0.124432
vt 0.770081 0.246872
vt 0.766199 0.246872
vt 0.770081 0.369312
vt 0.766199 0.369312
vt 0.770081 0.491752
vt 0.766199 0.491752
vt 0.788032 0.001992
vt 0.790269 0.001992
vt 0.790269 0.124432
vt 0.788032 0.124432
vt 0.790269 0.246872
vt 0.788032 0.246872
vt 0.790269 0.369312
vt 0.788032 0.369312
vt 0.790269 0.491752
vt 0.788032 0.491752
vt 0.817561 0.491752
vt 0.815324 0.491752
vt 0.815324 0.369312
vt 0.817561 0.369312
vt 0.815324 0.246872
vt 0.817561 0.246872
vt 0.815324 0.124432
vt 0.817561 0.124432
vt 0.815324 0.001992
vt 0.817561 0.001992
vt 0.839219 0.491752
vt 0.835337 0.491752
vt 0.835337 0.369312
vt 0.839219 0.369312
vt 0.835337 0.246872
vt 0.839219 0.246872
vt 0.835337 0.124432
vt 0.839219 0.124432
vt 0.835337 0.001992
vt 0.839219 0.001992
vt 0.859273 0.491752
vt 0.857170 0.491752
vt 0.857170 0.369312
vt 0.859273 0.369312
vt 0.857170 0.246872
vt 0.859273 0.246872
vt 0.857170 0.124432
vt 0.859273 0.124432
vt 0.857170 0.001992
vt 0.859273 0.001992
vt 0.877184 0.001992
vt 0.878417 0.001992
vt 0.878417 0.124432
vt 0.877184 0.124432
vt 0.878417 0.246872
vt 0.877184 0.246872
vt 0.878417 0.369312
vt 0.877184 0.369312
vt 0.878417 0.491752
vt 0.877184 0.491752
vt 0.897390 0.491752
vt 0.895378 0.491752
vt 0.895378 0.369312
vt 0.897390 0.369312
vt 0.895378 0.246872
vt 0.897390 0.246872
vt 0.898967 0.491752
vt 0.898967 0.369312
vt 0.895378 0.124432
vt 0.897390 0.124432
vt 0.898967 0.246872
vt 0.900220 0.491752
vt 0.900220 0.369312
vt 0.895378 0.001992
vt 0.897390 0.001992
vt 0.898967 0.124432
vt 0.900220 0.246872
vt 0.898967 0.001992
vt 0.900220 0.124432
vt 0.900220 0.001992
vt 0.917211 0.001992
vt 0.917939 0.001992
vt 0.917939 0.124432
vt 0.917211 0.124432
vt 0.917939 0.246872
vt 0.917211 0.246872
vt 0.917939 0.369312
vt 0.917211 0.369312
vt 0.917939 0.491752
vt 0.917211 0.491752
vt 0.931680 0.985238
vt 0.930992 0.985238
vt 0.930992 0.862798
vt 0.931680 0.862798
vt 0.930087 0.985238
vt 0.930087 0.862798
vt 0.930992 0.740358
vt 0.931680 0.740358
vt 0.929197 0.985238
vt 0.929197 0.862798
vt 0.930087 0.740358
vt 0.930992 0.617918
vt 0.931680 0.617918
vt 0.927869 0.985238
vt 0.927869 0.862798
vt 0.929197 0.740358
vt 0.930087 0.617918
vt 0.930992 0.495478
vt 0.931680 0.495478
vt 0.927869 0.740358
vt 0.929197 0.617918
vt 0.930087 0.495478
vt 0.927869 0.617918
vt 0.929197 0.495478
vt 0.927869 0.495478
vt 0.916880 0.495478
vt 0.919885 0.495478
vt 0.919885 0.617918
vt 0.916880 0.617918
vt 0.922142 0.495478
vt 0.922142 0.617918
vt 0.919885 0.740358
vt 0.916880 0.740358
vt 0.922142 0.740358
vt 0.919885 0.862798
vt 0.916880 0.862798
vt 0.922142 0.862798
vt 0.919885 0.985238
vt 0.916880 0.985238
vt 0.922142 0.985238
vt 0.900753 0.985238
vt 0.899963 0.985238
vt 0.899963 0.862798
vt 0.900753 0.862798
vt 0.899963 0.740358
vt 0.900753 0.740358
vt 0.899963 0.617918
vt 0.900753 0.617918
vt 0.899963 0.495478
vt 0.900753 0.495478
vt 0.884021 0.495478
vt 0.884591 0.495478
vt 0.884591 0.617918
vt 0.884021 0.617918
vt 0.886069 0.495478
vt 0.886069 0.617918
vt 0.884591 0.740358
vt 0.884021 0.740358
vt 0.887405 0.495478
vt 0.887405 0.617918
vt 0.886069 0.740358
vt 0.884591 0.862798
vt 0.884021 0.862798
vt 0.887405 0.740358
vt 0.886069 0.862798
vt 0.884591 0.985238
vt 0.884021 0.985238
vt 0.887405 0.862798
vt 0.886069 0.985238
vt 0.887405 0.985238
vt 0.875550 0.985238
vt 0.873205 0.985238
vt 0.873205 0.862798
vt 0.875550 0.862798
vt 0.873205 0.740358
vt 0.875550 0.740358
vt 0.878294 0.985238
vt 0.878294 0.862798
vt 0.873205 0.617918
vt 0.875550 0.617918
vt 0.878294 0.740358
vt 0.873205 0.495478
vt 0.875550 0.495478
vt 0.878294 0.617918
vt 0.878294 0.495478
vt 0.847907 0.495478
vt 0.850121 0.495478
vt 0.850121 0.617918
vt 0.847907 0.617918
vt 0.850121 0.740358
vt 0.847907 0.740358
vt 0.850121 0.862798
vt 0.847907 0.862798
vt 0.850121 0.985238
vt 0.847907 0.985238
vt 0.831325 0.495478
vt 0.831527 0.495478
vt 0.831527 0.617918
vt 0.831325 0.617918
vt 0.831527 0.740358
vt 0.831325 0.740358
vt 0.831527 0.862798
vt 0.831325 0.862798
vt 0.831527 0.985238
vt 0.831325 0.985238
vt 0.812525 0.495478
vt 0.814944 0.495478
vt 0.814944 0.617918
vt 0.812525 0.617918
vt 0.814944 0.740358
vt 0.812525 0.740358
vt 0.814944 0.862798
vt 0.812525 0.862798
vt 0.814944 0.985238
vt 0.812525 0.985238
vt 0.788577 0.495478
vt 0.789784 0.495478
vt 0.789784 0.617918
vt 0.788577 0.617918
vt 0.789784 0.740358
vt 0.788577 0.740358
vt 0.787973 0.495478
vt 0.787973 0.617918
vt 0.789784 0.862798
vt 0.788577 0.862798
vt 0.787973 0.740358
vt 0.789784 0.985238
vt 0.788577 0.985238
vt 0.787973 0.862798
vt 0.787973 0.985238
vt 0.774541 0.985238
vt 0.773094 0.985238
vt 0.773094 0.862798
vt 0.774541 0.862798
vt 0.772404 0.985238
vt 0.772404 0.862798
vt 0.773094 0.740358
vt 0.774541 0.740358
vt 0.772404 0.740358
vt 0.773094 0.617918
vt 0.774541 0.617918
vt 0.772404 0.617918
vt 0.773094 0.495478
vt 0.774541 0.495478
vt 0.772404 0.495478
vt 0.755269 0.985238
vt 0.752087 0.985238
vt 0.752087 0.862798
vt 0.755269 0.862798
vt 0.752087 0.740358
vt 0.755269 0.740358
vt 0.758573 0.985238
vt 0.758573 0.862798
vt 0.752087 0.617918
vt 0.755269 0.617918
vt 0.758573 0.740358
vt 0.752087 0.495478
vt 0.755269 0.495478
vt 0.758573 0.617918
vt 0.758573 0.495478
vt 0.726987 0.495478
vt 0.730283 0.495478
vt 0.730283 0.617918
vt 0.726987 0.617918
vt 0.732537 0.495478
vt 0.732537 0.617918
vt 0.730283 0.740358
vt 0.726987 0.740358
vt 0.734165 0.495478
vt 0.734165 0.617918
vt 0.732537 0.740358
vt 0.730283 0.862798
vt 0.726987 0.862798
vt 0.734165 0.740358
vt 0.732537 0.862798
vt 0.730283 0.985238
vt 0.726987 0.985238
vt 0.734165 0.862798
vt 0.732537 0.985238
vt 0.734165 0.985238
vt 0.721259 0.985238
vt 0.719441 0.985238
vt 0.719441 0.862798
vt 0.721259 0.862798
vt 0.717362 0.985238
vt 0.717362 0.862798
vt 0.719441 0.740358
vt 0.721259 0.740358
vt 0.715698 0.985238
vt 0.715698 0.862798
vt 0.717362 0.740358
vt 0.719441 0.617918
vt 0.721259 0.617918
vt 0.715698 0.740358
vt 0.717362 0.617918
vt 0.719441 0.495478
vt 0.721259 0.495478
vt 0.715698 0.617918
vt 0.717362 0.495478
vt 0.715698 0.495478
vt 0.695851 0.495478
vt 0.702784 0.495478
vt 0.702784 0.617918
vt 0.695851 0.617918
vt 0.702784 0.740358
vt 0.695851 0.740358
vt 0.702784 0.862798
vt 0.695851 0.862798
vt 0.702784 0.985238
vt 0.695851 0.985238
vt 0.678257 0.495478
vt 0.679711 0.495478
vt 0.679711 0.617918
vt 0.678257 0.617918
vt 0.680550 0.495478
vt 0.680550 0.617918
vt 0.679711 0.740358
vt 0.678257 0.740358
vt 0.676682 0.495478
vt 0.676682 0.617918
vt 0.680550 0.740358
vt 0.679711 0.862798
vt 0.678257 0.862798
vt 0.676682 0.740358
vt 0.675894 0.495478
vt 0.675894 0.617918
vt 0.680550 0.862798
vt 0.679711 0.985238
vt 0.678257 0.985238
vt 0.676682 0.862798
vt 0.675894 0.740358
vt 0.680550 0.985238
vt 0.676682 0.985238
vt 0.675894 0.862798
vt 0.675894 0.985238
vt 0.670166 0.985238
vt 0.665509 0.985238
vt 0.665509 0.862798
vt 0.670166 0.862798
vt 0.665509 0.740358
vt 0.670166 0.740358
vt 0.665509 0.617918
vt 0.670166 0.617918
vt 0.665509 0.495478
vt 0.670166 0.495478
vt 0.657054 0.985238
vt 0.654319 0.985238
vt 0.654319 0.862798
vt 0.657054 0.862798
vt 0.654319 0.740358
vt 0.657054 0.740358
vt 0.658458 0.985238
vt 0.658458 0.862798
vt 0.654319 0.617918
vt 0.657054 0.617918
vt 0.658458 0.740358
vt 0.659782 0.985238
vt 0.659782 0.862798
vt 0.654319 0.495478
vt 0.657054 0.495478
vt 0.658458 0.617918
vt 0.659782 0.740358
vt 0.658458 0.495478
vt 0.659782 0.617918
vt 0.659782 0.495478
vt 0.630879 0.495478
vt 0.633804 0.495478
vt 0.633804 0.617918
vt 0.630879 0.617918
vt 0.635219 0.495478
vt 0.635219 0.617918
vt 0.633804 0.740358
vt 0.630879 0.740358
vt 0.636413 0.495478
vt 0.636413 0.617918
vt 0.635219 0.740358
vt 0.633804 0.862798
vt 0.630879 0.862798
vt 0.636413 0.740358
vt 0.635219 0.862798
vt 0.633804 0.985238
vt 0.630879 0.985238
vt 0.636413 0.862798
vt 0.635219 0.985238
vt 0.636413 0.985238
vt 0.617258 0.985238
vt 0.615859 0.985238
vt 0.615859 0.862798
vt 0.617258 0.862798
vt 0.614681 0.985238
vt 0.614681 0.862798
vt 0.615859 0.740358
vt 0.617258 0.740358
vt 0.613867 0.985238
vt 0.613867 0.862798
vt 0.614681 0.740358
vt 0.615859 0.617918
vt 0.617258 0.617918
vt 0.611487 0.985238
vt 0.611487 0.862798
vt 0.613867 0.740358
vt 0.614681 0.617918
vt 0.615859 0.495478
vt 0.617258 0.495478
vt 0.611487 0.740358
vt 0.613867 0.617918
vt 0.614681 0.495478
vt 0.611487 0.617918
vt 0.613867 0.495478
vt 0.611487 0.495478
vt 0.600083 0.495478
vt 0.602210 0.495478
vt 0.602210 0.617918
vt 0.600083 0.617918
vt 0.605760 0.495478
vt 0.605760 0.617918
vt 0.602210 0.740358
vt 0.600083 0.740358
vt 0.598629 0.495478
vt 0.598629 0.617918
vt 0.605760 0.740358
vt 0.602210 0.862798
vt 0.600083 0.862798
vt 0.598629 0.740358
vt 0.597751 0.495478
vt 0.597751 0.617918
vt 0.605760 0.862798
vt 0.602210 0.985238
vt 0.600083 0.985238
vt 0.598629 0.862798
vt 0.597751 0.740358
vt 0.605760 0.985238
vt 0.598629 0.985238
vt 0.597751 0.862798
vt 0.597751 0.985238
vt 0.575719 0.985238
vt 0.573568 0.985238
vt 0.573568 0.862798
vt 0.575719 0.862798
vt 0.573568 0.740358
vt 0.575719 0.740358
vt 0.573568 0.617918
vt 0.575719 0.617918
vt 0.573568 0.495478
vt 0.575719 0.495478
vt 0.559481 0.495478
vt 0.561164 0.495478
vt 0.561164 0.617918
vt 0.559481 0.617918
vt 0.561164 0.740358
vt 0.559481 0.740358
vt 0.557806 0.495478
vt 0.557806 0.617918
vt 0.561164 0.862798
vt 0.559481 0.862798
vt 0.557806 0.740358
vt 0.561164 0.985238
vt 0.559481 0.985238
vt 0.557806 0.862798
vt 0.557806 0.985238
vt 0.542858 0.985238
vt 0.541210 0.985238
vt 0.541210 0.862798
vt 0.542858 0.862798
vt 0.539511 0.985238
vt 0.539511 0.862798
vt 0.541210 0.740358
vt 0.542858 0.740358
vt 0.539511 0.740358
vt 0.541210 0.617918
vt 0.542858 0.617918
vt 0.539511 0.617918
vt 0.541210 0.495478
vt 0.542858 0.495478
vt 0.539511 0.495478
vt 0.521883 0.985238
vt 0.519024 0.985238
vt 0.519024 0.862798
vt 0.521883 0.862798
vt 0.519024 0.740358
vt 0.521883 0.740358
vt 0.523336 0.985238
vt 0.523336 0.862798
vt 0.519024 0.617918
vt 0.521883 0.617918
vt 0.523336 0.740358
vt 0.524591 0.985238
vt 0.524591 0.862798
vt 0.519024 0.495478
vt 0.521883 0.495478
vt 0.523336 0.617918
vt 0.524591 0.740358
vt 0.523336 0.495478
vt 0.524591 0.617918
vt 0.524591 0.495478
vt 0.495563 0.495478
vt 0.498445 0.495478
vt 0.498445 0.617918
vt 0.495563 0.617918
vt 0.499823 0.495478
vt 0.499823 0.617918
vt 0.498445 0.740358
vt 0.495563 0.740358
vt 0.501091 0.495478
vt 0.501091 0.617918
vt 0.499823 0.740358
vt 0.498445 0.862798
vt 0.495563 0.862798
vt 0.501091 0.740358
vt 0.499823 0.862798
vt 0.498445 0.985238
vt 0.495563 0.985238
vt 0.501091 0.862798
vt 0.499823 0.985238
vt 0.501091 0.985238
vt 0.481041 0.495478
vt 0.483199 0.495478
vt 0.483199 0.617918
vt 0.481041 0.617918
vt 0.483199 0.740358
vt 0.481041 0.740358
vt 0.483199 0.862798
vt 0.481041 0.862798
vt 0.483199 0.985238
vt 0.481041 0.985238
vt 0.460985 0.985238
vt 0.458826 0.985238
vt 0.458826 0.862798
vt 0.460985 0.862798
vt 0.458826 0.740358
vt 0.460985 0.740358
vt 0.458826 0.617918
vt 0.460985 0.617918
vt 0.458826 0.495478
vt 0.460985 0.495478
vt 0.444737 0.495478
vt 0.446423 0.495478
vt 0.446423 0.617918
vt 0.444737 0.617918
vt 0.446423 0.740358
vt 0.444737 0.740358
vt 0.443083 0.495478
vt 0.443083 0.617918
vt 0.446423 0.862798
vt 0.444737 0.862798
vt 0.443083 0.740358
vt 0.446423 0.985238
vt 0.444737 0.985238
vt 0.443083 0.862798
vt 0.443083 0.985238
vt 0.427974 0.985238
vt 0.426296 0.985238
vt 0.426296 0.862798
vt 0.427974 0.862798
vt 0.424646 0.985238
vt 0.424646 0.862798
vt 0.426296 0.740358
vt 0.427974 0.740358
vt 0.424646 0.740358
vt 0.426296 0.617918
vt 0.427974 0.617918
vt 0.424646 0.617918
vt 0.426296 0.495478
vt 0.427974 0.495478
vt 0.424646 0.495478
vt 0.408683 0.985238
vt 0.407593 0.985238
vt 0.407593 0.862798
vt 0.408683 0.862798
vt 0.406794 0.985238
vt 0.406794 0.862798
vt 0.407593 0.740358
vt 0.408683 0.740358
vt 0.409561 0.985238
vt 0.409561 0.862798
vt 0.406794 0.740358
vt 0.407593 0.617918
vt 0.408683 0.617918
vt 0.409561 0.740358
vt 0.406794 0.617918
vt 0.407593 0.495478
vt 0.408683 0.495478
vt 0.409561 0.617918
vt 0.406794 0.495478
vt 0.409561 0.495478
vt 0.394256 0.985238
vt 0.392406 0.985238
vt 0.392406 0.862798
vt 0.394256 0.862798
vt 0.392406 0.740358
vt 0.394256 0.740358
vt 0.392406 0.617918
vt 0.394256 0.617918
vt 0.392406 0.495478
vt 0.394256 0.495478
vt 0.370207 0.495478
vt 0.372350 0.495478
vt 0.372350 0.617918
vt 0.370207 0.617918
vt 0.372350 0.740358
vt 0.370207 0.740358
vt 0.372350 0.862798
vt 0.370207 0.862798
vt 0.372350 0.985238
vt 0.370207 0.985238
vt 0.351195 0.495478
vt 0.351819 0.495478
vt 0.351819 0.617918
vt 0.351195 0.617918
vt 0.351819 0.740358
vt 0.351195 0.740358
vt 0.351819 0.862798
vt 0.351195 0.862798
vt 0.351819 0.985238
vt 0.351195 0.985238
vt 0.337882 0.985238
vt 0.335724 0.985238
vt 0.335724 0.862798
vt 0.337882 0.862798
vt 0.335724 0.740358
vt 0.337882 0.740358
vt 0.335724 0.617918
vt 0.337882 0.617918
vt 0.335724 0.495478
vt 0.337882 0.495478
vt 0.318744 0.985238
vt 0.317291 0.985238
vt 0.317291 0.862798
vt 0.318744 0.862798
vt 0.314433 0.985238
vt 0.314433 0.862798
vt 0.317291 0.740358
vt 0.318744 0.740358
vt 0.320000 0.985238
vt 0.320000 0.862798
vt 0.314433 0.740358
vt 0.317291 0.617918
vt 0.318744 0.617918
vt 0.320000 0.740358
vt 0.314433 0.617918
vt 0.317291 0.495478
vt 0.318744 0.495478
vt 0.320000 0.617918
vt 0.314433 0.495478
vt 0.320000 0.495478
vt 0.290972 0.495478
vt 0.293854 0.495478
vt 0.293854 0.617918
vt 0.290972 0.617918
vt 0.295232 0.495478
vt 0.295232 0.617918
vt 0.293854 0.740358
vt 0.290972 0.740358
vt 0.296499 0.495478
vt 0.296499 0.617918
vt 0.295232 0.740358
vt 0.293854 0.862798
vt 0.290972 0.862798
vt 0.296499 0.740358
vt 0.295232 0.862798
vt 0.293854 0.985238
vt 0.290972 0.985238
vt 0.296499 0.862798
vt 0.295232 0.985238
vt 0.296499 0.985238
vt 0.276449 0.495478
vt 0.278608 0.495478
vt 0.278608 0.617918
vt 0.276449 0.617918
vt 0.278608 0.740358
vt 0.276449 0.740358
vt 0.278608 0.862798
vt 0.276449 0.862798
vt 0.278608 0.985238
vt 0.276449 0.985238
vt 0.251388 0.495478
vt 0.253073 0.495478
vt 0.253073 0.617918
vt 0.251388 0.617918
vt 0.253073 0.740358
vt 0.251388 0.740358
vt 0.249733 0.495478
vt 0.249733 0.617918
vt 0.253073 0.862798
vt 0.251388 0.862798
vt 0.249733 0.740358
vt 0.253073 0.985238
vt 0.251388 0.985238
vt 0.249733 0.862798
vt 0.249733 0.985238
vt 0.234624 0.985238
vt 0.232947 0.985238
vt 0.232947 0.862798
vt 0.234624 0.862798
vt 0.231296 0.985238
vt 0.231296 0.862798
vt 0.232947 0.740358
vt 0.234624 0.740358
vt 0.231296 0.740358
vt 0.232947 0.617918
vt 0.234624 0.617918
vt 0.231296 0.617918
vt 0.232947 0.495478
vt 0.234624 0.495478
vt 0.231296 0.495478
vt 0.213381 0.985238
vt 0.211369 0.985238
vt 0.211369 0.862798
vt 0.213381 0.862798
vt 0.211369 0.740358
vt 0.213381 0.740358
vt 0.214958 0.985238
vt 0.214958 0.862798
vt 0.211369 0.617918
vt 0.213381 0.617918
vt 0.214958 0.740358
vt 0.216211 0.985238
vt 0.216211 0.862798
vt 0.211369 0.495478
vt 0.213381 0.495478
vt 0.214958 0.617918
vt 0.216211 0.740358
vt 0.214958 0.495478
vt 0.216211 0.617918
vt 0.216211 0.495478
vt 0.194811 0.495478
vt 0.195538 0.495478
vt 0.195538 0.617918
vt 0.194811 0.617918
vt 0.195538 0.740358
vt 0.194811 0.740358
vt 0.195538 0.862798
vt 0.194811 0.862798
vt 0.195538 0.985238
vt 0.194811 0.985238
vt 0.181909 0.985238
vt 0.181222 0.985238
vt 0.181222 0.862798
vt 0.181909 0.862798
vt 0.180316 0.985238
vt 0.180316 0.862798
vt 0.181222 0.740358
vt 0.181909 0.740358
vt 0.179427 0.985238
vt 0.179427 0.862798
vt 0.180316 0.740358
vt 0.181222 0.617918
vt 0.181909 0.617918
vt 0.178099 0.985238
vt 0.178099 0.862798
vt 0.179427 0.740358
vt 0.180316 0.617918
vt 0.181222 0.495478
vt 0.181909 0.495478
vt 0.178099 0.740358
vt 0.179427 0.617918
vt 0.180316 0.495478
vt 0.178099 0.617918
vt 0.179427 0.495478
vt 0.178099 0.495478
vt 0.167110 0.495478
vt 0.170114 0.495478
vt 0.170114 0.617918
vt 0.167110 0.617918
vt 0.172371 0.495478
vt 0.172371 0.617918
vt 0.170114 0.740358
vt 0.167110 0.740358
vt 0.172371 0.740358
vt 0.170114 0.862798
vt 0.167110 0.862798
vt 0.172371 0.862798
vt 0.170114 0.985238
vt 0.167110 0.985238
vt 0.172371 0.985238
vt 0.150983 0.985238
vt 0.150193 0.985238
vt 0.150193 0.862798
vt 0.150983 0.862798
vt 0.150193 0.740358
vt 0.150983 0.740358
vt 0.150193 0.617918
vt 0.150983 0.617918
vt 0.150193 0.495478
vt 0.150983 0.495478
vt 0.134251 0.495478
vt 0.134820 0.495478
vt 0.134820 0.617918
vt 0.134251 0.617918
vt 0.136299 0.495478
vt 0.136299 0.617918
vt 0.134820 0.740358
vt 0.134251 0.740358
vt 0.137635 0.495478
vt 0.137635 0.617918
vt 0.136299 0.740358
vt 0.134820 0.862798
vt 0.134251 0.862798
vt 0.137635 0.740358
vt 0.136299 0.862798
vt 0.134820 0.985238
vt 0.134251 0.985238
vt 0.137635 0.862798
vt 0.136299 0.985238
vt 0.137635 0.985238
vt 0.014115 0.497660
vt 0.011996 0.497660
vt 0.011996 0.507107
vt 0.009751 0.507107
vt 0.009751 0.497660
vt 0.007688 0.497660
vt 0.007688 0.495478
vt 0.014115 0.495478
vt 0.008287 0.522462
vt 0.001860 0.522462
vt 0.001860 0.520280
vt 0.003923 0.520280
vt 0.003923 0.510833
vt 0.006168 0.510833
vt 0.006168 0.520280
vt 0.008287 0.520280
vt 0.035333 0.499668
vt 0.036606 0.498850
vt 0.037903 0.498577
vt 0.040061 0.499462
vt 0.040812 0.501715
vt 0.040812 0.507399
vt 0.038685 0.507399
vt 0.038685 0.503628
vt 0.038543 0.501605
vt 0.038057 0.500814
vt 0.037207 0.500553
vt 0.036080 0.500988
vt 0.035428 0.502174
vt 0.035333 0.503945
vt 0.035333 0.507399
vt 0.033191 0.507399
vt 0.033191 0.495478
vt 0.035333 0.495478
vt 0.021985 0.507399
vt 0.019843 0.507399
vt 0.019843 0.495478
vt 0.021985 0.495478
vt 0.021985 0.498933
vt 0.022080 0.500704
vt 0.022732 0.501889
vt 0.023858 0.502324
vt 0.024708 0.502063
vt 0.025194 0.501273
vt 0.025337 0.499249
vt 0.025337 0.495478
vt 0.027463 0.495478
vt 0.027463 0.501162
vt 0.026712 0.503415
vt 0.024554 0.504301
vt 0.023258 0.504028
vt 0.021985 0.503209
vt 0.109865 0.512695
vt 0.111138 0.516130
vt 0.111130 0.516541
vt 0.104197 0.516541
vt 0.104999 0.517999
vt 0.106663 0.518541
vt 0.108742 0.517695
vt 0.110561 0.518549
vt 0.108932 0.519976
vt 0.106679 0.520438
vt 0.103383 0.519162
vt 0.102110 0.515964
vt 0.103379 0.512695
vt 0.106561 0.511394
vt 0.105091 0.513728
vt 0.104303 0.514837
vt 0.108960 0.514837
vt 0.108121 0.513673
vt 0.106667 0.513225
vt 0.122935 0.520438
vt 0.119753 0.519138
vt 0.118485 0.515869
vt 0.119757 0.512671
vt 0.123054 0.511394
vt 0.125307 0.511857
vt 0.126936 0.513284
vt 0.125117 0.514137
vt 0.123038 0.513291
vt 0.121374 0.513833
vt 0.120572 0.515292
vt 0.127505 0.515292
vt 0.127513 0.515703
vt 0.126240 0.519138
vt 0.123042 0.518608
vt 0.124496 0.518159
vt 0.125335 0.516995
vt 0.120678 0.516995
vt 0.121466 0.518104
vt 0.018933 0.511331
vt 0.020595 0.512359
vt 0.021213 0.514130
vt 0.020932 0.515335
vt 0.020019 0.516351
vt 0.021568 0.517596
vt 0.022058 0.519363
vt 0.021552 0.521150
vt 0.020246 0.522355
vt 0.018038 0.522754
vt 0.014778 0.522754
vt 0.014778 0.511126
vt 0.016606 0.511126
vt 0.016998 0.517671
vt 0.016998 0.520636
vt 0.017550 0.520636
vt 0.019400 0.520290
vt 0.019877 0.519283
vt 0.019317 0.518104
vt 0.017456 0.517671
vt 0.016996 0.513242
vt 0.016996 0.515681
vt 0.017478 0.515681
vt 0.018674 0.515343
vt 0.019065 0.514422
vt 0.018694 0.513561
vt 0.017565 0.513242
vt 0.031161 0.522755
vt 0.029333 0.522755
vt 0.029333 0.511126
vt 0.032594 0.511126
vt 0.034801 0.511525
vt 0.036107 0.512730
vt 0.036614 0.514517
vt 0.036124 0.516284
vt 0.034574 0.517529
vt 0.035487 0.518545
vt 0.035768 0.519750
vt 0.035151 0.521521
vt 0.033488 0.522549
vt 0.032011 0.516209
vt 0.033873 0.515777
vt 0.034433 0.514597
vt 0.033955 0.513590
vt 0.032106 0.513244
vt 0.031554 0.513244
vt 0.031554 0.516209
vt 0.032120 0.520638
vt 0.033249 0.520319
vt 0.033620 0.519458
vt 0.033229 0.518537
vt 0.032033 0.518199
vt 0.031552 0.518199
vt 0.031552 0.520638
vt 0.275294 0.997565
vt 0.273136 0.997565
vt 0.273136 0.988964
vt 0.275294 0.988964
vt 0.284391 0.997565
vt 0.282233 0.997565
vt 0.282233 0.988964
vt 0.284391 0.988964
vt 0.330064 0.989375
vt 0.330469 0.990371
vt 0.330067 0.991356
vt 0.329106 0.991763
vt 0.328124 0.991348
vt 0.327718 0.990340
vt 0.328120 0.989367
vt 0.329090 0.988964
vt 0.338187 0.991763
vt 0.337217 0.991359
vt 0.336815 0.990387
vt 0.337222 0.989379
vt 0.338203 0.988964
vt 0.339165 0.989371
vt 0.339567 0.990355
vt 0.339161 0.991351
vt 0.125049 0.495751
vt 0.126373 0.496648
vt 0.126373 0.495699
vt 0.128524 0.495699
vt 0.128524 0.503067
vt 0.127646 0.506277
vt 0.124096 0.507668
vt 0.121970 0.507352
vt 0.120515 0.506423
vt 0.119638 0.504933
vt 0.122017 0.504933
vt 0.122832 0.505482
vt 0.124010 0.505668
vt 0.125409 0.505399
vt 0.126156 0.504704
vt 0.126373 0.503233
vt 0.125180 0.504052
vt 0.123764 0.504301
vt 0.120839 0.503052
vt 0.119646 0.499889
vt 0.120911 0.496601
vt 0.123646 0.495478
vt 0.122461 0.498187
vt 0.121800 0.499897
vt 0.122476 0.501652
vt 0.124175 0.502336
vt 0.125823 0.501667
vt 0.126472 0.499913
vt 0.125819 0.498175
vt 0.124136 0.497506
vt 0.109033 0.507668
vt 0.106297 0.506545
vt 0.105032 0.503257
vt 0.106226 0.500095
vt 0.109151 0.498846
vt 0.110566 0.499095
vt 0.111760 0.499913
vt 0.111543 0.498443
vt 0.110796 0.497747
vt 0.109396 0.497478
vt 0.108218 0.497664
vt 0.107404 0.498213
vt 0.105024 0.498213
vt 0.105902 0.496723
vt 0.107357 0.495794
vt 0.109483 0.495478
vt 0.113033 0.496869
vt 0.113910 0.500079
vt 0.113910 0.507447
vt 0.111760 0.507447
vt 0.111760 0.506498
vt 0.110436 0.507395
vt 0.109523 0.505640
vt 0.111206 0.504971
vt 0.111859 0.503233
vt 0.111210 0.501479
vt 0.109562 0.500810
vt 0.107863 0.501495
vt 0.107186 0.503249
vt 0.107847 0.504960
vt 0.293338 0.988964
vt 0.293338 0.992980
vt 0.291330 0.992980
vt 0.291330 0.988964
vt 0.302435 0.988964
vt 0.302435 0.992980
vt 0.300427 0.992980
vt 0.300427 0.988964
vt 0.046133 0.515734
vt 0.050015 0.515734
vt 0.050015 0.511347
vt 0.052252 0.511347
vt 0.052252 0.522976
vt 0.050015 0.522976
vt 0.050015 0.517877
vt 0.046133 0.517877
vt 0.046133 0.522976
vt 0.043888 0.522976
vt 0.043888 0.511347
vt 0.046133 0.511347
vt 0.060689 0.522976
vt 0.058444 0.522976
vt 0.058444 0.511347
vt 0.060689 0.511347
vt 0.060689 0.516446
vt 0.064570 0.516446
vt 0.064570 0.511347
vt 0.066808 0.511347
vt 0.066808 0.522976
vt 0.064570 0.522976
vt 0.064570 0.518588
vt 0.060689 0.518588
vt 0.311192 0.992948
vt 0.309959 0.992948
vt 0.309524 0.988964
vt 0.311627 0.988964
vt 0.320724 0.992948
vt 0.318621 0.992948
vt 0.319056 0.988964
vt 0.320289 0.988964
vt 0.139551 0.989332
vt 0.140804 0.990387
vt 0.139468 0.991723
vt 0.137990 0.990917
vt 0.137421 0.991071
vt 0.137215 0.991454
vt 0.137346 0.991774
vt 0.137990 0.992174
vt 0.138780 0.992569
vt 0.140496 0.993826
vt 0.140962 0.995328
vt 0.140121 0.997241
vt 0.137863 0.998008
vt 0.134859 0.996538
vt 0.136188 0.995091
vt 0.137077 0.995806
vt 0.137982 0.996079
vt 0.138670 0.995874
vt 0.138931 0.995399
vt 0.137990 0.994427
vt 0.137263 0.994063
vt 0.135176 0.991431
vt 0.135962 0.989687
vt 0.137974 0.988964
vt 0.150710 0.998008
vt 0.148698 0.997285
vt 0.147912 0.995541
vt 0.149999 0.992909
vt 0.150726 0.992545
vt 0.151667 0.991573
vt 0.151406 0.991098
vt 0.150718 0.990893
vt 0.149813 0.991166
vt 0.148924 0.991881
vt 0.147595 0.990434
vt 0.150599 0.988964
vt 0.152857 0.989731
vt 0.153698 0.991644
vt 0.153232 0.993146
vt 0.151516 0.994403
vt 0.150726 0.994798
vt 0.150082 0.995197
vt 0.149951 0.995518
vt 0.150157 0.995901
vt 0.150726 0.996055
vt 0.152204 0.995249
vt 0.153540 0.996585
vt 0.152287 0.997640
vt 0.078088 0.511738
vt 0.079403 0.512881
vt 0.079901 0.514770
vt 0.079351 0.516687
vt 0.077695 0.517853
vt 0.080450 0.523023
vt 0.078030 0.523023
vt 0.075415 0.518098
vt 0.075213 0.518098
vt 0.075213 0.523023
vt 0.072999 0.523023
vt 0.072999 0.511394
vt 0.075344 0.511394
vt 0.075219 0.513558
vt 0.075219 0.515934
vt 0.075909 0.515934
vt 0.077356 0.515658
vt 0.077752 0.514742
vt 0.077556 0.514084
vt 0.077031 0.513681
vt 0.075823 0.513558
vt 0.089900 0.523023
vt 0.087554 0.523023
vt 0.087554 0.511394
vt 0.089768 0.511394
vt 0.089768 0.516319
vt 0.089971 0.516319
vt 0.092586 0.511394
vt 0.095005 0.511394
vt 0.092251 0.516564
vt 0.093907 0.517730
vt 0.094456 0.519648
vt 0.093959 0.521537
vt 0.092644 0.522679
vt 0.090378 0.520859
vt 0.091586 0.520737
vt 0.092111 0.520334
vt 0.092307 0.519675
vt 0.091911 0.518760
vt 0.090465 0.518484
vt 0.089774 0.518484
vt 0.089774 0.520859
vt 0.168087 0.990265
vt 0.169359 0.993699
vt 0.169351 0.994110
vt 0.162418 0.994110
vt 0.163221 0.995569
vt 0.164885 0.996111
vt 0.166964 0.995265
vt 0.168782 0.996119
vt 0.167154 0.997545
vt 0.164901 0.998008
vt 0.161604 0.996731
vt 0.160331 0.993533
vt 0.161600 0.990265
vt 0.164782 0.988964
vt 0.163313 0.991298
vt 0.162525 0.992407
vt 0.167182 0.992407
vt 0.166342 0.991243
vt 0.164889 0.990794
vt 0.181157 0.998008
vt 0.177975 0.996707
vt 0.176706 0.993438
vt 0.177979 0.990241
vt 0.181275 0.988964
vt 0.183529 0.989426
vt 0.185157 0.990853
vt 0.183339 0.991707
vt 0.181260 0.990861
vt 0.179596 0.991403
vt 0.178793 0.992861
vt 0.185726 0.992861
vt 0.185734 0.993272
vt 0.184461 0.996707
vt 0.181263 0.996178
vt 0.182717 0.995729
vt 0.183556 0.994565
vt 0.178900 0.994565
vt 0.179688 0.995674
vt 0.095822 0.495751
vt 0.097147 0.496648
vt 0.097147 0.495699
vt 0.099297 0.495699
vt 0.099297 0.503067
vt 0.098419 0.506277
vt 0.094870 0.507668
vt 0.092743 0.507352
vt 0.091289 0.506423
vt 0.090411 0.504933
vt 0.092791 0.504933
vt 0.093605 0.505482
vt 0.094783 0.505668
vt 0.096182 0.505399
vt 0.096929 0.504704
vt 0.097147 0.503233
vt 0.095953 0.504052
vt 0.094538 0.504301
vt 0.091613 0.503052
vt 0.090419 0.499889
vt 0.091684 0.496601
vt 0.094419 0.495478
vt 0.093234 0.498187
vt 0.092573 0.499897
vt 0.093250 0.501652
vt 0.094949 0.502336
vt 0.096597 0.501667
vt 0.097246 0.499913
vt 0.096593 0.498175
vt 0.094909 0.497506
vt 0.079806 0.507668
vt 0.077071 0.506545
vt 0.075806 0.503257
vt 0.076999 0.500095
vt 0.079924 0.498846
vt 0.081340 0.499095
vt 0.082533 0.499913
vt 0.082316 0.498443
vt 0.081569 0.497747
vt 0.080170 0.497478
vt 0.078992 0.497664
vt 0.078177 0.498213
vt 0.075798 0.498213
vt 0.076675 0.496723
vt 0.078130 0.495794
vt 0.080256 0.495478
vt 0.083806 0.496869
vt 0.084684 0.500079
vt 0.084684 0.507447
vt 0.082533 0.507447
vt 0.082533 0.506498
vt 0.081209 0.507395
vt 0.080296 0.505640
vt 0.081979 0.504971
vt 0.082632 0.503233
vt 0.081983 0.501479
vt 0.080335 0.500810
vt 0.078636 0.501495
vt 0.077960 0.503249
vt 0.078621 0.504960
vt 0.198569 0.989257
vt 0.199824 0.990134
vt 0.199824 0.989185
vt 0.201983 0.989185
vt 0.201983 0.997787
vt 0.199824 0.997787
vt 0.199824 0.996877
vt 0.198557 0.997743
vt 0.197179 0.998008
vt 0.194297 0.996715
vt 0.193081 0.993502
vt 0.194258 0.990237
vt 0.197116 0.988964
vt 0.195902 0.991673
vt 0.195243 0.993478
vt 0.195913 0.995303
vt 0.197564 0.996019
vt 0.199241 0.995315
vt 0.199908 0.993470
vt 0.199241 0.991661
vt 0.197556 0.990969
vt 0.213491 0.998008
vt 0.210632 0.996735
vt 0.209456 0.993470
vt 0.210672 0.990257
vt 0.213554 0.988964
vt 0.214932 0.989229
vt 0.216199 0.990094
vt 0.216199 0.989185
vt 0.218358 0.989185
vt 0.218358 0.997787
vt 0.216199 0.997787
vt 0.216199 0.996838
vt 0.214944 0.997715
vt 0.213931 0.996003
vt 0.215616 0.995311
vt 0.216282 0.993502
vt 0.215616 0.991657
vt 0.213938 0.990953
vt 0.212288 0.991669
vt 0.211618 0.993494
vt 0.212276 0.995299
vt 0.255919 0.989185
vt 0.255247 0.991043
vt 0.254623 0.990853
vt 0.253781 0.991470
vt 0.253437 0.993889
vt 0.253445 0.994308
vt 0.253445 0.997787
vt 0.251303 0.997787
vt 0.251303 0.989185
vt 0.253153 0.989185
vt 0.253153 0.990268
vt 0.253951 0.989296
vt 0.255042 0.988964
vt 0.265958 0.997787
vt 0.264867 0.997454
vt 0.264069 0.996482
vt 0.264069 0.997565
vt 0.262219 0.997565
vt 0.262219 0.988964
vt 0.264361 0.988964
vt 0.264361 0.992442
vt 0.264353 0.992861
vt 0.264697 0.995280
vt 0.265539 0.995897
vt 0.266164 0.995707
vt 0.266836 0.997565
vt 0.070070 0.507399
vt 0.067912 0.507399
vt 0.067912 0.506490
vt 0.066645 0.507356
vt 0.065267 0.507621
vt 0.062385 0.506328
vt 0.061169 0.503115
vt 0.062345 0.499850
vt 0.065204 0.498577
vt 0.066656 0.498869
vt 0.067912 0.499747
vt 0.067912 0.495478
vt 0.070070 0.495478
vt 0.063989 0.501286
vt 0.063331 0.503091
vt 0.064001 0.504916
vt 0.065651 0.505632
vt 0.067329 0.504928
vt 0.067995 0.503083
vt 0.067329 0.501274
vt 0.065643 0.500582
vt 0.055441 0.507621
vt 0.053283 0.507621
vt 0.053283 0.503352
vt 0.052027 0.504229
vt 0.050574 0.504522
vt 0.047716 0.503249
vt 0.046539 0.499984
vt 0.047755 0.496771
vt 0.050637 0.495478
vt 0.052015 0.495743
vt 0.053283 0.496608
vt 0.053283 0.495699
vt 0.055441 0.495699
vt 0.051014 0.502517
vt 0.052700 0.501825
vt 0.053366 0.500016
vt 0.052700 0.498171
vt 0.051022 0.497467
vt 0.049372 0.498183
vt 0.048701 0.500008
vt 0.049360 0.501813
vt 0.230522 0.989332
vt 0.231775 0.990387
vt 0.230439 0.991723
vt 0.228961 0.990917
vt 0.228392 0.991071
vt 0.228186 0.991454
vt 0.228317 0.991774
vt 0.228961 0.992174
vt 0.229752 0.992569
vt 0.231467 0.993826
vt 0.231934 0.995328
vt 0.231092 0.997241
vt 0.228835 0.998008
vt 0.225831 0.996538
vt 0.227159 0.995091
vt 0.228048 0.995806
vt 0.228953 0.996079
vt 0.229641 0.995874
vt 0.229902 0.995399
vt 0.228961 0.994427
vt 0.228234 0.994063
vt 0.226147 0.991431
vt 0.226933 0.989687
vt 0.228945 0.988964
vt 0.241681 0.998008
vt 0.239669 0.997285
vt 0.238883 0.995541
vt 0.240970 0.992909
vt 0.241697 0.992545
vt 0.242638 0.991573
vt 0.242377 0.991098
vt 0.241689 0.990893
vt 0.240784 0.991166
vt 0.239895 0.991881
vt 0.238567 0.990434
vt 0.241571 0.988964
vt 0.243828 0.989731
vt 0.244670 0.991644
vt 0.244203 0.993146
vt 0.242488 0.994403
vt 0.241697 0.994798
vt 0.241053 0.995197
vt 0.240922 0.995518
vt 0.241128 0.995901
vt 0.241697 0.996055
vt 0.243175 0.995249
vt 0.244511 0.996585
vt 0.243258 0.997640
vn 0.000000 0.000000 -1.000000
vn 0.000000 0.000000 -1.000000
vn 0.000000 0.000000 -1.000000
vn 0.000000 0.000000 -1.000000
vn 0.000000 0.000000 -1.000000
vn 0.000000 0.000000 -1.000000
vn 0.000000 0.000000 -1.000000
vn 0.000000 0.000000 -1.000000
vn 0.048181 0.998839 0.000000
vn 0.048181 0.998839 0.000000
vn 0.048181 0.998839 0.000000
vn 0.048181 0.998839 0.000000
vn -0.998839 0.048181 0.000000
vn -0.998839 0.048181 0.000000
vn -0.998839 0.048181 0.000000
vn -0.998839 0.048181 0.000000
vn -0.048181 -0.998839 0.000000
vn -0.048181 -0.998839 0.000000
vn -0.048181 -0.998839 0.000000
vn -0.048181 -0.998839 0.000000
vn -0.998839 0.048181 0.000000
vn -0.998839 0.048181 0.000000
vn -0.998839 0.048181 0.000000
vn -0.998839 0.048181 0.000000
vn -0.048181 -0.998839 0.000000
vn -0.048181 -0.998839 0.000000
vn -0.048181 -0.998839 0.000000
vn -0.048181 -0.998839 0.000000
vn 0.998839 -0.048181 0.000000
vn 0.998839 -0.048181 0.000000
vn 0.998839 -0.048181 0.000000
vn 0.998839 -0.048181 0.000000
vn -0.048181 -0.998839 0.000000
vn -0.048181 -0.998839 0.000000
vn -0.048181 -0.998839 0.000000
vn -0.048181 -0.998839 0.000000
vn 0.998839 -0.048181 0.000000
vn 0.998839 -0.048181 0.000000
vn 0.998839 -0.048181 0.000000
vn 0.998839 -0.048181 0.000000
vn 0.048181 0.998839 0.000000
vn 0.048181 0.998839 0.000000
vn 0.048181 0.998839 0.000000
vn 0.048181 0.998839 0.000000
vn -0.998839 0.048181 0.000000
vn -0.998839 0.048181 0.000000
vn -0.998839 0.048181 0.000000
vn -0.998839 0.048181 0.000000
vn -0.048181 -0.998839 0.000000
vn -0.048181 -0.998839 0.000000
vn -0.048181 -0.998839 0.000000
vn -0.048181 -0.998839 0.000000
vn -0.998839 0.048181 0.000000
vn -0.998839 0.048181 0.000000
vn -0.998839 0.048181 0.000000
vn -0.998839 0.048181 0.000000
vn -0.048181 -0.998839 0.000000
vn -0.048181 -0.998839 0.000000
vn -0.048181 -0.998839 0.000000
vn -0.048181 -0.998839 0.000000
vn 0.998839 -0.048181 0.000000
vn 0.998839 -0.048181 0.000000
vn 0.998839 -0.048181 0.000000
vn 0.998839 -0.048181 0.000000
vn -0.048181 -0.998839 0.000000
vn -0.048181 -0.998839 0.000000
vn -0.048181 -0.998839 0.000000
vn -0.048181 -0.998839 0.000000
vn 0.998839 -0.048181 0.000000
vn 0.998839 -0.048181 0.000000
vn 0.998839 -0.048181 0.000000
vn 0.998839 -0.048181 0.000000
vn 0.048181 0.998839 0.000000
vn 0.048181 0.998839 0.000000
vn 0.048181 0.998839 0.000000
vn 0.048181 0.998839 0.000000
vn -0.998839 0.048181 0.000000
vn -0.998839 0.048181 0.000000
vn -0.998839 0.048181 0.000000
vn -0.998839 0.048181 0.000000
vn -0.048181 -0.998839 0.000000
vn -0.048181 -0.998839 0.000000
vn -0.048181 -0.998839 0.000000
vn -0.048181 -0.998839 0.000000
vn -0.998839 0.048181 0.000000
vn -0.998839 0.048181 0.000000
vn -0.998839 0.048181 0.000000
vn -0.998839 0.048181 0.000000
vn -0.048181 -0.998839 0.000000
vn -0.048181 -0.998839 0.000000
vn -0.048181 -0.998839 0.000000
vn -0.048181 -0.998839 0.000000
vn 0.998839 -0.048181 0.000000
vn 0.998839 -0.048181 0.000000
vn 0.998839 -0.048181 0.000000
vn 0.998839 -0.048181 0.000000
vn -0.048181 -0.998839 0.000000
vn -0.048181 -0.998839 0.000000
vn -0.048181 -0.998839 0.000000
vn -0.048181 -0.998839 0.000000
vn 0.998839 -0.048181 0.000000
vn 0.998839 -0.048181 0.000000
vn 0.998839 -0.048181 0.000000
vn 0.998839 -0.048181 0.000000
vn 0.048181 0.998839 0.000000
vn 0.048181 0.998839 0.000000
vn 0.048181 0.998839 0.000000
vn 0.048181 0.998839 0.000000
vn -0.998839 0.048181 0.000000
vn -0.998839 0.048181 0.000000
vn -0.998839 0.048181 0.000000
vn -0.998839 0.048181 0.000000
vn -0.048181 -0.998839 0.000000
vn -0.048181 -0.998839 0.000000
vn -0.048181 -0.998839 0.000000
vn -0.048181 -0.998839 0.000000
vn -0.998839 0.048181 0.000000
vn -0.998839 0.048181 0.000000
vn -0.998839 0.048181 0.000000
vn -0.998839 0.048181 0.000000
vn -0.048181 -0.998839 0.000000
vn -0.048181 -0.998839 0.000000
vn -0.048181 -0.998839 0.000000
vn -0.048181 -0.998839 0.000000
vn 0.998839 -0.048181 0.000000
vn 0.998839 -0.048181 0.000000
vn 0.998839 -0.048181 0.000000
vn 0.998839 -0.048181 0.000000
vn -0.048181 -0.998839 0.000000
vn -0.048181 -0.998839 0.000000
vn -0.048181 -0.998839 0.000000
vn -0.048181 -0.998839 0.000000
vn 0.998839 -0.048181 0.000000
vn 0.998839 -0.048181 0.000000
vn 0.998839 -0.048181 0.000000
vn 0.998839 -0.048181 0.000000
vn 0.000000 -0.000000 1.000000
vn 0.000000 -0.000000 1.000000
vn 0.000000 -0.000000 1.000000
vn 0.000000 -0.000000 1.000000
vn 0.000000 -0.000000 1.000000
vn 0.000000 -0.000000 1.000000
vn 0.000000 -0.000000 1.000000
vn 0.000000 -0.000000 1.000000
vn 0.000000 0.000000 -1.000000
vn 0.000000 0.000000 -1.000000
vn 0.000000 0.000000 -1.000000
vn 0.000000 0.000000 -1.000000
vn 0.000000 0.000000 -1.000000
vn 0.000000 0.000000 -1.000000
vn 0.000000 0.000000 -1.000000
vn 0.000000 0.000000 -1.000000
vn 0.000000 0.000000 -1.000000
vn 0.000000 0.000000 -1.000000
vn 0.000000 0.000000 -1.000000
vn 0.000000 0.000000 -1.000000
vn 0.000000 0.000000 -1.000000
vn 0.000000 0.000000 -1.000000
vn 0.000000 0.000000 -1.000000
vn 0.000000 0.000000 -1.000000
vn 0.000000 0.000000 -1.000000
vn 0.000000 0.000000 -1.000000
vn 0.048181 0.998839 0.000000
vn 0.048181 0.998839 0.000000
vn 0.048181 0.998839 0.000000
vn 0.048181 0.998839 0.000000
vn -0.998839 0.048181 0.000000
vn -0.998839 0.048181 0.000000
vn -0.998839 0.048181 0.000000
vn -0.998839 0.048181 0.000000
vn -0.048181 -0.998839 0.000000
vn -0.048181 -0.998839 0.000000
vn -0.048181 -0.998839 0.000000
vn -0.048181 -0.998839 0.000000
vn 0.998839 -0.048181 0.000000
vn 0.998839 -0.048181 0.000000
vn 0.998839 -0.048181 0.000000
vn 0.998839 -0.048181 0.000000
vn 0.994831 -0.101548 0.000000
vn 0.994831 -0.101548 0.000000
vn 0.994831 -0.101548 0.000000
vn 0.994831 -0.101548 0.000000
vn 0.851989 -0.523559 0.000000
vn 0.851989 -0.523559 0.000000
vn 0.851989 -0.523559 0.000000
vn 0.851989 -0.523559 0.000000
vn 0.314762 -0.949171 0.000000
vn 0.314762 -0.949171 0.000000
vn 0.314762 -0.949171 0.000000
vn 0.314762 -0.949171 0.000000
vn -0.339292 -0.940681 0.000000
vn -0.339292 -0.940681 0.000000
vn -0.339292 -0.940681 0.000000
vn -0.339292 -0.940681 0.000000
vn -0.876015 -0.482284 0.000000
vn -0.876015 -0.482284 0.000000
vn -0.876015 -0.482284 0.000000
vn -0.876015 -0.482284 0.000000
vn -0.999758 -0.022002 0.000000
vn -0.999758 -0.022002 0.000000
vn -0.999758 -0.022002 0.000000
vn -0.999758 -0.022002 0.000000
vn -0.998839 0.048181 0.000000
vn -0.998839 0.048181 0.000000
vn -0.998839 0.048181 0.000000
vn -0.998839 0.048181 0.000000
vn -0.048181 -0.998839 0.000000
vn -0.048181 -0.998839 0.000000
vn -0.048181 -0.998839 0.000000
vn -0.048181 -0.998839 0.000000
vn 0.998839 -0.048181 0.000000
vn 0.998839 -0.048181 0.000000
vn 0.998839 -0.048181 0.000000
vn 0.998839 -0.048181 0.000000
vn 0.962812 0.270173 0.000000
vn 0.962812 0.270173 0.000000
vn 0.962812 0.270173 0.000000
vn 0.962812 0.270173 0.000000
vn 0.423708 0.905799 0.000000
vn 0.423708 0.905799 0.000000
vn 0.423708 0.905799 0.000000
vn 0.423708 0.905799 0.000000
vn -0.158518 0.987356 0.000000
vn -0.158518 0.987356 0.000000
vn -0.158518 0.987356 0.000000
vn -0.158518 0.987356 0.000000
vn -0.499640 0.866234 0.000000
vn -0.499640 0.866234 0.000000
vn -0.499640 0.866234 0.000000
vn -0.499640 0.866234 0.000000
vn 0.998839 -0.048181 0.000000
vn 0.998839 -0.048181 0.000000
vn 0.998839 -0.048181 0.000000
vn 0.998839 -0.048181 0.000000
vn 0.048181 0.998839 0.000000
vn 0.048181 0.998839 0.000000
vn 0.048181 0.998839 0.000000
vn 0.048181 0.998839 0.000000
vn -0.998839 0.048181 0.000000
vn -0.998839 0.048181 0.000000
vn -0.998839 0.048181 0.000000
vn -0.998839 0.048181 0.000000
vn -0.048181 -0.998839 0.000000
vn -0.048181 -0.998839 0.000000
vn -0.048181 -0.998839 0.000000
vn -0.048181 -0.998839 0.000000
vn 0.998839 -0.048181 0.000000
vn 0.998839 -0.048181 0.000000
vn 0.998839 -0.048181 0.000000
vn 0.998839 -0.048181 0.000000
vn 0.994831 -0.101548 0.000000
vn 0.994831 -0.101548 0.000000
vn 0.994831 -0.101548 0.000000
vn 0.994831 -0.101548 0.000000
vn 0.851989 -0.523559 0.000000
vn 0.851989 -0.523559 0.000000
vn 0.851989 -0.523559 0.000000
vn 0.851989 -0.523559 0.000000
vn 0.314762 -0.949171 0.000000
vn 0.314762 -0.949171 0.000000
vn 0.314762 -0.949171 0.000000
vn 0.314762 -0.949171 0.000000
vn -0.339292 -0.940681 0.000000
vn -0.339292 -0.940681 0.000000
vn -0.339292 -0.940681 0.000000
vn -0.339292 -0.940681 0.000000
vn -0.876015 -0.482284 0.000000
vn -0.876015 -0.482284 0.000000
vn -0.876015 -0.482284 0.000000
vn -0.876015 -0.482284 0.000000
vn -0.999758 -0.022002 0.000000
vn -0.999758 -0.022002 0.000000
vn -0.999758 -0.022002 0.000000
vn -0.999758 -0.022002 0.000000
vn -0.998839 0.048181 0.000000
vn -0.998839 0.048181 0.000000
vn -0.998839 0.048181 0.000000
vn -0.998839 0.048181 0.000000
vn -0.048181 -0.998839 0.000000
vn -0.048181 -0.998839 0.000000
vn -0.048181 -0.998839 0.000000
vn -0.048181 -0.998839 0.000000
vn 0.998839 -0.048181 0.000000
vn 0.998839 -0.048181 0.000000
vn 0.998839 -0.048181 0.000000
vn 0.998839 -0.048181 0.000000
vn 0.962812 0.270173 0.000000
vn 0.962812 0.270173 0.000000
vn 0.962812 0.270173 0.000000
vn 0.962812 0.270173 0.000000
vn 0.423708 0.905799 0.000000
vn 0.423708 0.905799 0.000000
vn 0.423708 0.905799 0.000000
vn 0.423708 0.905799 0.000000
vn -0.158518 0.987356 0.000000
vn -0.158518 0.987356 0.000000
vn -0.158518 0.987356 0.000000
vn -0.158518 0.987356 0.000000
vn -0.499640 0.866234 0.000000
vn -0.499640 0.866234 0.000000
vn -0.499640 0.866234 0.000000
vn -0.499640 0.866234 0.000000
vn 0.998839 -0.048181 0.000000
vn 0.998839 -0.048181 0.000000
vn 0.998839 -0.048181 0.000000
vn 0.998839 -0.048181 0.000000
vn 0.048181 0.998839 0.000000
vn 0.048181 0.998839 0.000000
vn 0.048181 0.998839 0.000000
vn 0.048181 0.998839 0.000000
vn -0.998839 0.048181 0.000000
vn -0.998839 0.048181 0.000000
vn -0.998839 0.048181 0.000000
vn -0.998839 0.048181 0.000000
vn -0.048181 -0.998839 0.000000
vn -0.048181 -0.998839 0.000000
vn -0.048181 -0.998839 0.000000
vn -0.048181 -0.998839 0.000000
vn 0.998839 -0.048181 0.000000
vn 0.998839 -0.048181 0.000000
vn 0.998839 -0.048181 0.000000
vn 0.998839 -0.048181 0.000000
vn 0.994831 -0.101548 0.000000
vn 0.994831 -0.101548 0.000000
vn 0.994831 -0.101548 0.000000
vn 0.994831 -0.101548 0.000000
vn 0.851989 -0.523559 0.000000
vn 0.851989 -0.523559 0.000000
vn 0.851989 -0.523559 0.000000
vn 0.851989 -0.523559 0.000000
vn 0.314762 -0.949171 0.000000
vn 0.314762 -0.949171 0.000000
vn 0.314762 -0.949171 0.000000
vn 0.314762 -0.949171 0.000000
vn -0.339292 -0.940681 0.000000
vn -0.339292 -0.940681 0.000000
vn -0.339292 -0.940681 0.000000
vn -0.339292 -0.940681 0.000000
vn -0.876015 -0.482284 0.000000
vn -0.876015 -0.482284 0.000000
vn -0.876015 -0.482284 0.000000
vn -0.876015 -0.482284 0.000000
vn -0.999758 -0.022002 0.000000
vn -0.999758 -0.022002 0.000000
vn -0.999758 -0.022002 0.000000
vn -0.999758 -0.022002 0.000000
vn -0.998839 0.048181 0.000000
vn -0.998839 0.048181 0.000000
vn -0.998839 0.048181 0.000000
vn -0.998839 0.048181 0.000000
vn -0.048181 -0.998839 0.000000
vn -0.048181 -0.998839 0.000000
vn -0.048181 -0.998839 0.000000
vn -0.048181 -0.998839 0.000000
vn 0.998839 -0.048181 0.000000
vn 0.998839 -0.048181 0.000000
vn 0.998839 -0.048181 0.000000
vn 0.998839 -0.048181 0.000000
vn 0.962812 0.270173 0.000000
vn 0.962812 0.270173 0.000000
vn 0.962812 0.270173 0.000000
vn 0.962812 0.270173 0.000000
vn 0.423708 0.905799 0.000000
vn 0.423708 0.905799 0.000000
vn 0.423708 0.905799 0.000000
vn 0.423708 0.905799 0.000000
vn -0.158518 0.987356 0.000000
vn -0.158518 0.987356 0.000000
vn -0.158518 0.987356 0.000000
vn -0.158518 0.987356 0.000000
vn -0.499640 0.866234 0.000000
vn -0.499640 0.866234 0.000000
vn -0.499640 0.866234 0.000000
vn -0.499640 0.866234 0.000000
vn 0.998839 -0.048181 0.000000
vn 0.998839 -0.048181 0.000000
vn 0.998839 -0.048181 0.000000
vn 0.998839 -0.048181 0.000000
vn 0.048181 0.998839 0.000000
vn 0.048181 0.998839 0.000000
vn 0.048181 0.998839 0.000000
vn 0.048181 0.998839 0.000000
vn -0.998839 0.048181 0.000000
vn -0.998839 0.048181 0.000000
vn -0.998839 0.048181 0.000000
vn -0.998839 0.048181 0.000000
vn -0.048181 -0.998839 0.000000
vn -0.048181 -0.998839 0.000000
vn -0.048181 -0.998839 0.000000
vn -0.048181 -0.998839 0.000000
vn 0.998839 -0.048181 0.000000
vn 0.998839 -0.048181 0.000000
vn 0.998839 -0.048181 0.000000
vn 0.998839 -0.048181 0.000000
vn 0.994831 -0.101548 0.000000
vn 0.994831 -0.101548 0.000000
vn 0.994831 -0.101548 0.000000
vn 0.994831 -0.101548 0.000000
vn 0.851989 -0.523559 0.000000
vn 0.851989 -0.523559 0.000000
vn 0.851989 -0.523559 0.000000
vn 0.851989 -0.523559 0.000000
vn 0.314762 -0.949171 0.000000
vn 0.314762 -0.949171 0.000000
vn 0.314762 -0.949171 0.000000
vn 0.314762 -0.949171 0.000000
vn -0.339292 -0.940681 0.000000
vn -0.339292 -0.940681 0.000000
vn -0.339292 -0.940681 0.000000
vn -0.339292 -0.940681 0.000000
vn -0.876015 -0.482284 0.000000
vn -0.876015 -0.482284 0.000000
vn -0.876015 -0.482284 0.000000
vn -0.876015 -0.482284 0.000000
vn -0.999758 -0.022002 0.000000
vn -0.999758 -0.022002 0.000000
vn -0.999758 -0.022002 0.000000
vn -0.999758 -0.022002 0.000000
vn -0.998839 0.048181 0.000000
vn -0.998839 0.048181 0.000000
vn -0.998839 0.048181 0.000000
vn -0.998839 0.048181 0.000000
vn -0.048181 -0.998839 0.000000
vn -0.048181 -0.998839 0.000000
vn -0.048181 -0.998839 0.000000
vn -0.048181 -0.998839 0.000000
vn 0.998839 -0.048181 0.000000
vn 0.998839 -0.048181 0.000000
vn 0.998839 -0.048181 0.000000
vn 0.998839 -0.048181 0.000000
vn 0.962812 0.270173 0.000000
vn 0.962812 0.270173 0.000000
vn 0.962812 0.270173 0.000000
vn 0.962812 0.270173 0.000000
vn 0.423708 0.905799 0.000000
vn 0.423708 0.905799 0.000000
vn 0.423708 0.905799 0.000000
vn 0.423708 0.905799 0.000000
vn -0.158518 0.987356 0.000000
vn -0.158518 0.987356 0.000000
vn -0.158518 0.987356 0.000000
vn -0.158518 0.987356 0.000000
vn -0.499639 0.866234 0.000000
vn -0.499639 0.866234 0.000000
vn -0.499639 0.866234 0.000000
vn -0.499639 0.866234 0.000000
vn 0.998839 -0.048181 0.000000
vn 0.998839 -0.048181 0.000000
vn 0.998839 -0.048181 0.000000
vn 0.998839 -0.048181 0.000000
vn 0.000000 0.000000 1.000000
vn 0.000000 0.000000 1.000000
vn 0.000000 0.000000 1.000000
vn 0.000000 0.000000 1.000000
vn 0.000000 0.000000 1.000000
vn 0.000000 0.000000 1.000000
vn 0.000000 0.000000 1.000000
vn 0.000000 0.000000 1.000000
vn 0.000000 0.000000 1.000000
vn 0.000000 0.000000 1.000000
vn 0.000000 0.000000 1.000000
vn 0.000000 0.000000 1.000000
vn 0.000000 0.000000 1.000000
vn 0.000000 0.000000 1.000000
vn 0.000000 0.000000 1.000000
vn 0.000000 0.000000 1.000000
vn 0.000000 0.000000 1.000000
vn 0.000000 0.000000 1.000000
vn 0.000000 0.000000 -1.000000
vn 0.000000 0.000000 -1.000000
vn 0.000000 0.000000 -1.000000
vn 0.000000 0.000000 -1.000000
vn 0.000000 0.000000 -1.000000
vn 0.000000 0.000000 -1.000000
vn 0.000000 0.000000 -1.000000
vn 0.000000 0.000000 -1.000000
vn 0.000000 0.000000 -1.000000
vn 0.000000 0.000000 -1.000000
vn 0.000000 0.000000 -1.000000
vn 0.000000 0.000000 -1.000000
vn 0.000000 0.000000 -1.000000
vn 0.000000 0.000000 -1.000000
vn 0.000000 0.000000 -1.000000
vn 0.000000 0.000000 -1.000000
vn 0.000000 0.000000 -1.000000
vn 0.000000 0.000000 -1.000000
vn 0.000000 0.000000 -1.000000
vn -0.333300 0.942821 0.000000
vn -0.333300 0.942821 0.000000
vn -0.333300 0.942821 0.000000
vn -0.333300 0.942821 0.000000
vn -0.913733 0.406315 0.000000
vn -0.913733 0.406315 0.000000
vn -0.913733 0.406315 0.000000
vn -0.913733 0.406315 0.000000
vn -0.945852 -0.324597 0.000000
vn -0.945852 -0.324597 0.000000
vn -0.945852 -0.324597 0.000000
vn -0.945852 -0.324597 0.000000
vn -0.405637 -0.914034 0.000000
vn -0.405637 -0.914034 0.000000
vn -0.405637 -0.914034 0.000000
vn -0.405637 -0.914034 0.000000
vn 0.153610 -0.988132 0.000000
vn 0.153610 -0.988132 0.000000
vn 0.153610 -0.988132 0.000000
vn 0.153610 -0.988132 0.000000
vn 0.621981 -0.783032 0.000000
vn 0.621981 -0.783032 0.000000
vn 0.621981 -0.783032 0.000000
vn 0.621981 -0.783032 0.000000
vn 0.468178 0.883634 0.000000
vn 0.468178 0.883634 0.000000
vn 0.468178 0.883634 0.000000
vn 0.468178 0.883634 0.000000
vn -0.331827 0.943340 0.000000
vn -0.331827 0.943340 0.000000
vn -0.331827 0.943340 0.000000
vn -0.331827 0.943340 0.000000
vn 0.354905 0.934902 0.000000
vn 0.354905 0.934902 0.000000
vn 0.354905 0.934902 0.000000
vn 0.354905 0.934902 0.000000
vn 0.898378 0.439222 0.000000
vn 0.898378 0.439222 0.000000
vn 0.898378 0.439222 0.000000
vn 0.898378 0.439222 0.000000
vn -0.048181 -0.998839 0.000000
vn -0.048181 -0.998839 0.000000
vn -0.048181 -0.998839 0.000000
vn -0.048181 -0.998839 0.000000
vn 0.997723 -0.067451 0.000000
vn 0.997723 -0.067451 0.000000
vn 0.997723 -0.067451 0.000000
vn 0.997723 -0.067451 0.000000
vn 0.953349 0.301871 0.000000
vn 0.953349 0.301871 0.000000
vn 0.953349 0.301871 0.000000
vn 0.953349 0.301871 0.000000
vn 0.410645 0.911795 0.000000
vn 0.410645 0.911795 0.000000
vn 0.410645 0.911795 0.000000
vn 0.410645 0.911795 0.000000
vn -0.340403 -0.940279 0.000000
vn -0.340403 -0.940279 0.000000
vn -0.340403 -0.940279 0.000000
vn -0.340403 -0.940279 0.000000
vn -0.838433 -0.545005 0.000000
vn -0.838433 -0.545005 0.000000
vn -0.838433 -0.545005 0.000000
vn -0.838433 -0.545005 0.000000
vn 0.048181 0.998839 0.000000
vn 0.048181 0.998839 0.000000
vn 0.048181 0.998839 0.000000
vn 0.048181 0.998839 0.000000
vn 0.786342 -0.617791 0.000000
vn 0.786342 -0.617791 0.000000
vn 0.786342 -0.617791 0.000000
vn 0.786342 -0.617791 0.000000
vn 0.258063 -0.966128 0.000000
vn 0.258063 -0.966128 0.000000
vn 0.258063 -0.966128 0.000000
vn 0.258063 -0.966128 0.000000
vn -0.333300 0.942821 0.000000
vn -0.333300 0.942821 0.000000
vn -0.333300 0.942821 0.000000
vn -0.333300 0.942821 0.000000
vn -0.913733 0.406315 0.000000
vn -0.913733 0.406315 0.000000
vn -0.913733 0.406315 0.000000
vn -0.913733 0.406315 0.000000
vn -0.945852 -0.324597 0.000000
vn -0.945852 -0.324597 0.000000
vn -0.945852 -0.324597 0.000000
vn -0.945852 -0.324597 0.000000
vn -0.405637 -0.914034 0.000000
vn -0.405637 -0.914034 0.000000
vn -0.405637 -0.914034 0.000000
vn -0.405637 -0.914034 0.000000
vn 0.153610 -0.988132 0.000000
vn 0.153610 -0.988132 0.000000
vn 0.153610 -0.988132 0.000000
vn 0.153610 -0.988132 0.000000
vn 0.621981 -0.783032 0.000000
vn 0.621981 -0.783032 0.000000
vn 0.621981 -0.783032 0.000000
vn 0.621981 -0.783032 0.000000
vn 0.468178 0.883634 0.000000
vn 0.468178 0.883634 0.000000
vn 0.468178 0.883634 0.000000
vn 0.468178 0.883634 0.000000
vn -0.331827 0.943340 0.000000
vn -0.331827 0.943340 0.000000
vn -0.331827 0.943340 0.000000
vn -0.331827 0.943340 0.000000
vn 0.354905 0.934902 0.000000
vn 0.354905 0.934902 0.000000
vn 0.354905 0.934902 0.000000
vn 0.354905 0.934902 0.000000
vn 0.898378 0.439222 0.000000
vn 0.898378 0.439222 0.000000
vn 0.898378 0.439222 0.000000
vn 0.898378 0.439222 0.000000
vn -0.048181 -0.998839 0.000000
vn -0.048181 -0.998839 0.000000
vn -0.048181 -0.998839 0.000000
vn -0.048181 -0.998839 0.000000
vn 0.997723 -0.067451 0.000000
vn 0.997723 -0.067451 0.000000
vn 0.997723 -0.067451 0.000000
vn 0.997723 -0.067451 0.000000
vn 0.953349 0.301871 0.000000
vn 0.953349 0.301871 0.000000
vn 0.953349 0.301871 0.000000
vn 0.953349 0.301871 0.000000
vn 0.410645 0.911795 0.000000
vn 0.410645 0.911795 0.000000
vn 0.410645 0.911795 0.000000
vn 0.410645 0.911795 0.000000
vn -0.340403 -0.940279 0.000000
vn -0.340403 -0.940279 0.000000
vn -0.340403 -0.940279 0.000000
vn -0.340403 -0.940279 0.000000
vn -0.838433 -0.545005 0.000000
vn -0.838433 -0.545005 0.000000
vn -0.838433 -0.545005 0.000000
vn -0.838433 -0.545005 0.000000
vn 0.048181 0.998839 0.000000
vn 0.048181 0.998839 0.000000
vn 0.048181 0.998839 0.000000
vn 0.048181 0.998839 0.000000
vn 0.786342 -0.617791 0.000000
vn 0.786342 -0.617791 0.000000
vn 0.786342 -0.617791 0.000000
vn 0.786342 -0.617791 0.000000
vn 0.258063 -0.966128 0.000000
vn 0.258063 -0.966128 0.000000
vn 0.258063 -0.966128 0.000000
vn 0.258063 -0.966128 0.000000
vn -0.333300 0.942821 0.000000
vn -0.333300 0.942821 0.000000
vn -0.333300 0.942821 0.000000
vn -0.333300 0.942821 0.000000
vn -0.913733 0.406315 0.000000
vn -0.913733 0.406315 0.000000
vn -0.913733 0.406315 0.000000
vn -0.913733 0.406315 0.000000
vn -0.945852 -0.324597 0.000000
vn -0.945852 -0.324597 0.000000
vn -0.945852 -0.324597 0.000000
vn -0.945852 -0.324597 0.000000
vn -0.405637 -0.914034 0.000000
vn -0.405637 -0.914034 0.000000
vn -0.405637 -0.914034 0.000000
vn -0.405637 -0.914034 0.000000
vn 0.153610 -0.988132 0.000000
vn 0.153610 -0.988132 0.000000
vn 0.153610 -0.988132 0.000000
vn 0.153610 -0.988132 0.000000
vn 0.621981 -0.783032 0.000000
vn 0.621981 -0.783032 0.000000
vn 0.621981 -0.783032 0.000000
vn 0.621981 -0.783032 0.000000
vn 0.468178 0.883634 0.000000
vn 0.468178 0.883634 0.000000
vn 0.468178 0.883634 0.000000
vn 0.468178 0.883634 0.000000
vn -0.331827 0.943340 0.000000
vn -0.331827 0.943340 0.000000
vn -0.331827 0.943340 0.000000
vn -0.331827 0.943340 0.000000
vn 0.354905 0.934902 0.000000
vn 0.354905 0.934902 0.000000
vn 0.354905 0.934902 0.000000
vn 0.354905 0.934902 0.000000
vn 0.898378 0.439222 0.000000
vn 0.898378 0.439222 0.000000
vn 0.898378 0.439222 0.000000
vn 0.898378 0.439222 0.000000
vn -0.048181 -0.998839 0.000000
vn -0.048181 -0.998839 0.000000
vn -0.048181 -0.998839 0.000000
vn -0.048181 -0.998839 0.000000
vn 0.997723 -0.067451 0.000000
vn 0.997723 -0.067451 0.000000
vn 0.997723 -0.067451 0.000000
vn 0.997723 -0.067451 0.000000
vn 0.953349 0.301871 0.000000
vn 0.953349 0.301871 0.000000
vn 0.953349 0.301871 0.000000
vn 0.953349 0.301871 0.000000
vn 0.410645 0.911795 0.000000
vn 0.410645 0.911795 0.000000
vn 0.410645 0.911795 0.000000
vn 0.410645 0.911795 0.000000
vn -0.340403 -0.940279 0.000000
vn -0.340403 -0.940279 0.000000
vn -0.340403 -0.940279 0.000000
vn -0.340403 -0.940279 0.000000
vn -0.838433 -0.545005 0.000000
vn -0.838433 -0.545005 0.000000
vn -0.838433 -0.545005 0.000000
vn -0.838433 -0.545005 0.000000
vn 0.048181 0.998839 0.000000
vn 0.048181 0.998839 0.000000
vn 0.048181 0.998839 0.000000
vn 0.048181 0.998839 0.000000
vn 0.786342 -0.617791 0.000000
vn 0.786342 -0.617791 0.000000
vn 0.786342 -0.617791 0.000000
vn 0.786342 -0.617791 0.000000
vn 0.258063 -0.966128 0.000000
vn 0.258063 -0.966128 0.000000
vn 0.258063 -0.966128 0.000000
vn 0.258063 -0.966128 0.000000
vn -0.333300 0.942821 0.000000
vn -0.333300 0.942821 0.000000
vn -0.333300 0.942821 0.000000
vn -0.333300 0.942821 0.000000
vn -0.913733 0.406315 0.000000
vn -0.913733 0.406315 0.000000
vn -0.913733 0.406315 0.000000
vn -0.913733 0.406315 0.000000
vn -0.945852 -0.324597 0.000000
vn -0.945852 -0.324597 0.000000
vn -0.945852 -0.324597 0.000000
vn -0.945852 -0.324597 0.000000
vn -0.405637 -0.914034 0.000000
vn -0.405637 -0.914034 0.000000
vn -0.405637 -0.914034 0.000000
vn -0.405637 -0.914034 0.000000
vn 0.153610 -0.988132 0.000000
vn 0.153610 -0.988132 0.000000
vn 0.153610 -0.988132 0.000000
vn 0.153610 -0.988132 0.000000
vn 0.621981 -0.783032 0.000000
vn 0.621981 -0.783032 0.000000
vn 0.621981 -0.783032 0.000000
vn 0.621981 -0.783032 0.000000
vn 0.468178 0.883634 0.000000
vn 0.468178 0.883634 0.000000
vn 0.468178 0.883634 0.000000
vn 0.468178 0.883634 0.000000
vn -0.331827 0.943340 0.000000
vn -0.331827 0.943340 0.000000
vn -0.331827 0.943340 0.000000
vn -0.331827 0.943340 0.000000
vn 0.354905 0.934902 0.000000
vn 0.354905 0.934902 0.000000
vn 0.354905 0.934902 0.000000
vn 0.354905 0.934902 0.000000
vn 0.898378 0.439222 0.000000
vn 0.898378 0.439222 0.000000
vn 0.898378 0.439222 0.000000
vn 0.898378 0.439222 0.000000
vn -0.048181 -0.998839 0.000000
vn -0.048181 -0.998839 0.000000
vn -0.048181 -0.998839 0.000000
vn -0.048181 -0.998839 0.000000
vn 0.997723 -0.067451 0.000000
vn 0.997723 -0.067451 0.000000
vn 0.997723 -0.067451 0.000000
vn 0.997723 -0.067451 0.000000
vn 0.953349 0.301871 0.000000
vn 0.953349 0.301871 0.000000
vn 0.953349 0.301871 0.000000
vn 0.953349 0.301871 0.000000
vn 0.410645 0.911795 0.000000
vn 0.410645 0.911795 0.000000
vn 0.410645 0.911795 0.000000
vn 0.410645 0.911795 0.000000
vn -0.340403 -0.940279 0.000000
vn -0.340403 -0.940279 0.000000
vn -0.340403 -0.940279 0.000000
vn -0.340403 -0.940279 0.000000
vn -0.838433 -0.545005 0.000000
vn -0.838433 -0.545005 0.000000
vn -0.838433 -0.545005 0.000000
vn -0.838433 -0.545005 0.000000
vn 0.048181 0.998839 0.000000
vn 0.048181 0.998839 0.000000
vn 0.048181 0.998839 0.000000
vn 0.048181 0.998839 0.000000
vn 0.786342 -0.617791 0.000000
vn 0.786342 -0.617791 0.000000
vn 0.786342 -0.617791 0.000000
vn 0.786342 -0.617791 0.000000
vn 0.258063 -0.966128 0.000000
vn 0.258063 -0.966128 0.000000
vn 0.258063 -0.966128 0.000000
vn 0.258063 -0.966128 0.000000
vn -0.000000 0.000000 1.000000
vn -0.000000 0.000000 1.000000
vn -0.000000 0.000000 1.000000
vn -0.000000 0.000000 1.000000
vn -0.000000 0.000000 1.000000
vn -0.000000 0.000000 1.000000
vn -0.000000 0.000000 1.000000
vn -0.000000 0.000000 1.000000
vn -0.000000 0.000000 1.000000
vn -0.000000 0.000000 1.000000
vn -0.000000 0.000000 1.000000
vn -0.000000 0.000000 1.000000
vn -0.000000 0.000000 1.000000
vn -0.000000 0.000000 1.000000
vn -0.000000 0.000000 1.000000
vn -0.000000 0.000000 1.000000
vn -0.000000 0.000000 1.000000
vn -0.000000 0.000000 1.000000
vn -0.000000 0.000000 1.000000
vn 0.000000 0.000000 -1.000000
vn 0.000000 0.000000 -1.000000
vn 0.000000 0.000000 -1.000000
vn 0.000000 0.000000 -1.000000
vn 0.000000 0.000000 -1.000000
vn 0.000000 0.000000 -1.000000
vn 0.000000 0.000000 -1.000000
vn 0.000000 0.000000 -1.000000
vn 0.000000 0.000000 -1.000000
vn 0.000000 0.000000 -1.000000
vn 0.000000 0.000000 -1.000000
vn 0.000000 0.000000 -1.000000
vn 0.000000 0.000000 -1.000000
vn 0.000000 0.000000 -1.000000
vn 0.000000 0.000000 -1.000000
vn 0.000000 0.000000 -1.000000
vn 0.000000 0.000000 -1.000000
vn 0.000000 0.000000 -1.000000
vn 0.000000 0.000000 -1.000000
vn 0.000000 0.000000 -1.000000
vn 0.000000 0.000000 -1.000000
vn 0.000000 0.000000 -1.000000
vn 0.000000 0.000000 -1.000000
vn 0.000000 0.000000 -1.000000
vn 0.000000 0.000000 -1.000000
vn 0.000000 0.000000 -1.000000
vn 0.000000 0.000000 -1.000000
vn 0.048181 0.998839 0.000000
vn 0.048181 0.998839 0.000000
vn 0.048181 0.998839 0.000000
vn 0.048181 0.998839 0.000000
vn -0.998839 0.048181 0.000000
vn -0.998839 0.048181 0.000000
vn -0.998839 0.048181 0.000000
vn -0.998839 0.048181 0.000000
vn -0.048181 -0.998839 0.000000
vn -0.048181 -0.998839 0.000000
vn -0.048181 -0.998839 0.000000
vn -0.048181 -0.998839 0.000000
vn 0.130256 -0.991480 0.000000
vn 0.130256 -0.991480 0.000000
vn 0.130256 -0.991480 0.000000
vn 0.130256 -0.991480 0.000000
vn 0.642164 -0.766568 0.000000
vn 0.642164 -0.766568 0.000000
vn 0.642164 -0.766568 0.000000
vn 0.642164 -0.766568 0.000000
vn 0.947837 -0.318755 0.000000
vn 0.947837 -0.318755 0.000000
vn 0.947837 -0.318755 0.000000
vn 0.947837 -0.318755 0.000000
vn 0.975377 0.220544 0.000000
vn 0.975377 0.220544 0.000000
vn 0.975377 0.220544 0.000000
vn 0.975377 0.220544 0.000000
vn 0.663213 0.748431 0.000000
vn 0.663213 0.748431 0.000000
vn 0.663213 0.748431 0.000000
vn 0.663213 0.748431 0.000000
vn 0.710727 -0.703468 0.000000
vn 0.710727 -0.703468 0.000000
vn 0.710727 -0.703468 0.000000
vn 0.710727 -0.703468 0.000000
vn 0.961880 -0.273471 0.000000
vn 0.961880 -0.273471 0.000000
vn 0.961880 -0.273471 0.000000
vn 0.961880 -0.273471 0.000000
vn 0.959025 0.283322 0.000000
vn 0.959025 0.283322 0.000000
vn 0.959025 0.283322 0.000000
vn 0.959025 0.283322 0.000000
vn 0.566259 0.824227 0.000000
vn 0.566259 0.824227 0.000000
vn 0.566259 0.824227 0.000000
vn 0.566259 0.824227 0.000000
vn 0.135910 0.990721 0.000000
vn 0.135910 0.990721 0.000000
vn 0.135910 0.990721 0.000000
vn 0.135910 0.990721 0.000000
vn -0.273084 -0.961990 0.000000
vn -0.273084 -0.961990 0.000000
vn -0.273084 -0.961990 0.000000
vn -0.273084 -0.961990 0.000000
vn -0.922983 -0.384842 0.000000
vn -0.922983 -0.384842 0.000000
vn -0.922983 -0.384842 0.000000
vn -0.922983 -0.384842 0.000000
vn -0.881910 0.471418 0.000000
vn -0.881910 0.471418 0.000000
vn -0.881910 0.471418 0.000000
vn -0.881910 0.471418 0.000000
vn -0.136328 0.990664 0.000000
vn -0.136328 0.990664 0.000000
vn -0.136328 0.990664 0.000000
vn -0.136328 0.990664 0.000000
vn 0.048181 0.998839 0.000000
vn 0.048181 0.998839 0.000000
vn 0.048181 0.998839 0.000000
vn 0.048181 0.998839 0.000000
vn 0.998839 -0.048181 0.000000
vn 0.998839 -0.048181 0.000000
vn 0.998839 -0.048181 0.000000
vn 0.998839 -0.048181 0.000000
vn -0.048181 -0.998839 0.000000
vn -0.048181 -0.998839 0.000000
vn -0.048181 -0.998839 0.000000
vn -0.048181 -0.998839 0.000000
vn -0.317654 -0.948207 0.000000
vn -0.317654 -0.948207 0.000000
vn -0.317654 -0.948207 0.000000
vn -0.317654 -0.948207 0.000000
vn -0.936426 -0.350865 0.000000
vn -0.936426 -0.350865 0.000000
vn -0.936426 -0.350865 0.000000
vn -0.936426 -0.350865 0.000000
vn -0.900547 0.434759 0.000000
vn -0.900547 0.434759 0.000000
vn -0.900547 0.434759 0.000000
vn -0.900547 0.434759 0.000000
vn -0.225317 0.974285 0.000000
vn -0.225317 0.974285 0.000000
vn -0.225317 0.974285 0.000000
vn -0.225317 0.974285 0.000000
vn 0.048181 0.998839 0.000000
vn 0.048181 0.998839 0.000000
vn 0.048181 0.998839 0.000000
vn 0.048181 0.998839 0.000000
vn 0.998839 -0.048181 0.000000
vn 0.998839 -0.048181 0.000000
vn 0.998839 -0.048181 0.000000
vn 0.998839 -0.048181 0.000000
vn -0.048181 -0.998839 0.000000
vn -0.048181 -0.998839 0.000000
vn -0.048181 -0.998839 0.000000
vn -0.048181 -0.998839 0.000000
vn 0.048181 0.998839 0.000000
vn 0.048181 0.998839 0.000000
vn 0.048181 0.998839 0.000000
vn 0.048181 0.998839 0.000000
vn -0.998839 0.048181 0.000000
vn -0.998839 0.048181 0.000000
vn -0.998839 0.048181 0.000000
vn -0.998839 0.048181 0.000000
vn -0.048181 -0.998839 0.000000
vn -0.048181 -0.998839 0.000000
vn -0.048181 -0.998839 0.000000
vn -0.048181 -0.998839 0.000000
vn 0.130256 -0.991480 0.000000
vn 0.130256 -0.991480 0.000000
vn 0.130256 -0.991480 0.000000
vn 0.130256 -0.991480 0.000000
vn 0.642164 -0.766568 0.000000
vn 0.642164 -0.766568 0.000000
vn 0.642164 -0.766568 0.000000
vn 0.642164 -0.766568 0.000000
vn 0.947837 -0.318755 0.000000
vn 0.947837 -0.318755 0.000000
vn 0.947837 -0.318755 0.000000
vn 0.947837 -0.318755 0.000000
vn 0.975377 0.220544 0.000000
vn 0.975377 0.220544 0.000000
vn 0.975377 0.220544 0.000000
vn 0.975377 0.220544 0.000000
vn 0.663213 0.748431 0.000000
vn 0.663213 0.748431 0.000000
vn 0.663213 0.748431 0.000000
vn 0.663213 0.748431 0.000000
vn 0.710727 -0.703468 0.000000
vn 0.710727 -0.703468 0.000000
vn 0.710727 -0.703468 0.000000
vn 0.710727 -0.703468 0.000000
vn 0.961880 -0.273471 0.000000
vn 0.961880 -0.273471 0.000000
vn 0.961880 -0.273471 0.000000
vn 0.961880 -0.273471 0.000000
vn 0.959025 0.283322 0.000000
vn 0.959025 0.283322 0.000000
vn 0.959025 0.283322 0.000000
vn 0.959025 0.283322 0.000000
vn 0.566259 0.824227 0.000000
vn 0.566259 0.824227 0.000000
vn 0.566259 0.824227 0.000000
vn 0.566259 0.824227 0.000000
vn 0.135910 0.990721 0.000000
vn 0.135910 0.990721 0.000000
vn 0.135910 0.990721 0.000000
vn 0.135910 0.990721 0.000000
vn -0.273084 -0.961990 0.000000
vn -0.273084 -0.961990 0.000000
vn -0.273084 -0.961990 0.000000
vn -0.273084 -0.961990 0.000000
vn -0.922983 -0.384842 0.000000
vn -0.922983 -0.384842 0.000000
vn -0.922983 -0.384842 0.000000
vn -0.922983 -0.384842 0.000000
vn -0.881910 0.471418 0.000000
vn -0.881910 0.471418 0.000000
vn -0.881910 0.471418 0.000000
vn -0.881910 0.471418 0.000000
vn -0.136328 0.990664 0.000000
vn -0.136328 0.990664 0.000000
vn -0.136328 0.990664 0.000000
vn -0.136328 0.990664 0.000000
vn 0.048181 0.998839 0.000000
vn 0.048181 0.998839 0.000000
vn 0.048181 0.998839 0.000000
vn 0.048181 0.998839 0.000000
vn 0.998839 -0.048181 0.000000
vn 0.998839 -0.048181 0.000000
vn 0.998839 -0.048181 0.000000
vn 0.998839 -0.048181 0.000000
vn -0.048181 -0.998839 0.000000
vn -0.048181 -0.998839 0.000000
vn -0.048181 -0.998839 0.000000
vn -0.048181 -0.998839 0.000000
vn -0.317654 -0.948207 0.000000
vn -0.317654 -0.948207 0.000000
vn -0.317654 -0.948207 0.000000
vn -0.317654 -0.948207 0.000000
vn -0.936426 -0.350865 0.000000
vn -0.936426 -0.350865 0.000000
vn -0.936426 -0.350865 0.000000
vn -0.936426 -0.350865 0.000000
vn -0.900547 0.434759 0.000000
vn -0.900547 0.434759 0.000000
vn -0.900547 0.434759 0.000000
vn -0.900547 0.434759 0.000000
vn -0.225317 0.974285 0.000000
vn -0.225317 0.974285 0.000000
vn -0.225317 0.974285 0.000000
vn -0.225317 0.974285 0.000000
vn 0.048181 0.998839 0.000000
vn 0.048181 0.998839 0.000000
vn 0.048181 0.998839 0.000000
vn 0.048181 0.998839 0.000000
vn 0.998839 -0.048181 0.000000
vn 0.998839 -0.048181 0.000000
vn 0.998839 -0.048181 0.000000
vn 0.998839 -0.048181 0.000000
vn -0.048181 -0.998839 0.000000
vn -0.048181 -0.998839 0.000000
vn -0.048181 -0.998839 0.000000
vn -0.048181 -0.998839 0.000000
vn 0.048181 0.998839 0.000000
vn 0.048181 0.998839 0.000000
vn 0.048181 0.998839 0.000000
vn 0.048181 0.998839 0.000000
vn -0.998839 0.048181 0.000000
vn -0.998839 0.048181 0.000000
vn -0.998839 0.048181 0.000000
vn -0.998839 0.048181 0.000000
vn -0.048181 -0.998839 0.000000
vn -0.048181 -0.998839 0.000000
vn -0.048181 -0.998839 0.000000
vn -0.048181 -0.998839 0.000000
vn 0.130256 -0.991480 0.000000
vn 0.130256 -0.991480 0.000000
vn 0.130256 -0.991480 0.000000
vn 0.130256 -0.991480 0.000000
vn 0.642164 -0.766568 0.000000
vn 0.642164 -0.766568 0.000000
vn 0.642164 -0.766568 0.000000
vn 0.642164 -0.766568 0.000000
vn 0.947837 -0.318755 0.000000
vn 0.947837 -0.318755 0.000000
vn 0.947837 -0.318755 0.000000
vn 0.947837 -0.318755 0.000000
vn 0.975377 0.220544 0.000000
vn 0.975377 0.220544 0.000000
vn 0.975377 0.220544 0.000000
vn 0.975377 0.220544 0.000000
vn 0.663213 0.748431 0.000000
vn 0.663213 0.748431 0.000000
vn 0.663213 0.748431 0.000000
vn 0.663213 0.748431 0.000000
vn 0.710727 -0.703468 0.000000
vn 0.710727 -0.703468 0.000000
vn 0.710727 -0.703468 0.000000
vn 0.710727 -0.703468 0.000000
vn 0.961880 -0.273471 0.000000
vn 0.961880 -0.273471 0.000000
vn 0.961880 -0.273471 0.000000
vn 0.961880 -0.273471 0.000000
vn 0.959025 0.283322 0.000000
vn 0.959025 0.283322 0.000000
vn 0.959025 0.283322 0.000000
vn 0.959025 0.283322 0.000000
vn 0.566259 0.824227 0.000000
vn 0.566259 0.824227 0.000000
vn 0.566259 0.824227 0.000000
vn 0.566259 0.824227 0.000000
vn 0.135910 0.990721 0.000000
vn 0.135910 0.990721 0.000000
vn 0.135910 0.990721 0.000000
vn 0.135910 0.990721 0.000000
vn -0.273084 -0.961990 0.000000
vn -0.273084 -0.961990 0.000000
vn -0.273084 -0.961990 0.000000
vn -0.273084 -0.961990 0.000000
vn -0.922983 -0.384842 0.000000
vn -0.922983 -0.384842 0.000000
vn -0.922983 -0.384842 0.000000
vn -0.922983 -0.384842 0.000000
vn -0.881910 0.471418 0.000000
vn -0.881910 0.471418 0.000000
vn -0.881910 0.471418 0.000000
vn -0.881910 0.471418 0.000000
vn -0.136328 0.990664 0.000000
vn -0.136328 0.990664 0.000000
vn -0.136328 0.990664 0.000000
vn -0.136328 0.990664 0.000000
vn 0.048181 0.998839 0.000000
vn 0.048181 0.998839 0.000000
vn 0.048181 0.998839 0.000000
vn 0.048181 0.998839 0.000000
vn 0.998839 -0.048181 0.000000
vn 0.998839 -0.048181 0.000000
vn 0.998839 -0.048181 0.000000
vn 0.998839 -0.048181 0.000000
vn -0.048181 -0.998839 0.000000
vn -0.048181 -0.998839 0.000000
vn -0.048181 -0.998839 0.000000
vn -0.048181 -0.998839 0.000000
vn -0.317654 -0.948207 0.000000
vn -0.317654 -0.948207 0.000000
vn -0.317654 -0.948207 0.000000
vn -0.317654 -0.948207 0.000000
vn -0.936426 -0.350865 0.000000
vn -0.936426 -0.350865 0.000000
vn -0.936426 -0.350865 0.000000
vn -0.936426 -0.350865 0.000000
vn -0.900547 0.434759 0.000000
vn -0.900547 0.434759 0.000000
vn -0.900547 0.434759 0.000000
vn -0.900547 0.434759 0.000000
vn -0.225317 0.974285 0.000000
vn -0.225317 0.974285 0.000000
vn -0.225317 0.974285 0.000000
vn -0.225317 0.974285 0.000000
vn 0.048181 0.998839 0.000000
vn 0.048181 0.998839 0.000000
vn 0.048181 0.998839 0.000000
vn 0.048181 0.998839 0.000000
vn 0.998839 -0.048181 0.000000
vn 0.998839 -0.048181 0.000000
vn 0.998839 -0.048181 0.000000
vn 0.998839 -0.048181 0.000000
vn -0.048181 -0.998839 0.000000
vn -0.048181 -0.998839 0.000000
vn -0.048181 -0.998839 0.000000
vn -0.048181 -0.998839 0.000000
vn 0.048181 0.998839 0.000000
vn 0.048181 0.998839 0.000000
vn 0.048181 0.998839 0.000000
vn 0.048181 0.998839 0.000000
vn -0.998839 0.048181 0.000000
vn -0.998839 0.048181 0.000000
vn -0.998839 0.048181 0.000000
vn -0.998839 0.048181 0.000000
vn -0.048181 -0.998839 0.000000
vn -0.048181 -0.998839 0.000000
vn -0.048181 -0.998839 0.000000
vn -0.048181 -0.998839 0.000000
vn 0.130256 -0.991480 0.000000
vn 0.130256 -0.991480 0.000000
vn 0.130256 -0.991480 0.000000
vn 0.130256 -0.991480 0.000000
vn 0.642164 -0.766568 0.000000
vn 0.642164 -0.766568 0.000000
vn 0.642164 -0.766568 0.000000
vn 0.642164 -0.766568 0.000000
vn 0.947837 -0.318755 0.000000
vn 0.947837 -0.318755 0.000000
vn 0.947837 -0.318755 0.000000
vn 0.947837 -0.318755 0.000000
vn 0.975377 0.220544 0.000000
vn 0.975377 0.220544 0.000000
vn 0.975377 0.220544 0.000000
vn 0.975377 0.220544 0.000000
vn 0.663213 0.748431 0.000000
vn 0.663213 0.748431 0.000000
vn 0.663213 0.748431 0.000000
vn 0.663213 0.748431 0.000000
vn 0.710727 -0.703468 0.000000
vn 0.710727 -0.703468 0.000000
vn 0.710727 -0.703468 0.000000
vn 0.710727 -0.703468 0.000000
vn 0.961880 -0.273471 0.000000
vn 0.961880 -0.273471 0.000000
vn 0.961880 -0.273471 0.000000
vn 0.961880 -0.273471 0.000000
vn 0.959025 0.283322 0.000000
vn 0.959025 0.283322 0.000000
vn 0.959025 0.283322 0.000000
vn 0.959025 0.283322 0.000000
vn 0.566260 0.824227 0.000000
vn 0.566260 0.824227 0.000000
vn 0.566260 0.824227 0.000000
vn 0.566260 0.824227 0.000000
vn 0.135910 0.990721 0.000000
vn 0.135910 0.990721 0.000000
vn 0.135910 0.990721 0.000000
vn 0.135910 0.990721 0.000000
vn -0.273084 -0.961990 0.000000
vn -0.273084 -0.961990 0.000000
vn -0.273084 -0.961990 0.000000
vn -0.273084 -0.961990 0.000000
vn -0.922983 -0.384842 0.000000
vn -0.922983 -0.384842 0.000000
vn -0.922983 -0.384842 0.000000
vn -0.922983 -0.384842 0.000000
vn -0.881910 0.471418 0.000000
vn -0.881910 0.471418 0.000000
vn -0.881910 0.471418 0.000000
vn -0.881910 0.471418 0.000000
vn -0.136328 0.990664 0.000000
vn -0.136328 0.990664 0.000000
vn -0.136328 0.990664 0.000000
vn -0.136328 0.990664 0.000000
vn 0.048181 0.998839 0.000000
vn 0.048181 0.998839 0.000000
vn 0.048181 0.998839 0.000000
vn 0.048181 0.998839 0.000000
vn 0.998839 -0.048181 0.000000
vn 0.998839 -0.048181 0.000000
vn 0.998839 -0.048181 0.000000
vn 0.998839 -0.048181 0.000000
vn -0.048181 -0.998839 0.000000
vn -0.048181 -0.998839 0.000000
vn -0.048181 -0.998839 0.000000
vn -0.048181 -0.998839 0.000000
vn -0.317654 -0.948207 0.000000
vn -0.317654 -0.948207 0.000000
vn -0.317654 -0.948207 0.000000
vn -0.317654 -0.948207 0.000000
vn -0.936426 -0.350865 0.000000
vn -0.936426 -0.350865 0.000000
vn -0.936426 -0.350865 0.000000
vn -0.936426 -0.350865 0.000000
vn -0.900547 0.434759 0.000000
vn -0.900547 0.434759 0.000000
vn -0.900547 0.434759 0.000000
vn -0.900547 0.434759 0.000000
vn -0.225317 0.974285 0.000000
vn -0.225317 0.974285 0.000000
vn -0.225317 0.974285 0.000000
vn -0.225317 0.974285 0.000000
vn 0.048181 0.998839 0.000000
vn 0.048181 0.998839 0.000000
vn 0.048181 0.998839 0.000000
vn 0.048181 0.998839 0.000000
vn 0.998839 -0.048181 0.000000
vn 0.998839 -0.048181 0.000000
vn 0.998839 -0.048181 0.000000
vn 0.998839 -0.048181 0.000000
vn -0.048181 -0.998839 0.000000
vn -0.048181 -0.998839 0.000000
vn -0.048181 -0.998839 0.000000
vn -0.048181 -0.998839 0.000000
vn -0.000000 0.000000 1.000000
vn -0.000000 0.000000 1.000000
vn -0.000000 0.000000 1.000000
vn -0.000000 0.000000 1.000000
vn -0.000000 0.000000 1.000000
vn -0.000000 0.000000 1.000000
vn -0.000000 0.000000 1.000000
vn -0.000000 0.000000 1.000000
vn -0.000000 0.000000 1.000000
vn -0.000000 0.000000 1.000000
vn -0.000000 0.000000 1.000000
vn -0.000000 0.000000 1.000000
vn -0.000000 0.000000 1.000000
vn -0.000000 0.000000 1.000000
vn -0.000000 0.000000 1.000000
vn -0.000000 0.000000 1.000000
vn -0.000000 0.000000 1.000000
vn -0.000000 0.000000 1.000000
vn -0.000000 0.000000 1.000000
vn -0.000000 0.000000 1.000000
vn -0.000000 0.000000 1.000000
vn -0.000000 0.000000 1.000000
vn -0.000000 0.000000 1.000000
vn -0.000000 0.000000 1.000000
vn -0.000000 0.000000 1.000000
vn -0.000000 0.000000 1.000000
vn -0.000000 0.000000 1.000000
vn 0.000000 0.000000 -1.000000
vn 0.000000 0.000000 -1.000000
vn 0.000000 0.000000 -1.000000
vn 0.000000 0.000000 -1.000000
vn 0.048181 0.998839 0.000000
vn 0.048181 0.998839 0.000000
vn 0.048181 0.998839 0.000000
vn 0.048181 0.998839 0.000000
vn -0.998839 0.048181 0.000000
vn -0.998839 0.048181 0.000000
vn -0.998839 0.048181 0.000000
vn -0.998839 0.048181 0.000000
vn -0.048181 -0.998839 0.000000
vn -0.048181 -0.998839 0.000000
vn -0.048181 -0.998839 0.000000
vn -0.048181 -0.998839 0.000000
vn 0.998839 -0.048181 0.000000
vn 0.998839 -0.048181 0.000000
vn 0.998839 -0.048181 0.000000
vn 0.998839 -0.048181 0.000000
vn 0.048181 0.998839 0.000000
vn 0.048181 0.998839 0.000000
vn 0.048181 0.998839 0.000000
vn 0.048181 0.998839 0.000000
vn -0.998839 0.048181 0.000000
vn -0.998839 0.048181 0.000000
vn -0.998839 0.048181 0.000000
vn -0.998839 0.048181 0.000000
vn -0.048181 -0.998839 0.000000
vn -0.048181 -0.998839 0.000000
vn -0.048181 -0.998839 0.000000
vn -0.048181 -0.998839 0.000000
vn 0.998839 -0.048181 0.000000
vn 0.998839 -0.048181 0.000000
vn 0.998839 -0.048181 0.000000
vn 0.998839 -0.048181 0.000000
vn 0.048181 0.998839 0.000000
vn 0.048181 0.998839 0.000000
vn 0.048181 0.998839 0.000000
vn 0.048181 0.998839 0.000000
vn -0.998839 0.048181 0.000000
vn -0.998839 0.048181 0.000000
vn -0.998839 0.048181 0.000000
vn -0.998839 0.048181 0.000000
vn -0.048181 -0.998839 0.000000
vn -0.048181 -0.998839 0.000000
vn -0.048181 -0.998839 0.000000
vn -0.048181 -0.998839 0.000000
vn 0.998839 -0.048181 0.000000
vn 0.998839 -0.048181 0.000000
vn 0.998839 -0.048181 0.000000
vn 0.998839 -0.048181 0.000000
vn 0.048181 0.998839 0.000000
vn 0.048181 0.998839 0.000000
vn 0.048181 0.998839 0.000000
vn 0.048181 0.998839 0.000000
vn -0.998839 0.048181 0.000000
vn -0.998839 0.048181 0.000000
vn -0.998839 0.048181 0.000000
vn -0.998839 0.048181 0.000000
vn -0.048181 -0.998839 0.000000
vn -0.048181 -0.998839 0.000000
vn -0.048181 -0.998839 0.000000
vn -0.048181 -0.998839 0.000000
vn 0.998839 -0.048181 0.000000
vn 0.998839 -0.048181 0.000000
vn 0.998839 -0.048181 0.000000
vn 0.998839 -0.048181 0.000000
vn 0.000000 0.000000 1.000000
vn 0.000000 0.000000 1.000000
vn 0.000000 0.000000 1.000000
vn 0.000000 0.000000 1.000000
vn 0.000000 0.000000 -1.000000
vn 0.000000 0.000000 -1.000000
vn 0.000000 0.000000 -1.000000
vn 0.000000 0.000000 -1.000000
vn 0.000000 0.000000 -1.000000
vn 0.000000 0.000000 -1.000000
vn 0.000000 0.000000 -1.000000
vn 0.000000 0.000000 -1.000000
vn -0.339102 0.940750 0.000000
vn -0.339102 0.940750 0.000000
vn -0.339102 0.940750 0.000000
vn -0.339102 0.940750 0.000000
vn -0.904657 0.426141 0.000000
vn -0.904657 0.426141 0.000000
vn -0.904657 0.426141 0.000000
vn -0.904657 0.426141 0.000000
vn -0.944477 -0.328579 0.000000
vn -0.944477 -0.328579 0.000000
vn -0.944477 -0.328579 0.000000
vn -0.944477 -0.328579 0.000000
vn -0.433474 -0.901166 0.000000
vn -0.433474 -0.901166 0.000000
vn -0.433474 -0.901166 0.000000
vn -0.433474 -0.901166 0.000000
vn 0.345129 -0.938555 0.000000
vn 0.345129 -0.938555 0.000000
vn 0.345129 -0.938555 0.000000
vn 0.345129 -0.938555 0.000000
vn 0.906459 -0.422294 0.000000
vn 0.906459 -0.422294 0.000000
vn 0.906459 -0.422294 0.000000
vn 0.906459 -0.422294 0.000000
vn 0.943167 0.332320 0.000000
vn 0.943167 0.332320 0.000000
vn 0.943167 0.332320 0.000000
vn 0.943167 0.332320 0.000000
vn 0.433057 0.901367 0.000000
vn 0.433057 0.901367 0.000000
vn 0.433057 0.901367 0.000000
vn 0.433057 0.901367 0.000000
vn -0.339102 0.940750 0.000000
vn -0.339102 0.940750 0.000000
vn -0.339102 0.940750 0.000000
vn -0.339102 0.940750 0.000000
vn -0.904657 0.426141 0.000000
vn -0.904657 0.426141 0.000000
vn -0.904657 0.426141 0.000000
vn -0.904657 0.426141 0.000000
vn -0.944477 -0.328579 0.000000
vn -0.944477 -0.328579 0.000000
vn -0.944477 -0.328579 0.000000
vn -0.944477 -0.328579 0.000000
vn -0.433474 -0.901166 0.000000
vn -0.433474 -0.901166 0.000000
vn -0.433474 -0.901166 0.000000
vn -0.433474 -0.901166 0.000000
vn 0.345129 -0.938555 0.000000
vn 0.345129 -0.938555 0.000000
vn 0.345129 -0.938555 0.000000
vn 0.345129 -0.938555 0.000000
vn 0.906459 -0.422294 0.000000
vn 0.906459 -0.422294 0.000000
vn 0.906459 -0.422294 0.000000
vn 0.906459 -0.422294 0.000000
vn 0.943167 0.332320 0.000000
vn 0.943167 0.332320 0.000000
vn 0.943167 0.332320 0.000000
vn 0.943167 0.332320 0.000000
vn 0.433057 0.901367 0.000000
vn 0.433057 0.901367 0.000000
vn 0.433057 0.901367 0.000000
vn 0.433057 0.901367 0.000000
vn -0.339102 0.940750 0.000000
vn -0.339102 0.940750 0.000000
vn -0.339102 0.940750 0.000000
vn -0.339102 0.940750 0.000000
vn -0.904657 0.426141 0.000000
vn -0.904657 0.426141 0.000000
vn -0.904657 0.426141 0.000000
vn -0.904657 0.426141 0.000000
vn -0.944477 -0.328579 0.000000
vn -0.944477 -0.328579 0.000000
vn -0.944477 -0.328579 0.000000
vn -0.944477 -0.328579 0.000000
vn -0.433474 -0.901166 0.000000
vn -0.433474 -0.901166 0.000000
vn -0.433474 -0.901166 0.000000
vn -0.433474 -0.901166 0.000000
vn 0.345129 -0.938555 0.000000
vn 0.345129 -0.938555 0.000000
vn 0.345129 -0.938555 0.000000
vn 0.345129 -0.938555 0.000000
vn 0.906459 -0.422294 0.000000
vn 0.906459 -0.422294 0.000000
vn 0.906459 -0.422294 0.000000
vn 0.906459 -0.422294 0.000000
vn 0.943167 0.332320 0.000000
vn 0.943167 0.332320 0.000000
vn 0.943167 0.332320 0.000000
vn 0.943167 0.332320 0.000000
vn 0.433057 0.901367 0.000000
vn 0.433057 0.901367 0.000000
vn 0.433057 0.901367 0.000000
vn 0.433057 0.901367 0.000000
vn -0.339102 0.940750 0.000000
vn -0.339102 0.940750 0.000000
vn -0.339102 0.940750 0.000000
vn -0.339102 0.940750 0.000000
vn -0.904657 0.426141 0.000000
vn -0.904657 0.426141 0.000000
vn -0.904657 0.426141 0.000000
vn -0.904657 0.426141 0.000000
vn -0.944477 -0.328579 0.000000
vn -0.944477 -0.328579 0.000000
vn -0.944477 -0.328579 0.000000
vn -0.944477 -0.328579 0.000000
vn -0.433474 -0.901166 0.000000
vn -0.433474 -0.901166 0.000000
vn -0.433474 -0.901166 0.000000
vn -0.433474 -0.901166 0.000000
vn 0.345129 -0.938555 0.000000
vn 0.345129 -0.938555 0.000000
vn 0.345129 -0.938555 0.000000
vn 0.345129 -0.938555 0.000000
vn 0.906459 -0.422294 0.000000
vn 0.906459 -0.422294 0.000000
vn 0.906459 -0.422294 0.000000
vn 0.906459 -0.422294 0.000000
vn 0.943167 0.332320 0.000000
vn 0.943167 0.332320 0.000000
vn 0.943167 0.332320 0.000000
vn 0.943167 0.332320 0.000000
vn 0.433057 0.901367 0.000000
vn 0.433057 0.901367 0.000000
vn 0.433057 0.901367 0.000000
vn 0.433057 0.901367 0.000000
vn 0.000000 -0.000000 1.000000
vn 0.000000 -0.000000 1.000000
vn 0.000000 -0.000000 1.000000
vn 0.000000 -0.000000 1.000000
vn 0.000000 -0.000000 1.000000
vn 0.000000 -0.000000 1.000000
vn 0.000000 -0.000000 1.000000
vn 0.000000 -0.000000 1.000000
vn 0.000000 0.000000 -1.000000
vn 0.000000 0.000000 -1.000000
vn 0.000000 0.000000 -1.000000
vn 0.000000 0.000000 -1.000000
vn 0.000000 0.000000 -1.000000
vn 0.000000 0.000000 -1.000000
vn 0.000000 0.000000 -1.000000
vn 0.000000 0.000000 -1.000000
vn 0.000000 0.000000 -1.000000
vn 0.000000 0.000000 -1.000000
vn 0.000000 0.000000 -1.000000
vn 0.000000 0.000000 -1.000000
vn 0.000000 0.000000 -1.000000
vn 0.000000 0.000000 -1.000000
vn 0.000000 0.000000 -1.000000
vn 0.000000 0.000000 -1.000000
vn 0.000000 0.000000 -1.000000
vn 0.000000 0.000000 -1.000000
vn 0.000000 0.000000 -1.000000
vn 0.000000 0.000000 -1.000000
vn 0.000000 0.000000 -1.000000
vn 0.000000 0.000000 -1.000000
vn 0.000000 0.000000 -1.000000
vn 0.000000 0.000000 -1.000000
vn 0.000000 0.000000 -1.000000
vn 0.000000 0.000000 -1.000000
vn 0.000000 0.000000 -1.000000
vn 0.000000 0.000000 -1.000000
vn 0.000000 0.000000 -1.000000
vn 0.000000 0.000000 -1.000000
vn -0.334669 0.942336 0.000000
vn -0.334669 0.942336 0.000000
vn -0.334669 0.942336 0.000000
vn -0.334669 0.942336 0.000000
vn -0.914971 0.403519 0.000000
vn -0.914971 0.403519 0.000000
vn -0.914971 0.403519 0.000000
vn -0.914971 0.403519 0.000000
vn -0.951493 -0.307672 0.000000
vn -0.951493 -0.307672 0.000000
vn -0.951493 -0.307672 0.000000
vn -0.951493 -0.307672 0.000000
vn -0.436545 -0.899682 0.000000
vn -0.436545 -0.899682 0.000000
vn -0.436545 -0.899682 0.000000
vn -0.436545 -0.899682 0.000000
vn 0.125637 -0.992076 0.000000
vn 0.125637 -0.992076 0.000000
vn 0.125637 -0.992076 0.000000
vn 0.125637 -0.992076 0.000000
vn 0.524916 -0.851154 0.000000
vn 0.524916 -0.851154 0.000000
vn 0.524916 -0.851154 0.000000
vn 0.524916 -0.851154 0.000000
vn -0.981042 0.193795 0.000000
vn -0.981042 0.193795 0.000000
vn -0.981042 0.193795 0.000000
vn -0.981042 0.193795 0.000000
vn -0.645471 0.763785 0.000000
vn -0.645471 0.763785 0.000000
vn -0.645471 0.763785 0.000000
vn -0.645471 0.763785 0.000000
vn -0.141080 0.989998 0.000000
vn -0.141080 0.989998 0.000000
vn -0.141080 0.989998 0.000000
vn -0.141080 0.989998 0.000000
vn 0.203283 0.979120 0.000000
vn 0.203283 0.979120 0.000000
vn 0.203283 0.979120 0.000000
vn 0.203283 0.979120 0.000000
vn 0.598513 0.801113 0.000000
vn 0.598513 0.801113 0.000000
vn 0.598513 0.801113 0.000000
vn 0.598513 0.801113 0.000000
vn 0.048181 0.998839 0.000000
vn 0.048181 0.998839 0.000000
vn 0.048181 0.998839 0.000000
vn 0.048181 0.998839 0.000000
vn -0.885141 -0.465322 0.000000
vn -0.885141 -0.465322 0.000000
vn -0.885141 -0.465322 0.000000
vn -0.885141 -0.465322 0.000000
vn -0.578186 -0.815905 0.000000
vn -0.578186 -0.815905 0.000000
vn -0.578186 -0.815905 0.000000
vn -0.578186 -0.815905 0.000000
vn -0.194557 -0.980891 0.000000
vn -0.194557 -0.980891 0.000000
vn -0.194557 -0.980891 0.000000
vn -0.194557 -0.980891 0.000000
vn 0.319634 -0.947541 0.000000
vn 0.319634 -0.947541 0.000000
vn 0.319634 -0.947541 0.000000
vn 0.319634 -0.947541 0.000000
vn 0.950770 -0.309897 0.000000
vn 0.950770 -0.309897 0.000000
vn 0.950770 -0.309897 0.000000
vn 0.950770 -0.309897 0.000000
vn 0.998839 -0.048181 0.000000
vn 0.998839 -0.048181 0.000000
vn 0.998839 -0.048181 0.000000
vn 0.998839 -0.048181 0.000000
vn 0.048181 0.998839 0.000000
vn 0.048181 0.998839 0.000000
vn 0.048181 0.998839 0.000000
vn 0.048181 0.998839 0.000000
vn -0.998839 0.048181 0.000000
vn -0.998839 0.048181 0.000000
vn -0.998839 0.048181 0.000000
vn -0.998839 0.048181 0.000000
vn 0.600179 0.799866 0.000000
vn 0.600179 0.799866 0.000000
vn 0.600179 0.799866 0.000000
vn 0.600179 0.799866 0.000000
vn 0.237917 0.971286 0.000000
vn 0.237917 0.971286 0.000000
vn 0.237917 0.971286 0.000000
vn 0.237917 0.971286 0.000000
vn -0.413545 -0.910484 0.000000
vn -0.413545 -0.910484 0.000000
vn -0.413545 -0.910484 0.000000
vn -0.413545 -0.910484 0.000000
vn -0.952001 -0.306094 0.000000
vn -0.952001 -0.306094 0.000000
vn -0.952001 -0.306094 0.000000
vn -0.952001 -0.306094 0.000000
vn -0.920083 0.391724 0.000000
vn -0.920083 0.391724 0.000000
vn -0.920083 0.391724 0.000000
vn -0.920083 0.391724 0.000000
vn -0.330832 0.943690 0.000000
vn -0.330832 0.943690 0.000000
vn -0.330832 0.943690 0.000000
vn -0.330832 0.943690 0.000000
vn 0.417892 0.908497 0.000000
vn 0.417892 0.908497 0.000000
vn 0.417892 0.908497 0.000000
vn 0.417892 0.908497 0.000000
vn 0.949258 0.314499 0.000000
vn 0.949258 0.314499 0.000000
vn 0.949258 0.314499 0.000000
vn 0.949258 0.314499 0.000000
vn 0.914390 -0.404835 0.000000
vn 0.914390 -0.404835 0.000000
vn 0.914390 -0.404835 0.000000
vn 0.914390 -0.404835 0.000000
vn 0.331223 -0.943552 0.000000
vn 0.331223 -0.943552 0.000000
vn 0.331223 -0.943552 0.000000
vn 0.331223 -0.943552 0.000000
vn -0.334669 0.942336 0.000000
vn -0.334669 0.942336 0.000000
vn -0.334669 0.942336 0.000000
vn -0.334669 0.942336 0.000000
vn -0.914971 0.403519 0.000000
vn -0.914971 0.403519 0.000000
vn -0.914971 0.403519 0.000000
vn -0.914971 0.403519 0.000000
vn -0.951493 -0.307672 0.000000
vn -0.951493 -0.307672 0.000000
vn -0.951493 -0.307672 0.000000
vn -0.951493 -0.307672 0.000000
vn -0.436545 -0.899682 0.000000
vn -0.436545 -0.899682 0.000000
vn -0.436545 -0.899682 0.000000
vn -0.436545 -0.899682 0.000000
vn 0.125637 -0.992076 0.000000
vn 0.125637 -0.992076 0.000000
vn 0.125637 -0.992076 0.000000
vn 0.125637 -0.992076 0.000000
vn 0.524916 -0.851154 0.000000
vn 0.524916 -0.851154 0.000000
vn 0.524916 -0.851154 0.000000
vn 0.524916 -0.851154 0.000000
vn -0.981042 0.193795 0.000000
vn -0.981042 0.193795 0.000000
vn -0.981042 0.193795 0.000000
vn -0.981042 0.193795 0.000000
vn -0.645471 0.763785 0.000000
vn -0.645471 0.763785 0.000000
vn -0.645471 0.763785 0.000000
vn -0.645471 0.763785 0.000000
vn -0.141080 0.989998 0.000000
vn -0.141080 0.989998 0.000000
vn -0.141080 0.989998 0.000000
vn -0.141080 0.989998 0.000000
vn 0.203283 0.979120 0.000000
vn 0.203283 0.979120 0.000000
vn 0.203283 0.979120 0.000000
vn 0.203283 0.979120 0.000000
vn 0.598513 0.801113 0.000000
vn 0.598513 0.801113 0.000000
vn 0.598513 0.801113 0.000000
vn 0.598513 0.801113 0.000000
vn 0.048181 0.998839 0.000000
vn 0.048181 0.998839 0.000000
vn 0.048181 0.998839 0.000000
vn 0.048181 0.998839 0.000000
vn -0.885141 -0.465322 0.000000
vn -0.885141 -0.465322 0.000000
vn -0.885141 -0.465322 0.000000
vn -0.885141 -0.465322 0.000000
vn -0.578186 -0.815905 0.000000
vn -0.578186 -0.815905 0.000000
vn -0.578186 -0.815905 0.000000
vn -0.578186 -0.815905 0.000000
vn -0.194557 -0.980891 0.000000
vn -0.194557 -0.980891 0.000000
vn -0.194557 -0.980891 0.000000
vn -0.194557 -0.980891 0.000000
vn 0.319634 -0.947541 0.000000
vn 0.319634 -0.947541 0.000000
vn 0.319634 -0.947541 0.000000
vn 0.319634 -0.947541 0.000000
vn 0.950770 -0.309897 0.000000
vn 0.950770 -0.309897 0.000000
vn 0.950770 -0.309897 0.000000
vn 0.950770 -0.309897 0.000000
vn 0.998839 -0.048181 0.000000
vn 0.998839 -0.048181 0.000000
vn 0.998839 -0.048181 0.000000
vn 0.998839 -0.048181 0.000000
vn 0.048181 0.998839 0.000000
vn 0.048181 0.998839 0.000000
vn 0.048181 0.998839 0.000000
vn 0.048181 0.998839 0.000000
vn -0.998839 0.048181 0.000000
vn -0.998839 0.048181 0.000000
vn -0.998839 0.048181 0.000000
vn -0.998839 0.048181 0.000000
vn 0.600179 0.799866 0.000000
vn 0.600179 0.799866 0.000000
vn 0.600179 0.799866 0.000000
vn 0.600179 0.799866 0.000000
vn 0.237917 0.971286 0.000000
vn 0.237917 0.971286 0.000000
vn 0.237917 0.971286 0.000000
vn 0.237917 0.971286 0.000000
vn -0.413545 -0.910484 0.000000
vn -0.413545 -0.910484 0.000000
vn -0.413545 -0.910484 0.000000
vn -0.413545 -0.910484 0.000000
vn -0.952001 -0.306094 0.000000
vn -0.952001 -0.306094 0.000000
vn -0.952001 -0.306094 0.000000
vn -0.952001 -0.306094 0.000000
vn -0.920083 0.391724 0.000000
vn -0.920083 0.391724 0.000000
vn -0.920083 0.391724 0.000000
vn -0.920083 0.391724 0.000000
vn -0.330832 0.943690 0.000000
vn -0.330832 0.943690 0.000000
vn -0.330832 0.943690 0.000000
vn -0.330832 0.943690 0.000000
vn 0.417892 0.908497 0.000000
vn 0.417892 0.908497 0.000000
vn 0.417892 0.908497 0.000000
vn 0.417892 0.908497 0.000000
vn 0.949258 0.314499 0.000000
vn 0.949258 0.314499 0.000000
vn 0.949258 0.314499 0.000000
vn 0.949258 0.314499 0.000000
vn 0.914390 -0.404835 0.000000
vn 0.914390 -0.404835 0.000000
vn 0.914390 -0.404835 0.000000
vn 0.914390 -0.404835 0.000000
vn 0.331223 -0.943552 0.000000
vn 0.331223 -0.943552 0.000000
vn 0.331223 -0.943552 0.000000
vn 0.331223 -0.943552 0.000000
vn -0.334669 0.942336 0.000000
vn -0.334669 0.942336 0.000000
vn -0.334669 0.942336 0.000000
vn -0.334669 0.942336 0.000000
vn -0.914971 0.403519 0.000000
vn -0.914971 0.403519 0.000000
vn -0.914971 0.403519 0.000000
vn -0.914971 0.403519 0.000000
vn -0.951493 -0.307672 0.000000
vn -0.951493 -0.307672 0.000000
vn -0.951493 -0.307672 0.000000
vn -0.951493 -0.307672 0.000000
vn -0.436545 -0.899682 0.000000
vn -0.436545 -0.899682 0.000000
vn -0.436545 -0.899682 0.000000
vn -0.436545 -0.899682 0.000000
vn 0.125637 -0.992076 0.000000
vn 0.125637 -0.992076 0.000000
vn 0.125637 -0.992076 0.000000
vn 0.125637 -0.992076 0.000000
vn 0.524916 -0.851154 0.000000
vn 0.524916 -0.851154 0.000000
vn 0.524916 -0.851154 0.000000
vn 0.524916 -0.851154 0.000000
vn -0.981042 0.193795 0.000000
vn -0.981042 0.193795 0.000000
vn -0.981042 0.193795 0.000000
vn -0.981042 0.193795 0.000000
vn -0.645471 0.763785 0.000000
vn -0.645471 0.763785 0.000000
vn -0.645471 0.763785 0.000000
vn -0.645471 0.763785 0.000000
vn -0.141080 0.989998 0.000000
vn -0.141080 0.989998 0.000000
vn -0.141080 0.989998 0.000000
vn -0.141080 0.989998 0.000000
vn 0.203283 0.979120 0.000000
vn 0.203283 0.979120 0.000000
vn 0.203283 0.979120 0.000000
vn 0.203283 0.979120 0.000000
vn 0.598513 0.801113 0.000000
vn 0.598513 0.801113 0.000000
vn 0.598513 0.801113 0.000000
vn 0.598513 0.801113 0.000000
vn 0.048181 0.998839 0.000000
vn 0.048181 0.998839 0.000000
vn 0.048181 0.998839 0.000000
vn 0.048181 0.998839 0.000000
vn -0.885142 -0.465322 0.000000
vn -0.885142 -0.465322 0.000000
vn -0.885142 -0.465322 0.000000
vn -0.885142 -0.465322 0.000000
vn -0.578186 -0.815905 0.000000
vn -0.578186 -0.815905 0.000000
vn -0.578186 -0.815905 0.000000
vn -0.578186 -0.815905 0.000000
vn -0.194557 -0.980891 0.000000
vn -0.194557 -0.980891 0.000000
vn -0.194557 -0.980891 0.000000
vn -0.194557 -0.980891 0.000000
vn 0.319634 -0.947541 0.000000
vn 0.319634 -0.947541 0.000000
vn 0.319634 -0.947541 0.000000
vn 0.319634 -0.947541 0.000000
vn 0.950770 -0.309897 0.000000
vn 0.950770 -0.309897 0.000000
vn 0.950770 -0.309897 0.000000
vn 0.950770 -0.309897 0.000000
vn 0.998839 -0.048181 0.000000
vn 0.998839 -0.048181 0.000000
vn 0.998839 -0.048181 0.000000
vn 0.998839 -0.048181 0.000000
vn 0.048181 0.998839 0.000000
vn 0.048181 0.998839 0.000000
vn 0.048181 0.998839 0.000000
vn 0.048181 0.998839 0.000000
vn -0.998839 0.048181 0.000000
vn -0.998839 0.048181 0.000000
vn -0.998839 0.048181 0.000000
vn -0.998839 0.048181 0.000000
vn 0.600179 0.799866 0.000000
vn 0.600179 0.799866 0.000000
vn 0.600179 0.799866 0.000000
vn 0.600179 0.799866 0.000000
vn 0.237917 0.971286 0.000000
vn 0.237917 0.971286 0.000000
vn 0.237917 0.971286 0.000000
vn 0.237917 0.971286 0.000000
vn -0.413545 -0.910484 0.000000
vn -0.413545 -0.910484 0.000000
vn -0.413545 -0.910484 0.000000
vn -0.413545 -0.910484 0.000000
vn -0.952001 -0.306094 0.000000
vn -0.952001 -0.306094 0.000000
vn -0.952001 -0.306094 0.000000
vn -0.952001 -0.306094 0.000000
vn -0.920083 0.391724 0.000000
vn -0.920083 0.391724 0.000000
vn -0.920083 0.391724 0.000000
vn -0.920083 0.391724 0.000000
vn -0.330832 0.943690 0.000000
vn -0.330832 0.943690 0.000000
vn -0.330832 0.943690 0.000000
vn -0.330832 0.943690 0.000000
vn 0.417892 0.908497 0.000000
vn 0.417892 0.908497 0.000000
vn 0.417892 0.908497 0.000000
vn 0.417892 0.908497 0.000000
vn 0.949258 0.314499 0.000000
vn 0.949258 0.314499 0.000000
vn 0.949258 0.314499 0.000000
vn 0.949258 0.314499 0.000000
vn 0.914390 -0.404835 0.000000
vn 0.914390 -0.404835 0.000000
vn 0.914390 -0.404835 0.000000
vn 0.914390 -0.404835 0.000000
vn 0.331223 -0.943552 0.000000
vn 0.331223 -0.943552 0.000000
vn 0.331223 -0.943552 0.000000
vn 0.331223 -0.943552 0.000000
vn -0.334669 0.942336 0.000000
vn -0.334669 0.942336 0.000000
vn -0.334669 0.942336 0.000000
vn -0.334669 0.942336 0.000000
vn -0.914971 0.403519 0.000000
vn -0.914971 0.403519 0.000000
vn -0.914971 0.403519 0.000000
vn -0.914971 0.403519 0.000000
vn -0.951493 -0.307672 0.000000
vn -0.951493 -0.307672 0.000000
vn -0.951493 -0.307672 0.000000
vn -0.951493 -0.307672 0.000000
vn -0.436545 -0.899682 0.000000
vn -0.436545 -0.899682 0.000000
vn -0.436545 -0.899682 0.000000
vn -0.436545 -0.899682 0.000000
vn 0.125637 -0.992076 0.000000
vn 0.125637 -0.992076 0.000000
vn 0.125637 -0.992076 0.000000
vn 0.125637 -0.992076 0.000000
vn 0.524916 -0.851154 0.000000
vn 0.524916 -0.851154 0.000000
vn 0.524916 -0.851154 0.000000
vn 0.524916 -0.851154 0.000000
vn -0.981042 0.193795 0.000000
vn -0.981042 0.193795 0.000000
vn -0.981042 0.193795 0.000000
vn -0.981042 0.193795 0.000000
vn -0.645471 0.763785 0.000000
vn -0.645471 0.763785 0.000000
vn -0.645471 0.763785 0.000000
vn -0.645471 0.763785 0.000000
vn -0.141080 0.989998 0.000000
vn -0.141080 0.989998 0.000000
vn -0.141080 0.989998 0.000000
vn -0.141080 0.989998 0.000000
vn 0.203283 0.979120 0.000000
vn 0.203283 0.979120 0.000000
vn 0.203283 0.979120 0.000000
vn 0.203283 0.979120 0.000000
vn 0.598513 0.801113 0.000000
vn 0.598513 0.801113 0.000000
vn 0.598513 0.801113 0.000000
vn 0.598513 0.801113 0.000000
vn 0.048181 0.998839 0.000000
vn 0.048181 0.998839 0.000000
vn 0.048181 0.998839 0.000000
vn 0.048181 0.998839 0.000000
vn -0.885141 -0.465322 0.000000
vn -0.885141 -0.465322 0.000000
vn -0.885141 -0.465322 0.000000
vn -0.885141 -0.465322 0.000000
vn -0.578187 -0.815905 0.000000
vn -0.578187 -0.815905 0.000000
vn -0.578187 -0.815905 0.000000
vn -0.578187 -0.815905 0.000000
vn -0.194557 -0.980891 0.000000
vn -0.194557 -0.980891 0.000000
vn -0.194557 -0.980891 0.000000
vn -0.194557 -0.980891 0.000000
vn 0.319634 -0.947541 0.000000
vn 0.319634 -0.947541 0.000000
vn 0.319634 -0.947541 0.000000
vn 0.319634 -0.947541 0.000000
vn 0.950770 -0.309897 0.000000
vn 0.950770 -0.309897 0.000000
vn 0.950770 -0.309897 0.000000
vn 0.950770 -0.309897 0.000000
vn 0.998839 -0.048181 0.000000
vn 0.998839 -0.048181 0.000000
vn 0.998839 -0.048181 0.000000
vn 0.998839 -0.048181 0.000000
vn 0.048181 0.998839 0.000000
vn 0.048181 0.998839 0.000000
vn 0.048181 0.998839 0.000000
vn 0.048181 0.998839 0.000000
vn -0.998839 0.048181 0.000000
vn -0.998839 0.048181 0.000000
vn -0.998839 0.048181 0.000000
vn -0.998839 0.048181 0.000000
vn 0.600179 0.799866 0.000000
vn 0.600179 0.799866 0.000000
vn 0.600179 0.799866 0.000000
vn 0.600179 0.799866 0.000000
vn 0.237917 0.971286 0.000000
vn 0.237917 0.971286 0.000000
vn 0.237917 0.971286 0.000000
vn 0.237917 0.971286 0.000000
vn -0.413545 -0.910484 0.000000
vn -0.413545 -0.910484 0.000000
vn -0.413545 -0.910484 0.000000
vn -0.413545 -0.910484 0.000000
vn -0.952001 -0.306094 0.000000
vn -0.952001 -0.306094 0.000000
vn -0.952001 -0.306094 0.000000
vn -0.952001 -0.306094 0.000000
vn -0.920083 0.391724 0.000000
vn -0.920083 0.391724 0.000000
vn -0.920083 0.391724 0.000000
vn -0.920083 0.391724 0.000000
vn -0.330832 0.943690 0.000000
vn -0.330832 0.943690 0.000000
vn -0.330832 0.943690 0.000000
vn -0.330832 0.943690 0.000000
vn 0.417892 0.908497 0.000000
vn 0.417892 0.908497 0.000000
vn 0.417892 0.908497 0.000000
vn 0.417892 0.908497 0.000000
vn 0.949258 0.314499 0.000000
vn 0.949258 0.314499 0.000000
vn 0.949258 0.314499 0.000000
vn 0.949258 0.314499 0.000000
vn 0.914390 -0.404835 0.000000
vn 0.914390 -0.404835 0.000000
vn 0.914390 -0.404835 0.000000
vn 0.914390 -0.404835 0.000000
vn 0.331223 -0.943552 0.000000
vn 0.331223 -0.943552 0.000000
vn 0.331223 -0.943552 0.000000
vn 0.331223 -0.943552 0.000000
vn -0.000000 0.000000 1.000000
vn -0.000000 0.000000 1.000000
vn -0.000000 0.000000 1.000000
vn -0.000000 0.000000 1.000000
vn -0.000000 0.000000 1.000000
vn -0.000000 0.000000 1.000000
vn -0.000000 0.000000 1.000000
vn -0.000000 0.000000 1.000000
vn -0.000000 0.000000 1.000000
vn -0.000000 0.000000 1.000000
vn -0.000000 0.000000 1.000000
vn -0.000000 0.000000 1.000000
vn -0.000000 0.000000 1.000000
vn -0.000000 0.000000 1.000000
vn -0.000000 0.000000 1.000000
vn -0.000000 0.000000 1.000000
vn -0.000000 0.000000 1.000000
vn -0.000000 0.000000 1.000000
vn -0.000000 0.000000 1.000000
vn -0.000000 0.000000 1.000000
vn -0.000000 0.000000 1.000000
vn -0.000000 0.000000 1.000000
vn -0.000000 0.000000 1.000000
vn -0.000000 0.000000 1.000000
vn -0.000000 0.000000 1.000000
vn -0.000000 0.000000 1.000000
vn -0.000000 0.000000 1.000000
vn -0.000000 0.000000 1.000000
vn -0.000000 0.000000 1.000000
vn -0.000000 0.000000 1.000000
vn 0.000000 0.000000 -1.000000
vn 0.000000 0.000000 -1.000000
vn 0.000000 0.000000 -1.000000
vn 0.000000 0.000000 -1.000000
vn 0.048181 0.998839 0.000000
vn 0.048181 0.998839 0.000000
vn 0.048181 0.998839 0.000000
vn 0.048181 0.998839 0.000000
vn -0.998839 0.048181 0.000000
vn -0.998839 0.048181 0.000000
vn -0.998839 0.048181 0.000000
vn -0.998839 0.048181 0.000000
vn -0.048181 -0.998839 0.000000
vn -0.048181 -0.998839 0.000000
vn -0.048181 -0.998839 0.000000
vn -0.048181 -0.998839 0.000000
vn 0.998839 -0.048181 0.000000
vn 0.998839 -0.048181 0.000000
vn 0.998839 -0.048181 0.000000
vn 0.998839 -0.048181 0.000000
vn 0.048181 0.998839 0.000000
vn 0.048181 0.998839 0.000000
vn 0.048181 0.998839 0.000000
vn 0.048181 0.998839 0.000000
vn -0.998839 0.048181 0.000000
vn -0.998839 0.048181 0.000000
vn -0.998839 0.048181 0.000000
vn -0.998839 0.048181 0.000000
vn -0.048181 -0.998839 0.000000
vn -0.048181 -0.998839 0.000000
vn -0.048181 -0.998839 0.000000
vn -0.048181 -0.998839 0.000000
vn 0.998839 -0.048181 0.000000
vn 0.998839 -0.048181 0.000000
vn 0.998839 -0.048181 0.000000
vn 0.998839 -0.048181 0.000000
vn 0.048181 0.998839 0.000000
vn 0.048181 0.998839 0.000000
vn 0.048181 0.998839 0.000000
vn 0.048181 0.998839 0.000000
vn -0.998839 0.048181 0.000000
vn -0.998839 0.048181 0.000000
vn -0.998839 0.048181 0.000000
vn -0.998839 0.048181 0.000000
vn -0.048181 -0.998839 0.000000
vn -0.048181 -0.998839 0.000000
vn -0.048181 -0.998839 0.000000
vn -0.048181 -0.998839 0.000000
vn 0.998839 -0.048181 0.000000
vn 0.998839 -0.048181 0.000000
vn 0.998839 -0.048181 0.000000
vn 0.998839 -0.048181 0.000000
vn 0.048181 0.998839 0.000000
vn 0.048181 0.998839 0.000000
vn 0.048181 0.998839 0.000000
vn 0.048181 0.998839 0.000000
vn -0.998839 0.048181 0.000000
vn -0.998839 0.048181 0.000000
vn -0.998839 0.048181 0.000000
vn -0.998839 0.048181 0.000000
vn -0.048181 -0.998839 0.000000
vn -0.048181 -0.998839 0.000000
vn -0.048181 -0.998839 0.000000
vn -0.048181 -0.998839 0.000000
vn 0.998839 -0.048181 0.000000
vn 0.998839 -0.048181 0.000000
vn 0.998839 -0.048181 0.000000
vn 0.998839 -0.048181 0.000000
vn 0.000000 0.000000 1.000000
vn 0.000000 0.000000 1.000000
vn 0.000000 0.000000 1.000000
vn 0.000000 0.000000 1.000000
vn 0.000000 0.000000 -1.000000
vn 0.000000 0.000000 -1.000000
vn 0.000000 0.000000 -1.000000
vn 0.000000 0.000000 -1.000000
vn 0.000000 0.000000 -1.000000
vn 0.000000 0.000000 -1.000000
vn 0.000000 0.000000 -1.000000
vn 0.000000 0.000000 -1.000000
vn 0.000000 0.000000 -1.000000
vn 0.000000 0.000000 -1.000000
vn 0.000000 0.000000 -1.000000
vn 0.000000 0.000000 -1.000000
vn 0.048181 0.998839 0.000000
vn 0.048181 0.998839 0.000000
vn 0.048181 0.998839 0.000000
vn 0.048181 0.998839 0.000000
vn -0.998839 0.048181 0.000000
vn -0.998839 0.048181 0.000000
vn -0.998839 0.048181 0.000000
vn -0.998839 0.048181 0.000000
vn -0.048181 -0.998839 0.000000
vn -0.048181 -0.998839 0.000000
vn -0.048181 -0.998839 0.000000
vn -0.048181 -0.998839 0.000000
vn 0.998839 -0.048181 0.000000
vn 0.998839 -0.048181 0.000000
vn 0.998839 -0.048181 0.000000
vn 0.998839 -0.048181 0.000000
vn -0.048181 -0.998839 0.000000
vn -0.048181 -0.998839 0.000000
vn -0.048181 -0.998839 0.000000
vn -0.048181 -0.998839 0.000000
vn -0.998839 0.048181 0.000000
vn -0.998839 0.048181 0.000000
vn -0.998839 0.048181 0.000000
vn -0.998839 0.048181 0.000000
vn -0.048181 -0.998839 0.000000
vn -0.048181 -0.998839 0.000000
vn -0.048181 -0.998839 0.000000
vn -0.048181 -0.998839 0.000000
vn 0.998839 -0.048181 0.000000
vn 0.998839 -0.048181 0.000000
vn 0.998839 -0.048181 0.000000
vn 0.998839 -0.048181 0.000000
vn 0.048181 0.998839 0.000000
vn 0.048181 0.998839 0.000000
vn 0.048181 0.998839 0.000000
vn 0.048181 0.998839 0.000000
vn -0.998839 0.048181 0.000000
vn -0.998839 0.048181 0.000000
vn -0.998839 0.048181 0.000000
vn -0.998839 0.048181 0.000000
vn 0.048181 0.998839 0.000000
vn 0.048181 0.998839 0.000000
vn 0.048181 0.998839 0.000000
vn 0.048181 0.998839 0.000000
vn 0.998839 -0.048181 0.000000
vn 0.998839 -0.048181 0.000000
vn 0.998839 -0.048181 0.000000
vn 0.998839 -0.048181 0.000000
vn 0.048181 0.998839 0.000000
vn 0.048181 0.998839 0.000000
vn 0.048181 0.998839 0.000000
vn 0.048181 0.998839 0.000000
vn -0.998839 0.048181 0.000000
vn -0.998839 0.048181 0.000000
vn -0.998839 0.048181 0.000000
vn -0.998839 0.048181 0.000000
vn -0.048181 -0.998839 0.000000
vn -0.048181 -0.998839 0.000000
vn -0.048181 -0.998839 0.000000
vn -0.048181 -0.998839 0.000000
vn 0.998839 -0.048181 0.000000
vn 0.998839 -0.048181 0.000000
vn 0.998839 -0.048181 0.000000
vn 0.998839 -0.048181 0.000000
vn -0.048181 -0.998839 0.000000
vn -0.048181 -0.998839 0.000000
vn -0.048181 -0.998839 0.000000
vn -0.048181 -0.998839 0.000000
vn -0.998839 0.048181 0.000000
vn -0.998839 0.048181 0.000000
vn -0.998839 0.048181 0.000000
vn -0.998839 0.048181 0.000000
vn -0.048181 -0.998839 0.000000
vn -0.048181 -0.998839 0.000000
vn -0.048181 -0.998839 0.000000
vn -0.048181 -0.998839 0.000000
vn 0.998839 -0.048181 0.000000
vn 0.998839 -0.048181 0.000000
vn 0.998839 -0.048181 0.000000
vn 0.998839 -0.048181 0.000000
vn 0.048181 0.998839 0.000000
vn 0.048181 0.998839 0.000000
vn 0.048181 0.998839 0.000000
vn 0.048181 0.998839 0.000000
vn -0.998839 0.048181 0.000000
vn -0.998839 0.048181 0.000000
vn -0.998839 0.048181 0.000000
vn -0.998839 0.048181 0.000000
vn 0.048181 0.998839 0.000000
vn 0.048181 0.998839 0.000000
vn 0.048181 0.998839 0.000000
vn 0.048181 0.998839 0.000000
vn 0.998839 -0.048181 0.000000
vn 0.998839 -0.048181 0.000000
vn 0.998839 -0.048181 0.000000
vn 0.998839 -0.048181 0.000000
vn 0.048181 0.998839 0.000000
vn 0.048181 0.998839 0.000000
vn 0.048181 0.998839 0.000000
vn 0.048181 0.998839 0.000000
vn -0.998839 0.048181 0.000000
vn -0.998839 0.048181 0.000000
vn -0.998839 0.048181 0.000000
vn -0.998839 0.048181 0.000000
vn -0.048181 -0.998839 0.000000
vn -0.048181 -0.998839 0.000000
vn -0.048181 -0.998839 0.000000
vn -0.048181 -0.998839 0.000000
vn 0.998839 -0.048181 0.000000
vn 0.998839 -0.048181 0.000000
vn 0.998839 -0.048181 0.000000
vn 0.998839 -0.048181 0.000000
vn -0.048181 -0.998839 0.000000
vn -0.048181 -0.998839 0.000000
vn -0.048181 -0.998839 0.000000
vn -0.048181 -0.998839 0.000000
vn -0.998839 0.048181 0.000000
vn -0.998839 0.048181 0.000000
vn -0.998839 0.048181 0.000000
vn -0.998839 0.048181 0.000000
vn -0.048181 -0.998839 0.000000
vn -0.048181 -0.998839 0.000000
vn -0.048181 -0.998839 0.000000
vn -0.048181 -0.998839 0.000000
vn 0.998839 -0.048181 0.000000
vn 0.998839 -0.048181 0.000000
vn 0.998839 -0.048181 0.000000
vn 0.998839 -0.048181 0.000000
vn 0.048181 0.998839 0.000000
vn 0.048181 0.998839 0.000000
vn 0.048181 0.998839 0.000000
vn 0.048181 0.998839 0.000000
vn -0.998839 0.048181 0.000000
vn -0.998839 0.048181 0.000000
vn -0.998839 0.048181 0.000000
vn -0.998839 0.048181 0.000000
vn 0.048181 0.998839 0.000000
vn 0.048181 0.998839 0.000000
vn 0.048181 0.998839 0.000000
vn 0.048181 0.998839 0.000000
vn 0.998839 -0.048181 0.000000
vn 0.998839 -0.048181 0.000000
vn 0.998839 -0.048181 0.000000
vn 0.998839 -0.048181 0.000000
vn 0.048181 0.998839 0.000000
vn 0.048181 0.998839 0.000000
vn 0.048181 0.998839 0.000000
vn 0.048181 0.998839 0.000000
vn -0.998839 0.048181 0.000000
vn -0.998839 0.048181 0.000000
vn -0.998839 0.048181 0.000000
vn -0.998839 0.048181 0.000000
vn -0.048181 -0.998839 0.000000
vn -0.048181 -0.998839 0.000000
vn -0.048181 -0.998839 0.000000
vn -0.048181 -0.998839 0.000000
vn 0.998839 -0.048181 0.000000
vn 0.998839 -0.048181 0.000000
vn 0.998839 -0.048181 0.000000
vn 0.998839 -0.048181 0.000000
vn -0.048181 -0.998839 0.000000
vn -0.048181 -0.998839 0.000000
vn -0.048181 -0.998839 0.000000
vn -0.048181 -0.998839 0.000000
vn -0.998839 0.048181 0.000000
vn -0.998839 0.048181 0.000000
vn -0.998839 0.048181 0.000000
vn -0.998839 0.048181 0.000000
vn -0.048181 -0.998839 0.000000
vn -0.048181 -0.998839 0.000000
vn -0.048181 -0.998839 0.000000
vn -0.048181 -0.998839 0.000000
vn 0.998839 -0.048181 0.000000
vn 0.998839 -0.048181 0.000000
vn 0.998839 -0.048181 0.000000
vn 0.998839 -0.048181 0.000000
vn 0.048181 0.998839 0.000000
vn 0.048181 0.998839 0.000000
vn 0.048181 0.998839 0.000000
vn 0.048181 0.998839 0.000000
vn -0.998839 0.048181 0.000000
vn -0.998839 0.048181 0.000000
vn -0.998839 0.048181 0.000000
vn -0.998839 0.048181 0.000000
vn 0.048181 0.998839 0.000000
vn 0.048181 0.998839 0.000000
vn 0.048181 0.998839 0.000000
vn 0.048181 0.998839 0.000000
vn 0.998839 -0.048181 0.000000
vn 0.998839 -0.048181 0.000000
vn 0.998839 -0.048181 0.000000
vn 0.998839 -0.048181 0.000000
vn 0.000000 0.000000 1.000000
vn 0.000000 0.000000 1.000000
vn 0.000000 0.000000 1.000000
vn 0.000000 0.000000 1.000000
vn 0.000000 0.000000 1.000000
vn 0.000000 0.000000 1.000000
vn 0.000000 0.000000 1.000000
vn 0.000000 0.000000 1.000000
vn 0.000000 0.000000 1.000000
vn 0.000000 0.000000 1.000000
vn 0.000000 0.000000 1.000000
vn 0.000000 0.000000 1.000000
vn 0.000000 0.000000 -1.000000
vn 0.000000 0.000000 -1.000000
vn 0.000000 0.000000 -1.000000
vn 0.000000 0.000000 -1.000000
vn 0.048181 0.998839 0.000000
vn 0.048181 0.998839 0.000000
vn 0.048181 0.998839 0.000000
vn 0.048181 0.998839 0.000000
vn -0.998172 -0.060440 0.000000
vn -0.998172 -0.060440 0.000000
vn -0.998172 -0.060440 0.000000
vn -0.998172 -0.060440 0.000000
vn -0.048181 -0.998839 0.000000
vn -0.048181 -0.998839 0.000000
vn -0.048181 -0.998839 0.000000
vn -0.048181 -0.998839 0.000000
vn 0.987714 -0.156273 0.000000
vn 0.987714 -0.156273 0.000000
vn 0.987714 -0.156273 0.000000
vn 0.987714 -0.156273 0.000000
vn 0.048181 0.998839 0.000000
vn 0.048181 0.998839 0.000000
vn 0.048181 0.998839 0.000000
vn 0.048181 0.998839 0.000000
vn -0.998172 -0.060440 0.000000
vn -0.998172 -0.060440 0.000000
vn -0.998172 -0.060440 0.000000
vn -0.998172 -0.060440 0.000000
vn -0.048181 -0.998839 0.000000
vn -0.048181 -0.998839 0.000000
vn -0.048181 -0.998839 0.000000
vn -0.048181 -0.998839 0.000000
vn 0.987714 -0.156273 0.000000
vn 0.987714 -0.156273 0.000000
vn 0.987714 -0.156273 0.000000
vn 0.987714 -0.156273 0.000000
vn 0.048181 0.998839 0.000000
vn 0.048181 0.998839 0.000000
vn 0.048181 0.998839 0.000000
vn 0.048181 0.998839 0.000000
vn -0.998172 -0.060440 0.000000
vn -0.998172 -0.060440 0.000000
vn -0.998172 -0.060440 0.000000
vn -0.998172 -0.060440 0.000000
vn -0.048181 -0.998839 0.000000
vn -0.048181 -0.998839 0.000000
vn -0.048181 -0.998839 0.000000
vn -0.048181 -0.998839 0.000000
vn 0.987714 -0.156273 0.000000
vn 0.987714 -0.156273 0.000000
vn 0.987714 -0.156273 0.000000
vn 0.987714 -0.156273 0.000000
vn 0.048181 0.998839 0.000000
vn 0.048181 0.998839 0.000000
vn 0.048181 0.998839 0.000000
vn 0.048181 0.998839 0.000000
vn -0.998172 -0.060440 0.000000
vn -0.998172 -0.060440 0.000000
vn -0.998172 -0.060440 0.000000
vn -0.998172 -0.060440 0.000000
vn -0.048181 -0.998839 0.000000
vn -0.048181 -0.998839 0.000000
vn -0.048181 -0.998839 0.000000
vn -0.048181 -0.998839 0.000000
vn 0.987714 -0.156273 0.000000
vn 0.987714 -0.156273 0.000000
vn 0.987714 -0.156273 0.000000
vn 0.987714 -0.156273 0.000000
vn 0.000000 0.000000 1.000000
vn 0.000000 0.000000 1.000000
vn 0.000000 0.000000 1.000000
vn 0.000000 0.000000 1.000000
vn 0.000000 0.000000 -1.000000
vn 0.000000 0.000000 -1.000000
vn 0.000000 0.000000 -1.000000
vn 0.000000 0.000000 -1.000000
vn 0.000000 0.000000 -1.000000
vn 0.000000 0.000000 -1.000000
vn 0.000000 0.000000 -1.000000
vn 0.000000 0.000000 -1.000000
vn 0.000000 0.000000 -1.000000
vn 0.000000 0.000000 -1.000000
vn 0.000000 0.000000 -1.000000
vn 0.000000 0.000000 -1.000000
vn 0.000000 0.000000 -1.000000
vn 0.000000 0.000000 -1.000000
vn 0.000000 0.000000 -1.000000
vn 0.000000 0.000000 -1.000000
vn 0.000000 0.000000 -1.000000
vn 0.000000 0.000000 -1.000000
vn 0.000000 0.000000 -1.000000
vn 0.000000 0.000000 -1.000000
vn 0.000000 0.000000 -1.000000
vn 0.000000 0.000000 -1.000000
vn 0.000000 0.000000 -1.000000
vn 0.000000 0.000000 -1.000000
vn -0.292603 0.956234 0.000000
vn -0.292603 0.956234 0.000000
vn -0.292603 0.956234 0.000000
vn -0.292603 0.956234 0.000000
vn -0.890640 0.454709 0.000000
vn -0.890640 0.454709 0.000000
vn -0.890640 0.454709 0.000000
vn -0.890640 0.454709 0.000000
vn -0.812639 -0.582768 0.000000
vn -0.812639 -0.582768 0.000000
vn -0.812639 -0.582768 0.000000
vn -0.812639 -0.582768 0.000000
vn -0.489866 -0.871798 0.000000
vn -0.489866 -0.871798 0.000000
vn -0.489866 -0.871798 0.000000
vn -0.489866 -0.871798 0.000000
vn -0.751349 -0.659905 0.000000
vn -0.751349 -0.659905 0.000000
vn -0.751349 -0.659905 0.000000
vn -0.751349 -0.659905 0.000000
vn -0.852052 0.523457 0.000000
vn -0.852052 0.523457 0.000000
vn -0.852052 0.523457 0.000000
vn -0.852052 0.523457 0.000000
vn -0.239941 0.970788 0.000000
vn -0.239941 0.970788 0.000000
vn -0.239941 0.970788 0.000000
vn -0.239941 0.970788 0.000000
vn 0.334354 0.942448 0.000000
vn 0.334354 0.942448 0.000000
vn 0.334354 0.942448 0.000000
vn 0.334354 0.942448 0.000000
vn 0.663635 0.748057 0.000000
vn 0.663635 0.748057 0.000000
vn 0.663635 0.748057 0.000000
vn 0.663635 0.748057 0.000000
vn -0.703237 0.710956 0.000000
vn -0.703237 0.710956 0.000000
vn -0.703237 0.710956 0.000000
vn -0.703237 0.710956 0.000000
vn -0.482372 -0.875966 0.000000
vn -0.482372 -0.875966 0.000000
vn -0.482372 -0.875966 0.000000
vn -0.482372 -0.875966 0.000000
vn 0.275669 -0.961253 0.000000
vn 0.275669 -0.961253 0.000000
vn 0.275669 -0.961253 0.000000
vn 0.275669 -0.961253 0.000000
vn 0.894816 -0.446435 0.000000
vn 0.894816 -0.446435 0.000000
vn 0.894816 -0.446435 0.000000
vn 0.894816 -0.446435 0.000000
vn 0.968188 0.250225 0.000000
vn 0.968188 0.250225 0.000000
vn 0.968188 0.250225 0.000000
vn 0.968188 0.250225 0.000000
vn 0.629225 0.777224 0.000000
vn 0.629225 0.777224 0.000000
vn 0.629225 0.777224 0.000000
vn 0.629225 0.777224 0.000000
vn 0.489791 0.871840 0.000000
vn 0.489791 0.871840 0.000000
vn 0.489791 0.871840 0.000000
vn 0.489791 0.871840 0.000000
vn 0.567039 0.823691 0.000000
vn 0.567039 0.823691 0.000000
vn 0.567039 0.823691 0.000000
vn 0.567039 0.823691 0.000000
vn 0.943169 0.332312 0.000000
vn 0.943169 0.332312 0.000000
vn 0.943169 0.332312 0.000000
vn 0.943169 0.332312 0.000000
vn 0.857457 -0.514555 0.000000
vn 0.857457 -0.514555 0.000000
vn 0.857457 -0.514555 0.000000
vn 0.857457 -0.514555 0.000000
vn 0.214544 -0.976714 0.000000
vn 0.214544 -0.976714 0.000000
vn 0.214544 -0.976714 0.000000
vn 0.214544 -0.976714 0.000000
vn -0.520595 -0.853804 0.000000
vn -0.520595 -0.853804 0.000000
vn -0.520595 -0.853804 0.000000
vn -0.520595 -0.853804 0.000000
vn 0.672217 -0.740354 0.000000
vn 0.672217 -0.740354 0.000000
vn 0.672217 -0.740354 0.000000
vn 0.672217 -0.740354 0.000000
vn 0.680295 0.732939 0.000000
vn 0.680295 0.732939 0.000000
vn 0.680295 0.732939 0.000000
vn 0.680295 0.732939 0.000000
vn 0.273710 0.961812 0.000000
vn 0.273710 0.961812 0.000000
vn 0.273710 0.961812 0.000000
vn 0.273710 0.961812 0.000000
vn -0.292603 0.956234 0.000000
vn -0.292603 0.956234 0.000000
vn -0.292603 0.956234 0.000000
vn -0.292603 0.956234 0.000000
vn -0.890640 0.454709 0.000000
vn -0.890640 0.454709 0.000000
vn -0.890640 0.454709 0.000000
vn -0.890640 0.454709 0.000000
vn -0.812639 -0.582768 0.000000
vn -0.812639 -0.582768 0.000000
vn -0.812639 -0.582768 0.000000
vn -0.812639 -0.582768 0.000000
vn -0.489866 -0.871798 0.000000
vn -0.489866 -0.871798 0.000000
vn -0.489866 -0.871798 0.000000
vn -0.489866 -0.871798 0.000000
vn -0.751349 -0.659905 0.000000
vn -0.751349 -0.659905 0.000000
vn -0.751349 -0.659905 0.000000
vn -0.751349 -0.659905 0.000000
vn -0.852052 0.523457 0.000000
vn -0.852052 0.523457 0.000000
vn -0.852052 0.523457 0.000000
vn -0.852052 0.523457 0.000000
vn -0.239941 0.970788 0.000000
vn -0.239941 0.970788 0.000000
vn -0.239941 0.970788 0.000000
vn -0.239941 0.970788 0.000000
vn 0.334354 0.942448 0.000000
vn 0.334354 0.942448 0.000000
vn 0.334354 0.942448 0.000000
vn 0.334354 0.942448 0.000000
vn 0.663635 0.748057 0.000000
vn 0.663635 0.748057 0.000000
vn 0.663635 0.748057 0.000000
vn 0.663635 0.748057 0.000000
vn -0.703237 0.710956 0.000000
vn -0.703237 0.710956 0.000000
vn -0.703237 0.710956 0.000000
vn -0.703237 0.710956 0.000000
vn -0.482372 -0.875966 0.000000
vn -0.482372 -0.875966 0.000000
vn -0.482372 -0.875966 0.000000
vn -0.482372 -0.875966 0.000000
vn 0.275669 -0.961253 0.000000
vn 0.275669 -0.961253 0.000000
vn 0.275669 -0.961253 0.000000
vn 0.275669 -0.961253 0.000000
vn 0.894816 -0.446435 0.000000
vn 0.894816 -0.446435 0.000000
vn 0.894816 -0.446435 0.000000
vn 0.894816 -0.446435 0.000000
vn 0.968188 0.250225 0.000000
vn 0.968188 0.250225 0.000000
vn 0.968188 0.250225 0.000000
vn 0.968188 0.250225 0.000000
vn 0.629225 0.777224 0.000000
vn 0.629225 0.777224 0.000000
vn 0.629225 0.777224 0.000000
vn 0.629225 0.777224 0.000000
vn 0.489791 0.871840 0.000000
vn 0.489791 0.871840 0.000000
vn 0.489791 0.871840 0.000000
vn 0.489791 0.871840 0.000000
vn 0.567039 0.823691 0.000000
vn 0.567039 0.823691 0.000000
vn 0.567039 0.823691 0.000000
vn 0.567039 0.823691 0.000000
vn 0.943169 0.332312 0.000000
vn 0.943169 0.332312 0.000000
vn 0.943169 0.332312 0.000000
vn 0.943169 0.332312 0.000000
vn 0.857457 -0.514555 0.000000
vn 0.857457 -0.514555 0.000000
vn 0.857457 -0.514555 0.000000
vn 0.857457 -0.514555 0.000000
vn 0.214544 -0.976714 0.000000
vn 0.214544 -0.976714 0.000000
vn 0.214544 -0.976714 0.000000
vn 0.214544 -0.976714 0.000000
vn -0.520595 -0.853804 0.000000
vn -0.520595 -0.853804 0.000000
vn -0.520595 -0.853804 0.000000
vn -0.520595 -0.853804 0.000000
vn 0.672217 -0.740354 0.000000
vn 0.672217 -0.740354 0.000000
vn 0.672217 -0.740354 0.000000
vn 0.672217 -0.740354 0.000000
vn 0.680295 0.732939 0.000000
vn 0.680295 0.732939 0.000000
vn 0.680295 0.732939 0.000000
vn 0.680295 0.732939 0.000000
vn 0.273710 0.961812 0.000000
vn 0.273710 0.961812 0.000000
vn 0.273710 0.961812 0.000000
vn 0.273710 0.961812 0.000000
vn -0.292603 0.956234 0.000000
vn -0.292603 0.956234 0.000000
vn -0.292603 0.956234 0.000000
vn -0.292603 0.956234 0.000000
vn -0.890640 0.454709 0.000000
vn -0.890640 0.454709 0.000000
vn -0.890640 0.454709 0.000000
vn -0.890640 0.454709 0.000000
vn -0.812639 -0.582768 0.000000
vn -0.812639 -0.582768 0.000000
vn -0.812639 -0.582768 0.000000
vn -0.812639 -0.582768 0.000000
vn -0.489866 -0.871798 0.000000
vn -0.489866 -0.871798 0.000000
vn -0.489866 -0.871798 0.000000
vn -0.489866 -0.871798 0.000000
vn -0.751349 -0.659905 0.000000
vn -0.751349 -0.659905 0.000000
vn -0.751349 -0.659905 0.000000
vn -0.751349 -0.659905 0.000000
vn -0.852052 0.523457 0.000000
vn -0.852052 0.523457 0.000000
vn -0.852052 0.523457 0.000000
vn -0.852052 0.523457 0.000000
vn -0.239941 0.970788 0.000000
vn -0.239941 0.970788 0.000000
vn -0.239941 0.970788 0.000000
vn -0.239941 0.970788 0.000000
vn 0.334354 0.942448 0.000000
vn 0.334354 0.942448 0.000000
vn 0.334354 0.942448 0.000000
vn 0.334354 0.942448 0.000000
vn 0.663635 0.748057 0.000000
vn 0.663635 0.748057 0.000000
vn 0.663635 0.748057 0.000000
vn 0.663635 0.748057 0.000000
vn -0.703237 0.710956 0.000000
vn -0.703237 0.710956 0.000000
vn -0.703237 0.710956 0.000000
vn -0.703237 0.710956 0.000000
vn -0.482372 -0.875966 0.000000
vn -0.482372 -0.875966 0.000000
vn -0.482372 -0.875966 0.000000
vn -0.482372 -0.875966 0.000000
vn 0.275669 -0.961253 0.000000
vn 0.275669 -0.961253 0.000000
vn 0.275669 -0.961253 0.000000
vn 0.275669 -0.961253 0.000000
vn 0.894816 -0.446435 0.000000
vn 0.894816 -0.446435 0.000000
vn 0.894816 -0.446435 0.000000
vn 0.894816 -0.446435 0.000000
vn 0.968188 0.250225 0.000000
vn 0.968188 0.250225 0.000000
vn 0.968188 0.250225 0.000000
vn 0.968188 0.250225 0.000000
vn 0.629225 0.777224 0.000000
vn 0.629225 0.777224 0.000000
vn 0.629225 0.777224 0.000000
vn 0.629225 0.777224 0.000000
vn 0.489791 0.871840 0.000000
vn 0.489791 0.871840 0.000000
vn 0.489791 0.871840 0.000000
vn 0.489791 0.871840 0.000000
vn 0.567039 0.823691 0.000000
vn 0.567039 0.823691 0.000000
vn 0.567039 0.823691 0.000000
vn 0.567039 0.823691 0.000000
vn 0.943169 0.332312 0.000000
vn 0.943169 0.332312 0.000000
vn 0.943169 0.332312 0.000000
vn 0.943169 0.332312 0.000000
vn 0.857457 -0.514555 0.000000
vn 0.857457 -0.514555 0.000000
vn 0.857457 -0.514555 0.000000
vn 0.857457 -0.514555 0.000000
vn 0.214544 -0.976714 0.000000
vn 0.214544 -0.976714 0.000000
vn 0.214544 -0.976714 0.000000
vn 0.214544 -0.976714 0.000000
vn -0.520595 -0.853804 0.000000
vn -0.520595 -0.853804 0.000000
vn -0.520595 -0.853804 0.000000
vn -0.520595 -0.853804 0.000000
vn 0.672217 -0.740354 0.000000
vn 0.672217 -0.740354 0.000000
vn 0.672217 -0.740354 0.000000
vn 0.672217 -0.740354 0.000000
vn 0.680295 0.732939 0.000000
vn 0.680295 0.732939 0.000000
vn 0.680295 0.732939 0.000000
vn 0.680295 0.732939 0.000000
vn 0.273710 0.961812 0.000000
vn 0.273710 0.961812 0.000000
vn 0.273710 0.961812 0.000000
vn 0.273710 0.961812 0.000000
vn -0.292603 0.956234 0.000000
vn -0.292603 0.956234 0.000000
vn -0.292603 0.956234 0.000000
vn -0.292603 0.956234 0.000000
vn -0.890640 0.454709 0.000000
vn -0.890640 0.454709 0.000000
vn -0.890640 0.454709 0.000000
vn -0.890640 0.454709 0.000000
vn -0.812639 -0.582768 0.000000
vn -0.812639 -0.582768 0.000000
vn -0.812639 -0.582768 0.000000
vn -0.812639 -0.582768 0.000000
vn -0.489866 -0.871798 0.000000
vn -0.489866 -0.871798 0.000000
vn -0.489866 -0.871798 0.000000
vn -0.489866 -0.871798 0.000000
vn -0.751349 -0.659905 0.000000
vn -0.751349 -0.659905 0.000000
vn -0.751349 -0.659905 0.000000
vn -0.751349 -0.659905 0.000000
vn -0.852052 0.523457 0.000000
vn -0.852052 0.523457 0.000000
vn -0.852052 0.523457 0.000000
vn -0.852052 0.523457 0.000000
vn -0.239941 0.970788 0.000000
vn -0.239941 0.970788 0.000000
vn -0.239941 0.970788 0.000000
vn -0.239941 0.970788 0.000000
vn 0.334354 0.942448 0.000000
vn 0.334354 0.942448 0.000000
vn 0.334354 0.942448 0.000000
vn 0.334354 0.942448 0.000000
vn 0.663635 0.748057 0.000000
vn 0.663635 0.748057 0.000000
vn 0.663635 0.748057 0.000000
vn 0.663635 0.748057 0.000000
vn -0.703237 0.710956 0.000000
vn -0.703237 0.710956 0.000000
vn -0.703237 0.710956 0.000000
vn -0.703237 0.710956 0.000000
vn -0.482372 -0.875966 0.000000
vn -0.482372 -0.875966 0.000000
vn -0.482372 -0.875966 0.000000
vn -0.482372 -0.875966 0.000000
vn 0.275669 -0.961253 0.000000
vn 0.275669 -0.961253 0.000000
vn 0.275669 -0.961253 0.000000
vn 0.275669 -0.961253 0.000000
vn 0.894816 -0.446435 0.000000
vn 0.894816 -0.446435 0.000000
vn 0.894816 -0.446435 0.000000
vn 0.894816 -0.446435 0.000000
vn 0.968188 0.250225 0.000000
vn 0.968188 0.250225 0.000000
vn 0.968188 0.250225 0.000000
vn 0.968188 0.250225 0.000000
vn 0.629225 0.777224 0.000000
vn 0.629225 0.777224 0.000000
vn 0.629225 0.777224 0.000000
vn 0.629225 0.777224 0.000000
vn 0.489791 0.871840 0.000000
vn 0.489791 0.871840 0.000000
vn 0.489791 0.871840 0.000000
vn 0.489791 0.871840 0.000000
vn 0.567039 0.823691 0.000000
vn 0.567039 0.823691 0.000000
vn 0.567039 0.823691 0.000000
vn 0.567039 0.823691 0.000000
vn 0.943169 0.332312 0.000000
vn 0.943169 0.332312 0.000000
vn 0.943169 0.332312 0.000000
vn 0.943169 0.332312 0.000000
vn 0.857457 -0.514555 0.000000
vn 0.857457 -0.514555 0.000000
vn 0.857457 -0.514555 0.000000
vn 0.857457 -0.514555 0.000000
vn 0.214544 -0.976714 0.000000
vn 0.214544 -0.976714 0.000000
vn 0.214544 -0.976714 0.000000
vn 0.214544 -0.976714 0.000000
vn -0.520595 -0.853804 0.000000
vn -0.520595 -0.853804 0.000000
vn -0.520595 -0.853804 0.000000
vn -0.520595 -0.853804 0.000000
vn 0.672217 -0.740354 0.000000
vn 0.672217 -0.740354 0.000000
vn 0.672217 -0.740354 0.000000
vn 0.672217 -0.740354 0.000000
vn 0.680295 0.732939 0.000000
vn 0.680295 0.732939 0.000000
vn 0.680295 0.732939 0.000000
vn 0.680295 0.732939 0.000000
vn 0.273710 0.961812 0.000000
vn 0.273710 0.961812 0.000000
vn 0.273710 0.961812 0.000000
vn 0.273710 0.961812 0.000000
vn 0.000000 -0.000000 1.000000
vn 0.000000 -0.000000 1.000000
vn 0.000000 -0.000000 1.000000
vn 0.000000 -0.000000 1.000000
vn 0.000000 -0.000000 1.000000
vn 0.000000 -0.000000 1.000000
vn 0.000000 -0.000000 1.000000
vn 0.000000 -0.000000 1.000000
vn 0.000000 -0.000000 1.000000
vn 0.000000 -0.000000 1.000000
vn 0.000000 -0.000000 1.000000
vn 0.000000 -0.000000 1.000000
vn 0.000000 -0.000000 1.000000
vn 0.000000 -0.000000 1.000000
vn 0.000000 -0.000000 1.000000
vn 0.000000 -0.000000 1.000000
vn 0.000000 -0.000000 1.000000
vn 0.000000 -0.000000 1.000000
vn 0.000000 -0.000000 1.000000
vn 0.000000 -0.000000 1.000000
vn 0.000000 -0.000000 1.000000
vn 0.000000 -0.000000 1.000000
vn 0.000000 -0.000000 1.000000
vn 0.000000 -0.000000 1.000000
vn 0.000000 0.000000 -1.000000
vn 0.000000 0.000000 -1.000000
vn 0.000000 0.000000 -1.000000
vn 0.000000 0.000000 -1.000000
vn 0.000000 0.000000 -1.000000
vn 0.000000 0.000000 -1.000000
vn 0.000000 0.000000 -1.000000
vn 0.000000 0.000000 -1.000000
vn 0.000000 0.000000 -1.000000
vn 0.000000 0.000000 -1.000000
vn 0.000000 0.000000 -1.000000
vn 0.000000 0.000000 -1.000000
vn 0.000000 0.000000 -1.000000
vn 0.000000 0.000000 -1.000000
vn 0.000000 0.000000 -1.000000
vn 0.000000 0.000000 -1.000000
vn 0.000000 0.000000 -1.000000
vn 0.000000 0.000000 -1.000000
vn 0.000000 0.000000 -1.000000
vn 0.000000 0.000000 -1.000000
vn 0.000000 0.000000 -1.000000
vn 0.048181 0.998839 0.000000
vn 0.048181 0.998839 0.000000
vn 0.048181 0.998839 0.000000
vn 0.048181 0.998839 0.000000
vn -0.998839 0.048181 0.000000
vn -0.998839 0.048181 0.000000
vn -0.998839 0.048181 0.000000
vn -0.998839 0.048181 0.000000
vn -0.048181 -0.998839 0.000000
vn -0.048181 -0.998839 0.000000
vn -0.048181 -0.998839 0.000000
vn -0.048181 -0.998839 0.000000
vn 0.998839 -0.048181 0.000000
vn 0.998839 -0.048181 0.000000
vn 0.998839 -0.048181 0.000000
vn 0.998839 -0.048181 0.000000
vn -0.048181 -0.998839 0.000000
vn -0.048181 -0.998839 0.000000
vn -0.048181 -0.998839 0.000000
vn -0.048181 -0.998839 0.000000
vn -0.904783 -0.425873 0.000000
vn -0.904783 -0.425873 0.000000
vn -0.904783 -0.425873 0.000000
vn -0.904783 -0.425873 0.000000
vn -0.048181 -0.998839 0.000000
vn -0.048181 -0.998839 0.000000
vn -0.048181 -0.998839 0.000000
vn -0.048181 -0.998839 0.000000
vn 0.904168 0.427177 0.000000
vn 0.904168 0.427177 0.000000
vn 0.904168 0.427177 0.000000
vn 0.904168 0.427177 0.000000
vn 0.535672 -0.844426 0.000000
vn 0.535672 -0.844426 0.000000
vn 0.535672 -0.844426 0.000000
vn 0.535672 -0.844426 0.000000
vn 0.946924 -0.321459 0.000000
vn 0.946924 -0.321459 0.000000
vn 0.946924 -0.321459 0.000000
vn 0.946924 -0.321459 0.000000
vn 0.978197 0.207680 0.000000
vn 0.978197 0.207680 0.000000
vn 0.978197 0.207680 0.000000
vn 0.978197 0.207680 0.000000
vn 0.691486 0.722390 0.000000
vn 0.691486 0.722390 0.000000
vn 0.691486 0.722390 0.000000
vn 0.691486 0.722390 0.000000
vn 0.172015 0.985094 0.000000
vn 0.172015 0.985094 0.000000
vn 0.172015 0.985094 0.000000
vn 0.172015 0.985094 0.000000
vn -0.148689 -0.988884 0.000000
vn -0.148689 -0.988884 0.000000
vn -0.148689 -0.988884 0.000000
vn -0.148689 -0.988884 0.000000
vn -0.645803 -0.763504 0.000000
vn -0.645803 -0.763504 0.000000
vn -0.645803 -0.763504 0.000000
vn -0.645803 -0.763504 0.000000
vn -0.971095 -0.238694 0.000000
vn -0.971095 -0.238694 0.000000
vn -0.971095 -0.238694 0.000000
vn -0.971095 -0.238694 0.000000
vn -0.897634 0.440741 0.000000
vn -0.897634 0.440741 0.000000
vn -0.897634 0.440741 0.000000
vn -0.897634 0.440741 0.000000
vn -0.139919 0.990163 0.000000
vn -0.139919 0.990163 0.000000
vn -0.139919 0.990163 0.000000
vn -0.139919 0.990163 0.000000
vn 0.048181 0.998839 0.000000
vn 0.048181 0.998839 0.000000
vn 0.048181 0.998839 0.000000
vn 0.048181 0.998839 0.000000
vn 0.998839 -0.048181 0.000000
vn 0.998839 -0.048181 0.000000
vn 0.998839 -0.048181 0.000000
vn 0.998839 -0.048181 0.000000
vn -0.048181 -0.998839 0.000000
vn -0.048181 -0.998839 0.000000
vn -0.048181 -0.998839 0.000000
vn -0.048181 -0.998839 0.000000
vn 0.048181 0.998839 0.000000
vn 0.048181 0.998839 0.000000
vn 0.048181 0.998839 0.000000
vn 0.048181 0.998839 0.000000
vn -0.998839 0.048181 0.000000
vn -0.998839 0.048181 0.000000
vn -0.998839 0.048181 0.000000
vn -0.998839 0.048181 0.000000
vn -0.048181 -0.998839 0.000000
vn -0.048181 -0.998839 0.000000
vn -0.048181 -0.998839 0.000000
vn -0.048181 -0.998839 0.000000
vn 0.998839 -0.048181 0.000000
vn 0.998839 -0.048181 0.000000
vn 0.998839 -0.048181 0.000000
vn 0.998839 -0.048181 0.000000
vn -0.048181 -0.998839 0.000000
vn -0.048181 -0.998839 0.000000
vn -0.048181 -0.998839 0.000000
vn -0.048181 -0.998839 0.000000
vn -0.904783 -0.425873 0.000000
vn -0.904783 -0.425873 0.000000
vn -0.904783 -0.425873 0.000000
vn -0.904783 -0.425873 0.000000
vn -0.048181 -0.998839 0.000000
vn -0.048181 -0.998839 0.000000
vn -0.048181 -0.998839 0.000000
vn -0.048181 -0.998839 0.000000
vn 0.904168 0.427177 0.000000
vn 0.904168 0.427177 0.000000
vn 0.904168 0.427177 0.000000
vn 0.904168 0.427177 0.000000
vn 0.535672 -0.844426 0.000000
vn 0.535672 -0.844426 0.000000
vn 0.535672 -0.844426 0.000000
vn 0.535672 -0.844426 0.000000
vn 0.946924 -0.321459 0.000000
vn 0.946924 -0.321459 0.000000
vn 0.946924 -0.321459 0.000000
vn 0.946924 -0.321459 0.000000
vn 0.978197 0.207680 0.000000
vn 0.978197 0.207680 0.000000
vn 0.978197 0.207680 0.000000
vn 0.978197 0.207680 0.000000
vn 0.691486 0.722390 0.000000
vn 0.691486 0.722390 0.000000
vn 0.691486 0.722390 0.000000
vn 0.691486 0.722390 0.000000
vn 0.172015 0.985094 0.000000
vn 0.172015 0.985094 0.000000
vn 0.172015 0.985094 0.000000
vn 0.172015 0.985094 0.000000
vn -0.148689 -0.988884 0.000000
vn -0.148689 -0.988884 0.000000
vn -0.148689 -0.988884 0.000000
vn -0.148689 -0.988884 0.000000
vn -0.645803 -0.763504 0.000000
vn -0.645803 -0.763504 0.000000
vn -0.645803 -0.763504 0.000000
vn -0.645803 -0.763504 0.000000
vn -0.971095 -0.238694 0.000000
vn -0.971095 -0.238694 0.000000
vn -0.971095 -0.238694 0.000000
vn -0.971095 -0.238694 0.000000
vn -0.897634 0.440741 0.000000
vn -0.897634 0.440741 0.000000
vn -0.897634 0.440741 0.000000
vn -0.897634 0.440741 0.000000
vn -0.139919 0.990163 0.000000
vn -0.139919 0.990163 0.000000
vn -0.139919 0.990163 0.000000
vn -0.139919 0.990163 0.000000
vn 0.048181 0.998839 0.000000
vn 0.048181 0.998839 0.000000
vn 0.048181 0.998839 0.000000
vn 0.048181 0.998839 0.000000
vn 0.998839 -0.048181 0.000000
vn 0.998839 -0.048181 0.000000
vn 0.998839 -0.048181 0.000000
vn 0.998839 -0.048181 0.000000
vn -0.048181 -0.998839 0.000000
vn -0.048181 -0.998839 0.000000
vn -0.048181 -0.998839 0.000000
vn -0.048181 -0.998839 0.000000
vn 0.048181 0.998839 0.000000
vn 0.048181 0.998839 0.000000
vn 0.048181 0.998839 0.000000
vn 0.048181 0.998839 0.000000
vn -0.998839 0.048181 0.000000
vn -0.998839 0.048181 0.000000
vn -0.998839 0.048181 0.000000
vn -0.998839 0.048181 0.000000
vn -0.048181 -0.998839 0.000000
vn -0.048181 -0.998839 0.000000
vn -0.048181 -0.998839 0.000000
vn -0.048181 -0.998839 0.000000
vn 0.998839 -0.048181 0.000000
vn 0.998839 -0.048181 0.000000
vn 0.998839 -0.048181 0.000000
vn 0.998839 -0.048181 0.000000
vn -0.048181 -0.998839 0.000000
vn -0.048181 -0.998839 0.000000
vn -0.048181 -0.998839 0.000000
vn -0.048181 -0.998839 0.000000
vn -0.904783 -0.425873 0.000000
vn -0.904783 -0.425873 0.000000
vn -0.904783 -0.425873 0.000000
vn -0.904783 -0.425873 0.000000
vn -0.048181 -0.998839 0.000000
vn -0.048181 -0.998839 0.000000
vn -0.048181 -0.998839 0.000000
vn -0.048181 -0.998839 0.000000
vn 0.904168 0.427177 0.000000
vn 0.904168 0.427177 0.000000
vn 0.904168 0.427177 0.000000
vn 0.904168 0.427177 0.000000
vn 0.535672 -0.844426 0.000000
vn 0.535672 -0.844426 0.000000
vn 0.535672 -0.844426 0.000000
vn 0.535672 -0.844426 0.000000
vn 0.946924 -0.321459 0.000000
vn 0.946924 -0.321459 0.000000
vn 0.946924 -0.321459 0.000000
vn 0.946924 -0.321459 0.000000
vn 0.978197 0.207680 0.000000
vn 0.978197 0.207680 0.000000
vn 0.978197 0.207680 0.000000
vn 0.978197 0.207680 0.000000
vn 0.691486 0.722390 0.000000
vn 0.691486 0.722390 0.000000
vn 0.691486 0.722390 0.000000
vn 0.691486 0.722390 0.000000
vn 0.172015 0.985094 0.000000
vn 0.172015 0.985094 0.000000
vn 0.172015 0.985094 0.000000
vn 0.172015 0.985094 0.000000
vn -0.148689 -0.988884 0.000000
vn -0.148689 -0.988884 0.000000
vn -0.148689 -0.988884 0.000000
vn -0.148689 -0.988884 0.000000
vn -0.645803 -0.763504 0.000000
vn -0.645803 -0.763504 0.000000
vn -0.645803 -0.763504 0.000000
vn -0.645803 -0.763504 0.000000
vn -0.971095 -0.238694 0.000000
vn -0.971095 -0.238694 0.000000
vn -0.971095 -0.238694 0.000000
vn -0.971095 -0.238694 0.000000
vn -0.897634 0.440741 0.000000
vn -0.897634 0.440741 0.000000
vn -0.897634 0.440741 0.000000
vn -0.897634 0.440741 0.000000
vn -0.139919 0.990163 0.000000
vn -0.139919 0.990163 0.000000
vn -0.139919 0.990163 0.000000
vn -0.139919 0.990163 0.000000
vn 0.048181 0.998839 0.000000
vn 0.048181 0.998839 0.000000
vn 0.048181 0.998839 0.000000
vn 0.048181 0.998839 0.000000
vn 0.998839 -0.048181 0.000000
vn 0.998839 -0.048181 0.000000
vn 0.998839 -0.048181 0.000000
vn 0.998839 -0.048181 0.000000
vn -0.048181 -0.998839 0.000000
vn -0.048181 -0.998839 0.000000
vn -0.048181 -0.998839 0.000000
vn -0.048181 -0.998839 0.000000
vn 0.048181 0.998839 0.000000
vn 0.048181 0.998839 0.000000
vn 0.048181 0.998839 0.000000
vn 0.048181 0.998839 0.000000
vn -0.998839 0.048181 0.000000
vn -0.998839 0.048181 0.000000
vn -0.998839 0.048181 0.000000
vn -0.998839 0.048181 0.000000
vn -0.048181 -0.998839 0.000000
vn -0.048181 -0.998839 0.000000
vn -0.048181 -0.998839 0.000000
vn -0.048181 -0.998839 0.000000
vn 0.998839 -0.048181 0.000000
vn 0.998839 -0.048181 0.000000
vn 0.998839 -0.048181 0.000000
vn 0.998839 -0.048181 0.000000
vn -0.048181 -0.998839 0.000000
vn -0.048181 -0.998839 0.000000
vn -0.048181 -0.998839 0.000000
vn -0.048181 -0.998839 0.000000
vn -0.904783 -0.425873 0.000000
vn -0.904783 -0.425873 0.000000
vn -0.904783 -0.425873 0.000000
vn -0.904783 -0.425873 0.000000
vn -0.048181 -0.998839 0.000000
vn -0.048181 -0.998839 0.000000
vn -0.048181 -0.998839 0.000000
vn -0.048181 -0.998839 0.000000
vn 0.904168 0.427177 0.000000
vn 0.904168 0.427177 0.000000
vn 0.904168 0.427177 0.000000
vn 0.904168 0.427177 0.000000
vn 0.535672 -0.844426 0.000000
vn 0.535672 -0.844426 0.000000
vn 0.535672 -0.844426 0.000000
vn 0.535672 -0.844426 0.000000
vn 0.946924 -0.321459 0.000000
vn 0.946924 -0.321459 0.000000
vn 0.946924 -0.321459 0.000000
vn 0.946924 -0.321459 0.000000
vn 0.978197 0.207680 0.000000
vn 0.978197 0.207680 0.000000
vn 0.978197 0.207680 0.000000
vn 0.978197 0.207680 0.000000
vn 0.691486 0.722390 0.000000
vn 0.691486 0.722390 0.000000
vn 0.691486 0.722390 0.000000
vn 0.691486 0.722390 0.000000
vn 0.172015 0.985094 0.000000
vn 0.172015 0.985094 0.000000
vn 0.172015 0.985094 0.000000
vn 0.172015 0.985094 0.000000
vn -0.148689 -0.988884 0.000000
vn -0.148689 -0.988884 0.000000
vn -0.148689 -0.988884 0.000000
vn -0.148689 -0.988884 0.000000
vn -0.645803 -0.763504 0.000000
vn -0.645803 -0.763504 0.000000
vn -0.645803 -0.763504 0.000000
vn -0.645803 -0.763504 0.000000
vn -0.971095 -0.238694 0.000000
vn -0.971095 -0.238694 0.000000
vn -0.971095 -0.238694 0.000000
vn -0.971095 -0.238694 0.000000
vn -0.897634 0.440741 0.000000
vn -0.897634 0.440741 0.000000
vn -0.897634 0.440741 0.000000
vn -0.897634 0.440741 0.000000
vn -0.139919 0.990163 0.000000
vn -0.139919 0.990163 0.000000
vn -0.139919 0.990163 0.000000
vn -0.139919 0.990163 0.000000
vn 0.048181 0.998839 0.000000
vn 0.048181 0.998839 0.000000
vn 0.048181 0.998839 0.000000
vn 0.048181 0.998839 0.000000
vn 0.998839 -0.048181 0.000000
vn 0.998839 -0.048181 0.000000
vn 0.998839 -0.048181 0.000000
vn 0.998839 -0.048181 0.000000
vn -0.048181 -0.998839 0.000000
vn -0.048181 -0.998839 0.000000
vn -0.048181 -0.998839 0.000000
vn -0.048181 -0.998839 0.000000
vn 0.000000 -0.000000 1.000000
vn 0.000000 -0.000000 1.000000
vn 0.000000 -0.000000 1.000000
vn 0.000000 -0.000000 1.000000
vn 0.000000 -0.000000 1.000000
vn 0.000000 -0.000000 1.000000
vn 0.000000 -0.000000 1.000000
vn 0.000000 -0.000000 1.000000
vn 0.000000 -0.000000 1.000000
vn 0.000000 -0.000000 1.000000
vn 0.000000 -0.000000 1.000000
vn 0.000000 -0.000000 1.000000
vn 0.000000 -0.000000 1.000000
vn 0.000000 -0.000000 1.000000
vn 0.000000 -0.000000 1.000000
vn 0.000000 -0.000000 1.000000
vn 0.000000 -0.000000 1.000000
vn 0.000000 -0.000000 1.000000
vn 0.000000 -0.000000 1.000000
vn 0.000000 -0.000000 1.000000
vn 0.000000 -0.000000 1.000000
vn 0.000000 0.000000 -1.000000
vn 0.000000 0.000000 -1.000000
vn 0.000000 0.000000 -1.000000
vn 0.000000 0.000000 -1.000000
vn 0.000000 0.000000 -1.000000
vn 0.000000 0.000000 -1.000000
vn 0.000000 0.000000 -1.000000
vn 0.000000 0.000000 -1.000000
vn 0.000000 0.000000 -1.000000
vn 0.000000 0.000000 -1.000000
vn 0.000000 0.000000 -1.000000
vn 0.000000 0.000000 -1.000000
vn 0.000000 0.000000 -1.000000
vn 0.000000 0.000000 -1.000000
vn 0.000000 0.000000 -1.000000
vn 0.000000 0.000000 -1.000000
vn 0.000000 0.000000 -1.000000
vn 0.000000 0.000000 -1.000000
vn 0.000000 0.000000 -1.000000
vn -0.333301 0.942821 0.000000
vn -0.333301 0.942821 0.000000
vn -0.333301 0.942821 0.000000
vn -0.333301 0.942821 0.000000
vn -0.913733 0.406316 0.000000
vn -0.913733 0.406316 0.000000
vn -0.913733 0.406316 0.000000
vn -0.913733 0.406316 0.000000
vn -0.945852 -0.324598 0.000000
vn -0.945852 -0.324598 0.000000
vn -0.945852 -0.324598 0.000000
vn -0.945852 -0.324598 0.000000
vn -0.405638 -0.914034 0.000000
vn -0.405638 -0.914034 0.000000
vn -0.405638 -0.914034 0.000000
vn -0.405638 -0.914034 0.000000
vn 0.153610 -0.988132 0.000000
vn 0.153610 -0.988132 0.000000
vn 0.153610 -0.988132 0.000000
vn 0.153610 -0.988132 0.000000
vn 0.621981 -0.783032 0.000000
vn 0.621981 -0.783032 0.000000
vn 0.621981 -0.783032 0.000000
vn 0.621981 -0.783032 0.000000
vn 0.468178 0.883634 0.000000
vn 0.468178 0.883634 0.000000
vn 0.468178 0.883634 0.000000
vn 0.468178 0.883634 0.000000
vn -0.331828 0.943340 0.000000
vn -0.331828 0.943340 0.000000
vn -0.331828 0.943340 0.000000
vn -0.331828 0.943340 0.000000
vn 0.354905 0.934902 0.000000
vn 0.354905 0.934902 0.000000
vn 0.354905 0.934902 0.000000
vn 0.354905 0.934902 0.000000
vn 0.898380 0.439220 0.000000
vn 0.898380 0.439220 0.000000
vn 0.898380 0.439220 0.000000
vn 0.898380 0.439220 0.000000
vn -0.048181 -0.998839 0.000000
vn -0.048181 -0.998839 0.000000
vn -0.048181 -0.998839 0.000000
vn -0.048181 -0.998839 0.000000
vn 0.997723 -0.067440 0.000000
vn 0.997723 -0.067440 0.000000
vn 0.997723 -0.067440 0.000000
vn 0.997723 -0.067440 0.000000
vn 0.953349 0.301870 0.000000
vn 0.953349 0.301870 0.000000
vn 0.953349 0.301870 0.000000
vn 0.953349 0.301870 0.000000
vn 0.410645 0.911795 0.000000
vn 0.410645 0.911795 0.000000
vn 0.410645 0.911795 0.000000
vn 0.410645 0.911795 0.000000
vn -0.340404 -0.940279 0.000000
vn -0.340404 -0.940279 0.000000
vn -0.340404 -0.940279 0.000000
vn -0.340404 -0.940279 0.000000
vn -0.838433 -0.545005 0.000000
vn -0.838433 -0.545005 0.000000
vn -0.838433 -0.545005 0.000000
vn -0.838433 -0.545005 0.000000
vn 0.048181 0.998839 0.000000
vn 0.048181 0.998839 0.000000
vn 0.048181 0.998839 0.000000
vn 0.048181 0.998839 0.000000
vn 0.786343 -0.617790 0.000000
vn 0.786343 -0.617790 0.000000
vn 0.786343 -0.617790 0.000000
vn 0.786343 -0.617790 0.000000
vn 0.258064 -0.966128 0.000000
vn 0.258064 -0.966128 0.000000
vn 0.258064 -0.966128 0.000000
vn 0.258064 -0.966128 0.000000
vn -0.333301 0.942821 0.000000
vn -0.333301 0.942821 0.000000
vn -0.333301 0.942821 0.000000
vn -0.333301 0.942821 0.000000
vn -0.913733 0.406316 0.000000
vn -0.913733 0.406316 0.000000
vn -0.913733 0.406316 0.000000
vn -0.913733 0.406316 0.000000
vn -0.945852 -0.324598 0.000000
vn -0.945852 -0.324598 0.000000
vn -0.945852 -0.324598 0.000000
vn -0.945852 -0.324598 0.000000
vn -0.405638 -0.914034 0.000000
vn -0.405638 -0.914034 0.000000
vn -0.405638 -0.914034 0.000000
vn -0.405638 -0.914034 0.000000
vn 0.153610 -0.988132 0.000000
vn 0.153610 -0.988132 0.000000
vn 0.153610 -0.988132 0.000000
vn 0.153610 -0.988132 0.000000
vn 0.621981 -0.783032 0.000000
vn 0.621981 -0.783032 0.000000
vn 0.621981 -0.783032 0.000000
vn 0.621981 -0.783032 0.000000
vn 0.468178 0.883634 0.000000
vn 0.468178 0.883634 0.000000
vn 0.468178 0.883634 0.000000
vn 0.468178 0.883634 0.000000
vn -0.331828 0.943340 0.000000
vn -0.331828 0.943340 0.000000
vn -0.331828 0.943340 0.000000
vn -0.331828 0.943340 0.000000
vn 0.354905 0.934902 0.000000
vn 0.354905 0.934902 0.000000
vn 0.354905 0.934902 0.000000
vn 0.354905 0.934902 0.000000
vn 0.898380 0.439220 0.000000
vn 0.898380 0.439220 0.000000
vn 0.898380 0.439220 0.000000
vn 0.898380 0.439220 0.000000
vn -0.048181 -0.998839 0.000000
vn -0.048181 -0.998839 0.000000
vn -0.048181 -0.998839 0.000000
vn -0.048181 -0.998839 0.000000
vn 0.997723 -0.067440 0.000000
vn 0.997723 -0.067440 0.000000
vn 0.997723 -0.067440 0.000000
vn 0.997723 -0.067440 0.000000
vn 0.953349 0.301870 0.000000
vn 0.953349 0.301870 0.000000
vn 0.953349 0.301870 0.000000
vn 0.953349 0.301870 0.000000
vn 0.410645 0.911795 0.000000
vn 0.410645 0.911795 0.000000
vn 0.410645 0.911795 0.000000
vn 0.410645 0.911795 0.000000
vn -0.340404 -0.940279 0.000000
vn -0.340404 -0.940279 0.000000
vn -0.340404 -0.940279 0.000000
vn -0.340404 -0.940279 0.000000
vn -0.838433 -0.545005 0.000000
vn -0.838433 -0.545005 0.000000
vn -0.838433 -0.545005 0.000000
vn -0.838433 -0.545005 0.000000
vn 0.048181 0.998839 0.000000
vn 0.048181 0.998839 0.000000
vn 0.048181 0.998839 0.000000
vn 0.048181 0.998839 0.000000
vn 0.786343 -0.617790 0.000000
vn 0.786343 -0.617790 0.000000
vn 0.786343 -0.617790 0.000000
vn 0.786343 -0.617790 0.000000
vn 0.258064 -0.966128 0.000000
vn 0.258064 -0.966128 0.000000
vn 0.258064 -0.966128 0.000000
vn 0.258064 -0.966128 0.000000
vn -0.333301 0.942821 0.000000
vn -0.333301 0.942821 0.000000
vn -0.333301 0.942821 0.000000
vn -0.333301 0.942821 0.000000
vn -0.913733 0.406316 0.000000
vn -0.913733 0.406316 0.000000
vn -0.913733 0.406316 0.000000
vn -0.913733 0.406316 0.000000
vn -0.945852 -0.324598 0.000000
vn -0.945852 -0.324598 0.000000
vn -0.945852 -0.324598 0.000000
vn -0.945852 -0.324598 0.000000
vn -0.405637 -0.914034 0.000000
vn -0.405637 -0.914034 0.000000
vn -0.405637 -0.914034 0.000000
vn -0.405637 -0.914034 0.000000
vn 0.153610 -0.988132 0.000000
vn 0.153610 -0.988132 0.000000
vn 0.153610 -0.988132 0.000000
vn 0.153610 -0.988132 0.000000
vn 0.621981 -0.783033 0.000000
vn 0.621981 -0.783033 0.000000
vn 0.621981 -0.783033 0.000000
vn 0.621981 -0.783033 0.000000
vn 0.468178 0.883634 0.000000
vn 0.468178 0.883634 0.000000
vn 0.468178 0.883634 0.000000
vn 0.468178 0.883634 0.000000
vn -0.331828 0.943340 0.000000
vn -0.331828 0.943340 0.000000
vn -0.331828 0.943340 0.000000
vn -0.331828 0.943340 0.000000
vn 0.354905 0.934902 0.000000
vn 0.354905 0.934902 0.000000
vn 0.354905 0.934902 0.000000
vn 0.354905 0.934902 0.000000
vn 0.898380 0.439220 0.000000
vn 0.898380 0.439220 0.000000
vn 0.898380 0.439220 0.000000
vn 0.898380 0.439220 0.000000
vn -0.048181 -0.998839 0.000000
vn -0.048181 -0.998839 0.000000
vn -0.048181 -0.998839 0.000000
vn -0.048181 -0.998839 0.000000
vn 0.997723 -0.067440 0.000000
vn 0.997723 -0.067440 0.000000
vn 0.997723 -0.067440 0.000000
vn 0.997723 -0.067440 0.000000
vn 0.953349 0.301870 0.000000
vn 0.953349 0.301870 0.000000
vn 0.953349 0.301870 0.000000
vn 0.953349 0.301870 0.000000
vn 0.410645 0.911795 0.000000
vn 0.410645 0.911795 0.000000
vn 0.410645 0.911795 0.000000
vn 0.410645 0.911795 0.000000
vn -0.340404 -0.940279 0.000000
vn -0.340404 -0.940279 0.000000
vn -0.340404 -0.940279 0.000000
vn -0.340404 -0.940279 0.000000
vn -0.838433 -0.545005 0.000000
vn -0.838433 -0.545005 0.000000
vn -0.838433 -0.545005 0.000000
vn -0.838433 -0.545005 0.000000
vn 0.048181 0.998839 0.000000
vn 0.048181 0.998839 0.000000
vn 0.048181 0.998839 0.000000
vn 0.048181 0.998839 0.000000
vn 0.786343 -0.617790 0.000000
vn 0.786343 -0.617790 0.000000
vn 0.786343 -0.617790 0.000000
vn 0.786343 -0.617790 0.000000
vn 0.258064 -0.966128 0.000000
vn 0.258064 -0.966128 0.000000
vn 0.258064 -0.966128 0.000000
vn 0.258064 -0.966128 0.000000
vn -0.333301 0.942821 0.000000
vn -0.333301 0.942821 0.000000
vn -0.333301 0.942821 0.000000
vn -0.333301 0.942821 0.000000
vn -0.913733 0.406316 0.000000
vn -0.913733 0.406316 0.000000
vn -0.913733 0.406316 0.000000
vn -0.913733 0.406316 0.000000
vn -0.945852 -0.324598 0.000000
vn -0.945852 -0.324598 0.000000
vn -0.945852 -0.324598 0.000000
vn -0.945852 -0.324598 0.000000
vn -0.405638 -0.914034 0.000000
vn -0.405638 -0.914034 0.000000
vn -0.405638 -0.914034 0.000000
vn -0.405638 -0.914034 0.000000
vn 0.153610 -0.988132 0.000000
vn 0.153610 -0.988132 0.000000
vn 0.153610 -0.988132 0.000000
vn 0.153610 -0.988132 0.000000
vn 0.621981 -0.783032 0.000000
vn 0.621981 -0.783032 0.000000
vn 0.621981 -0.783032 0.000000
vn 0.621981 -0.783032 0.000000
vn 0.468178 0.883634 0.000000
vn 0.468178 0.883634 0.000000
vn 0.468178 0.883634 0.000000
vn 0.468178 0.883634 0.000000
vn -0.331828 0.943340 0.000000
vn -0.331828 0.943340 0.000000
vn -0.331828 0.943340 0.000000
vn -0.331828 0.943340 0.000000
vn 0.354905 0.934902 0.000000
vn 0.354905 0.934902 0.000000
vn 0.354905 0.934902 0.000000
vn 0.354905 0.934902 0.000000
vn 0.898380 0.439220 0.000000
vn 0.898380 0.439220 0.000000
vn 0.898380 0.439220 0.000000
vn 0.898380 0.439220 0.000000
vn -0.048181 -0.998839 0.000000
vn -0.048181 -0.998839 0.000000
vn -0.048181 -0.998839 0.000000
vn -0.048181 -0.998839 0.000000
vn 0.997723 -0.067440 0.000000
vn 0.997723 -0.067440 0.000000
vn 0.997723 -0.067440 0.000000
vn 0.997723 -0.067440 0.000000
vn 0.953349 0.301870 0.000000
vn 0.953349 0.301870 0.000000
vn 0.953349 0.301870 0.000000
vn 0.953349 0.301870 0.000000
vn 0.410645 0.911795 0.000000
vn 0.410645 0.911795 0.000000
vn 0.410645 0.911795 0.000000
vn 0.410645 0.911795 0.000000
vn -0.340404 -0.940279 0.000000
vn -0.340404 -0.940279 0.000000
vn -0.340404 -0.940279 0.000000
vn -0.340404 -0.940279 0.000000
vn -0.838433 -0.545005 0.000000
vn -0.838433 -0.545005 0.000000
vn -0.838433 -0.545005 0.000000
vn -0.838433 -0.545005 0.000000
vn 0.048181 0.998839 0.000000
vn 0.048181 0.998839 0.000000
vn 0.048181 0.998839 0.000000
vn 0.048181 0.998839 0.000000
vn 0.786343 -0.617790 0.000000
vn 0.786343 -0.617790 0.000000
vn 0.786343 -0.617790 0.000000
vn 0.786343 -0.617790 0.000000
vn 0.258064 -0.966128 0.000000
vn 0.258064 -0.966128 0.000000
vn 0.258064 -0.966128 0.000000
vn 0.258064 -0.966128 0.000000
vn -0.000000 0.000000 1.000000
vn -0.000000 0.000000 1.000000
vn -0.000000 0.000000 1.000000
vn -0.000000 0.000000 1.000000
vn -0.000000 0.000000 1.000000
vn -0.000000 0.000000 1.000000
vn -0.000000 0.000000 1.000000
vn -0.000000 0.000000 1.000000
vn -0.000000 0.000000 1.000000
vn -0.000000 0.000000 1.000000
vn -0.000000 0.000000 1.000000
vn -0.000000 0.000000 1.000000
vn -0.000000 0.000000 1.000000
vn -0.000000 0.000000 1.000000
vn -0.000000 0.000000 1.000000
vn -0.000000 0.000000 1.000000
vn -0.000000 0.000000 1.000000
vn -0.000000 0.000000 1.000000
vn -0.000000 0.000000 1.000000
vn 0.000000 0.000000 -1.000000
vn 0.000000 0.000000 -1.000000
vn 0.000000 0.000000 -1.000000
vn 0.000000 0.000000 -1.000000
vn 0.000000 0.000000 -1.000000
vn 0.000000 0.000000 -1.000000
vn 0.000000 0.000000 -1.000000
vn 0.000000 0.000000 -1.000000
vn 0.000000 0.000000 -1.000000
vn 0.000000 0.000000 -1.000000
vn 0.000000 0.000000 -1.000000
vn 0.000000 0.000000 -1.000000
vn 0.000000 0.000000 -1.000000
vn 0.000000 0.000000 -1.000000
vn 0.000000 0.000000 -1.000000
vn 0.000000 0.000000 -1.000000
vn 0.000000 0.000000 -1.000000
vn 0.000000 0.000000 -1.000000
vn 0.000000 0.000000 -1.000000
vn 0.000000 0.000000 -1.000000
vn 0.000000 0.000000 -1.000000
vn 0.000000 0.000000 -1.000000
vn 0.000000 0.000000 -1.000000
vn 0.000000 0.000000 -1.000000
vn 0.000000 0.000000 -1.000000
vn 0.000000 0.000000 -1.000000
vn 0.000000 0.000000 -1.000000
vn 0.000000 0.000000 -1.000000
vn 0.000000 0.000000 -1.000000
vn 0.000000 0.000000 -1.000000
vn -0.334670 0.942335 0.000000
vn -0.334670 0.942335 0.000000
vn -0.334670 0.942335 0.000000
vn -0.334670 0.942335 0.000000
vn -0.914971 0.403519 0.000000
vn -0.914971 0.403519 0.000000
vn -0.914971 0.403519 0.000000
vn -0.914971 0.403519 0.000000
vn -0.951493 -0.307671 0.000000
vn -0.951493 -0.307671 0.000000
vn -0.951493 -0.307671 0.000000
vn -0.951493 -0.307671 0.000000
vn -0.436546 -0.899682 0.000000
vn -0.436546 -0.899682 0.000000
vn -0.436546 -0.899682 0.000000
vn -0.436546 -0.899682 0.000000
vn 0.125636 -0.992076 0.000000
vn 0.125636 -0.992076 0.000000
vn 0.125636 -0.992076 0.000000
vn 0.125636 -0.992076 0.000000
vn 0.524916 -0.851154 0.000000
vn 0.524916 -0.851154 0.000000
vn 0.524916 -0.851154 0.000000
vn 0.524916 -0.851154 0.000000
vn -0.981042 0.193795 0.000000
vn -0.981042 0.193795 0.000000
vn -0.981042 0.193795 0.000000
vn -0.981042 0.193795 0.000000
vn -0.645471 0.763785 0.000000
vn -0.645471 0.763785 0.000000
vn -0.645471 0.763785 0.000000
vn -0.645471 0.763785 0.000000
vn -0.141081 0.989998 0.000000
vn -0.141081 0.989998 0.000000
vn -0.141081 0.989998 0.000000
vn -0.141081 0.989998 0.000000
vn 0.203282 0.979120 0.000000
vn 0.203282 0.979120 0.000000
vn 0.203282 0.979120 0.000000
vn 0.203282 0.979120 0.000000
vn 0.598513 0.801113 0.000000
vn 0.598513 0.801113 0.000000
vn 0.598513 0.801113 0.000000
vn 0.598513 0.801113 0.000000
vn 0.048181 0.998839 0.000000
vn 0.048181 0.998839 0.000000
vn 0.048181 0.998839 0.000000
vn 0.048181 0.998839 0.000000
vn -0.885140 -0.465324 0.000000
vn -0.885140 -0.465324 0.000000
vn -0.885140 -0.465324 0.000000
vn -0.885140 -0.465324 0.000000
vn -0.578190 -0.815902 0.000000
vn -0.578190 -0.815902 0.000000
vn -0.578190 -0.815902 0.000000
vn -0.578190 -0.815902 0.000000
vn -0.194556 -0.980891 0.000000
vn -0.194556 -0.980891 0.000000
vn -0.194556 -0.980891 0.000000
vn -0.194556 -0.980891 0.000000
vn 0.319633 -0.947541 0.000000
vn 0.319633 -0.947541 0.000000
vn 0.319633 -0.947541 0.000000
vn 0.319633 -0.947541 0.000000
vn 0.950771 -0.309895 0.000000
vn 0.950771 -0.309895 0.000000
vn 0.950771 -0.309895 0.000000
vn 0.950771 -0.309895 0.000000
vn 0.998839 -0.048181 0.000000
vn 0.998839 -0.048181 0.000000
vn 0.998839 -0.048181 0.000000
vn 0.998839 -0.048181 0.000000
vn 0.048181 0.998839 0.000000
vn 0.048181 0.998839 0.000000
vn 0.048181 0.998839 0.000000
vn 0.048181 0.998839 0.000000
vn -0.998839 0.048181 0.000000
vn -0.998839 0.048181 0.000000
vn -0.998839 0.048181 0.000000
vn -0.998839 0.048181 0.000000
vn 0.600180 0.799865 0.000000
vn 0.600180 0.799865 0.000000
vn 0.600180 0.799865 0.000000
vn 0.600180 0.799865 0.000000
vn 0.237917 0.971286 0.000000
vn 0.237917 0.971286 0.000000
vn 0.237917 0.971286 0.000000
vn 0.237917 0.971286 0.000000
vn -0.413547 -0.910483 0.000000
vn -0.413547 -0.910483 0.000000
vn -0.413547 -0.910483 0.000000
vn -0.413547 -0.910483 0.000000
vn -0.952001 -0.306096 0.000000
vn -0.952001 -0.306096 0.000000
vn -0.952001 -0.306096 0.000000
vn -0.952001 -0.306096 0.000000
vn -0.920082 0.391726 0.000000
vn -0.920082 0.391726 0.000000
vn -0.920082 0.391726 0.000000
vn -0.920082 0.391726 0.000000
vn -0.330833 0.943689 0.000000
vn -0.330833 0.943689 0.000000
vn -0.330833 0.943689 0.000000
vn -0.330833 0.943689 0.000000
vn 0.417891 0.908497 0.000000
vn 0.417891 0.908497 0.000000
vn 0.417891 0.908497 0.000000
vn 0.417891 0.908497 0.000000
vn 0.949258 0.314499 0.000000
vn 0.949258 0.314499 0.000000
vn 0.949258 0.314499 0.000000
vn 0.949258 0.314499 0.000000
vn 0.914389 -0.404837 0.000000
vn 0.914389 -0.404837 0.000000
vn 0.914389 -0.404837 0.000000
vn 0.914389 -0.404837 0.000000
vn 0.331223 -0.943552 0.000000
vn 0.331223 -0.943552 0.000000
vn 0.331223 -0.943552 0.000000
vn 0.331223 -0.943552 0.000000
vn -0.334670 0.942335 0.000000
vn -0.334670 0.942335 0.000000
vn -0.334670 0.942335 0.000000
vn -0.334670 0.942335 0.000000
vn -0.914971 0.403519 0.000000
vn -0.914971 0.403519 0.000000
vn -0.914971 0.403519 0.000000
vn -0.914971 0.403519 0.000000
vn -0.951493 -0.307671 0.000000
vn -0.951493 -0.307671 0.000000
vn -0.951493 -0.307671 0.000000
vn -0.951493 -0.307671 0.000000
vn -0.436546 -0.899682 0.000000
vn -0.436546 -0.899682 0.000000
vn -0.436546 -0.899682 0.000000
vn -0.436546 -0.899682 0.000000
vn 0.125636 -0.992076 0.000000
vn 0.125636 -0.992076 0.000000
vn 0.125636 -0.992076 0.000000
vn 0.125636 -0.992076 0.000000
vn 0.524916 -0.851154 0.000000
vn 0.524916 -0.851154 0.000000
vn 0.524916 -0.851154 0.000000
vn 0.524916 -0.851154 0.000000
vn -0.981042 0.193795 0.000000
vn -0.981042 0.193795 0.000000
vn -0.981042 0.193795 0.000000
vn -0.981042 0.193795 0.000000
vn -0.645471 0.763785 0.000000
vn -0.645471 0.763785 0.000000
vn -0.645471 0.763785 0.000000
vn -0.645471 0.763785 0.000000
vn -0.141081 0.989998 0.000000
vn -0.141081 0.989998 0.000000
vn -0.141081 0.989998 0.000000
vn -0.141081 0.989998 0.000000
vn 0.203282 0.979120 0.000000
vn 0.203282 0.979120 0.000000
vn 0.203282 0.979120 0.000000
vn 0.203282 0.979120 0.000000
vn 0.598513 0.801113 0.000000
vn 0.598513 0.801113 0.000000
vn 0.598513 0.801113 0.000000
vn 0.598513 0.801113 0.000000
vn 0.048181 0.998839 0.000000
vn 0.048181 0.998839 0.000000
vn 0.048181 0.998839 0.000000
vn 0.048181 0.998839 0.000000
vn -0.885140 -0.465324 0.000000
vn -0.885140 -0.465324 0.000000
vn -0.885140 -0.465324 0.000000
vn -0.885140 -0.465324 0.000000
vn -0.578190 -0.815902 0.000000
vn -0.578190 -0.815902 0.000000
vn -0.578190 -0.815902 0.000000
vn -0.578190 -0.815902 0.000000
vn -0.194556 -0.980891 0.000000
vn -0.194556 -0.980891 0.000000
vn -0.194556 -0.980891 0.000000
vn -0.194556 -0.980891 0.000000
vn 0.319633 -0.947541 0.000000
vn 0.319633 -0.947541 0.000000
vn 0.319633 -0.947541 0.000000
vn 0.319633 -0.947541 0.000000
vn 0.950771 -0.309895 0.000000
vn 0.950771 -0.309895 0.000000
vn 0.950771 -0.309895 0.000000
vn 0.950771 -0.309895 0.000000
vn 0.998839 -0.048181 0.000000
vn 0.998839 -0.048181 0.000000
vn 0.998839 -0.048181 0.000000
vn 0.998839 -0.048181 0.000000
vn 0.048181 0.998839 0.000000
vn 0.048181 0.998839 0.000000
vn 0.048181 0.998839 0.000000
vn 0.048181 0.998839 0.000000
vn -0.998839 0.048181 0.000000
vn -0.998839 0.048181 0.000000
vn -0.998839 0.048181 0.000000
vn -0.998839 0.048181 0.000000
vn 0.600180 0.799865 0.000000
vn 0.600180 0.799865 0.000000
vn 0.600180 0.799865 0.000000
vn 0.600180 0.799865 0.000000
vn 0.237917 0.971286 0.000000
vn 0.237917 0.971286 0.000000
vn 0.237917 0.971286 0.000000
vn 0.237917 0.971286 0.000000
vn -0.413547 -0.910483 0.000000
vn -0.413547 -0.910483 0.000000
vn -0.413547 -0.910483 0.000000
vn -0.413547 -0.910483 0.000000
vn -0.952001 -0.306096 0.000000
vn -0.952001 -0.306096 0.000000
vn -0.952001 -0.306096 0.000000
vn -0.952001 -0.306096 0.000000
vn -0.920082 0.391726 0.000000
vn -0.920082 0.391726 0.000000
vn -0.920082 0.391726 0.000000
vn -0.920082 0.391726 0.000000
vn -0.330833 0.943689 0.000000
vn -0.330833 0.943689 0.000000
vn -0.330833 0.943689 0.000000
vn -0.330833 0.943689 0.000000
vn 0.417891 0.908497 0.000000
vn 0.417891 0.908497 0.000000
vn 0.417891 0.908497 0.000000
vn 0.417891 0.908497 0.000000
vn 0.949258 0.314499 0.000000
vn 0.949258 0.314499 0.000000
vn 0.949258 0.314499 0.000000
vn 0.949258 0.314499 0.000000
vn 0.914389 -0.404837 0.000000
vn 0.914389 -0.404837 0.000000
vn 0.914389 -0.404837 0.000000
vn 0.914389 -0.404837 0.000000
vn 0.331223 -0.943552 0.000000
vn 0.331223 -0.943552 0.000000
vn 0.331223 -0.943552 0.000000
vn 0.331223 -0.943552 0.000000
vn -0.334670 0.942335 0.000000
vn -0.334670 0.942335 0.000000
vn -0.334670 0.942335 0.000000
vn -0.334670 0.942335 0.000000
vn -0.914971 0.403519 0.000000
vn -0.914971 0.403519 0.000000
vn -0.914971 0.403519 0.000000
vn -0.914971 0.403519 0.000000
vn -0.951493 -0.307671 0.000000
vn -0.951493 -0.307671 0.000000
vn -0.951493 -0.307671 0.000000
vn -0.951493 -0.307671 0.000000
vn -0.436546 -0.899682 0.000000
vn -0.436546 -0.899682 0.000000
vn -0.436546 -0.899682 0.000000
vn -0.436546 -0.899682 0.000000
vn 0.125636 -0.992076 0.000000
vn 0.125636 -0.992076 0.000000
vn 0.125636 -0.992076 0.000000
vn 0.125636 -0.992076 0.000000
vn 0.524916 -0.851154 0.000000
vn 0.524916 -0.851154 0.000000
vn 0.524916 -0.851154 0.000000
vn 0.524916 -0.851154 0.000000
vn -0.981042 0.193795 0.000000
vn -0.981042 0.193795 0.000000
vn -0.981042 0.193795 0.000000
vn -0.981042 0.193795 0.000000
vn -0.645471 0.763785 0.000000
vn -0.645471 0.763785 0.000000
vn -0.645471 0.763785 0.000000
vn -0.645471 0.763785 0.000000
vn -0.141081 0.989998 0.000000
vn -0.141081 0.989998 0.000000
vn -0.141081 0.989998 0.000000
vn -0.141081 0.989998 0.000000
vn 0.203282 0.979120 0.000000
vn 0.203282 0.979120 0.000000
vn 0.203282 0.979120 0.000000
vn 0.203282 0.979120 0.000000
vn 0.598513 0.801113 0.000000
vn 0.598513 0.801113 0.000000
vn 0.598513 0.801113 0.000000
vn 0.598513 0.801113 0.000000
vn 0.048181 0.998839 0.000000
vn 0.048181 0.998839 0.000000
vn 0.048181 0.998839 0.000000
vn 0.048181 0.998839 0.000000
vn -0.885140 -0.465324 0.000000
vn -0.885140 -0.465324 0.000000
vn -0.885140 -0.465324 0.000000
vn -0.885140 -0.465324 0.000000
vn -0.578190 -0.815902 0.000000
vn -0.578190 -0.815902 0.000000
vn -0.578190 -0.815902 0.000000
vn -0.578190 -0.815902 0.000000
vn -0.194556 -0.980891 0.000000
vn -0.194556 -0.980891 0.000000
vn -0.194556 -0.980891 0.000000
vn -0.194556 -0.980891 0.000000
vn 0.319633 -0.947541 0.000000
vn 0.319633 -0.947541 0.000000
vn 0.319633 -0.947541 0.000000
vn 0.319633 -0.947541 0.000000
vn 0.950771 -0.309895 0.000000
vn 0.950771 -0.309895 0.000000
vn 0.950771 -0.309895 0.000000
vn 0.950771 -0.309895 0.000000
vn 0.998839 -0.048181 0.000000
vn 0.998839 -0.048181 0.000000
vn 0.998839 -0.048181 0.000000
vn 0.998839 -0.048181 0.000000
vn 0.048181 0.998839 0.000000
vn 0.048181 0.998839 0.000000
vn 0.048181 0.998839 0.000000
vn 0.048181 0.998839 0.000000
vn -0.998839 0.048181 0.000000
vn -0.998839 0.048181 0.000000
vn -0.998839 0.048181 0.000000
vn -0.998839 0.048181 0.000000
vn 0.600180 0.799865 0.000000
vn 0.600180 0.799865 0.000000
vn 0.600180 0.799865 0.000000
vn 0.600180 0.799865 0.000000
vn 0.237917 0.971286 0.000000
vn 0.237917 0.971286 0.000000
vn 0.237917 0.971286 0.000000
vn 0.237917 0.971286 0.000000
vn -0.413547 -0.910483 0.000000
vn -0.413547 -0.910483 0.000000
vn -0.413547 -0.910483 0.000000
vn -0.413547 -0.910483 0.000000
vn -0.952001 -0.306096 0.000000
vn -0.952001 -0.306096 0.000000
vn -0.952001 -0.306096 0.000000
vn -0.952001 -0.306096 0.000000
vn -0.920082 0.391726 0.000000
vn -0.920082 0.391726 0.000000
vn -0.920082 0.391726 0.000000
vn -0.920082 0.391726 0.000000
vn -0.330833 0.943689 0.000000
vn -0.330833 0.943689 0.000000
vn -0.330833 0.943689 0.000000
vn -0.330833 0.943689 0.000000
vn 0.417892 0.908497 0.000000
vn 0.417892 0.908497 0.000000
vn 0.417892 0.908497 0.000000
vn 0.417892 0.908497 0.000000
vn 0.949258 0.314499 0.000000
vn 0.949258 0.314499 0.000000
vn 0.949258 0.314499 0.000000
vn 0.949258 0.314499 0.000000
vn 0.914389 -0.404837 0.000000
vn 0.914389 -0.404837 0.000000
vn 0.914389 -0.404837 0.000000
vn 0.914389 -0.404837 0.000000
vn 0.331223 -0.943552 0.000000
vn 0.331223 -0.943552 0.000000
vn 0.331223 -0.943552 0.000000
vn 0.331223 -0.943552 0.000000
vn -0.334670 0.942335 0.000000
vn -0.334670 0.942335 0.000000
vn -0.334670 0.942335 0.000000
vn -0.334670 0.942335 0.000000
vn -0.914971 0.403519 0.000000
vn -0.914971 0.403519 0.000000
vn -0.914971 0.403519 0.000000
vn -0.914971 0.403519 0.000000
vn -0.951493 -0.307671 0.000000
vn -0.951493 -0.307671 0.000000
vn -0.951493 -0.307671 0.000000
vn -0.951493 -0.307671 0.000000
vn -0.436546 -0.899682 0.000000
vn -0.436546 -0.899682 0.000000
vn -0.436546 -0.899682 0.000000
vn -0.436546 -0.899682 0.000000
vn 0.125636 -0.992076 0.000000
vn 0.125636 -0.992076 0.000000
vn 0.125636 -0.992076 0.000000
vn 0.125636 -0.992076 0.000000
vn 0.524916 -0.851154 0.000000
vn 0.524916 -0.851154 0.000000
vn 0.524916 -0.851154 0.000000
vn 0.524916 -0.851154 0.000000
vn -0.981042 0.193795 0.000000
vn -0.981042 0.193795 0.000000
vn -0.981042 0.193795 0.000000
vn -0.981042 0.193795 0.000000
vn -0.645471 0.763785 0.000000
vn -0.645471 0.763785 0.000000
vn -0.645471 0.763785 0.000000
vn -0.645471 0.763785 0.000000
vn -0.141081 0.989998 0.000000
vn -0.141081 0.989998 0.000000
vn -0.141081 0.989998 0.000000
vn -0.141081 0.989998 0.000000
vn 0.203282 0.979120 0.000000
vn 0.203282 0.979120 0.000000
vn 0.203282 0.979120 0.000000
vn 0.203282 0.979120 0.000000
vn 0.598513 0.801113 0.000000
vn 0.598513 0.801113 0.000000
vn 0.598513 0.801113 0.000000
vn 0.598513 0.801113 0.000000
vn 0.048181 0.998839 0.000000
vn 0.048181 0.998839 0.000000
vn 0.048181 0.998839 0.000000
vn 0.048181 0.998839 0.000000
vn -0.885140 -0.465324 0.000000
vn -0.885140 -0.465324 0.000000
vn -0.885140 -0.465324 0.000000
vn -0.885140 -0.465324 0.000000
vn -0.578190 -0.815902 0.000000
vn -0.578190 -0.815902 0.000000
vn -0.578190 -0.815902 0.000000
vn -0.578190 -0.815902 0.000000
vn -0.194556 -0.980891 0.000000
vn -0.194556 -0.980891 0.000000
vn -0.194556 -0.980891 0.000000
vn -0.194556 -0.980891 0.000000
vn 0.319633 -0.947541 0.000000
vn 0.319633 -0.947541 0.000000
vn 0.319633 -0.947541 0.000000
vn 0.319633 -0.947541 0.000000
vn 0.950771 -0.309895 0.000000
vn 0.950771 -0.309895 0.000000
vn 0.950771 -0.309895 0.000000
vn 0.950771 -0.309895 0.000000
vn 0.998839 -0.048181 0.000000
vn 0.998839 -0.048181 0.000000
vn 0.998839 -0.048181 0.000000
vn 0.998839 -0.048181 0.000000
vn 0.048181 0.998839 0.000000
vn 0.048181 0.998839 0.000000
vn 0.048181 0.998839 0.000000
vn 0.048181 0.998839 0.000000
vn -0.998839 0.048181 0.000000
vn -0.998839 0.048181 0.000000
vn -0.998839 0.048181 0.000000
vn -0.998839 0.048181 0.000000
vn 0.600180 0.799865 0.000000
vn 0.600180 0.799865 0.000000
vn 0.600180 0.799865 0.000000
vn 0.600180 0.799865 0.000000
vn 0.237917 0.971286 0.000000
vn 0.237917 0.971286 0.000000
vn 0.237917 0.971286 0.000000
vn 0.237917 0.971286 0.000000
vn -0.413547 -0.910483 0.000000
vn -0.413547 -0.910483 0.000000
vn -0.413547 -0.910483 0.000000
vn -0.413547 -0.910483 0.000000
vn -0.952001 -0.306096 0.000000
vn -0.952001 -0.306096 0.000000
vn -0.952001 -0.306096 0.000000
vn -0.952001 -0.306096 0.000000
vn -0.920082 0.391726 0.000000
vn -0.920082 0.391726 0.000000
vn -0.920082 0.391726 0.000000
vn -0.920082 0.391726 0.000000
vn -0.330833 0.943689 0.000000
vn -0.330833 0.943689 0.000000
vn -0.330833 0.943689 0.000000
vn -0.330833 0.943689 0.000000
vn 0.417891 0.908497 0.000000
vn 0.417891 0.908497 0.000000
vn 0.417891 0.908497 0.000000
vn 0.417891 0.908497 0.000000
vn 0.949258 0.314499 0.000000
vn 0.949258 0.314499 0.000000
vn 0.949258 0.314499 0.000000
vn 0.949258 0.314499 0.000000
vn 0.914389 -0.404837 0.000000
vn 0.914389 -0.404837 0.000000
vn 0.914389 -0.404837 0.000000
vn 0.914389 -0.404837 0.000000
vn 0.331223 -0.943552 0.000000
vn 0.331223 -0.943552 0.000000
vn 0.331223 -0.943552 0.000000
vn 0.331223 -0.943552 0.000000
vn -0.000000 0.000000 1.000000
vn -0.000000 0.000000 1.000000
vn -0.000000 0.000000 1.000000
vn -0.000000 0.000000 1.000000
vn -0.000000 0.000000 1.000000
vn -0.000000 0.000000 1.000000
vn -0.000000 0.000000 1.000000
vn -0.000000 0.000000 1.000000
vn -0.000000 0.000000 1.000000
vn -0.000000 0.000000 1.000000
vn -0.000000 0.000000 1.000000
vn -0.000000 0.000000 1.000000
vn -0.000000 0.000000 1.000000
vn -0.000000 0.000000 1.000000
vn -0.000000 0.000000 1.000000
vn -0.000000 0.000000 1.000000
vn -0.000000 0.000000 1.000000
vn -0.000000 0.000000 1.000000
vn -0.000000 0.000000 1.000000
vn -0.000000 0.000000 1.000000
vn -0.000000 0.000000 1.000000
vn -0.000000 0.000000 1.000000
vn -0.000000 0.000000 1.000000
vn -0.000000 0.000000 1.000000
vn -0.000000 0.000000 1.000000
vn -0.000000 0.000000 1.000000
vn -0.000000 0.000000 1.000000
vn -0.000000 0.000000 1.000000
vn -0.000000 0.000000 1.000000
vn -0.000000 0.000000 1.000000
vn 0.000000 0.000000 -1.000000
vn 0.000000 0.000000 -1.000000
vn 0.000000 0.000000 -1.000000
vn 0.000000 0.000000 -1.000000
vn 0.000000 0.000000 -1.000000
vn 0.000000 0.000000 -1.000000
vn 0.000000 0.000000 -1.000000
vn 0.000000 0.000000 -1.000000
vn 0.000000 0.000000 -1.000000
vn 0.000000 0.000000 -1.000000
vn 0.000000 0.000000 -1.000000
vn 0.000000 0.000000 -1.000000
vn 0.000000 0.000000 -1.000000
vn 0.000000 0.000000 -1.000000
vn 0.000000 0.000000 -1.000000
vn 0.000000 0.000000 -1.000000
vn 0.000000 0.000000 -1.000000
vn 0.000000 0.000000 -1.000000
vn 0.000000 0.000000 -1.000000
vn 0.000000 0.000000 -1.000000
vn 0.000000 0.000000 -1.000000
vn -0.362295 0.932063 0.000000
vn -0.362295 0.932063 0.000000
vn -0.362295 0.932063 0.000000
vn -0.362295 0.932063 0.000000
vn -0.923352 0.383954 0.000000
vn -0.923352 0.383954 0.000000
vn -0.923352 0.383954 0.000000
vn -0.923352 0.383954 0.000000
vn -0.951238 -0.308459 0.000000
vn -0.951238 -0.308459 0.000000
vn -0.951238 -0.308459 0.000000
vn -0.951238 -0.308459 0.000000
vn -0.452682 -0.891672 0.000000
vn -0.452682 -0.891672 0.000000
vn -0.452682 -0.891672 0.000000
vn -0.452682 -0.891672 0.000000
vn 0.141120 -0.989993 0.000000
vn 0.141120 -0.989993 0.000000
vn 0.141120 -0.989993 0.000000
vn 0.141120 -0.989993 0.000000
vn 0.523595 -0.851967 0.000000
vn 0.523595 -0.851967 0.000000
vn 0.523595 -0.851967 0.000000
vn 0.523595 -0.851967 0.000000
vn -0.998839 0.048181 0.000000
vn -0.998839 0.048181 0.000000
vn -0.998839 0.048181 0.000000
vn -0.998839 0.048181 0.000000
vn -0.048181 -0.998839 0.000000
vn -0.048181 -0.998839 0.000000
vn -0.048181 -0.998839 0.000000
vn -0.048181 -0.998839 0.000000
vn 0.998839 -0.048181 0.000000
vn 0.998839 -0.048181 0.000000
vn 0.998839 -0.048181 0.000000
vn 0.998839 -0.048181 0.000000
vn 0.048181 0.998839 0.000000
vn 0.048181 0.998839 0.000000
vn 0.048181 0.998839 0.000000
vn 0.048181 0.998839 0.000000
vn -0.998839 0.048181 0.000000
vn -0.998839 0.048181 0.000000
vn -0.998839 0.048181 0.000000
vn -0.998839 0.048181 0.000000
vn 0.611684 0.791102 0.000000
vn 0.611684 0.791102 0.000000
vn 0.611684 0.791102 0.000000
vn 0.611684 0.791102 0.000000
vn 0.244422 0.969669 0.000000
vn 0.244422 0.969669 0.000000
vn 0.244422 0.969669 0.000000
vn 0.244422 0.969669 0.000000
vn -0.424054 -0.905637 0.000000
vn -0.424054 -0.905637 0.000000
vn -0.424054 -0.905637 0.000000
vn -0.424054 -0.905637 0.000000
vn -0.953920 -0.300060 0.000000
vn -0.953920 -0.300060 0.000000
vn -0.953920 -0.300060 0.000000
vn -0.953920 -0.300060 0.000000
vn -0.923042 0.384699 0.000000
vn -0.923042 0.384699 0.000000
vn -0.923042 0.384699 0.000000
vn -0.923042 0.384699 0.000000
vn -0.342063 0.939677 0.000000
vn -0.342063 0.939677 0.000000
vn -0.342063 0.939677 0.000000
vn -0.342063 0.939677 0.000000
vn 0.441718 0.897154 0.000000
vn 0.441718 0.897154 0.000000
vn 0.441718 0.897154 0.000000
vn 0.441718 0.897154 0.000000
vn 0.954224 0.299094 0.000000
vn 0.954224 0.299094 0.000000
vn 0.954224 0.299094 0.000000
vn 0.954224 0.299094 0.000000
vn 0.921868 -0.387505 0.000000
vn 0.921868 -0.387505 0.000000
vn 0.921868 -0.387505 0.000000
vn 0.921868 -0.387505 0.000000
vn 0.346782 -0.937946 0.000000
vn 0.346782 -0.937946 0.000000
vn 0.346782 -0.937946 0.000000
vn 0.346782 -0.937946 0.000000
vn -0.362295 0.932063 0.000000
vn -0.362295 0.932063 0.000000
vn -0.362295 0.932063 0.000000
vn -0.362295 0.932063 0.000000
vn -0.923352 0.383954 0.000000
vn -0.923352 0.383954 0.000000
vn -0.923352 0.383954 0.000000
vn -0.923352 0.383954 0.000000
vn -0.951238 -0.308459 0.000000
vn -0.951238 -0.308459 0.000000
vn -0.951238 -0.308459 0.000000
vn -0.951238 -0.308459 0.000000
vn -0.452682 -0.891672 0.000000
vn -0.452682 -0.891672 0.000000
vn -0.452682 -0.891672 0.000000
vn -0.452682 -0.891672 0.000000
vn 0.141120 -0.989993 0.000000
vn 0.141120 -0.989993 0.000000
vn 0.141120 -0.989993 0.000000
vn 0.141120 -0.989993 0.000000
vn 0.523595 -0.851967 0.000000
vn 0.523595 -0.851967 0.000000
vn 0.523595 -0.851967 0.000000
vn 0.523595 -0.851967 0.000000
vn -0.998839 0.048181 0.000000
vn -0.998839 0.048181 0.000000
vn -0.998839 0.048181 0.000000
vn -0.998839 0.048181 0.000000
vn -0.048181 -0.998839 0.000000
vn -0.048181 -0.998839 0.000000
vn -0.048181 -0.998839 0.000000
vn -0.048181 -0.998839 0.000000
vn 0.998839 -0.048181 0.000000
vn 0.998839 -0.048181 0.000000
vn 0.998839 -0.048181 0.000000
vn 0.998839 -0.048181 0.000000
vn 0.048181 0.998839 0.000000
vn 0.048181 0.998839 0.000000
vn 0.048181 0.998839 0.000000
vn 0.048181 0.998839 0.000000
vn -0.998839 0.048181 0.000000
vn -0.998839 0.048181 0.000000
vn -0.998839 0.048181 0.000000
vn -0.998839 0.048181 0.000000
vn 0.611684 0.791102 0.000000
vn 0.611684 0.791102 0.000000
vn 0.611684 0.791102 0.000000
vn 0.611684 0.791102 0.000000
vn 0.244422 0.969669 0.000000
vn 0.244422 0.969669 0.000000
vn 0.244422 0.969669 0.000000
vn 0.244422 0.969669 0.000000
vn -0.424054 -0.905637 0.000000
vn -0.424054 -0.905637 0.000000
vn -0.424054 -0.905637 0.000000
vn -0.424054 -0.905637 0.000000
vn -0.953920 -0.300060 0.000000
vn -0.953920 -0.300060 0.000000
vn -0.953920 -0.300060 0.000000
vn -0.953920 -0.300060 0.000000
vn -0.923042 0.384699 0.000000
vn -0.923042 0.384699 0.000000
vn -0.923042 0.384699 0.000000
vn -0.923042 0.384699 0.000000
vn -0.342063 0.939677 0.000000
vn -0.342063 0.939677 0.000000
vn -0.342063 0.939677 0.000000
vn -0.342063 0.939677 0.000000
vn 0.441718 0.897154 0.000000
vn 0.441718 0.897154 0.000000
vn 0.441718 0.897154 0.000000
vn 0.441718 0.897154 0.000000
vn 0.954224 0.299094 0.000000
vn 0.954224 0.299094 0.000000
vn 0.954224 0.299094 0.000000
vn 0.954224 0.299094 0.000000
vn 0.921868 -0.387505 0.000000
vn 0.921868 -0.387505 0.000000
vn 0.921868 -0.387505 0.000000
vn 0.921868 -0.387505 0.000000
vn 0.346782 -0.937946 0.000000
vn 0.346782 -0.937946 0.000000
vn 0.346782 -0.937946 0.000000
vn 0.346782 -0.937946 0.000000
vn -0.362295 0.932063 0.000000
vn -0.362295 0.932063 0.000000
vn -0.362295 0.932063 0.000000
vn -0.362295 0.932063 0.000000
vn -0.923352 0.383954 0.000000
vn -0.923352 0.383954 0.000000
vn -0.923352 0.383954 0.000000
vn -0.923352 0.383954 0.000000
vn -0.951238 -0.308459 0.000000
vn -0.951238 -0.308459 0.000000
vn -0.951238 -0.308459 0.000000
vn -0.951238 -0.308459 0.000000
vn -0.452682 -0.891672 0.000000
vn -0.452682 -0.891672 0.000000
vn -0.452682 -0.891672 0.000000
vn -0.452682 -0.891672 0.000000
vn 0.141120 -0.989993 0.000000
vn 0.141120 -0.989993 0.000000
vn 0.141120 -0.989993 0.000000
vn 0.141120 -0.989993 0.000000
vn 0.523595 -0.851967 0.000000
vn 0.523595 -0.851967 0.000000
vn 0.523595 -0.851967 0.000000
vn 0.523595 -0.851967 0.000000
vn -0.998839 0.048181 0.000000
vn -0.998839 0.048181 0.000000
vn -0.998839 0.048181 0.000000
vn -0.998839 0.048181 0.000000
vn -0.048181 -0.998839 0.000000
vn -0.048181 -0.998839 0.000000
vn -0.048181 -0.998839 0.000000
vn -0.048181 -0.998839 0.000000
vn 0.998839 -0.048181 0.000000
vn 0.998839 -0.048181 0.000000
vn 0.998839 -0.048181 0.000000
vn 0.998839 -0.048181 0.000000
vn 0.048181 0.998839 0.000000
vn 0.048181 0.998839 0.000000
vn 0.048181 0.998839 0.000000
vn 0.048181 0.998839 0.000000
vn -0.998839 0.048181 0.000000
vn -0.998839 0.048181 0.000000
vn -0.998839 0.048181 0.000000
vn -0.998839 0.048181 0.000000
vn 0.611684 0.791102 0.000000
vn 0.611684 0.791102 0.000000
vn 0.611684 0.791102 0.000000
vn 0.611684 0.791102 0.000000
vn 0.244422 0.969669 0.000000
vn 0.244422 0.969669 0.000000
vn 0.244422 0.969669 0.000000
vn 0.244422 0.969669 0.000000
vn -0.424054 -0.905637 0.000000
vn -0.424054 -0.905637 0.000000
vn -0.424054 -0.905637 0.000000
vn -0.424054 -0.905637 0.000000
vn -0.953920 -0.300060 0.000000
vn -0.953920 -0.300060 0.000000
vn -0.953920 -0.300060 0.000000
vn -0.953920 -0.300060 0.000000
vn -0.923042 0.384699 0.000000
vn -0.923042 0.384699 0.000000
vn -0.923042 0.384699 0.000000
vn -0.923042 0.384699 0.000000
vn -0.342063 0.939677 0.000000
vn -0.342063 0.939677 0.000000
vn -0.342063 0.939677 0.000000
vn -0.342063 0.939677 0.000000
vn 0.441718 0.897154 0.000000
vn 0.441718 0.897154 0.000000
vn 0.441718 0.897154 0.000000
vn 0.441718 0.897154 0.000000
vn 0.954224 0.299094 0.000000
vn 0.954224 0.299094 0.000000
vn 0.954224 0.299094 0.000000
vn 0.954224 0.299094 0.000000
vn 0.921868 -0.387505 0.000000
vn 0.921868 -0.387505 0.000000
vn 0.921868 -0.387505 0.000000
vn 0.921868 -0.387505 0.000000
vn 0.346782 -0.937946 0.000000
vn 0.346782 -0.937946 0.000000
vn 0.346782 -0.937946 0.000000
vn 0.346782 -0.937946 0.000000
vn -0.362295 0.932063 0.000000
vn -0.362295 0.932063 0.000000
vn -0.362295 0.932063 0.000000
vn -0.362295 0.932063 0.000000
vn -0.923352 0.383954 0.000000
vn -0.923352 0.383954 0.000000
vn -0.923352 0.383954 0.000000
vn -0.923352 0.383954 0.000000
vn -0.951238 -0.308459 0.000000
vn -0.951238 -0.308459 0.000000
vn -0.951238 -0.308459 0.000000
vn -0.951238 -0.308459 0.000000
vn -0.452682 -0.891672 0.000000
vn -0.452682 -0.891672 0.000000
vn -0.452682 -0.891672 0.000000
vn -0.452682 -0.891672 0.000000
vn 0.141120 -0.989993 0.000000
vn 0.141120 -0.989993 0.000000
vn 0.141120 -0.989993 0.000000
vn 0.141120 -0.989993 0.000000
vn 0.523595 -0.851967 0.000000
vn 0.523595 -0.851967 0.000000
vn 0.523595 -0.851967 0.000000
vn 0.523595 -0.851967 0.000000
vn -0.998839 0.048181 0.000000
vn -0.998839 0.048181 0.000000
vn -0.998839 0.048181 0.000000
vn -0.998839 0.048181 0.000000
vn -0.048181 -0.998839 0.000000
vn -0.048181 -0.998839 0.000000
vn -0.048181 -0.998839 0.000000
vn -0.048181 -0.998839 0.000000
vn 0.998839 -0.048181 0.000000
vn 0.998839 -0.048181 0.000000
vn 0.998839 -0.048181 0.000000
vn 0.998839 -0.048181 0.000000
vn 0.048181 0.998839 0.000000
vn 0.048181 0.998839 0.000000
vn 0.048181 0.998839 0.000000
vn 0.048181 0.998839 0.000000
vn -0.998839 0.048181 0.000000
vn -0.998839 0.048181 0.000000
vn -0.998839 0.048181 0.000000
vn -0.998839 0.048181 0.000000
vn 0.611684 0.791102 0.000000
vn 0.611684 0.791102 0.000000
vn 0.611684 0.791102 0.000000
vn 0.611684 0.791102 0.000000
vn 0.244422 0.969669 0.000000
vn 0.244422 0.969669 0.000000
vn 0.244422 0.969669 0.000000
vn 0.244422 0.969669 0.000000
vn -0.424054 -0.905637 0.000000
vn -0.424054 -0.905637 0.000000
vn -0.424054 -0.905637 0.000000
vn -0.424054 -0.905637 0.000000
vn -0.953920 -0.300060 0.000000
vn -0.953920 -0.300060 0.000000
vn -0.953920 -0.300060 0.000000
vn -0.953920 -0.300060 0.000000
vn -0.923042 0.384699 0.000000
vn -0.923042 0.384699 0.000000
vn -0.923042 0.384699 0.000000
vn -0.923042 0.384699 0.000000
vn -0.342063 0.939677 0.000000
vn -0.342063 0.939677 0.000000
vn -0.342063 0.939677 0.000000
vn -0.342063 0.939677 0.000000
vn 0.441718 0.897154 0.000000
vn 0.441718 0.897154 0.000000
vn 0.441718 0.897154 0.000000
vn 0.441718 0.897154 0.000000
vn 0.954224 0.299094 0.000000
vn 0.954224 0.299094 0.000000
vn 0.954224 0.299094 0.000000
vn 0.954224 0.299094 0.000000
vn 0.921868 -0.387505 0.000000
vn 0.921868 -0.387505 0.000000
vn 0.921868 -0.387505 0.000000
vn 0.921868 -0.387505 0.000000
vn 0.346782 -0.937946 0.000000
vn 0.346782 -0.937946 0.000000
vn 0.346782 -0.937946 0.000000
vn 0.346782 -0.937946 0.000000
vn -0.000000 0.000000 1.000000
vn -0.000000 0.000000 1.000000
vn -0.000000 0.000000 1.000000
vn -0.000000 0.000000 1.000000
vn -0.000000 0.000000 1.000000
vn -0.000000 0.000000 1.000000
vn -0.000000 0.000000 1.000000
vn -0.000000 0.000000 1.000000
vn -0.000000 0.000000 1.000000
vn -0.000000 0.000000 1.000000
vn -0.000000 0.000000 1.000000
vn -0.000000 0.000000 1.000000
vn -0.000000 0.000000 1.000000
vn -0.000000 0.000000 1.000000
vn -0.000000 0.000000 1.000000
vn -0.000000 0.000000 1.000000
vn -0.000000 0.000000 1.000000
vn -0.000000 0.000000 1.000000
vn -0.000000 0.000000 1.000000
vn -0.000000 0.000000 1.000000
vn -0.000000 0.000000 1.000000
vn 0.000000 0.000000 -1.000000
vn 0.000000 0.000000 -1.000000
vn 0.000000 0.000000 -1.000000
vn 0.000000 0.000000 -1.000000
vn 0.000000 0.000000 -1.000000
vn 0.000000 0.000000 -1.000000
vn 0.000000 0.000000 -1.000000
vn 0.000000 0.000000 -1.000000
vn 0.000000 0.000000 -1.000000
vn 0.000000 0.000000 -1.000000
vn 0.000000 0.000000 -1.000000
vn 0.000000 0.000000 -1.000000
vn 0.000000 0.000000 -1.000000
vn -0.244769 0.969581 0.000000
vn -0.244769 0.969581 0.000000
vn -0.244769 0.969581 0.000000
vn -0.244769 0.969581 0.000000
vn -0.741414 0.671048 0.000000
vn -0.741414 0.671048 0.000000
vn -0.741414 0.671048 0.000000
vn -0.741414 0.671048 0.000000
vn 0.998839 -0.048181 0.000000
vn 0.998839 -0.048181 0.000000
vn 0.998839 -0.048181 0.000000
vn 0.998839 -0.048181 0.000000
vn 0.048181 0.998839 0.000000
vn 0.048181 0.998839 0.000000
vn 0.048181 0.998839 0.000000
vn 0.048181 0.998839 0.000000
vn -0.998839 0.048181 0.000000
vn -0.998839 0.048181 0.000000
vn -0.998839 0.048181 0.000000
vn -0.998839 0.048181 0.000000
vn -0.048181 -0.998839 0.000000
vn -0.048181 -0.998839 0.000000
vn -0.048181 -0.998839 0.000000
vn -0.048181 -0.998839 0.000000
vn 0.998839 -0.048181 0.000000
vn 0.998839 -0.048181 0.000000
vn 0.998839 -0.048181 0.000000
vn 0.998839 -0.048181 0.000000
vn 0.999572 -0.029270 0.000000
vn 0.999572 -0.029270 0.000000
vn 0.999572 -0.029270 0.000000
vn 0.999572 -0.029270 0.000000
vn 0.982115 -0.188283 0.000000
vn 0.982115 -0.188283 0.000000
vn 0.982115 -0.188283 0.000000
vn 0.982115 -0.188283 0.000000
vn 0.551299 -0.834308 0.000000
vn 0.551299 -0.834308 0.000000
vn 0.551299 -0.834308 0.000000
vn 0.551299 -0.834308 0.000000
vn -0.336500 -0.941684 0.000000
vn -0.336500 -0.941684 0.000000
vn -0.336500 -0.941684 0.000000
vn -0.336500 -0.941684 0.000000
vn 0.922912 -0.385011 0.000000
vn 0.922912 -0.385011 0.000000
vn 0.922912 -0.385011 0.000000
vn 0.922912 -0.385011 0.000000
vn 0.290991 0.956726 0.000000
vn 0.290991 0.956726 0.000000
vn 0.290991 0.956726 0.000000
vn 0.290991 0.956726 0.000000
vn -0.244769 0.969581 0.000000
vn -0.244769 0.969581 0.000000
vn -0.244769 0.969581 0.000000
vn -0.244769 0.969581 0.000000
vn -0.741414 0.671048 0.000000
vn -0.741414 0.671048 0.000000
vn -0.741414 0.671048 0.000000
vn -0.741414 0.671048 0.000000
vn 0.998839 -0.048181 0.000000
vn 0.998839 -0.048181 0.000000
vn 0.998839 -0.048181 0.000000
vn 0.998839 -0.048181 0.000000
vn 0.048181 0.998839 0.000000
vn 0.048181 0.998839 0.000000
vn 0.048181 0.998839 0.000000
vn 0.048181 0.998839 0.000000
vn -0.998839 0.048181 0.000000
vn -0.998839 0.048181 0.000000
vn -0.998839 0.048181 0.000000
vn -0.998839 0.048181 0.000000
vn -0.048181 -0.998839 0.000000
vn -0.048181 -0.998839 0.000000
vn -0.048181 -0.998839 0.000000
vn -0.048181 -0.998839 0.000000
vn 0.998839 -0.048181 0.000000
vn 0.998839 -0.048181 0.000000
vn 0.998839 -0.048181 0.000000
vn 0.998839 -0.048181 0.000000
vn 0.999572 -0.029270 0.000000
vn 0.999572 -0.029270 0.000000
vn 0.999572 -0.029270 0.000000
vn 0.999572 -0.029270 0.000000
vn 0.982115 -0.188283 0.000000
vn 0.982115 -0.188283 0.000000
vn 0.982115 -0.188283 0.000000
vn 0.982115 -0.188283 0.000000
vn 0.551299 -0.834308 0.000000
vn 0.551299 -0.834308 0.000000
vn 0.551299 -0.834308 0.000000
vn 0.551299 -0.834308 0.000000
vn -0.336500 -0.941684 0.000000
vn -0.336500 -0.941684 0.000000
vn -0.336500 -0.941684 0.000000
vn -0.336500 -0.941684 0.000000
vn 0.922912 -0.385011 0.000000
vn 0.922912 -0.385011 0.000000
vn 0.922912 -0.385011 0.000000
vn 0.922912 -0.385011 0.000000
vn 0.290991 0.956726 0.000000
vn 0.290991 0.956726 0.000000
vn 0.290991 0.956726 0.000000
vn 0.290991 0.956726 0.000000
vn -0.244769 0.969581 0.000000
vn -0.244769 0.969581 0.000000
vn -0.244769 0.969581 0.000000
vn -0.244769 0.969581 0.000000
vn -0.741414 0.671048 0.000000
vn -0.741414 0.671048 0.000000
vn -0.741414 0.671048 0.000000
vn -0.741414 0.671048 0.000000
vn 0.998839 -0.048181 0.000000
vn 0.998839 -0.048181 0.000000
vn 0.998839 -0.048181 0.000000
vn 0.998839 -0.048181 0.000000
vn 0.048181 0.998839 0.000000
vn 0.048181 0.998839 0.000000
vn 0.048181 0.998839 0.000000
vn 0.048181 0.998839 0.000000
vn -0.998839 0.048181 0.000000
vn -0.998839 0.048181 0.000000
vn -0.998839 0.048181 0.000000
vn -0.998839 0.048181 0.000000
vn -0.048181 -0.998839 0.000000
vn -0.048181 -0.998839 0.000000
vn -0.048181 -0.998839 0.000000
vn -0.048181 -0.998839 0.000000
vn 0.998839 -0.048181 0.000000
vn 0.998839 -0.048181 0.000000
vn 0.998839 -0.048181 0.000000
vn 0.998839 -0.048181 0.000000
vn 0.999572 -0.029270 0.000000
vn 0.999572 -0.029270 0.000000
vn 0.999572 -0.029270 0.000000
vn 0.999572 -0.029270 0.000000
vn 0.982115 -0.188283 0.000000
vn 0.982115 -0.188283 0.000000
vn 0.982115 -0.188283 0.000000
vn 0.982115 -0.188283 0.000000
vn 0.551299 -0.834308 0.000000
vn 0.551299 -0.834308 0.000000
vn 0.551299 -0.834308 0.000000
vn 0.551299 -0.834308 0.000000
vn -0.336500 -0.941684 0.000000
vn -0.336500 -0.941684 0.000000
vn -0.336500 -0.941684 0.000000
vn -0.336500 -0.941684 0.000000
vn 0.922912 -0.385011 0.000000
vn 0.922912 -0.385011 0.000000
vn 0.922912 -0.385011 0.000000
vn 0.922912 -0.385011 0.000000
vn 0.290991 0.956726 0.000000
vn 0.290991 0.956726 0.000000
vn 0.290991 0.956726 0.000000
vn 0.290991 0.956726 0.000000
vn -0.244769 0.969581 0.000000
vn -0.244769 0.969581 0.000000
vn -0.244769 0.969581 0.000000
vn -0.244769 0.969581 0.000000
vn -0.741414 0.671048 0.000000
vn -0.741414 0.671048 0.000000
vn -0.741414 0.671048 0.000000
vn -0.741414 0.671048 0.000000
vn 0.998839 -0.048181 0.000000
vn 0.998839 -0.048181 0.000000
vn 0.998839 -0.048181 0.000000
vn 0.998839 -0.048181 0.000000
vn 0.048181 0.998839 0.000000
vn 0.048181 0.998839 0.000000
vn 0.048181 0.998839 0.000000
vn 0.048181 0.998839 0.000000
vn -0.998839 0.048181 0.000000
vn -0.998839 0.048181 0.000000
vn -0.998839 0.048181 0.000000
vn -0.998839 0.048181 0.000000
vn -0.048181 -0.998839 0.000000
vn -0.048181 -0.998839 0.000000
vn -0.048181 -0.998839 0.000000
vn -0.048181 -0.998839 0.000000
vn 0.998839 -0.048181 0.000000
vn 0.998839 -0.048181 0.000000
vn 0.998839 -0.048181 0.000000
vn 0.998839 -0.048181 0.000000
vn 0.999572 -0.029270 0.000000
vn 0.999572 -0.029270 0.000000
vn 0.999572 -0.029270 0.000000
vn 0.999572 -0.029270 0.000000
vn 0.982115 -0.188283 0.000000
vn 0.982115 -0.188283 0.000000
vn 0.982115 -0.188283 0.000000
vn 0.982115 -0.188283 0.000000
vn 0.551299 -0.834308 0.000000
vn 0.551299 -0.834308 0.000000
vn 0.551299 -0.834308 0.000000
vn 0.551299 -0.834308 0.000000
vn -0.336500 -0.941684 0.000000
vn -0.336500 -0.941684 0.000000
vn -0.336500 -0.941684 0.000000
vn -0.336500 -0.941684 0.000000
vn 0.922912 -0.385011 0.000000
vn 0.922912 -0.385011 0.000000
vn 0.922912 -0.385011 0.000000
vn 0.922912 -0.385011 0.000000
vn 0.290991 0.956726 0.000000
vn 0.290991 0.956726 0.000000
vn 0.290991 0.956726 0.000000
vn 0.290991 0.956726 0.000000
vn -0.000000 0.000000 1.000000
vn -0.000000 0.000000 1.000000
vn -0.000000 0.000000 1.000000
vn -0.000000 0.000000 1.000000
vn -0.000000 0.000000 1.000000
vn -0.000000 0.000000 1.000000
vn -0.000000 0.000000 1.000000
vn -0.000000 0.000000 1.000000
vn -0.000000 0.000000 1.000000
vn -0.000000 0.000000 1.000000
vn -0.000000 0.000000 1.000000
vn -0.000000 0.000000 1.000000
vn -0.000000 0.000000 1.000000
vn 0.000000 0.000000 -1.000000
vn 0.000000 0.000000 -1.000000
vn 0.000000 0.000000 -1.000000
vn 0.000000 0.000000 -1.000000
vn 0.000000 0.000000 -1.000000
vn 0.000000 0.000000 -1.000000
vn 0.000000 0.000000 -1.000000
vn 0.000000 0.000000 -1.000000
vn 0.000000 0.000000 -1.000000
vn 0.000000 0.000000 -1.000000
vn 0.000000 0.000000 -1.000000
vn 0.000000 0.000000 -1.000000
vn 0.000000 0.000000 -1.000000
vn 0.000000 0.000000 -1.000000
vn 0.000000 0.000000 -1.000000
vn 0.000000 0.000000 -1.000000
vn 0.000000 0.000000 -1.000000
vn 0.000000 0.000000 -1.000000
vn 0.000000 0.000000 -1.000000
vn 0.000000 0.000000 -1.000000
vn 0.000000 0.000000 -1.000000
vn 0.048181 0.998839 0.000000
vn 0.048181 0.998839 0.000000
vn 0.048181 0.998839 0.000000
vn 0.048181 0.998839 0.000000
vn -0.998839 0.048181 0.000000
vn -0.998839 0.048181 0.000000
vn -0.998839 0.048181 0.000000
vn -0.998839 0.048181 0.000000
vn 0.611684 0.791102 0.000000
vn 0.611684 0.791102 0.000000
vn 0.611684 0.791102 0.000000
vn 0.611684 0.791102 0.000000
vn 0.244422 0.969669 0.000000
vn 0.244422 0.969669 0.000000
vn 0.244422 0.969669 0.000000
vn 0.244422 0.969669 0.000000
vn -0.362295 0.932063 0.000000
vn -0.362295 0.932063 0.000000
vn -0.362295 0.932063 0.000000
vn -0.362295 0.932063 0.000000
vn -0.923352 0.383954 0.000000
vn -0.923352 0.383954 0.000000
vn -0.923352 0.383954 0.000000
vn -0.923352 0.383954 0.000000
vn -0.951238 -0.308459 0.000000
vn -0.951238 -0.308459 0.000000
vn -0.951238 -0.308459 0.000000
vn -0.951238 -0.308459 0.000000
vn -0.452682 -0.891672 0.000000
vn -0.452682 -0.891672 0.000000
vn -0.452682 -0.891672 0.000000
vn -0.452682 -0.891672 0.000000
vn 0.141120 -0.989993 0.000000
vn 0.141120 -0.989993 0.000000
vn 0.141120 -0.989993 0.000000
vn 0.141120 -0.989993 0.000000
vn 0.523595 -0.851967 0.000000
vn 0.523595 -0.851967 0.000000
vn 0.523595 -0.851967 0.000000
vn 0.523595 -0.851967 0.000000
vn -0.998839 0.048181 0.000000
vn -0.998839 0.048181 0.000000
vn -0.998839 0.048181 0.000000
vn -0.998839 0.048181 0.000000
vn -0.048181 -0.998839 0.000000
vn -0.048181 -0.998839 0.000000
vn -0.048181 -0.998839 0.000000
vn -0.048181 -0.998839 0.000000
vn 0.998839 -0.048181 0.000000
vn 0.998839 -0.048181 0.000000
vn 0.998839 -0.048181 0.000000
vn 0.998839 -0.048181 0.000000
vn -0.424053 -0.905638 0.000000
vn -0.424053 -0.905638 0.000000
vn -0.424053 -0.905638 0.000000
vn -0.424053 -0.905638 0.000000
vn -0.953920 -0.300060 0.000000
vn -0.953920 -0.300060 0.000000
vn -0.953920 -0.300060 0.000000
vn -0.953920 -0.300060 0.000000
vn -0.923042 0.384699 0.000000
vn -0.923042 0.384699 0.000000
vn -0.923042 0.384699 0.000000
vn -0.923042 0.384699 0.000000
vn -0.342063 0.939677 0.000000
vn -0.342063 0.939677 0.000000
vn -0.342063 0.939677 0.000000
vn -0.342063 0.939677 0.000000
vn 0.441718 0.897154 0.000000
vn 0.441718 0.897154 0.000000
vn 0.441718 0.897154 0.000000
vn 0.441718 0.897154 0.000000
vn 0.954224 0.299094 0.000000
vn 0.954224 0.299094 0.000000
vn 0.954224 0.299094 0.000000
vn 0.954224 0.299094 0.000000
vn 0.921868 -0.387505 0.000000
vn 0.921868 -0.387505 0.000000
vn 0.921868 -0.387505 0.000000
vn 0.921868 -0.387505 0.000000
vn 0.346784 -0.937945 0.000000
vn 0.346784 -0.937945 0.000000
vn 0.346784 -0.937945 0.000000
vn 0.346784 -0.937945 0.000000
vn 0.048181 0.998839 0.000000
vn 0.048181 0.998839 0.000000
vn 0.048181 0.998839 0.000000
vn 0.048181 0.998839 0.000000
vn -0.998839 0.048181 0.000000
vn -0.998839 0.048181 0.000000
vn -0.998839 0.048181 0.000000
vn -0.998839 0.048181 0.000000
vn 0.611684 0.791102 0.000000
vn 0.611684 0.791102 0.000000
vn 0.611684 0.791102 0.000000
vn 0.611684 0.791102 0.000000
vn 0.244422 0.969669 0.000000
vn 0.244422 0.969669 0.000000
vn 0.244422 0.969669 0.000000
vn 0.244422 0.969669 0.000000
vn -0.362295 0.932063 0.000000
vn -0.362295 0.932063 0.000000
vn -0.362295 0.932063 0.000000
vn -0.362295 0.932063 0.000000
vn -0.923352 0.383954 0.000000
vn -0.923352 0.383954 0.000000
vn -0.923352 0.383954 0.000000
vn -0.923352 0.383954 0.000000
vn -0.951238 -0.308459 0.000000
vn -0.951238 -0.308459 0.000000
vn -0.951238 -0.308459 0.000000
vn -0.951238 -0.308459 0.000000
vn -0.452682 -0.891672 0.000000
vn -0.452682 -0.891672 0.000000
vn -0.452682 -0.891672 0.000000
vn -0.452682 -0.891672 0.000000
vn 0.141120 -0.989993 0.000000
vn 0.141120 -0.989993 0.000000
vn 0.141120 -0.989993 0.000000
vn 0.141120 -0.989993 0.000000
vn 0.523595 -0.851967 0.000000
vn 0.523595 -0.851967 0.000000
vn 0.523595 -0.851967 0.000000
vn 0.523595 -0.851967 0.000000
vn -0.998839 0.048181 0.000000
vn -0.998839 0.048181 0.000000
vn -0.998839 0.048181 0.000000
vn -0.998839 0.048181 0.000000
vn -0.048181 -0.998839 0.000000
vn -0.048181 -0.998839 0.000000
vn -0.048181 -0.998839 0.000000
vn -0.048181 -0.998839 0.000000
vn 0.998839 -0.048181 0.000000
vn 0.998839 -0.048181 0.000000
vn 0.998839 -0.048181 0.000000
vn 0.998839 -0.048181 0.000000
vn -0.424053 -0.905638 0.000000
vn -0.424053 -0.905638 0.000000
vn -0.424053 -0.905638 0.000000
vn -0.424053 -0.905638 0.000000
vn -0.953920 -0.300060 0.000000
vn -0.953920 -0.300060 0.000000
vn -0.953920 -0.300060 0.000000
vn -0.953920 -0.300060 0.000000
vn -0.923042 0.384699 0.000000
vn -0.923042 0.384699 0.000000
vn -0.923042 0.384699 0.000000
vn -0.923042 0.384699 0.000000
vn -0.342063 0.939677 0.000000
vn -0.342063 0.939677 0.000000
vn -0.342063 0.939677 0.000000
vn -0.342063 0.939677 0.000000
vn 0.441718 0.897154 0.000000
vn 0.441718 0.897154 0.000000
vn 0.441718 0.897154 0.000000
vn 0.441718 0.897154 0.000000
vn 0.954224 0.299094 0.000000
vn 0.954224 0.299094 0.000000
vn 0.954224 0.299094 0.000000
vn 0.954224 0.299094 0.000000
vn 0.921868 -0.387505 0.000000
vn 0.921868 -0.387505 0.000000
vn 0.921868 -0.387505 0.000000
vn 0.921868 -0.387505 0.000000
vn 0.346784 -0.937945 0.000000
vn 0.346784 -0.937945 0.000000
vn 0.346784 -0.937945 0.000000
vn 0.346784 -0.937945 0.000000
vn 0.048181 0.998839 0.000000
vn 0.048181 0.998839 0.000000
vn 0.048181 0.998839 0.000000
vn 0.048181 0.998839 0.000000
vn -0.998839 0.048181 0.000000
vn -0.998839 0.048181 0.000000
vn -0.998839 0.048181 0.000000
vn -0.998839 0.048181 0.000000
vn 0.611684 0.791102 0.000000
vn 0.611684 0.791102 0.000000
vn 0.611684 0.791102 0.000000
vn 0.611684 0.791102 0.000000
vn 0.244422 0.969669 0.000000
vn 0.244422 0.969669 0.000000
vn 0.244422 0.969669 0.000000
vn 0.244422 0.969669 0.000000
vn -0.362295 0.932063 0.000000
vn -0.362295 0.932063 0.000000
vn -0.362295 0.932063 0.000000
vn -0.362295 0.932063 0.000000
vn -0.923352 0.383954 0.000000
vn -0.923352 0.383954 0.000000
vn -0.923352 0.383954 0.000000
vn -0.923352 0.383954 0.000000
vn -0.951238 -0.308459 0.000000
vn -0.951238 -0.308459 0.000000
vn -0.951238 -0.308459 0.000000
vn -0.951238 -0.308459 0.000000
vn -0.452682 -0.891672 0.000000
vn -0.452682 -0.891672 0.000000
vn -0.452682 -0.891672 0.000000
vn -0.452682 -0.891672 0.000000
vn 0.141120 -0.989993 0.000000
vn 0.141120 -0.989993 0.000000
vn 0.141120 -0.989993 0.000000
vn 0.141120 -0.989993 0.000000
vn 0.523595 -0.851967 0.000000
vn 0.523595 -0.851967 0.000000
vn 0.523595 -0.851967 0.000000
vn 0.523595 -0.851967 0.000000
vn -0.998839 0.048181 0.000000
vn -0.998839 0.048181 0.000000
vn -0.998839 0.048181 0.000000
vn -0.998839 0.048181 0.000000
vn -0.048181 -0.998839 0.000000
vn -0.048181 -0.998839 0.000000
vn -0.048181 -0.998839 0.000000
vn -0.048181 -0.998839 0.000000
vn 0.998839 -0.048181 0.000000
vn 0.998839 -0.048181 0.000000
vn 0.998839 -0.048181 0.000000
vn 0.998839 -0.048181 0.000000
vn -0.424053 -0.905638 0.000000
vn -0.424053 -0.905638 0.000000
vn -0.424053 -0.905638 0.000000
vn -0.424053 -0.905638 0.000000
vn -0.953920 -0.300060 0.000000
vn -0.953920 -0.300060 0.000000
vn -0.953920 -0.300060 0.000000
vn -0.953920 -0.300060 0.000000
vn -0.923042 0.384699 0.000000
vn -0.923042 0.384699 0.000000
vn -0.923042 0.384699 0.000000
vn -0.923042 0.384699 0.000000
vn -0.342063 0.939677 0.000000
vn -0.342063 0.939677 0.000000
vn -0.342063 0.939677 0.000000
vn -0.342063 0.939677 0.000000
vn 0.441718 0.897154 0.000000
vn 0.441718 0.897154 0.000000
vn 0.441718 0.897154 0.000000
vn 0.441718 0.897154 0.000000
vn 0.954224 0.299094 0.000000
vn 0.954224 0.299094 0.000000
vn 0.954224 0.299094 0.000000
vn 0.954224 0.299094 0.000000
vn 0.921868 -0.387505 0.000000
vn 0.921868 -0.387505 0.000000
vn 0.921868 -0.387505 0.000000
vn 0.921868 -0.387505 0.000000
vn 0.346784 -0.937945 0.000000
vn 0.346784 -0.937945 0.000000
vn 0.346784 -0.937945 0.000000
vn 0.346784 -0.937945 0.000000
vn 0.048181 0.998839 0.000000
vn 0.048181 0.998839 0.000000
vn 0.048181 0.998839 0.000000
vn 0.048181 0.998839 0.000000
vn -0.998839 0.048181 0.000000
vn -0.998839 0.048181 0.000000
vn -0.998839 0.048181 0.000000
vn -0.998839 0.048181 0.000000
vn 0.611684 0.791102 0.000000
vn 0.611684 0.791102 0.000000
vn 0.611684 0.791102 0.000000
vn 0.611684 0.791102 0.000000
vn 0.244422 0.969669 0.000000
vn 0.244422 0.969669 0.000000
vn 0.244422 0.969669 0.000000
vn 0.244422 0.969669 0.000000
vn -0.362295 0.932063 0.000000
vn -0.362295 0.932063 0.000000
vn -0.362295 0.932063 0.000000
vn -0.362295 0.932063 0.000000
vn -0.923352 0.383954 0.000000
vn -0.923352 0.383954 0.000000
vn -0.923352 0.383954 0.000000
vn -0.923352 0.383954 0.000000
vn -0.951238 -0.308459 0.000000
vn -0.951238 -0.308459 0.000000
vn -0.951238 -0.308459 0.000000
vn -0.951238 -0.308459 0.000000
vn -0.452682 -0.891672 0.000000
vn -0.452682 -0.891672 0.000000
vn -0.452682 -0.891672 0.000000
vn -0.452682 -0.891672 0.000000
vn 0.141120 -0.989993 0.000000
vn 0.141120 -0.989993 0.000000
vn 0.141120 -0.989993 0.000000
vn 0.141120 -0.989993 0.000000
vn 0.523595 -0.851967 0.000000
vn 0.523595 -0.851967 0.000000
vn 0.523595 -0.851967 0.000000
vn 0.523595 -0.851967 0.000000
vn -0.998839 0.048181 0.000000
vn -0.998839 0.048181 0.000000
vn -0.998839 0.048181 0.000000
vn -0.998839 0.048181 0.000000
vn -0.048181 -0.998839 0.000000
vn -0.048181 -0.998839 0.000000
vn -0.048181 -0.998839 0.000000
vn -0.048181 -0.998839 0.000000
vn 0.998839 -0.048181 0.000000
vn 0.998839 -0.048181 0.000000
vn 0.998839 -0.048181 0.000000
vn 0.998839 -0.048181 0.000000
vn -0.424053 -0.905638 0.000000
vn -0.424053 -0.905638 0.000000
vn -0.424053 -0.905638 0.000000
vn -0.424053 -0.905638 0.000000
vn -0.953920 -0.300060 0.000000
vn -0.953920 -0.300060 0.000000
vn -0.953920 -0.300060 0.000000
vn -0.953920 -0.300060 0.000000
vn -0.923042 0.384699 0.000000
vn -0.923042 0.384699 0.000000
vn -0.923042 0.384699 0.000000
vn -0.923042 0.384699 0.000000
vn -0.342063 0.939677 0.000000
vn -0.342063 0.939677 0.000000
vn -0.342063 0.939677 0.000000
vn -0.342063 0.939677 0.000000
vn 0.441718 0.897154 0.000000
vn 0.441718 0.897154 0.000000
vn 0.441718 0.897154 0.000000
vn 0.441718 0.897154 0.000000
vn 0.954224 0.299094 0.000000
vn 0.954224 0.299094 0.000000
vn 0.954224 0.299094 0.000000
vn 0.954224 0.299094 0.000000
vn 0.921868 -0.387505 0.000000
vn 0.921868 -0.387505 0.000000
vn 0.921868 -0.387505 0.000000
vn 0.921868 -0.387505 0.000000
vn 0.346784 -0.937945 0.000000
vn 0.346784 -0.937945 0.000000
vn 0.346784 -0.937945 0.000000
vn 0.346784 -0.937945 0.000000
vn -0.000000 0.000000 1.000000
vn -0.000000 0.000000 1.000000
vn -0.000000 0.000000 1.000000
vn -0.000000 0.000000 1.000000
vn -0.000000 0.000000 1.000000
vn -0.000000 0.000000 1.000000
vn -0.000000 0.000000 1.000000
vn -0.000000 0.000000 1.000000
vn -0.000000 0.000000 1.000000
vn -0.000000 0.000000 1.000000
vn -0.000000 0.000000 1.000000
vn -0.000000 0.000000 1.000000
vn -0.000000 0.000000 1.000000
vn -0.000000 0.000000 1.000000
vn -0.000000 0.000000 1.000000
vn -0.000000 0.000000 1.000000
vn -0.000000 0.000000 1.000000
vn -0.000000 0.000000 1.000000
vn -0.000000 0.000000 1.000000
vn -0.000000 0.000000 1.000000
vn -0.000000 0.000000 1.000000
vn 0.000000 0.000000 -1.000000
vn 0.000000 0.000000 -1.000000
vn 0.000000 0.000000 -1.000000
vn 0.000000 0.000000 -1.000000
vn 0.000000 0.000000 -1.000000
vn 0.000000 0.000000 -1.000000
vn 0.000000 0.000000 -1.000000
vn 0.000000 0.000000 -1.000000
vn 0.000000 0.000000 -1.000000
vn 0.000000 0.000000 -1.000000
vn 0.000000 0.000000 -1.000000
vn 0.000000 0.000000 -1.000000
vn 0.000000 0.000000 -1.000000
vn 0.000000 0.000000 -1.000000
vn 0.000000 0.000000 -1.000000
vn 0.000000 0.000000 -1.000000
vn 0.000000 0.000000 -1.000000
vn 0.000000 0.000000 -1.000000
vn 0.000000 0.000000 -1.000000
vn 0.000000 0.000000 -1.000000
vn 0.000000 0.000000 -1.000000
vn 0.000000 0.000000 -1.000000
vn 0.000000 0.000000 -1.000000
vn 0.000000 0.000000 -1.000000
vn -0.292604 0.956234 0.000000
vn -0.292604 0.956234 0.000000
vn -0.292604 0.956234 0.000000
vn -0.292604 0.956234 0.000000
vn -0.890640 0.454709 0.000000
vn -0.890640 0.454709 0.000000
vn -0.890640 0.454709 0.000000
vn -0.890640 0.454709 0.000000
vn -0.812638 -0.582769 0.000000
vn -0.812638 -0.582769 0.000000
vn -0.812638 -0.582769 0.000000
vn -0.812638 -0.582769 0.000000
vn -0.489871 -0.871795 0.000000
vn -0.489871 -0.871795 0.000000
vn -0.489871 -0.871795 0.000000
vn -0.489871 -0.871795 0.000000
vn -0.751344 -0.659911 0.000000
vn -0.751344 -0.659911 0.000000
vn -0.751344 -0.659911 0.000000
vn -0.751344 -0.659911 0.000000
vn -0.852036 0.523483 0.000000
vn -0.852036 0.523483 0.000000
vn -0.852036 0.523483 0.000000
vn -0.852036 0.523483 0.000000
vn -0.239944 0.970787 0.000000
vn -0.239944 0.970787 0.000000
vn -0.239944 0.970787 0.000000
vn -0.239944 0.970787 0.000000
vn 0.334355 0.942447 0.000000
vn 0.334355 0.942447 0.000000
vn 0.334355 0.942447 0.000000
vn 0.334355 0.942447 0.000000
vn 0.663633 0.748058 0.000000
vn 0.663633 0.748058 0.000000
vn 0.663633 0.748058 0.000000
vn 0.663633 0.748058 0.000000
vn -0.703234 0.710958 0.000000
vn -0.703234 0.710958 0.000000
vn -0.703234 0.710958 0.000000
vn -0.703234 0.710958 0.000000
vn -0.482372 -0.875966 0.000000
vn -0.482372 -0.875966 0.000000
vn -0.482372 -0.875966 0.000000
vn -0.482372 -0.875966 0.000000
vn 0.275667 -0.961253 0.000000
vn 0.275667 -0.961253 0.000000
vn 0.275667 -0.961253 0.000000
vn 0.275667 -0.961253 0.000000
vn 0.894818 -0.446431 0.000000
vn 0.894818 -0.446431 0.000000
vn 0.894818 -0.446431 0.000000
vn 0.894818 -0.446431 0.000000
vn 0.968188 0.250222 0.000000
vn 0.968188 0.250222 0.000000
vn 0.968188 0.250222 0.000000
vn 0.968188 0.250222 0.000000
vn 0.629224 0.777224 0.000000
vn 0.629224 0.777224 0.000000
vn 0.629224 0.777224 0.000000
vn 0.629224 0.777224 0.000000
vn 0.489793 0.871839 0.000000
vn 0.489793 0.871839 0.000000
vn 0.489793 0.871839 0.000000
vn 0.489793 0.871839 0.000000
vn 0.567042 0.823689 0.000000
vn 0.567042 0.823689 0.000000
vn 0.567042 0.823689 0.000000
vn 0.567042 0.823689 0.000000
vn 0.943169 0.332312 0.000000
vn 0.943169 0.332312 0.000000
vn 0.943169 0.332312 0.000000
vn 0.943169 0.332312 0.000000
vn 0.857467 -0.514539 0.000000
vn 0.857467 -0.514539 0.000000
vn 0.857467 -0.514539 0.000000
vn 0.857467 -0.514539 0.000000
vn 0.214541 -0.976715 0.000000
vn 0.214541 -0.976715 0.000000
vn 0.214541 -0.976715 0.000000
vn 0.214541 -0.976715 0.000000
vn -0.520594 -0.853804 0.000000
vn -0.520594 -0.853804 0.000000
vn -0.520594 -0.853804 0.000000
vn -0.520594 -0.853804 0.000000
vn 0.672217 -0.740354 0.000000
vn 0.672217 -0.740354 0.000000
vn 0.672217 -0.740354 0.000000
vn 0.672217 -0.740354 0.000000
vn 0.680295 0.732939 0.000000
vn 0.680295 0.732939 0.000000
vn 0.680295 0.732939 0.000000
vn 0.680295 0.732939 0.000000
vn 0.273708 0.961813 0.000000
vn 0.273708 0.961813 0.000000
vn 0.273708 0.961813 0.000000
vn 0.273708 0.961813 0.000000
vn -0.292604 0.956234 0.000000
vn -0.292604 0.956234 0.000000
vn -0.292604 0.956234 0.000000
vn -0.292604 0.956234 0.000000
vn -0.890640 0.454709 0.000000
vn -0.890640 0.454709 0.000000
vn -0.890640 0.454709 0.000000
vn -0.890640 0.454709 0.000000
vn -0.812638 -0.582769 0.000000
vn -0.812638 -0.582769 0.000000
vn -0.812638 -0.582769 0.000000
vn -0.812638 -0.582769 0.000000
vn -0.489871 -0.871795 0.000000
vn -0.489871 -0.871795 0.000000
vn -0.489871 -0.871795 0.000000
vn -0.489871 -0.871795 0.000000
vn -0.751344 -0.659911 0.000000
vn -0.751344 -0.659911 0.000000
vn -0.751344 -0.659911 0.000000
vn -0.751344 -0.659911 0.000000
vn -0.852036 0.523483 0.000000
vn -0.852036 0.523483 0.000000
vn -0.852036 0.523483 0.000000
vn -0.852036 0.523483 0.000000
vn -0.239944 0.970787 0.000000
vn -0.239944 0.970787 0.000000
vn -0.239944 0.970787 0.000000
vn -0.239944 0.970787 0.000000
vn 0.334355 0.942447 0.000000
vn 0.334355 0.942447 0.000000
vn 0.334355 0.942447 0.000000
vn 0.334355 0.942447 0.000000
vn 0.663633 0.748058 0.000000
vn 0.663633 0.748058 0.000000
vn 0.663633 0.748058 0.000000
vn 0.663633 0.748058 0.000000
vn -0.703234 0.710958 0.000000
vn -0.703234 0.710958 0.000000
vn -0.703234 0.710958 0.000000
vn -0.703234 0.710958 0.000000
vn -0.482372 -0.875966 0.000000
vn -0.482372 -0.875966 0.000000
vn -0.482372 -0.875966 0.000000
vn -0.482372 -0.875966 0.000000
vn 0.275667 -0.961253 0.000000
vn 0.275667 -0.961253 0.000000
vn 0.275667 -0.961253 0.000000
vn 0.275667 -0.961253 0.000000
vn 0.894818 -0.446431 0.000000
vn 0.894818 -0.446431 0.000000
vn 0.894818 -0.446431 0.000000
vn 0.894818 -0.446431 0.000000
vn 0.968188 0.250222 0.000000
vn 0.968188 0.250222 0.000000
vn 0.968188 0.250222 0.000000
vn 0.968188 0.250222 0.000000
vn 0.629224 0.777224 0.000000
vn 0.629224 0.777224 0.000000
vn 0.629224 0.777224 0.000000
vn 0.629224 0.777224 0.000000
vn 0.489793 0.871839 0.000000
vn 0.489793 0.871839 0.000000
vn 0.489793 0.871839 0.000000
vn 0.489793 0.871839 0.000000
vn 0.567042 0.823689 0.000000
vn 0.567042 0.823689 0.000000
vn 0.567042 0.823689 0.000000
vn 0.567042 0.823689 0.000000
vn 0.943169 0.332312 0.000000
vn 0.943169 0.332312 0.000000
vn 0.943169 0.332312 0.000000
vn 0.943169 0.332312 0.000000
vn 0.857467 -0.514539 0.000000
vn 0.857467 -0.514539 0.000000
vn 0.857467 -0.514539 0.000000
vn 0.857467 -0.514539 0.000000
vn 0.214541 -0.976715 0.000000
vn 0.214541 -0.976715 0.000000
vn 0.214541 -0.976715 0.000000
vn 0.214541 -0.976715 0.000000
vn -0.520594 -0.853804 0.000000
vn -0.520594 -0.853804 0.000000
vn -0.520594 -0.853804 0.000000
vn -0.520594 -0.853804 0.000000
vn 0.672217 -0.740354 0.000000
vn 0.672217 -0.740354 0.000000
vn 0.672217 -0.740354 0.000000
vn 0.672217 -0.740354 0.000000
vn 0.680295 0.732939 0.000000
vn 0.680295 0.732939 0.000000
vn 0.680295 0.732939 0.000000
vn 0.680295 0.732939 0.000000
vn 0.273708 0.961813 0.000000
vn 0.273708 0.961813 0.000000
vn 0.273708 0.961813 0.000000
vn 0.273708 0.961813 0.000000
vn -0.292604 0.956234 0.000000
vn -0.292604 0.956234 0.000000
vn -0.292604 0.956234 0.000000
vn -0.292604 0.956234 0.000000
vn -0.890640 0.454709 0.000000
vn -0.890640 0.454709 0.000000
vn -0.890640 0.454709 0.000000
vn -0.890640 0.454709 0.000000
vn -0.812638 -0.582769 0.000000
vn -0.812638 -0.582769 0.000000
vn -0.812638 -0.582769 0.000000
vn -0.812638 -0.582769 0.000000
vn -0.489871 -0.871795 0.000000
vn -0.489871 -0.871795 0.000000
vn -0.489871 -0.871795 0.000000
vn -0.489871 -0.871795 0.000000
vn -0.751344 -0.659911 0.000000
vn -0.751344 -0.659911 0.000000
vn -0.751344 -0.659911 0.000000
vn -0.751344 -0.659911 0.000000
vn -0.852036 0.523483 0.000000
vn -0.852036 0.523483 0.000000
vn -0.852036 0.523483 0.000000
vn -0.852036 0.523483 0.000000
vn -0.239944 0.970787 0.000000
vn -0.239944 0.970787 0.000000
vn -0.239944 0.970787 0.000000
vn -0.239944 0.970787 0.000000
vn 0.334355 0.942447 0.000000
vn 0.334355 0.942447 0.000000
vn 0.334355 0.942447 0.000000
vn 0.334355 0.942447 0.000000
vn 0.663633 0.748058 0.000000
vn 0.663633 0.748058 0.000000
vn 0.663633 0.748058 0.000000
vn 0.663633 0.748058 0.000000
vn -0.703234 0.710958 0.000000
vn -0.703234 0.710958 0.000000
vn -0.703234 0.710958 0.000000
vn -0.703234 0.710958 0.000000
vn -0.482372 -0.875966 0.000000
vn -0.482372 -0.875966 0.000000
vn -0.482372 -0.875966 0.000000
vn -0.482372 -0.875966 0.000000
vn 0.275667 -0.961253 0.000000
vn 0.275667 -0.961253 0.000000
vn 0.275667 -0.961253 0.000000
vn 0.275667 -0.961253 0.000000
vn 0.894818 -0.446431 0.000000
vn 0.894818 -0.446431 0.000000
vn 0.894818 -0.446431 0.000000
vn 0.894818 -0.446431 0.000000
vn 0.968188 0.250222 0.000000
vn 0.968188 0.250222 0.000000
vn 0.968188 0.250222 0.000000
vn 0.968188 0.250222 0.000000
vn 0.629224 0.777224 0.000000
vn 0.629224 0.777224 0.000000
vn 0.629224 0.777224 0.000000
vn 0.629224 0.777224 0.000000
vn 0.489793 0.871839 0.000000
vn 0.489793 0.871839 0.000000
vn 0.489793 0.871839 0.000000
vn 0.489793 0.871839 0.000000
vn 0.567042 0.823689 0.000000
vn 0.567042 0.823689 0.000000
vn 0.567042 0.823689 0.000000
vn 0.567042 0.823689 0.000000
vn 0.943169 0.332312 0.000000
vn 0.943169 0.332312 0.000000
vn 0.943169 0.332312 0.000000
vn 0.943169 0.332312 0.000000
vn 0.857467 -0.514539 0.000000
vn 0.857467 -0.514539 0.000000
vn 0.857467 -0.514539 0.000000
vn 0.857467 -0.514539 0.000000
vn 0.214541 -0.976715 0.000000
vn 0.214541 -0.976715 0.000000
vn 0.214541 -0.976715 0.000000
vn 0.214541 -0.976715 0.000000
vn -0.520594 -0.853804 0.000000
vn -0.520594 -0.853804 0.000000
vn -0.520594 -0.853804 0.000000
vn -0.520594 -0.853804 0.000000
vn 0.672217 -0.740354 0.000000
vn 0.672217 -0.740354 0.000000
vn 0.672217 -0.740354 0.000000
vn 0.672217 -0.740354 0.000000
vn 0.680295 0.732939 0.000000
vn 0.680295 0.732939 0.000000
vn 0.680295 0.732939 0.000000
vn 0.680295 0.732939 0.000000
vn 0.273708 0.961813 0.000000
vn 0.273708 0.961813 0.000000
vn 0.273708 0.961813 0.000000
vn 0.273708 0.961813 0.000000
vn -0.292604 0.956234 0.000000
vn -0.292604 0.956234 0.000000
vn -0.292604 0.956234 0.000000
vn -0.292604 0.956234 0.000000
vn -0.890640 0.454709 0.000000
vn -0.890640 0.454709 0.000000
vn -0.890640 0.454709 0.000000
vn -0.890640 0.454709 0.000000
vn -0.812638 -0.582769 0.000000
vn -0.812638 -0.582769 0.000000
vn -0.812638 -0.582769 0.000000
vn -0.812638 -0.582769 0.000000
vn -0.489871 -0.871795 0.000000
vn -0.489871 -0.871795 0.000000
vn -0.489871 -0.871795 0.000000
vn -0.489871 -0.871795 0.000000
vn -0.751344 -0.659911 0.000000
vn -0.751344 -0.659911 0.000000
vn -0.751344 -0.659911 0.000000
vn -0.751344 -0.659911 0.000000
vn -0.852036 0.523483 0.000000
vn -0.852036 0.523483 0.000000
vn -0.852036 0.523483 0.000000
vn -0.852036 0.523483 0.000000
vn -0.239944 0.970787 0.000000
vn -0.239944 0.970787 0.000000
vn -0.239944 0.970787 0.000000
vn -0.239944 0.970787 0.000000
vn 0.334355 0.942447 0.000000
vn 0.334355 0.942447 0.000000
vn 0.334355 0.942447 0.000000
vn 0.334355 0.942447 0.000000
vn 0.663633 0.748058 0.000000
vn 0.663633 0.748058 0.000000
vn 0.663633 0.748058 0.000000
vn 0.663633 0.748058 0.000000
vn -0.703234 0.710958 0.000000
vn -0.703234 0.710958 0.000000
vn -0.703234 0.710958 0.000000
vn -0.703234 0.710958 0.000000
vn -0.482372 -0.875966 0.000000
vn -0.482372 -0.875966 0.000000
vn -0.482372 -0.875966 0.000000
vn -0.482372 -0.875966 0.000000
vn 0.275667 -0.961253 0.000000
vn 0.275667 -0.961253 0.000000
vn 0.275667 -0.961253 0.000000
vn 0.275667 -0.961253 0.000000
vn 0.894818 -0.446431 0.000000
vn 0.894818 -0.446431 0.000000
vn 0.894818 -0.446431 0.000000
vn 0.894818 -0.446431 0.000000
vn 0.968188 0.250222 0.000000
vn 0.968188 0.250222 0.000000
vn 0.968188 0.250222 0.000000
vn 0.968188 0.250222 0.000000
vn 0.629224 0.777224 0.000000
vn 0.629224 0.777224 0.000000
vn 0.629224 0.777224 0.000000
vn 0.629224 0.777224 0.000000
vn 0.489793 0.871839 0.000000
vn 0.489793 0.871839 0.000000
vn 0.489793 0.871839 0.000000
vn 0.489793 0.871839 0.000000
vn 0.567042 0.823689 0.000000
vn 0.567042 0.823689 0.000000
vn 0.567042 0.823689 0.000000
vn 0.567042 0.823689 0.000000
vn 0.943169 0.332312 0.000000
vn 0.943169 0.332312 0.000000
vn 0.943169 0.332312 0.000000
vn 0.943169 0.332312 0.000000
vn 0.857467 -0.514539 0.000000
vn 0.857467 -0.514539 0.000000
vn 0.857467 -0.514539 0.000000
vn 0.857467 -0.514539 0.000000
vn 0.214541 -0.976715 0.000000
vn 0.214541 -0.976715 0.000000
vn 0.214541 -0.976715 0.000000
vn 0.214541 -0.976715 0.000000
vn -0.520594 -0.853805 0.000000
vn -0.520594 -0.853805 0.000000
vn -0.520594 -0.853805 0.000000
vn -0.520594 -0.853805 0.000000
vn 0.672217 -0.740354 0.000000
vn 0.672217 -0.740354 0.000000
vn 0.672217 -0.740354 0.000000
vn 0.672217 -0.740354 0.000000
vn 0.680295 0.732939 0.000000
vn 0.680295 0.732939 0.000000
vn 0.680295 0.732939 0.000000
vn 0.680295 0.732939 0.000000
vn 0.273708 0.961813 0.000000
vn 0.273708 0.961813 0.000000
vn 0.273708 0.961813 0.000000
vn 0.273708 0.961813 0.000000
vn 0.000000 -0.000000 1.000000
vn 0.000000 -0.000000 1.000000
vn 0.000000 -0.000000 1.000000
vn 0.000000 -0.000000 1.000000
vn 0.000000 -0.000000 1.000000
vn 0.000000 -0.000000 1.000000
vn 0.000000 -0.000000 1.000000
vn 0.000000 -0.000000 1.000000
vn 0.000000 -0.000000 1.000000
vn 0.000000 -0.000000 1.000000
vn 0.000000 -0.000000 1.000000
vn 0.000000 -0.000000 1.000000
vn 0.000000 -0.000000 1.000000
vn 0.000000 -0.000000 1.000000
vn 0.000000 -0.000000 1.000000
vn 0.000000 -0.000000 1.000000
vn 0.000000 -0.000000 1.000000
vn 0.000000 -0.000000 1.000000
vn 0.000000 -0.000000 1.000000
vn 0.000000 -0.000000 1.000000
vn 0.000000 -0.000000 1.000000
vn 0.000000 -0.000000 1.000000
vn 0.000000 -0.000000 1.000000
vn 0.000000 -0.000000 1.000000
s off
g GunName
usemtl standardSurface6SG
f 546/3008/2007 545/3009/2008 544/3010/2009 543/3011/2010 542/3012/2011 541/3013/2012 540/3014/2013 539/3015/2014
f 539/1698/2015 540/1699/2016 847/1700/2017 846/1701/2018
f 540/643/2019 541/644/2020 848/645/2021 847/646/2022
f 541/1708/2023 542/1709/2024 849/1710/2025 848/1711/2026
f 542/653/2027 543/654/2028 850/655/2029 849/656/2030
f 543/1718/2031 544/1719/2032 851/1720/2033 850/1721/2034
f 544/663/2035 545/664/2036 852/665/2037 851/666/2038
f 545/1728/2039 546/1729/2040 853/1730/2041 852/1731/2042
f 546/673/2043 539/674/2044 846/675/2045 853/676/2046
f 846/1701/2047 847/1700/2048 855/1702/2049 854/1703/2050
f 847/646/2051 848/645/2052 856/647/2053 855/648/2054
f 848/1711/2055 849/1710/2056 857/1712/2057 856/1713/2058
f 849/656/2059 850/655/2060 858/657/2061 857/658/2062
f 850/1721/2063 851/1720/2064 859/1722/2065 858/1723/2066
f 851/666/2067 852/665/2068 860/667/2069 859/668/2070
f 852/1731/2071 853/1730/2072 861/1732/2073 860/1733/2074
f 853/676/2075 846/675/2076 854/677/2077 861/678/2078
f 854/1703/2079 855/1702/2080 863/1704/2081 862/1705/2082
f 855/648/2083 856/647/2084 864/649/2085 863/650/2086
f 856/1713/2087 857/1712/2088 865/1714/2089 864/1715/2090
f 857/658/2091 858/657/2092 866/659/2093 865/660/2094
f 858/1723/2095 859/1722/2096 867/1724/2097 866/1725/2098
f 859/668/2099 860/667/2100 868/669/2101 867/670/2102
f 860/1733/2103 861/1732/2104 869/1734/2105 868/1735/2106
f 861/678/2107 854/677/2108 862/679/2109 869/680/2110
f 862/1705/2111 863/1704/2112 871/1706/2113 870/1707/2114
f 863/650/2115 864/649/2116 872/651/2117 871/652/2118
f 864/1715/2119 865/1714/2120 873/1716/2121 872/1717/2122
f 865/660/2123 866/659/2124 874/661/2125 873/662/2126
f 866/1725/2127 867/1724/2128 875/1726/2129 874/1727/2130
f 867/670/2131 868/669/2132 876/671/2133 875/672/2134
f 868/1735/2135 869/1734/2136 877/1736/2137 876/1737/2138
f 869/680/2139 862/679/2140 870/681/2141 877/682/2142
f 870/3016/2143 871/3017/2144 872/3018/2145 873/3019/2146 874/3020/2147 875/3021/2148 876/3022/2149 877/3023/2150
f 564/3024/2151 563/3025/2152 562/3026/2153 561/3027/2154 560/3028/2155 559/3029/2156 558/3030/2157 557/3031/2158 556/3032/2159 555/3033/2160 554/3034/2161 553/3035/2162 552/3036/2163 551/3037/2164 550/3038/2165 549/3039/2166 548/3040/2167 547/3041/2168
f 547/1738/2169 548/1739/2170 879/1740/2171 878/1741/2172
f 548/683/2173 549/684/2174 880/685/2175 879/686/2176
f 549/1748/2177 550/1749/2178 881/1750/2179 880/1751/2180
f 550/693/2181 551/694/2182 882/695/2183 881/696/2184
f 551/694/2185 552/697/2186 883/698/2187 882/695/2188
f 552/697/2189 553/701/2190 884/702/2191 883/698/2192
f 553/1758/2193 554/1759/2194 885/1760/2195 884/1761/2196
f 554/1759/2197 555/1762/2198 886/1763/2199 885/1760/2200
f 555/721/2201 556/713/2202 887/716/2203 886/722/2204
f 556/713/2205 557/714/2206 888/715/2207 887/716/2208
f 557/714/2209 558/717/2210 889/718/2211 888/715/2212
f 558/1773/2213 559/1774/2214 890/1775/2215 889/1776/2216
f 559/733/2217 560/734/2218 891/735/2219 890/736/2220
f 560/734/2221 561/737/2222 892/738/2223 891/735/2224
f 561/1783/2225 562/1784/2226 893/1785/2227 892/1786/2228
f 562/1784/2229 563/1787/2230 894/1788/2231 893/1785/2232
f 563/1787/2233 564/1791/2234 895/1792/2235 894/1788/2236
f 564/748/2237 547/749/2238 878/750/2239 895/751/2240
f 878/1741/2241 879/1740/2242 897/1742/2243 896/1743/2244
f 879/686/2245 880/685/2246 898/687/2247 897/688/2248
f 880/1751/2249 881/1750/2250 899/1752/2251 898/1753/2252
f 881/696/2253 882/695/2254 900/699/2255 899/700/2256
f 882/695/2257 883/698/2258 901/703/2259 900/699/2260
f 883/698/2261 884/702/2262 902/706/2263 901/703/2264
f 884/1761/2265 885/1760/2266 903/1764/2267 902/1765/2268
f 885/1760/2269 886/1763/2270 904/1766/2271 903/1764/2272
f 886/722/2273 887/716/2274 905/720/2275 904/726/2276
f 887/716/2277 888/715/2278 906/719/2279 905/720/2280
f 888/715/2281 889/718/2282 907/723/2283 906/719/2284
f 889/1776/2285 890/1775/2286 908/1777/2287 907/1778/2288
f 890/736/2289 891/735/2290 909/739/2291 908/740/2292
f 891/735/2293 892/738/2294 910/741/2295 909/739/2296
f 892/1786/2297 893/1785/2298 911/1789/2299 910/1790/2300
f 893/1785/2301 894/1788/2302 912/1793/2303 911/1789/2304
f 894/1788/2305 895/1792/2306 913/1796/2307 912/1793/2308
f 895/751/2309 878/750/2310 896/752/2311 913/753/2312
f 896/1743/2313 897/1742/2314 915/1744/2315 914/1745/2316
f 897/688/2317 898/687/2318 916/689/2319 915/690/2320
f 898/1753/2321 899/1752/2322 917/1754/2323 916/1755/2324
f 899/700/2325 900/699/2326 918/704/2327 917/705/2328
f 900/699/2329 901/703/2330 919/707/2331 918/704/2332
f 901/703/2333 902/706/2334 920/710/2335 919/707/2336
f 902/1765/2337 903/1764/2338 921/1767/2339 920/1768/2340
f 903/1764/2341 904/1766/2342 922/1769/2343 921/1767/2344
f 904/726/2345 905/720/2346 923/725/2347 922/730/2348
f 905/720/2349 906/719/2350 924/724/2351 923/725/2352
f 906/719/2353 907/723/2354 925/727/2355 924/724/2356
f 907/1778/2357 908/1777/2358 926/1779/2359 925/1780/2360
f 908/740/2361 909/739/2362 927/742/2363 926/743/2364
f 909/739/2365 910/741/2366 928/744/2367 927/742/2368
f 910/1790/2369 911/1789/2370 929/1794/2371 928/1795/2372
f 911/1789/2373 912/1793/2374 930/1797/2375 929/1794/2376
f 912/1793/2377 913/1796/2378 931/1800/2379 930/1797/2380
f 913/753/2381 896/752/2382 914/754/2383 931/755/2384
f 914/1745/2385 915/1744/2386 933/1746/2387 932/1747/2388
f 915/690/2389 916/689/2390 934/691/2391 933/692/2392
f 916/1755/2393 917/1754/2394 935/1756/2395 934/1757/2396
f 917/705/2397 918/704/2398 936/708/2399 935/709/2400
f 918/704/2401 919/707/2402 937/711/2403 936/708/2404
f 919/707/2405 920/710/2406 938/712/2407 937/711/2408
f 920/1768/2409 921/1767/2410 939/1770/2411 938/1771/2412
f 921/1767/2413 922/1769/2414 940/1772/2415 939/1770/2416
f 922/730/2417 923/725/2418 941/729/2419 940/732/2420
f 923/725/2421 924/724/2422 942/728/2423 941/729/2424
f 924/724/2425 925/727/2426 943/731/2427 942/728/2428
f 925/1780/2429 926/1779/2430 944/1781/2431 943/1782/2432
f 926/743/2433 927/742/2434 945/745/2435 944/746/2436
f 927/742/2437 928/744/2438 946/747/2439 945/745/2440
f 928/1795/2441 929/1794/2442 947/1798/2443 946/1799/2444
f 929/1794/2445 930/1797/2446 948/1801/2447 947/1798/2448
f 930/1797/2449 931/1800/2450 949/1802/2451 948/1801/2452
f 931/755/2453 914/754/2454 932/756/2455 949/757/2456
f 932/3042/2457 933/3043/2458 934/3044/2459 935/3045/2460 936/3046/2461 937/3047/2462 938/3048/2463 939/3049/2464 940/3050/2465 941/3051/2466 942/3052/2467 943/3053/2468 944/3054/2469 945/3055/2470 946/3056/2471 947/3057/2472 948/3058/2473 949/3059/2474
f 578/3060/2475 577/3061/2476 576/3062/2477 575/3063/2478 574/3064/2479 573/3065/2480 572/3066/2481 571/3067/2482 570/3068/2483 569/3069/2484 568/3070/2485 567/3071/2486 566/3072/2487 565/3073/2488 583/3074/2489 582/3075/2490 581/3076/2491 580/3077/2492 579/3078/2493
f 565/1803/2494 566/1804/2495 951/1805/2496 950/1806/2497
f 566/758/2498 567/759/2499 952/760/2500 951/761/2501
f 567/759/2502 568/762/2503 953/763/2504 952/760/2505
f 568/1818/2506 569/1819/2507 954/1820/2508 953/1821/2509
f 569/1819/2510 570/1822/2511 955/1823/2512 954/1820/2513
f 570/1822/2514 571/1826/2515 956/1827/2516 955/1823/2517
f 571/1838/2518 572/1839/2519 957/1840/2520 956/1841/2521
f 572/1839/2522 573/1842/2523 958/1843/2524 957/1840/2525
f 573/1842/2526 574/1846/2527 959/1847/2528 958/1843/2529
f 574/773/2530 575/774/2531 960/775/2532 959/776/2533
f 575/1858/2534 576/1859/2535 961/1860/2536 960/1861/2537
f 576/783/2538 577/784/2539 962/785/2540 961/786/2541
f 577/784/2542 578/787/2543 963/788/2544 962/785/2545
f 578/1809/2546 565/1803/2547 950/1806/2548 963/1810/2549
f 579/1868/2550 580/1869/2551 965/1870/2552 964/1871/2553
f 580/1869/2554 581/1872/2555 966/1873/2556 965/1870/2557
f 581/1893/2558 582/1894/2559 967/1895/2560 966/1896/2561
f 582/1882/2562 583/1876/2563 968/1877/2564 967/1883/2565
f 583/1876/2566 579/1868/2567 964/1871/2568 968/1877/2569
f 950/1806/2570 951/1805/2571 970/1807/2572 969/1808/2573
f 951/761/2574 952/760/2575 971/764/2576 970/765/2577
f 952/760/2578 953/763/2579 972/766/2580 971/764/2581
f 953/1821/2582 954/1820/2583 973/1824/2584 972/1825/2585
f 954/1820/2586 955/1823/2587 974/1828/2588 973/1824/2589
f 955/1823/2590 956/1827/2591 975/1831/2592 974/1828/2593
f 956/1841/2594 957/1840/2595 976/1844/2596 975/1845/2597
f 957/1840/2598 958/1843/2599 977/1848/2600 976/1844/2601
f 958/1843/2602 959/1847/2603 978/1851/2604 977/1848/2605
f 959/776/2606 960/775/2607 979/777/2608 978/778/2609
f 960/1861/2610 961/1860/2611 980/1862/2612 979/1863/2613
f 961/786/2614 962/785/2615 981/789/2616 980/790/2617
f 962/785/2618 963/788/2619 982/791/2620 981/789/2621
f 963/1810/2622 950/1806/2623 969/1808/2624 982/1813/2625
f 964/1871/2626 965/1870/2627 984/1874/2628 983/1875/2629
f 965/1870/2630 966/1873/2631 985/1878/2632 984/1874/2633
f 966/1896/2634 967/1895/2635 986/1897/2636 985/1898/2637
f 967/1883/2638 968/1877/2639 987/1881/2640 986/1888/2641
f 968/1877/2642 964/1871/2643 983/1875/2644 987/1881/2645
f 969/1808/2646 970/1807/2647 989/1811/2648 988/1812/2649
f 970/765/2650 971/764/2651 990/767/2652 989/768/2653
f 971/764/2654 972/766/2655 991/769/2656 990/767/2657
f 972/1825/2658 973/1824/2659 992/1829/2660 991/1830/2661
f 973/1824/2662 974/1828/2663 993/1832/2664 992/1829/2665
f 974/1828/2666 975/1831/2667 994/1835/2668 993/1832/2669
f 975/1845/2670 976/1844/2671 995/1849/2672 994/1850/2673
f 976/1844/2674 977/1848/2675 996/1852/2676 995/1849/2677
f 977/1848/2678 978/1851/2679 997/1855/2680 996/1852/2681
f 978/778/2682 979/777/2683 998/779/2684 997/780/2685
f 979/1863/2686 980/1862/2687 999/1864/2688 998/1865/2689
f 980/790/2690 981/789/2691 1000/792/2692 999/793/2693
f 981/789/2694 982/791/2695 1001/794/2696 1000/792/2697
f 982/1813/2698 969/1808/2699 988/1812/2700 1001/1816/2701
f 983/1875/2702 984/1874/2703 1003/1879/2704 1002/1880/2705
f 984/1874/2706 985/1878/2707 1004/1884/2708 1003/1879/2709
f 985/1898/2710 986/1897/2711 1005/1899/2712 1004/1900/2713
f 986/1888/2714 987/1881/2715 1006/1887/2716 1005/1891/2717
f 987/1881/2718 983/1875/2719 1002/1880/2720 1006/1887/2721
f 988/1812/2722 989/1811/2723 1008/1814/2724 1007/1815/2725
f 989/768/2726 990/767/2727 1009/770/2728 1008/771/2729
f 990/767/2730 991/769/2731 1010/772/2732 1009/770/2733
f 991/1830/2734 992/1829/2735 1011/1833/2736 1010/1834/2737
f 992/1829/2738 993/1832/2739 1012/1836/2740 1011/1833/2741
f 993/1832/2742 994/1835/2743 1013/1837/2744 1012/1836/2745
f 994/1850/2746 995/1849/2747 1014/1853/2748 1013/1854/2749
f 995/1849/2750 996/1852/2751 1015/1856/2752 1014/1853/2753
f 996/1852/2754 997/1855/2755 1016/1857/2756 1015/1856/2757
f 997/780/2758 998/779/2759 1017/781/2760 1016/782/2761
f 998/1865/2762 999/1864/2763 1018/1866/2764 1017/1867/2765
f 999/793/2766 1000/792/2767 1019/795/2768 1018/796/2769
f 1000/792/2770 1001/794/2771 1020/797/2772 1019/795/2773
f 1001/1816/2774 988/1812/2775 1007/1815/2776 1020/1817/2777
f 1002/1880/2778 1003/1879/2779 1022/1885/2780 1021/1886/2781
f 1003/1879/2782 1004/1884/2783 1023/1889/2784 1022/1885/2785
f 1004/1900/2786 1005/1899/2787 1024/1901/2788 1023/1902/2789
f 1005/1891/2790 1006/1887/2791 1025/1890/2792 1024/1892/2793
f 1006/1887/2794 1002/1880/2795 1021/1886/2796 1025/1890/2797
f 1007/3079/2798 1008/3080/2799 1009/3081/2800 1010/3082/2801 1011/3083/2802 1012/3084/2803 1013/3085/2804 1014/3086/2805 1015/3087/2806 1016/3088/2807 1017/3089/2808 1018/3090/2809 1019/3091/2810 1020/3092/2811 1021/3093/2812 1022/3094/2813 1023/3095/2814 1024/3096/2815 1025/3097/2816
f 596/3098/2817 595/3099/2818 594/3100/2819 593/3101/2820 592/3102/2821 591/3103/2822 590/3104/2823 589/3105/2824 588/3106/2825 587/3107/2826 586/3108/2827 585/3109/2828 584/3110/2829 603/3111/2830 602/3112/2831 601/3113/2832 600/3114/2833 599/3115/2834 598/3116/2835 597/3117/2836 610/3118/2837 609/3119/2838 608/3120/2839 607/3121/2840 606/3122/2841 605/3123/2842 604/3124/2843
f 584/1903/2844 585/1904/2845 1027/1905/2846 1026/1906/2847
f 585/798/2848 586/799/2849 1028/800/2850 1027/801/2851
f 586/1918/2852 587/1919/2853 1029/1920/2854 1028/1921/2855
f 587/1919/2856 588/1922/2857 1030/1923/2858 1029/1920/2859
f 588/816/2860 589/808/2861 1031/811/2862 1030/817/2863
f 589/808/2864 590/809/2865 1032/810/2866 1031/811/2867
f 590/809/2868 591/812/2869 1033/813/2870 1032/810/2871
f 591/812/2872 592/818/2873 1034/819/2874 1033/813/2875
f 592/818/2876 593/824/2877 1035/825/2878 1034/819/2879
f 593/824/2880 594/831/2881 1036/832/2882 1035/825/2883
f 594/831/2884 595/837/2885 1037/838/2886 1036/832/2887
f 595/837/2888 596/842/2889 1038/843/2890 1037/838/2891
f 596/1909/2892 584/1903/2893 1026/1906/2894 1038/1910/2895
f 597/1933/2896 598/1934/2897 1040/1935/2898 1039/1936/2899
f 598/853/2900 599/854/2901 1041/855/2902 1040/856/2903
f 599/854/2904 600/857/2905 1042/858/2906 1041/855/2907
f 600/1948/2908 601/1949/2909 1043/1950/2910 1042/1951/2911
f 601/1949/2912 602/1952/2913 1044/1953/2914 1043/1950/2915
f 602/868/2916 603/869/2917 1045/870/2918 1044/871/2919
f 603/1939/2920 597/1933/2921 1039/1936/2922 1045/1940/2923
f 604/1963/2924 605/1964/2925 1047/1965/2926 1046/1966/2927
f 605/878/2928 606/879/2929 1048/880/2930 1047/881/2931
f 606/879/2932 607/882/2933 1049/883/2934 1048/880/2935
f 607/1978/2936 608/1979/2937 1050/1980/2938 1049/1981/2939
f 608/1979/2940 609/1982/2941 1051/1983/2942 1050/1980/2943
f 609/893/2944 610/894/2945 1052/895/2946 1051/896/2947
f 610/1969/2948 604/1963/2949 1046/1966/2950 1052/1970/2951
f 1026/1906/2952 1027/1905/2953 1054/1907/2954 1053/1908/2955
f 1027/801/2956 1028/800/2957 1055/802/2958 1054/803/2959
f 1028/1921/2960 1029/1920/2961 1056/1924/2962 1055/1925/2963
f 1029/1920/2964 1030/1923/2965 1057/1926/2966 1056/1924/2967
f 1030/817/2968 1031/811/2969 1058/815/2970 1057/823/2971
f 1031/811/2972 1032/810/2973 1059/814/2974 1058/815/2975
f 1032/810/2976 1033/813/2977 1060/820/2978 1059/814/2979
f 1033/813/2980 1034/819/2981 1061/826/2982 1060/820/2983
f 1034/819/2984 1035/825/2985 1062/833/2986 1061/826/2987
f 1035/825/2988 1036/832/2989 1063/839/2990 1062/833/2991
f 1036/832/2992 1037/838/2993 1064/844/2994 1063/839/2995
f 1037/838/2996 1038/843/2997 1065/847/2998 1064/844/2999
f 1038/1910/3000 1026/1906/3001 1053/1908/3002 1065/1913/3003
f 1039/1936/3004 1040/1935/3005 1067/1937/3006 1066/1938/3007
f 1040/856/3008 1041/855/3009 1068/859/3010 1067/860/3011
f 1041/855/3012 1042/858/3013 1069/861/3014 1068/859/3015
f 1042/1951/3016 1043/1950/3017 1070/1954/3018 1069/1955/3019
f 1043/1950/3020 1044/1953/3021 1071/1956/3022 1070/1954/3023
f 1044/871/3024 1045/870/3025 1072/872/3026 1071/873/3027
f 1045/1940/3028 1039/1936/3029 1066/1938/3030 1072/1943/3031
f 1046/1966/3032 1047/1965/3033 1074/1967/3034 1073/1968/3035
f 1047/881/3036 1048/880/3037 1075/884/3038 1074/885/3039
f 1048/880/3040 1049/883/3041 1076/886/3042 1075/884/3043
f 1049/1981/3044 1050/1980/3045 1077/1984/3046 1076/1985/3047
f 1050/1980/3048 1051/1983/3049 1078/1986/3050 1077/1984/3051
f 1051/896/3052 1052/895/3053 1079/897/3054 1078/898/3055
f 1052/1970/3056 1046/1966/3057 1073/1968/3058 1079/1973/3059
f 1053/1908/3060 1054/1907/3061 1081/1911/3062 1080/1912/3063
f 1054/803/3064 1055/802/3065 1082/804/3066 1081/805/3067
f 1055/1925/3068 1056/1924/3069 1083/1927/3070 1082/1928/3071
f 1056/1924/3072 1057/1926/3073 1084/1929/3074 1083/1927/3075
f 1057/823/3076 1058/815/3077 1085/822/3078 1084/830/3079
f 1058/815/3080 1059/814/3081 1086/821/3082 1085/822/3083
f 1059/814/3084 1060/820/3085 1087/827/3086 1086/821/3087
f 1060/820/3088 1061/826/3089 1088/834/3090 1087/827/3091
f 1061/826/3092 1062/833/3093 1089/840/3094 1088/834/3095
f 1062/833/3096 1063/839/3097 1090/845/3098 1089/840/3099
f 1063/839/3100 1064/844/3101 1091/848/3102 1090/845/3103
f 1064/844/3104 1065/847/3105 1092/850/3106 1091/848/3107
f 1065/1913/3108 1053/1908/3109 1080/1912/3110 1092/1916/3111
f 1066/1938/3112 1067/1937/3113 1094/1941/3114 1093/1942/3115
f 1067/860/3116 1068/859/3117 1095/862/3118 1094/863/3119
f 1068/859/3120 1069/861/3121 1096/864/3122 1095/862/3123
f 1069/1955/3124 1070/1954/3125 1097/1957/3126 1096/1958/3127
f 1070/1954/3128 1071/1956/3129 1098/1959/3130 1097/1957/3131
f 1071/873/3132 1072/872/3133 1099/874/3134 1098/875/3135
f 1072/1943/3136 1066/1938/3137 1093/1942/3138 1099/1946/3139
f 1073/1968/3140 1074/1967/3141 1101/1971/3142 1100/1972/3143
f 1074/885/3144 1075/884/3145 1102/887/3146 1101/888/3147
f 1075/884/3148 1076/886/3149 1103/889/3150 1102/887/3151
f 1076/1985/3152 1077/1984/3153 1104/1987/3154 1103/1988/3155
f 1077/1984/3156 1078/1986/3157 1105/1989/3158 1104/1987/3159
f 1078/898/3160 1079/897/3161 1106/899/3162 1105/900/3163
f 1079/1973/3164 1073/1968/3165 1100/1972/3166 1106/1976/3167
f 1080/1912/3168 1081/1911/3169 1108/1914/3170 1107/1915/3171
f 1081/805/3172 1082/804/3173 1109/806/3174 1108/807/3175
f 1082/1928/3176 1083/1927/3177 1110/1930/3178 1109/1931/3179
f 1083/1927/3180 1084/1929/3181 1111/1932/3182 1110/1930/3183
f 1084/830/3184 1085/822/3185 1112/829/3186 1111/836/3187
f 1085/822/3188 1086/821/3189 1113/828/3190 1112/829/3191
f 1086/821/3192 1087/827/3193 1114/835/3194 1113/828/3195
f 1087/827/3196 1088/834/3197 1115/841/3198 1114/835/3199
f 1088/834/3200 1089/840/3201 1116/846/3202 1115/841/3203
f 1089/840/3204 1090/845/3205 1117/849/3206 1116/846/3207
f 1090/845/3208 1091/848/3209 1118/851/3210 1117/849/3211
f 1091/848/3212 1092/850/3213 1119/852/3214 1118/851/3215
f 1092/1916/3216 1080/1912/3217 1107/1915/3218 1119/1917/3219
f 1093/1942/3220 1094/1941/3221 1121/1944/3222 1120/1945/3223
f 1094/863/3224 1095/862/3225 1122/865/3226 1121/866/3227
f 1095/862/3228 1096/864/3229 1123/867/3230 1122/865/3231
f 1096/1958/3232 1097/1957/3233 1124/1960/3234 1123/1961/3235
f 1097/1957/3236 1098/1959/3237 1125/1962/3238 1124/1960/3239
f 1098/875/3240 1099/874/3241 1126/876/3242 1125/877/3243
f 1099/1946/3244 1093/1942/3245 1120/1945/3246 1126/1947/3247
f 1100/1972/3248 1101/1971/3249 1128/1974/3250 1127/1975/3251
f 1101/888/3252 1102/887/3253 1129/890/3254 1128/891/3255
f 1102/887/3256 1103/889/3257 1130/892/3258 1129/890/3259
f 1103/1988/3260 1104/1987/3261 1131/1990/3262 1130/1991/3263
f 1104/1987/3264 1105/1989/3265 1132/1992/3266 1131/1990/3267
f 1105/900/3268 1106/899/3269 1133/901/3270 1132/902/3271
f 1106/1976/3272 1100/1972/3273 1127/1975/3274 1133/1977/3275
f 1107/3125/3276 1108/3126/3277 1109/3127/3278 1110/3128/3279 1111/3129/3280 1112/3130/3281 1113/3131/3282 1114/3132/3283 1115/3133/3284 1116/3134/3285 1117/3135/3286 1118/3136/3287 1119/3137/3288 1120/3138/3289 1121/3139/3290 1122/3140/3291 1123/3141/3292 1124/3142/3293 1125/3143/3294 1126/3144/3295 1127/3145/3296 1128/3146/3297 1129/3147/3298 1130/3148/3299 1131/3149/3300 1132/3150/3301 1133/3151/3302
f 614/3152/3303 613/3153/3304 612/3154/3305 611/3155/3306
f 611/1993/3307 612/1994/3308 1135/1995/3309 1134/1996/3310
f 612/903/3311 613/904/3312 1136/905/3313 1135/906/3314
f 613/2003/3315 614/2004/3316 1137/2005/3317 1136/2006/3318
f 614/913/3319 611/914/3320 1134/915/3321 1137/916/3322
f 1134/1996/3323 1135/1995/3324 1139/1997/3325 1138/1998/3326
f 1135/906/3327 1136/905/3328 1140/907/3329 1139/908/3330
f 1136/2006/3331 1137/2005/3332 1141/2007/3333 1140/2008/3334
f 1137/916/3335 1134/915/3336 1138/917/3337 1141/918/3338
f 1138/1998/3339 1139/1997/3340 1143/1999/3341 1142/2000/3342
f 1139/908/3343 1140/907/3344 1144/909/3345 1143/910/3346
f 1140/2008/3347 1141/2007/3348 1145/2009/3349 1144/2010/3350
f 1141/918/3351 1138/917/3352 1142/919/3353 1145/920/3354
f 1142/2000/3355 1143/1999/3356 1147/2001/3357 1146/2002/3358
f 1143/910/3359 1144/909/3360 1148/911/3361 1147/912/3362
f 1144/2010/3363 1145/2009/3364 1149/2011/3365 1148/2012/3366
f 1145/920/3367 1142/919/3368 1146/921/3369 1149/922/3370
f 1146/3156/3371 1147/3157/3372 1148/3158/3373 1149/3159/3374
f 622/3160/3375 621/3161/3376 620/3162/3377 619/3163/3378 618/3164/3379 617/3165/3380 616/3166/3381 615/3167/3382
f 615/2013/3383 616/2014/3384 1151/2015/3385 1150/2016/3386
f 616/923/3387 617/924/3388 1152/925/3389 1151/926/3390
f 617/924/3391 618/927/3392 1153/928/3393 1152/925/3394
f 618/2028/3395 619/2029/3396 1154/2030/3397 1153/2031/3398
f 619/2029/3399 620/2032/3400 1155/2033/3401 1154/2030/3402
f 620/938/3403 621/939/3404 1156/940/3405 1155/941/3406
f 621/939/3407 622/942/3408 1157/943/3409 1156/940/3410
f 622/2019/3411 615/2013/3412 1150/2016/3413 1157/2020/3414
f 1150/2016/3415 1151/2015/3416 1159/2017/3417 1158/2018/3418
f 1151/926/3419 1152/925/3420 1160/929/3421 1159/930/3422
f 1152/925/3423 1153/928/3424 1161/931/3425 1160/929/3426
f 1153/2031/3427 1154/2030/3428 1162/2034/3429 1161/2035/3430
f 1154/2030/3431 1155/2033/3432 1163/2036/3433 1162/2034/3434
f 1155/941/3435 1156/940/3436 1164/944/3437 1163/945/3438
f 1156/940/3439 1157/943/3440 1165/946/3441 1164/944/3442
f 1157/2020/3443 1150/2016/3444 1158/2018/3445 1165/2023/3446
f 1158/2018/3447 1159/2017/3448 1167/2021/3449 1166/2022/3450
f 1159/930/3451 1160/929/3452 1168/932/3453 1167/933/3454
f 1160/929/3455 1161/931/3456 1169/934/3457 1168/932/3458
f 1161/2035/3459 1162/2034/3460 1170/2037/3461 1169/2038/3462
f 1162/2034/3463 1163/2036/3464 1171/2039/3465 1170/2037/3466
f 1163/945/3467 1164/944/3468 1172/947/3469 1171/948/3470
f 1164/944/3471 1165/946/3472 1173/949/3473 1172/947/3474
f 1165/2023/3475 1158/2018/3476 1166/2022/3477 1173/2026/3478
f 1166/2022/3479 1167/2021/3480 1175/2024/3481 1174/2025/3482
f 1167/933/3483 1168/932/3484 1176/935/3485 1175/936/3486
f 1168/932/3487 1169/934/3488 1177/937/3489 1176/935/3490
f 1169/2038/3491 1170/2037/3492 1178/2040/3493 1177/2041/3494
f 1170/2037/3495 1171/2039/3496 1179/2042/3497 1178/2040/3498
f 1171/948/3499 1172/947/3500 1180/950/3501 1179/951/3502
f 1172/947/3503 1173/949/3504 1181/952/3505 1180/950/3506
f 1173/2026/3507 1166/2022/3508 1174/2025/3509 1181/2027/3510
f 1174/3168/3511 1175/3169/3512 1176/3170/3513 1177/3171/3514 1178/3172/3515 1179/3173/3516 1180/3174/3517 1181/3175/3518
f 644/3176/3519 643/3177/3520 642/3178/3521 641/3179/3522 640/3180/3523 639/3181/3524 638/3182/3525 637/3183/3526 636/3184/3527 635/3185/3528 634/3186/3529 633/3187/3530 632/3188/3531 631/3189/3532 630/3190/3533 629/3191/3534 628/3192/3535 627/3193/3536 626/3194/3537 625/3195/3538 624/3196/3539 623/3197/3540 652/3198/3541 651/3199/3542 650/3200/3543 649/3201/3544 648/3202/3545 647/3203/3546 646/3204/3547 645/3205/3548
f 623/2043/3549 624/2044/3550 1183/2045/3551 1182/2046/3552
f 624/953/3553 625/954/3554 1184/955/3555 1183/956/3556
f 625/954/3557 626/957/3558 1185/958/3559 1184/955/3560
f 626/2063/3561 627/2064/3562 1186/2065/3563 1185/2066/3564
f 627/2064/3565 628/2067/3566 1187/2068/3567 1186/2065/3568
f 628/2067/3569 629/2071/3570 1188/2072/3571 1187/2068/3572
f 629/968/3573 630/969/3574 1189/970/3575 1188/971/3576
f 630/969/3577 631/972/3578 1190/973/3579 1189/970/3580
f 631/2083/3581 632/2084/3582 1191/2085/3583 1190/2086/3584
f 632/2084/3585 633/2087/3586 1192/2088/3587 1191/2085/3588
f 633/2087/3589 634/2091/3590 1193/2092/3591 1192/2088/3592
f 634/2091/3593 635/2096/3594 1194/2097/3595 1193/2092/3596
f 635/2122/3597 636/2116/3598 1195/2117/3599 1194/2123/3600
f 636/2116/3601 637/2108/3602 1196/2111/3603 1195/2117/3604
f 637/2108/3605 638/2109/3606 1197/2110/3607 1196/2111/3608
f 638/2109/3609 639/2112/3610 1198/2113/3611 1197/2110/3612
f 639/983/3613 640/984/3614 1199/985/3615 1198/986/3616
f 640/984/3617 641/987/3618 1200/988/3619 1199/985/3620
f 641/2133/3621 642/2134/3622 1201/2135/3623 1200/2136/3624
f 642/998/3625 643/999/3626 1202/1000/3627 1201/1001/3628
f 643/2054/3629 644/2049/3630 1203/2050/3631 1202/2055/3632
f 644/2049/3633 623/2043/3634 1182/2046/3635 1203/2050/3636
f 645/2143/3637 646/2144/3638 1205/2145/3639 1204/2146/3640
f 646/1008/3641 647/1009/3642 1206/1010/3643 1205/1011/3644
f 647/1009/3645 648/1012/3646 1207/1013/3647 1206/1010/3648
f 648/2158/3649 649/2159/3650 1208/2160/3651 1207/2161/3652
f 649/2159/3653 650/2162/3654 1209/2163/3655 1208/2160/3656
f 650/1023/3657 651/1024/3658 1210/1025/3659 1209/1026/3660
f 651/1024/3661 652/1027/3662 1211/1028/3663 1210/1025/3664
f 652/2149/3665 645/2143/3666 1204/2146/3667 1211/2150/3668
f 1182/2046/3669 1183/2045/3670 1213/2047/3671 1212/2048/3672
f 1183/956/3673 1184/955/3674 1214/959/3675 1213/960/3676
f 1184/955/3677 1185/958/3678 1215/961/3679 1214/959/3680
f 1185/2066/3681 1186/2065/3682 1216/2069/3683 1215/2070/3684
f 1186/2065/3685 1187/2068/3686 1217/2073/3687 1216/2069/3688
f 1187/2068/3689 1188/2072/3690 1218/2076/3691 1217/2073/3692
f 1188/971/3693 1189/970/3694 1219/974/3695 1218/975/3696
f 1189/970/3697 1190/973/3698 1220/976/3699 1219/974/3700
f 1190/2086/3701 1191/2085/3702 1221/2089/3703 1220/2090/3704
f 1191/2085/3705 1192/2088/3706 1222/2093/3707 1221/2089/3708
f 1192/2088/3709 1193/2092/3710 1223/2098/3711 1222/2093/3712
f 1193/2092/3713 1194/2097/3714 1224/2102/3715 1223/2098/3716
f 1194/2123/3717 1195/2117/3718 1225/2121/3719 1224/2128/3720
f 1195/2117/3721 1196/2111/3722 1226/2115/3723 1225/2121/3724
f 1196/2111/3725 1197/2110/3726 1227/2114/3727 1226/2115/3728
f 1197/2110/3729 1198/2113/3730 1228/2118/3731 1227/2114/3732
f 1198/986/3733 1199/985/3734 1229/989/3735 1228/990/3736
f 1199/985/3737 1200/988/3738 1230/991/3739 1229/989/3740
f 1200/2136/3741 1201/2135/3742 1231/2137/3743 1230/2138/3744
f 1201/1001/3745 1202/1000/3746 1232/1002/3747 1231/1003/3748
f 1202/2055/3749 1203/2050/3750 1233/2053/3751 1232/2059/3752
f 1203/2050/3753 1182/2046/3754 1212/2048/3755 1233/2053/3756
f 1204/2146/3757 1205/2145/3758 1235/2147/3759 1234/2148/3760
f 1205/1011/3761 1206/1010/3762 1236/1014/3763 1235/1015/3764
f 1206/1010/3765 1207/1013/3766 1237/1016/3767 1236/1014/3768
f 1207/2161/3769 1208/2160/3770 1238/2164/3771 1237/2165/3772
f 1208/2160/3773 1209/2163/3774 1239/2166/3775 1238/2164/3776
f 1209/1026/3777 1210/1025/3778 1240/1029/3779 1239/1030/3780
f 1210/1025/3781 1211/1028/3782 1241/1031/3783 1240/1029/3784
f 1211/2150/3785 1204/2146/3786 1234/2148/3787 1241/2153/3788
f 1212/2048/3789 1213/2047/3790 1243/2051/3791 1242/2052/3792
f 1213/960/3793 1214/959/3794 1244/962/3795 1243/963/3796
f 1214/959/3797 1215/961/3798 1245/964/3799 1244/962/3800
f 1215/2070/3801 1216/2069/3802 1246/2074/3803 1245/2075/3804
f 1216/2069/3805 1217/2073/3806 1247/2077/3807 1246/2074/3808
f 1217/2073/3809 1218/2076/3810 1248/2080/3811 1247/2077/3812
f 1218/975/3813 1219/974/3814 1249/977/3815 1248/978/3816
f 1219/974/3817 1220/976/3818 1250/979/3819 1249/977/3820
f 1220/2090/3821 1221/2089/3822 1251/2094/3823 1250/2095/3824
f 1221/2089/3825 1222/2093/3826 1252/2099/3827 1251/2094/3828
f 1222/2093/3829 1223/2098/3830 1253/2103/3831 1252/2099/3832
f 1223/2098/3833 1224/2102/3834 1254/2105/3835 1253/2103/3836
f 1224/2128/3837 1225/2121/3838 1255/2127/3839 1254/2131/3840
f 1225/2121/3841 1226/2115/3842 1256/2120/3843 1255/2127/3844
f 1226/2115/3845 1227/2114/3846 1257/2119/3847 1256/2120/3848
f 1227/2114/3849 1228/2118/3850 1258/2124/3851 1257/2119/3852
f 1228/990/3853 1229/989/3854 1259/992/3855 1258/993/3856
f 1229/989/3857 1230/991/3858 1260/994/3859 1259/992/3860
f 1230/2138/3861 1231/2137/3862 1261/2139/3863 1260/2140/3864
f 1231/1003/3865 1232/1002/3866 1262/1004/3867 1261/1005/3868
f 1232/2059/3869 1233/2053/3870 1263/2058/3871 1262/2061/3872
f 1233/2053/3873 1212/2048/3874 1242/2052/3875 1263/2058/3876
f 1234/2148/3877 1235/2147/3878 1265/2151/3879 1264/2152/3880
f 1235/1015/3881 1236/1014/3882 1266/1017/3883 1265/1018/3884
f 1236/1014/3885 1237/1016/3886 1267/1019/3887 1266/1017/3888
f 1237/2165/3889 1238/2164/3890 1268/2167/3891 1267/2168/3892
f 1238/2164/3893 1239/2166/3894 1269/2169/3895 1268/2167/3896
f 1239/1030/3897 1240/1029/3898 1270/1032/3899 1269/1033/3900
f 1240/1029/3901 1241/1031/3902 1271/1034/3903 1270/1032/3904
f 1241/2153/3905 1234/2148/3906 1264/2152/3907 1271/2156/3908
f 1242/2052/3909 1243/2051/3910 1273/2056/3911 1272/2057/3912
f 1243/963/3913 1244/962/3914 1274/965/3915 1273/966/3916
f 1244/962/3917 1245/964/3918 1275/967/3919 1274/965/3920
f 1245/2075/3921 1246/2074/3922 1276/2078/3923 1275/2079/3924
f 1246/2074/3925 1247/2077/3926 1277/2081/3927 1276/2078/3928
f 1247/2077/3929 1248/2080/3930 1278/2082/3931 1277/2081/3932
f 1248/978/3933 1249/977/3934 1279/980/3935 1278/981/3936
f 1249/977/3937 1250/979/3938 1280/982/3939 1279/980/3940
f 1250/2095/3941 1251/2094/3942 1281/2100/3943 1280/2101/3944
f 1251/2094/3945 1252/2099/3946 1282/2104/3947 1281/2100/3948
f 1252/2099/3949 1253/2103/3950 1283/2106/3951 1282/2104/3952
f 1253/2103/3953 1254/2105/3954 1284/2107/3955 1283/2106/3956
f 1254/2131/3957 1255/2127/3958 1285/2130/3959 1284/2132/3960
f 1255/2127/3961 1256/2120/3962 1286/2126/3963 1285/2130/3964
f 1256/2120/3965 1257/2119/3966 1287/2125/3967 1286/2126/3968
f 1257/2119/3969 1258/2124/3970 1288/2129/3971 1287/2125/3972
f 1258/993/3973 1259/992/3974 1289/995/3975 1288/996/3976
f 1259/992/3977 1260/994/3978 1290/997/3979 1289/995/3980
f 1260/2140/3981 1261/2139/3982 1291/2141/3983 1290/2142/3984
f 1261/1005/3985 1262/1004/3986 1292/1006/3987 1291/1007/3988
f 1262/2061/3989 1263/2058/3990 1293/2060/3991 1292/2062/3992
f 1263/2058/3993 1242/2052/3994 1272/2057/3995 1293/2060/3996
f 1264/2152/3997 1265/2151/3998 1295/2154/3999 1294/2155/4000
f 1265/1018/4001 1266/1017/4002 1296/1020/4003 1295/1021/4004
f 1266/1017/4005 1267/1019/4006 1297/1022/4007 1296/1020/4008
f 1267/2168/4009 1268/2167/4010 1298/2170/4011 1297/2171/4012
f 1268/2167/4013 1269/2169/4014 1299/2172/4015 1298/2170/4016
f 1269/1033/4017 1270/1032/4018 1300/1035/4019 1299/1036/4020
f 1270/1032/4021 1271/1034/4022 1301/1037/4023 1300/1035/4024
f 1271/2156/4025 1264/2152/4026 1294/2155/4027 1301/2157/4028
f 1272/3206/4029 1273/3207/4030 1274/3208/4031 1275/3209/4032 1276/3210/4033 1277/3211/4034 1278/3212/4035 1279/3213/4036 1280/3214/4037 1281/3215/4038 1282/3216/4039 1283/3217/4040 1284/3218/4041 1285/3219/4042 1286/3220/4043 1287/3221/4044 1288/3222/4045 1289/3223/4046 1290/3224/4047 1291/3225/4048 1292/3226/4049 1293/3227/4050 1294/3228/4051 1295/3229/4052 1296/3230/4053 1297/3231/4054 1298/3232/4055 1299/3233/4056 1300/3234/4057 1301/3235/4058
f 656/3236/4059 655/3237/4060 654/3238/4061 653/3239/4062
f 653/2173/4063 654/2174/4064 1303/2175/4065 1302/2176/4066
f 654/1038/4067 655/1039/4068 1304/1040/4069 1303/1041/4070
f 655/2183/4071 656/2184/4072 1305/2185/4073 1304/2186/4074
f 656/1048/4075 653/1049/4076 1302/1050/4077 1305/1051/4078
f 1302/2176/4079 1303/2175/4080 1307/2177/4081 1306/2178/4082
f 1303/1041/4083 1304/1040/4084 1308/1042/4085 1307/1043/4086
f 1304/2186/4087 1305/2185/4088 1309/2187/4089 1308/2188/4090
f 1305/1051/4091 1302/1050/4092 1306/1052/4093 1309/1053/4094
f 1306/2178/4095 1307/2177/4096 1311/2179/4097 1310/2180/4098
f 1307/1043/4099 1308/1042/4100 1312/1044/4101 1311/1045/4102
f 1308/2188/4103 1309/2187/4104 1313/2189/4105 1312/2190/4106
f 1309/1053/4107 1306/1052/4108 1310/1054/4109 1313/1055/4110
f 1310/2180/4111 1311/2179/4112 1315/2181/4113 1314/2182/4114
f 1311/1045/4115 1312/1044/4116 1316/1046/4117 1315/1047/4118
f 1312/2190/4119 1313/2189/4120 1317/2191/4121 1316/2192/4122
f 1313/1055/4123 1310/1054/4124 1314/1056/4125 1317/1057/4126
f 1314/3240/4127 1315/3241/4128 1316/3242/4129 1317/3243/4130
f 668/3244/4131 667/3245/4132 666/3246/4133 665/3247/4134 664/3248/4135 663/3249/4136 662/3250/4137 661/3251/4138 660/3252/4139 659/3253/4140 658/3254/4141 657/3255/4142
f 657/2193/4143 658/2194/4144 1319/2195/4145 1318/2196/4146
f 658/1058/4147 659/1059/4148 1320/1060/4149 1319/1061/4150
f 659/2203/4151 660/2204/4152 1321/2205/4153 1320/2206/4154
f 660/1068/4155 661/1069/4156 1322/1070/4157 1321/1071/4158
f 661/2213/4159 662/2214/4160 1323/2215/4161 1322/2216/4162
f 662/1078/4163 663/1079/4164 1324/1080/4165 1323/1081/4166
f 663/2223/4167 664/2224/4168 1325/2225/4169 1324/2226/4170
f 664/1088/4171 665/1089/4172 1326/1090/4173 1325/1091/4174
f 665/2233/4175 666/2234/4176 1327/2235/4177 1326/2236/4178
f 666/1098/4179 667/1099/4180 1328/1100/4181 1327/1101/4182
f 667/2243/4183 668/2244/4184 1329/2245/4185 1328/2246/4186
f 668/1108/4187 657/1109/4188 1318/1110/4189 1329/1111/4190
f 1318/2196/4191 1319/2195/4192 1331/2197/4193 1330/2198/4194
f 1319/1061/4195 1320/1060/4196 1332/1062/4197 1331/1063/4198
f 1320/2206/4199 1321/2205/4200 1333/2207/4201 1332/2208/4202
f 1321/1071/4203 1322/1070/4204 1334/1072/4205 1333/1073/4206
f 1322/2216/4207 1323/2215/4208 1335/2217/4209 1334/2218/4210
f 1323/1081/4211 1324/1080/4212 1336/1082/4213 1335/1083/4214
f 1324/2226/4215 1325/2225/4216 1337/2227/4217 1336/2228/4218
f 1325/1091/4219 1326/1090/4220 1338/1092/4221 1337/1093/4222
f 1326/2236/4223 1327/2235/4224 1339/2237/4225 1338/2238/4226
f 1327/1101/4227 1328/1100/4228 1340/1102/4229 1339/1103/4230
f 1328/2246/4231 1329/2245/4232 1341/2247/4233 1340/2248/4234
f 1329/1111/4235 1318/1110/4236 1330/1112/4237 1341/1113/4238
f 1330/2198/4239 1331/2197/4240 1343/2199/4241 1342/2200/4242
f 1331/1063/4243 1332/1062/4244 1344/1064/4245 1343/1065/4246
f 1332/2208/4247 1333/2207/4248 1345/2209/4249 1344/2210/4250
f 1333/1073/4251 1334/1072/4252 1346/1074/4253 1345/1075/4254
f 1334/2218/4255 1335/2217/4256 1347/2219/4257 1346/2220/4258
f 1335/1083/4259 1336/1082/4260 1348/1084/4261 1347/1085/4262
f 1336/2228/4263 1337/2227/4264 1349/2229/4265 1348/2230/4266
f 1337/1093/4267 1338/1092/4268 1350/1094/4269 1349/1095/4270
f 1338/2238/4271 1339/2237/4272 1351/2239/4273 1350/2240/4274
f 1339/1103/4275 1340/1102/4276 1352/1104/4277 1351/1105/4278
f 1340/2248/4279 1341/2247/4280 1353/2249/4281 1352/2250/4282
f 1341/1113/4283 1330/1112/4284 1342/1114/4285 1353/1115/4286
f 1342/2200/4287 1343/2199/4288 1355/2201/4289 1354/2202/4290
f 1343/1065/4291 1344/1064/4292 1356/1066/4293 1355/1067/4294
f 1344/2210/4295 1345/2209/4296 1357/2211/4297 1356/2212/4298
f 1345/1075/4299 1346/1074/4300 1358/1076/4301 1357/1077/4302
f 1346/2220/4303 1347/2219/4304 1359/2221/4305 1358/2222/4306
f 1347/1085/4307 1348/1084/4308 1360/1086/4309 1359/1087/4310
f 1348/2230/4311 1349/2229/4312 1361/2231/4313 1360/2232/4314
f 1349/1095/4315 1350/1094/4316 1362/1096/4317 1361/1097/4318
f 1350/2240/4319 1351/2239/4320 1363/2241/4321 1362/2242/4322
f 1351/1105/4323 1352/1104/4324 1364/1106/4325 1363/1107/4326
f 1352/2250/4327 1353/2249/4328 1365/2251/4329 1364/2252/4330
f 1353/1115/4331 1342/1114/4332 1354/1116/4333 1365/1117/4334
f 1354/3256/4335 1355/3257/4336 1356/3258/4337 1357/3259/4338 1358/3260/4339 1359/3261/4340 1360/3262/4341 1361/3263/4342 1362/3264/4343 1363/3265/4344 1364/3266/4345 1365/3267/4346
f 672/3268/4347 671/3269/4348 670/3270/4349 669/3271/4350
f 669/2253/4351 670/2254/4352 1367/2255/4353 1366/2256/4354
f 670/1118/4355 671/1119/4356 1368/1120/4357 1367/1121/4358
f 671/2263/4359 672/2264/4360 1369/2265/4361 1368/2266/4362
f 672/1128/4363 669/1129/4364 1366/1130/4365 1369/1131/4366
f 1366/2256/4367 1367/2255/4368 1371/2257/4369 1370/2258/4370
f 1367/1121/4371 1368/1120/4372 1372/1122/4373 1371/1123/4374
f 1368/2266/4375 1369/2265/4376 1373/2267/4377 1372/2268/4378
f 1369/1131/4379 1366/1130/4380 1370/1132/4381 1373/1133/4382
f 1370/2258/4383 1371/2257/4384 1375/2259/4385 1374/2260/4386
f 1371/1123/4387 1372/1122/4388 1376/1124/4389 1375/1125/4390
f 1372/2268/4391 1373/2267/4392 1377/2269/4393 1376/2270/4394
f 1373/1133/4395 1370/1132/4396 1374/1134/4397 1377/1135/4398
f 1374/2260/4399 1375/2259/4400 1379/2261/4401 1378/2262/4402
f 1375/1125/4403 1376/1124/4404 1380/1126/4405 1379/1127/4406
f 1376/2270/4407 1377/2269/4408 1381/2271/4409 1380/2272/4410
f 1377/1135/4411 1374/1134/4412 1378/1136/4413 1381/1137/4414
f 1378/3272/4415 1379/3273/4416 1380/3274/4417 1381/3275/4418
f 696/3276/4419 695/3277/4420 694/3278/4421 693/3279/4422 692/3280/4423 691/3281/4424 690/3282/4425 689/3283/4426 688/3284/4427 687/3285/4428 686/3286/4429 685/3287/4430 684/3288/4431 683/3289/4432 682/3290/4433 681/3291/4434 680/3292/4435 679/3293/4436 678/3294/4437 677/3295/4438 676/3296/4439 675/3297/4440 674/3298/4441 673/3299/4442
f 673/2273/4443 674/2274/4444 1383/2275/4445 1382/2276/4446
f 674/1138/4447 675/1139/4448 1384/1140/4449 1383/1141/4450
f 675/1139/4451 676/1142/4452 1385/1143/4453 1384/1140/4454
f 676/2293/4455 677/2294/4456 1386/2295/4457 1385/2296/4458
f 677/1159/4459 678/1153/4460 1387/1156/4461 1386/1160/4462
f 678/1153/4463 679/1154/4464 1388/1155/4465 1387/1156/4466
f 679/2303/4467 680/2304/4468 1389/2305/4469 1388/2306/4470
f 680/2304/4471 681/2307/4472 1390/2308/4473 1389/2305/4474
f 681/2307/4475 682/2311/4476 1391/2312/4477 1390/2308/4478
f 682/2311/4479 683/2316/4480 1392/2317/4481 1391/2312/4482
f 683/2328/4483 684/2329/4484 1393/2330/4485 1392/2331/4486
f 684/2329/4487 685/2332/4488 1394/2333/4489 1393/2330/4490
f 685/1168/4491 686/1169/4492 1395/1170/4493 1394/1171/4494
f 686/1169/4495 687/1172/4496 1396/1173/4497 1395/1170/4498
f 687/1172/4499 688/1176/4500 1397/1177/4501 1396/1173/4502
f 688/2343/4503 689/2344/4504 1398/2345/4505 1397/2346/4506
f 689/1196/4507 690/1188/4508 1399/1191/4509 1398/1197/4510
f 690/1188/4511 691/1189/4512 1400/1190/4513 1399/1191/4514
f 691/1189/4515 692/1192/4516 1401/1193/4517 1400/1190/4518
f 692/2353/4519 693/2354/4520 1402/2355/4521 1401/2356/4522
f 693/2354/4523 694/2357/4524 1403/2358/4525 1402/2355/4526
f 694/2357/4527 695/2361/4528 1404/2362/4529 1403/2358/4530
f 695/2284/4531 696/2279/4532 1405/2280/4533 1404/2285/4534
f 696/2279/4535 673/2273/4536 1382/2276/4537 1405/2280/4538
f 1382/2276/4539 1383/2275/4540 1407/2277/4541 1406/2278/4542
f 1383/1141/4543 1384/1140/4544 1408/1144/4545 1407/1145/4546
f 1384/1140/4547 1385/1143/4548 1409/1146/4549 1408/1144/4550
f 1385/2296/4551 1386/2295/4552 1410/2297/4553 1409/2298/4554
f 1386/1160/4555 1387/1156/4556 1411/1158/4557 1410/1163/4558
f 1387/1156/4559 1388/1155/4560 1412/1157/4561 1411/1158/4562
f 1388/2306/4563 1389/2305/4564 1413/2309/4565 1412/2310/4566
f 1389/2305/4567 1390/2308/4568 1414/2313/4569 1413/2309/4570
f 1390/2308/4571 1391/2312/4572 1415/2318/4573 1414/2313/4574
f 1391/2312/4575 1392/2317/4576 1416/2322/4577 1415/2318/4578
f 1392/2331/4579 1393/2330/4580 1417/2334/4581 1416/2335/4582
f 1393/2330/4583 1394/2333/4584 1418/2336/4585 1417/2334/4586
f 1394/1171/4587 1395/1170/4588 1419/1174/4589 1418/1175/4590
f 1395/1170/4591 1396/1173/4592 1420/1178/4593 1419/1174/4594
f 1396/1173/4595 1397/1177/4596 1421/1181/4597 1420/1178/4598
f 1397/2346/4599 1398/2345/4600 1422/2347/4601 1421/2348/4602
f 1398/1197/4603 1399/1191/4604 1423/1195/4605 1422/1201/4606
f 1399/1191/4607 1400/1190/4608 1424/1194/4609 1423/1195/4610
f 1400/1190/4611 1401/1193/4612 1425/1198/4613 1424/1194/4614
f 1401/2356/4615 1402/2355/4616 1426/2359/4617 1425/2360/4618
f 1402/2355/4619 1403/2358/4620 1427/2363/4621 1426/2359/4622
f 1403/2358/4623 1404/2362/4624 1428/2366/4625 1427/2363/4626
f 1404/2285/4627 1405/2280/4628 1429/2283/4629 1428/2289/4630
f 1405/2280/4631 1382/2276/4632 1406/2278/4633 1429/2283/4634
f 1406/2278/4635 1407/2277/4636 1431/2281/4637 1430/2282/4638
f 1407/1145/4639 1408/1144/4640 1432/1147/4641 1431/1148/4642
f 1408/1144/4643 1409/1146/4644 1433/1149/4645 1432/1147/4646
f 1409/2298/4647 1410/2297/4648 1434/2299/4649 1433/2300/4650
f 1410/1163/4651 1411/1158/4652 1435/1162/4653 1434/1166/4654
f 1411/1158/4655 1412/1157/4656 1436/1161/4657 1435/1162/4658
f 1412/2310/4659 1413/2309/4660 1437/2314/4661 1436/2315/4662
f 1413/2309/4663 1414/2313/4664 1438/2319/4665 1437/2314/4666
f 1414/2313/4667 1415/2318/4668 1439/2323/4669 1438/2319/4670
f 1415/2318/4671 1416/2322/4672 1440/2325/4673 1439/2323/4674
f 1416/2335/4675 1417/2334/4676 1441/2337/4677 1440/2338/4678
f 1417/2334/4679 1418/2336/4680 1442/2339/4681 1441/2337/4682
f 1418/1175/4683 1419/1174/4684 1443/1179/4685 1442/1180/4686
f 1419/1174/4687 1420/1178/4688 1444/1182/4689 1443/1179/4690
f 1420/1178/4691 1421/1181/4692 1445/1185/4693 1444/1182/4694
f 1421/2348/4695 1422/2347/4696 1446/2349/4697 1445/2350/4698
f 1422/1201/4699 1423/1195/4700 1447/1200/4701 1446/1205/4702
f 1423/1195/4703 1424/1194/4704 1448/1199/4705 1447/1200/4706
f 1424/1194/4707 1425/1198/4708 1449/1202/4709 1448/1199/4710
f 1425/2360/4711 1426/2359/4712 1450/2364/4713 1449/2365/4714
f 1426/2359/4715 1427/2363/4716 1451/2367/4717 1450/2364/4718
f 1427/2363/4719 1428/2366/4720 1452/2370/4721 1451/2367/4722
f 1428/2289/4723 1429/2283/4724 1453/2288/4725 1452/2291/4726
f 1429/2283/4727 1406/2278/4728 1430/2282/4729 1453/2288/4730
f 1430/2282/4731 1431/2281/4732 1455/2286/4733 1454/2287/4734
f 1431/1148/4735 1432/1147/4736 1456/1150/4737 1455/1151/4738
f 1432/1147/4739 1433/1149/4740 1457/1152/4741 1456/1150/4742
f 1433/2300/4743 1434/2299/4744 1458/2301/4745 1457/2302/4746
f 1434/1166/4747 1435/1162/4748 1459/1165/4749 1458/1167/4750
f 1435/1162/4751 1436/1161/4752 1460/1164/4753 1459/1165/4754
f 1436/2315/4755 1437/2314/4756 1461/2320/4757 1460/2321/4758
f 1437/2314/4759 1438/2319/4760 1462/2324/4761 1461/2320/4762
f 1438/2319/4763 1439/2323/4764 1463/2326/4765 1462/2324/4766
f 1439/2323/4767 1440/2325/4768 1464/2327/4769 1463/2326/4770
f 1440/2338/4771 1441/2337/4772 1465/2340/4773 1464/2341/4774
f 1441/2337/4775 1442/2339/4776 1466/2342/4777 1465/2340/4778
f 1442/1180/4779 1443/1179/4780 1467/1183/4781 1466/1184/4782
f 1443/1179/4783 1444/1182/4784 1468/1186/4785 1467/1183/4786
f 1444/1182/4787 1445/1185/4788 1469/1187/4789 1468/1186/4790
f 1445/2350/4791 1446/2349/4792 1470/2351/4793 1469/2352/4794
f 1446/1205/4795 1447/1200/4796 1471/1204/4797 1470/1207/4798
f 1447/1200/4799 1448/1199/4800 1472/1203/4801 1471/1204/4802
f 1448/1199/4803 1449/1202/4804 1473/1206/4805 1472/1203/4806
f 1449/2365/4807 1450/2364/4808 1474/2368/4809 1473/2369/4810
f 1450/2364/4811 1451/2367/4812 1475/2371/4813 1474/2368/4814
f 1451/2367/4815 1452/2370/4816 1476/2372/4817 1475/2371/4818
f 1452/2291/4819 1453/2288/4820 1477/2290/4821 1476/2292/4822
f 1453/2288/4823 1430/2282/4824 1454/2287/4825 1477/2290/4826
f 1454/3300/4827 1455/3301/4828 1456/3302/4829 1457/3303/4830 1458/3304/4831 1459/3305/4832 1460/3306/4833 1461/3307/4834 1462/3308/4835 1463/3309/4836 1464/3310/4837 1465/3311/4838 1466/3312/4839 1467/3313/4840 1468/3314/4841 1469/3315/4842 1470/3316/4843 1471/3317/4844 1472/3318/4845 1473/3319/4846 1474/3320/4847 1475/3321/4848 1476/3322/4849 1477/3323/4850
f 709/3324/4851 708/3325/4852 707/3326/4853 706/3327/4854 705/3328/4855 704/3329/4856 703/3330/4857 702/3331/4858 701/3332/4859 700/3333/4860 699/3334/4861 698/3335/4862 697/3336/4863 717/3337/4864 716/3338/4865 715/3339/4866 714/3340/4867 713/3341/4868 712/3342/4869 711/3343/4870 710/3344/4871
f 697/2373/4872 698/2374/4873 1479/2375/4874 1478/2376/4875
f 698/1208/4876 699/1209/4877 1480/1210/4878 1479/1211/4879
f 699/2388/4880 700/2389/4881 1481/2390/4882 1480/2391/4883
f 700/1218/4884 701/1219/4885 1482/1220/4886 1481/1221/4887
f 701/2398/4888 702/2399/4889 1483/2400/4890 1482/2401/4891
f 702/1228/4892 703/1229/4893 1484/1230/4894 1483/1231/4895
f 703/2408/4896 704/2409/4897 1485/2410/4898 1484/2411/4899
f 704/1238/4900 705/1239/4901 1486/1240/4902 1485/1241/4903
f 705/1239/4904 706/1242/4905 1487/1243/4906 1486/1240/4907
f 706/1242/4908 707/1246/4909 1488/1247/4910 1487/1243/4911
f 707/1246/4912 708/1251/4913 1489/1252/4914 1488/1247/4915
f 708/1251/4916 709/1257/4917 1490/1258/4918 1489/1252/4919
f 709/2379/4920 697/2373/4921 1478/2376/4922 1490/2380/4923
f 710/2418/4924 711/2419/4925 1492/2420/4926 1491/2421/4927
f 711/1276/4928 712/1268/4929 1493/1271/4930 1492/1277/4931
f 712/1268/4932 713/1269/4933 1494/1270/4934 1493/1271/4935
f 713/1269/4936 714/1272/4937 1495/1273/4938 1494/1270/4939
f 714/2433/4940 715/2434/4941 1496/2435/4942 1495/2436/4943
f 715/2434/4944 716/2437/4945 1497/2438/4946 1496/2435/4947
f 716/1288/4948 717/1289/4949 1498/1290/4950 1497/1291/4951
f 717/2424/4952 710/2418/4953 1491/2421/4954 1498/2425/4955
f 1478/2376/4956 1479/2375/4957 1500/2377/4958 1499/2378/4959
f 1479/1211/4960 1480/1210/4961 1501/1212/4962 1500/1213/4963
f 1480/2391/4964 1481/2390/4965 1502/2392/4966 1501/2393/4967
f 1481/1221/4968 1482/1220/4969 1503/1222/4970 1502/1223/4971
f 1482/2401/4972 1483/2400/4973 1504/2402/4974 1503/2403/4975
f 1483/1231/4976 1484/1230/4977 1505/1232/4978 1504/1233/4979
f 1484/2411/4980 1485/2410/4981 1506/2412/4982 1505/2413/4983
f 1485/1241/4984 1486/1240/4985 1507/1244/4986 1506/1245/4987
f 1486/1240/4988 1487/1243/4989 1508/1248/4990 1507/1244/4991
f 1487/1243/4992 1488/1247/4993 1509/1253/4994 1508/1248/4995
f 1488/1247/4996 1489/1252/4997 1510/1259/4998 1509/1253/4999
f 1489/1252/5000 1490/1258/5001 1511/1262/5002 1510/1259/5003
f 1490/2380/5004 1478/2376/5005 1499/2378/5006 1511/2383/5007
f 1491/2421/5008 1492/2420/5009 1513/2422/5010 1512/2423/5011
f 1492/1277/5012 1493/1271/5013 1514/1275/5014 1513/1281/5015
f 1493/1271/5016 1494/1270/5017 1515/1274/5018 1514/1275/5019
f 1494/1270/5020 1495/1273/5021 1516/1278/5022 1515/1274/5023
f 1495/2436/5024 1496/2435/5025 1517/2439/5026 1516/2440/5027
f 1496/2435/5028 1497/2438/5029 1518/2441/5030 1517/2439/5031
f 1497/1291/5032 1498/1290/5033 1519/1292/5034 1518/1293/5035
f 1498/2425/5036 1491/2421/5037 1512/2423/5038 1519/2428/5039
f 1499/2378/5040 1500/2377/5041 1521/2381/5042 1520/2382/5043
f 1500/1213/5044 1501/1212/5045 1522/1214/5046 1521/1215/5047
f 1501/2393/5048 1502/2392/5049 1523/2394/5050 1522/2395/5051
f 1502/1223/5052 1503/1222/5053 1524/1224/5054 1523/1225/5055
f 1503/2403/5056 1504/2402/5057 1525/2404/5058 1524/2405/5059
f 1504/1233/5060 1505/1232/5061 1526/1234/5062 1525/1235/5063
f 1505/2413/5064 1506/2412/5065 1527/2414/5066 1526/2415/5067
f 1506/1245/5068 1507/1244/5069 1528/1249/5070 1527/1250/5071
f 1507/1244/5072 1508/1248/5073 1529/1254/5074 1528/1249/5075
f 1508/1248/5076 1509/1253/5077 1530/1260/5078 1529/1254/5079
f 1509/1253/5080 1510/1259/5081 1531/1263/5082 1530/1260/5083
f 1510/1259/5084 1511/1262/5085 1532/1265/5086 1531/1263/5087
f 1511/2383/5088 1499/2378/5089 1520/2382/5090 1532/2386/5091
f 1512/2423/5092 1513/2422/5093 1534/2426/5094 1533/2427/5095
f 1513/1281/5096 1514/1275/5097 1535/1280/5098 1534/1285/5099
f 1514/1275/5100 1515/1274/5101 1536/1279/5102 1535/1280/5103
f 1515/1274/5104 1516/1278/5105 1537/1282/5106 1536/1279/5107
f 1516/2440/5108 1517/2439/5109 1538/2442/5110 1537/2443/5111
f 1517/2439/5112 1518/2441/5113 1539/2444/5114 1538/2442/5115
f 1518/1293/5116 1519/1292/5117 1540/1294/5118 1539/1295/5119
f 1519/2428/5120 1512/2423/5121 1533/2427/5122 1540/2431/5123
f 1520/2382/5124 1521/2381/5125 1542/2384/5126 1541/2385/5127
f 1521/1215/5128 1522/1214/5129 1543/1216/5130 1542/1217/5131
f 1522/2395/5132 1523/2394/5133 1544/2396/5134 1543/2397/5135
f 1523/1225/5136 1524/1224/5137 1545/1226/5138 1544/1227/5139
f 1524/2405/5140 1525/2404/5141 1546/2406/5142 1545/2407/5143
f 1525/1235/5144 1526/1234/5145 1547/1236/5146 1546/1237/5147
f 1526/2415/5148 1527/2414/5149 1548/2416/5150 1547/2417/5151
f 1527/1250/5152 1528/1249/5153 1549/1255/5154 1548/1256/5155
f 1528/1249/5156 1529/1254/5157 1550/1261/5158 1549/1255/5159
f 1529/1254/5160 1530/1260/5161 1551/1264/5162 1550/1261/5163
f 1530/1260/5164 1531/1263/5165 1552/1266/5166 1551/1264/5167
f 1531/1263/5168 1532/1265/5169 1553/1267/5170 1552/1266/5171
f 1532/2386/5172 1520/2382/5173 1541/2385/5174 1553/2387/5175
f 1533/2427/5176 1534/2426/5177 1555/2429/5178 1554/2430/5179
f 1534/1285/5180 1535/1280/5181 1556/1284/5182 1555/1287/5183
f 1535/1280/5184 1536/1279/5185 1557/1283/5186 1556/1284/5187
f 1536/1279/5188 1537/1282/5189 1558/1286/5190 1557/1283/5191
f 1537/2443/5192 1538/2442/5193 1559/2445/5194 1558/2446/5195
f 1538/2442/5196 1539/2444/5197 1560/2447/5198 1559/2445/5199
f 1539/1295/5200 1540/1294/5201 1561/1296/5202 1560/1297/5203
f 1540/2431/5204 1533/2427/5205 1554/2430/5206 1561/2432/5207
f 1541/3345/5208 1542/3346/5209 1543/3347/5210 1544/3348/5211 1545/3349/5212 1546/3350/5213 1547/3351/5214 1548/3352/5215 1549/3353/5216 1550/3354/5217 1551/3355/5218 1552/3356/5219 1553/3357/5220 1554/3358/5221 1555/3359/5222 1556/3360/5223 1557/3361/5224 1558/3362/5225 1559/3363/5226 1560/3364/5227 1561/3365/5228
f 731/3366/5229 730/3367/5230 729/3368/5231 728/3369/5232 727/3370/5233 726/3371/5234 725/3372/5235 724/3373/5236 723/3374/5237 722/3375/5238 721/3376/5239 720/3377/5240 719/3378/5241 718/3379/5242 736/3380/5243 735/3381/5244 734/3382/5245 733/3383/5246 732/3384/5247
f 718/2448/5248 719/2449/5249 1563/2450/5250 1562/2451/5251
f 719/1298/5252 720/1299/5253 1564/1300/5254 1563/1301/5255
f 720/1299/5256 721/1302/5257 1565/1303/5258 1564/1300/5259
f 721/2463/5260 722/2464/5261 1566/2465/5262 1565/2466/5263
f 722/2464/5264 723/2467/5265 1567/2468/5266 1566/2465/5267
f 723/2467/5268 724/2471/5269 1568/2472/5270 1567/2468/5271
f 724/2483/5272 725/2484/5273 1569/2485/5274 1568/2486/5275
f 725/2484/5276 726/2487/5277 1570/2488/5278 1569/2485/5279
f 726/2487/5280 727/2491/5281 1571/2492/5282 1570/2488/5283
f 727/1313/5284 728/1314/5285 1572/1315/5286 1571/1316/5287
f 728/2503/5288 729/2504/5289 1573/2505/5290 1572/2506/5291
f 729/1323/5292 730/1324/5293 1574/1325/5294 1573/1326/5295
f 730/1324/5296 731/1327/5297 1575/1328/5298 1574/1325/5299
f 731/2454/5300 718/2448/5301 1562/2451/5302 1575/2455/5303
f 732/2513/5304 733/2514/5305 1577/2515/5306 1576/2516/5307
f 733/2514/5308 734/2517/5309 1578/2518/5310 1577/2515/5311
f 734/2538/5312 735/2539/5313 1579/2540/5314 1578/2541/5315
f 735/2527/5316 736/2521/5317 1580/2522/5318 1579/2528/5319
f 736/2521/5320 732/2513/5321 1576/2516/5322 1580/2522/5323
f 1562/2451/5324 1563/2450/5325 1582/2452/5326 1581/2453/5327
f 1563/1301/5328 1564/1300/5329 1583/1304/5330 1582/1305/5331
f 1564/1300/5332 1565/1303/5333 1584/1306/5334 1583/1304/5335
f 1565/2466/5336 1566/2465/5337 1585/2469/5338 1584/2470/5339
f 1566/2465/5340 1567/2468/5341 1586/2473/5342 1585/2469/5343
f 1567/2468/5344 1568/2472/5345 1587/2476/5346 1586/2473/5347
f 1568/2486/5348 1569/2485/5349 1588/2489/5350 1587/2490/5351
f 1569/2485/5352 1570/2488/5353 1589/2493/5354 1588/2489/5355
f 1570/2488/5356 1571/2492/5357 1590/2496/5358 1589/2493/5359
f 1571/1316/5360 1572/1315/5361 1591/1317/5362 1590/1318/5363
f 1572/2506/5364 1573/2505/5365 1592/2507/5366 1591/2508/5367
f 1573/1326/5368 1574/1325/5369 1593/1329/5370 1592/1330/5371
f 1574/1325/5372 1575/1328/5373 1594/1331/5374 1593/1329/5375
f 1575/2455/5376 1562/2451/5377 1581/2453/5378 1594/2458/5379
f 1576/2516/5380 1577/2515/5381 1596/2519/5382 1595/2520/5383
f 1577/2515/5384 1578/2518/5385 1597/2523/5386 1596/2519/5387
f 1578/2541/5388 1579/2540/5389 1598/2542/5390 1597/2543/5391
f 1579/2528/5392 1580/2522/5393 1599/2526/5394 1598/2533/5395
f 1580/2522/5396 1576/2516/5397 1595/2520/5398 1599/2526/5399
f 1581/2453/5400 1582/2452/5401 1601/2456/5402 1600/2457/5403
f 1582/1305/5404 1583/1304/5405 1602/1307/5406 1601/1308/5407
f 1583/1304/5408 1584/1306/5409 1603/1309/5410 1602/1307/5411
f 1584/2470/5412 1585/2469/5413 1604/2474/5414 1603/2475/5415
f 1585/2469/5416 1586/2473/5417 1605/2477/5418 1604/2474/5419
f 1586/2473/5420 1587/2476/5421 1606/2480/5422 1605/2477/5423
f 1587/2490/5424 1588/2489/5425 1607/2494/5426 1606/2495/5427
f 1588/2489/5428 1589/2493/5429 1608/2497/5430 1607/2494/5431
f 1589/2493/5432 1590/2496/5433 1609/2500/5434 1608/2497/5435
f 1590/1318/5436 1591/1317/5437 1610/1319/5438 1609/1320/5439
f 1591/2508/5440 1592/2507/5441 1611/2509/5442 1610/2510/5443
f 1592/1330/5444 1593/1329/5445 1612/1332/5446 1611/1333/5447
f 1593/1329/5448 1594/1331/5449 1613/1334/5450 1612/1332/5451
f 1594/2458/5452 1581/2453/5453 1600/2457/5454 1613/2461/5455
f 1595/2520/5456 1596/2519/5457 1615/2524/5458 1614/2525/5459
f 1596/2519/5460 1597/2523/5461 1616/2529/5462 1615/2524/5463
f 1597/2543/5464 1598/2542/5465 1617/2544/5466 1616/2545/5467
f 1598/2533/5468 1599/2526/5469 1618/2532/5470 1617/2536/5471
f 1599/2526/5472 1595/2520/5473 1614/2525/5474 1618/2532/5475
f 1600/2457/5476 1601/2456/5477 1620/2459/5478 1619/2460/5479
f 1601/1308/5480 1602/1307/5481 1621/1310/5482 1620/1311/5483
f 1602/1307/5484 1603/1309/5485 1622/1312/5486 1621/1310/5487
f 1603/2475/5488 1604/2474/5489 1623/2478/5490 1622/2479/5491
f 1604/2474/5492 1605/2477/5493 1624/2481/5494 1623/2478/5495
f 1605/2477/5496 1606/2480/5497 1625/2482/5498 1624/2481/5499
f 1606/2495/5500 1607/2494/5501 1626/2498/5502 1625/2499/5503
f 1607/2494/5504 1608/2497/5505 1627/2501/5506 1626/2498/5507
f 1608/2497/5508 1609/2500/5509 1628/2502/5510 1627/2501/5511
f 1609/1320/5512 1610/1319/5513 1629/1321/5514 1628/1322/5515
f 1610/2510/5516 1611/2509/5517 1630/2511/5518 1629/2512/5519
f 1611/1333/5520 1612/1332/5521 1631/1335/5522 1630/1336/5523
f 1612/1332/5524 1613/1334/5525 1632/1337/5526 1631/1335/5527
f 1613/2461/5528 1600/2457/5529 1619/2460/5530 1632/2462/5531
f 1614/2525/5532 1615/2524/5533 1634/2530/5534 1633/2531/5535
f 1615/2524/5536 1616/2529/5537 1635/2534/5538 1634/2530/5539
f 1616/2545/5540 1617/2544/5541 1636/2546/5542 1635/2547/5543
f 1617/2536/5544 1618/2532/5545 1637/2535/5546 1636/2537/5547
f 1618/2532/5548 1614/2525/5549 1633/2531/5550 1637/2535/5551
f 1619/3385/5552 1620/3386/5553 1621/3387/5554 1622/3388/5555 1623/3389/5556 1624/3390/5557 1625/3391/5558 1626/3392/5559 1627/3393/5560 1628/3394/5561 1629/3395/5562 1630/3396/5563 1631/3397/5564 1632/3398/5565 1633/3399/5566 1634/3400/5567 1635/3401/5568 1636/3402/5569 1637/3403/5570
f 758/3404/5571 757/3405/5572 756/3406/5573 755/3407/5574 754/3408/5575 753/3409/5576 752/3410/5577 751/3411/5578 750/3412/5579 749/3413/5580 748/3414/5581 747/3415/5582 746/3416/5583 745/3417/5584 744/3418/5585 743/3419/5586 742/3420/5587 741/3421/5588 740/3422/5589 739/3423/5590 738/3424/5591 737/3425/5592 766/3426/5593 765/3427/5594 764/3428/5595 763/3429/5596 762/3430/5597 761/3431/5598 760/3432/5599 759/3433/5600
f 737/2548/5601 738/2549/5602 1639/2550/5603 1638/2551/5604
f 738/1338/5605 739/1339/5606 1640/1340/5607 1639/1341/5608
f 739/1339/5609 740/1342/5610 1641/1343/5611 1640/1340/5612
f 740/2568/5613 741/2569/5614 1642/2570/5615 1641/2571/5616
f 741/2569/5617 742/2572/5618 1643/2573/5619 1642/2570/5620
f 742/2572/5621 743/2576/5622 1644/2577/5623 1643/2573/5624
f 743/1353/5625 744/1354/5626 1645/1355/5627 1644/1356/5628
f 744/1354/5629 745/1357/5630 1646/1358/5631 1645/1355/5632
f 745/2588/5633 746/2589/5634 1647/2590/5635 1646/2591/5636
f 746/2589/5637 747/2592/5638 1648/2593/5639 1647/2590/5640
f 747/2592/5641 748/2596/5642 1649/2597/5643 1648/2593/5644
f 748/2596/5645 749/2601/5646 1650/2602/5647 1649/2597/5648
f 749/2627/5649 750/2621/5650 1651/2622/5651 1650/2628/5652
f 750/2621/5653 751/2613/5654 1652/2616/5655 1651/2622/5656
f 751/2613/5657 752/2614/5658 1653/2615/5659 1652/2616/5660
f 752/2614/5661 753/2617/5662 1654/2618/5663 1653/2615/5664
f 753/1368/5665 754/1369/5666 1655/1370/5667 1654/1371/5668
f 754/1369/5669 755/1372/5670 1656/1373/5671 1655/1370/5672
f 755/2638/5673 756/2639/5674 1657/2640/5675 1656/2641/5676
f 756/1383/5677 757/1384/5678 1658/1385/5679 1657/1386/5680
f 757/2559/5681 758/2554/5682 1659/2555/5683 1658/2560/5684
f 758/2554/5685 737/2548/5686 1638/2551/5687 1659/2555/5688
f 759/2648/5689 760/2649/5690 1661/2650/5691 1660/2651/5692
f 760/1393/5693 761/1394/5694 1662/1395/5695 1661/1396/5696
f 761/1394/5697 762/1397/5698 1663/1398/5699 1662/1395/5700
f 762/2663/5701 763/2664/5702 1664/2665/5703 1663/2666/5704
f 763/2664/5705 764/2667/5706 1665/2668/5707 1664/2665/5708
f 764/1408/5709 765/1409/5710 1666/1410/5711 1665/1411/5712
f 765/1409/5713 766/1412/5714 1667/1413/5715 1666/1410/5716
f 766/2654/5717 759/2648/5718 1660/2651/5719 1667/2655/5720
f 1638/2551/5721 1639/2550/5722 1669/2552/5723 1668/2553/5724
f 1639/1341/5725 1640/1340/5726 1670/1344/5727 1669/1345/5728
f 1640/1340/5729 1641/1343/5730 1671/1346/5731 1670/1344/5732
f 1641/2571/5733 1642/2570/5734 1672/2574/5735 1671/2575/5736
f 1642/2570/5737 1643/2573/5738 1673/2578/5739 1672/2574/5740
f 1643/2573/5741 1644/2577/5742 1674/2581/5743 1673/2578/5744
f 1644/1356/5745 1645/1355/5746 1675/1359/5747 1674/1360/5748
f 1645/1355/5749 1646/1358/5750 1676/1361/5751 1675/1359/5752
f 1646/2591/5753 1647/2590/5754 1677/2594/5755 1676/2595/5756
f 1647/2590/5757 1648/2593/5758 1678/2598/5759 1677/2594/5760
f 1648/2593/5761 1649/2597/5762 1679/2603/5763 1678/2598/5764
f 1649/2597/5765 1650/2602/5766 1680/2607/5767 1679/2603/5768
f 1650/2628/5769 1651/2622/5770 1681/2626/5771 1680/2633/5772
f 1651/2622/5773 1652/2616/5774 1682/2620/5775 1681/2626/5776
f 1652/2616/5777 1653/2615/5778 1683/2619/5779 1682/2620/5780
f 1653/2615/5781 1654/2618/5782 1684/2623/5783 1683/2619/5784
f 1654/1371/5785 1655/1370/5786 1685/1374/5787 1684/1375/5788
f 1655/1370/5789 1656/1373/5790 1686/1376/5791 1685/1374/5792
f 1656/2641/5793 1657/2640/5794 1687/2642/5795 1686/2643/5796
f 1657/1386/5797 1658/1385/5798 1688/1387/5799 1687/1388/5800
f 1658/2560/5801 1659/2555/5802 1689/2558/5803 1688/2564/5804
f 1659/2555/5805 1638/2551/5806 1668/2553/5807 1689/2558/5808
f 1660/2651/5809 1661/2650/5810 1691/2652/5811 1690/2653/5812
f 1661/1396/5813 1662/1395/5814 1692/1399/5815 1691/1400/5816
f 1662/1395/5817 1663/1398/5818 1693/1401/5819 1692/1399/5820
f 1663/2666/5821 1664/2665/5822 1694/2669/5823 1693/2670/5824
f 1664/2665/5825 1665/2668/5826 1695/2671/5827 1694/2669/5828
f 1665/1411/5829 1666/1410/5830 1696/1414/5831 1695/1415/5832
f 1666/1410/5833 1667/1413/5834 1697/1416/5835 1696/1414/5836
f 1667/2655/5837 1660/2651/5838 1690/2653/5839 1697/2658/5840
f 1668/2553/5841 1669/2552/5842 1699/2556/5843 1698/2557/5844
f 1669/1345/5845 1670/1344/5846 1700/1347/5847 1699/1348/5848
f 1670/1344/5849 1671/1346/5850 1701/1349/5851 1700/1347/5852
f 1671/2575/5853 1672/2574/5854 1702/2579/5855 1701/2580/5856
f 1672/2574/5857 1673/2578/5858 1703/2582/5859 1702/2579/5860
f 1673/2578/5861 1674/2581/5862 1704/2585/5863 1703/2582/5864
f 1674/1360/5865 1675/1359/5866 1705/1362/5867 1704/1363/5868
f 1675/1359/5869 1676/1361/5870 1706/1364/5871 1705/1362/5872
f 1676/2595/5873 1677/2594/5874 1707/2599/5875 1706/2600/5876
f 1677/2594/5877 1678/2598/5878 1708/2604/5879 1707/2599/5880
f 1678/2598/5881 1679/2603/5882 1709/2608/5883 1708/2604/5884
f 1679/2603/5885 1680/2607/5886 1710/2610/5887 1709/2608/5888
f 1680/2633/5889 1681/2626/5890 1711/2632/5891 1710/2636/5892
f 1681/2626/5893 1682/2620/5894 1712/2625/5895 1711/2632/5896
f 1682/2620/5897 1683/2619/5898 1713/2624/5899 1712/2625/5900
f 1683/2619/5901 1684/2623/5902 1714/2629/5903 1713/2624/5904
f 1684/1375/5905 1685/1374/5906 1715/1377/5907 1714/1378/5908
f 1685/1374/5909 1686/1376/5910 1716/1379/5911 1715/1377/5912
f 1686/2643/5913 1687/2642/5914 1717/2644/5915 1716/2645/5916
f 1687/1388/5917 1688/1387/5918 1718/1389/5919 1717/1390/5920
f 1688/2564/5921 1689/2558/5922 1719/2563/5923 1718/2566/5924
f 1689/2558/5925 1668/2553/5926 1698/2557/5927 1719/2563/5928
f 1690/2653/5929 1691/2652/5930 1721/2656/5931 1720/2657/5932
f 1691/1400/5933 1692/1399/5934 1722/1402/5935 1721/1403/5936
f 1692/1399/5937 1693/1401/5938 1723/1404/5939 1722/1402/5940
f 1693/2670/5941 1694/2669/5942 1724/2672/5943 1723/2673/5944
f 1694/2669/5945 1695/2671/5946 1725/2674/5947 1724/2672/5948
f 1695/1415/5949 1696/1414/5950 1726/1417/5951 1725/1418/5952
f 1696/1414/5953 1697/1416/5954 1727/1419/5955 1726/1417/5956
f 1697/2658/5957 1690/2653/5958 1720/2657/5959 1727/2661/5960
f 1698/2557/5961 1699/2556/5962 1729/2561/5963 1728/2562/5964
f 1699/1348/5965 1700/1347/5966 1730/1350/5967 1729/1351/5968
f 1700/1347/5969 1701/1349/5970 1731/1352/5971 1730/1350/5972
f 1701/2580/5973 1702/2579/5974 1732/2583/5975 1731/2584/5976
f 1702/2579/5977 1703/2582/5978 1733/2586/5979 1732/2583/5980
f 1703/2582/5981 1704/2585/5982 1734/2587/5983 1733/2586/5984
f 1704/1363/5985 1705/1362/5986 1735/1365/5987 1734/1366/5988
f 1705/1362/5989 1706/1364/5990 1736/1367/5991 1735/1365/5992
f 1706/2600/5993 1707/2599/5994 1737/2605/5995 1736/2606/5996
f 1707/2599/5997 1708/2604/5998 1738/2609/5999 1737/2605/6000
f 1708/2604/6001 1709/2608/6002 1739/2611/6003 1738/2609/6004
f 1709/2608/6005 1710/2610/6006 1740/2612/6007 1739/2611/6008
f 1710/2636/6009 1711/2632/6010 1741/2635/6011 1740/2637/6012
f 1711/2632/6013 1712/2625/6014 1742/2631/6015 1741/2635/6016
f 1712/2625/6017 1713/2624/6018 1743/2630/6019 1742/2631/6020
f 1713/2624/6021 1714/2629/6022 1744/2634/6023 1743/2630/6024
f 1714/1378/6025 1715/1377/6026 1745/1380/6027 1744/1381/6028
f 1715/1377/6029 1716/1379/6030 1746/1382/6031 1745/1380/6032
f 1716/2645/6033 1717/2644/6034 1747/2646/6035 1746/2647/6036
f 1717/1390/6037 1718/1389/6038 1748/1391/6039 1747/1392/6040
f 1718/2566/6041 1719/2563/6042 1749/2565/6043 1748/2567/6044
f 1719/2563/6045 1698/2557/6046 1728/2562/6047 1749/2565/6048
f 1720/2657/6049 1721/2656/6050 1751/2659/6051 1750/2660/6052
f 1721/1403/6053 1722/1402/6054 1752/1405/6055 1751/1406/6056
f 1722/1402/6057 1723/1404/6058 1753/1407/6059 1752/1405/6060
f 1723/2673/6061 1724/2672/6062 1754/2675/6063 1753/2676/6064
f 1724/2672/6065 1725/2674/6066 1755/2677/6067 1754/2675/6068
f 1725/1418/6069 1726/1417/6070 1756/1420/6071 1755/1421/6072
f 1726/1417/6073 1727/1419/6074 1757/1422/6075 1756/1420/6076
f 1727/2661/6077 1720/2657/6078 1750/2660/6079 1757/2662/6080
f 1728/3434/6081 1729/3435/6082 1730/3436/6083 1731/3437/6084 1732/3438/6085 1733/3439/6086 1734/3440/6087 1735/3441/6088 1736/3442/6089 1737/3443/6090 1738/3444/6091 1739/3445/6092 1740/3446/6093 1741/3447/6094 1742/3448/6095 1743/3449/6096 1744/3450/6097 1745/3451/6098 1746/3452/6099 1747/3453/6100 1748/3454/6101 1749/3455/6102 1750/3456/6103 1751/3457/6104 1752/3458/6105 1753/3459/6106 1754/3460/6107 1755/3461/6108 1756/3462/6109 1757/3463/6110
f 779/3464/6111 778/3465/6112 777/3466/6113 776/3467/6114 775/3468/6115 774/3469/6116 773/3470/6117 772/3471/6118 771/3472/6119 770/3473/6120 769/3474/6121 768/3475/6122 767/3476/6123 787/3477/6124 786/3478/6125 785/3479/6126 784/3480/6127 783/3481/6128 782/3482/6129 781/3483/6130 780/3484/6131
f 767/2678/6132 768/2679/6133 1759/2680/6134 1758/2681/6135
f 768/1423/6136 769/1424/6137 1760/1425/6138 1759/1426/6139
f 769/1424/6140 770/1427/6141 1761/1428/6142 1760/1425/6143
f 770/2698/6144 771/2699/6145 1762/2700/6146 1761/2701/6147
f 771/2699/6148 772/2702/6149 1763/2703/6150 1762/2700/6151
f 772/2702/6152 773/2706/6153 1764/2707/6154 1763/2703/6155
f 773/1438/6156 774/1439/6157 1765/1440/6158 1764/1441/6159
f 774/2718/6160 775/2719/6161 1766/2720/6162 1765/2721/6163
f 775/1448/6164 776/1449/6165 1767/1450/6166 1766/1451/6167
f 776/2728/6168 777/2729/6169 1768/2730/6170 1767/2731/6171
f 777/1458/6172 778/1459/6173 1769/1460/6174 1768/1461/6175
f 778/2689/6176 779/2684/6177 1770/2685/6178 1769/2690/6179
f 779/2684/6180 767/2678/6181 1758/2681/6182 1770/2685/6183
f 780/2738/6184 781/2739/6185 1772/2740/6186 1771/2741/6187
f 781/1468/6188 782/1469/6189 1773/1470/6190 1772/1471/6191
f 782/1469/6192 783/1472/6193 1774/1473/6194 1773/1470/6195
f 783/2753/6196 784/2754/6197 1775/2755/6198 1774/2756/6199
f 784/2754/6200 785/2757/6201 1776/2758/6202 1775/2755/6203
f 785/1483/6204 786/1484/6205 1777/1485/6206 1776/1486/6207
f 786/1484/6208 787/1487/6209 1778/1488/6210 1777/1485/6211
f 787/2744/6212 780/2738/6213 1771/2741/6214 1778/2745/6215
f 1758/2681/6216 1759/2680/6217 1780/2682/6218 1779/2683/6219
f 1759/1426/6220 1760/1425/6221 1781/1429/6222 1780/1430/6223
f 1760/1425/6224 1761/1428/6225 1782/1431/6226 1781/1429/6227
f 1761/2701/6228 1762/2700/6229 1783/2704/6230 1782/2705/6231
f 1762/2700/6232 1763/2703/6233 1784/2708/6234 1783/2704/6235
f 1763/2703/6236 1764/2707/6237 1785/2711/6238 1784/2708/6239
f 1764/1441/6240 1765/1440/6241 1786/1442/6242 1785/1443/6243
f 1765/2721/6244 1766/2720/6245 1787/2722/6246 1786/2723/6247
f 1766/1451/6248 1767/1450/6249 1788/1452/6250 1787/1453/6251
f 1767/2731/6252 1768/2730/6253 1789/2732/6254 1788/2733/6255
f 1768/1461/6256 1769/1460/6257 1790/1462/6258 1789/1463/6259
f 1769/2690/6260 1770/2685/6261 1791/2688/6262 1790/2694/6263
f 1770/2685/6264 1758/2681/6265 1779/2683/6266 1791/2688/6267
f 1771/2741/6268 1772/2740/6269 1793/2742/6270 1792/2743/6271
f 1772/1471/6272 1773/1470/6273 1794/1474/6274 1793/1475/6275
f 1773/1470/6276 1774/1473/6277 1795/1476/6278 1794/1474/6279
f 1774/2756/6280 1775/2755/6281 1796/2759/6282 1795/2760/6283
f 1775/2755/6284 1776/2758/6285 1797/2761/6286 1796/2759/6287
f 1776/1486/6288 1777/1485/6289 1798/1489/6290 1797/1490/6291
f 1777/1485/6292 1778/1488/6293 1799/1491/6294 1798/1489/6295
f 1778/2745/6296 1771/2741/6297 1792/2743/6298 1799/2748/6299
f 1779/2683/6300 1780/2682/6301 1801/2686/6302 1800/2687/6303
f 1780/1430/6304 1781/1429/6305 1802/1432/6306 1801/1433/6307
f 1781/1429/6308 1782/1431/6309 1803/1434/6310 1802/1432/6311
f 1782/2705/6312 1783/2704/6313 1804/2709/6314 1803/2710/6315
f 1783/2704/6316 1784/2708/6317 1805/2712/6318 1804/2709/6319
f 1784/2708/6320 1785/2711/6321 1806/2715/6322 1805/2712/6323
f 1785/1443/6324 1786/1442/6325 1807/1444/6326 1806/1445/6327
f 1786/2723/6328 1787/2722/6329 1808/2724/6330 1807/2725/6331
f 1787/1453/6332 1788/1452/6333 1809/1454/6334 1808/1455/6335
f 1788/2733/6336 1789/2732/6337 1810/2734/6338 1809/2735/6339
f 1789/1463/6340 1790/1462/6341 1811/1464/6342 1810/1465/6343
f 1790/2694/6344 1791/2688/6345 1812/2693/6346 1811/2696/6347
f 1791/2688/6348 1779/2683/6349 1800/2687/6350 1812/2693/6351
f 1792/2743/6352 1793/2742/6353 1814/2746/6354 1813/2747/6355
f 1793/1475/6356 1794/1474/6357 1815/1477/6358 1814/1478/6359
f 1794/1474/6360 1795/1476/6361 1816/1479/6362 1815/1477/6363
f 1795/2760/6364 1796/2759/6365 1817/2762/6366 1816/2763/6367
f 1796/2759/6368 1797/2761/6369 1818/2764/6370 1817/2762/6371
f 1797/1490/6372 1798/1489/6373 1819/1492/6374 1818/1493/6375
f 1798/1489/6376 1799/1491/6377 1820/1494/6378 1819/1492/6379
f 1799/2748/6380 1792/2743/6381 1813/2747/6382 1820/2751/6383
f 1800/2687/6384 1801/2686/6385 1822/2691/6386 1821/2692/6387
f 1801/1433/6388 1802/1432/6389 1823/1435/6390 1822/1436/6391
f 1802/1432/6392 1803/1434/6393 1824/1437/6394 1823/1435/6395
f 1803/2710/6396 1804/2709/6397 1825/2713/6398 1824/2714/6399
f 1804/2709/6400 1805/2712/6401 1826/2716/6402 1825/2713/6403
f 1805/2712/6404 1806/2715/6405 1827/2717/6406 1826/2716/6407
f 1806/1445/6408 1807/1444/6409 1828/1446/6410 1827/1447/6411
f 1807/2725/6412 1808/2724/6413 1829/2726/6414 1828/2727/6415
f 1808/1455/6416 1809/1454/6417 1830/1456/6418 1829/1457/6419
f 1809/2735/6420 1810/2734/6421 1831/2736/6422 1830/2737/6423
f 1810/1465/6424 1811/1464/6425 1832/1466/6426 1831/1467/6427
f 1811/2696/6428 1812/2693/6429 1833/2695/6430 1832/2697/6431
f 1812/2693/6432 1800/2687/6433 1821/2692/6434 1833/2695/6435
f 1813/2747/6436 1814/2746/6437 1835/2749/6438 1834/2750/6439
f 1814/1478/6440 1815/1477/6441 1836/1480/6442 1835/1481/6443
f 1815/1477/6444 1816/1479/6445 1837/1482/6446 1836/1480/6447
f 1816/2763/6448 1817/2762/6449 1838/2765/6450 1837/2766/6451
f 1817/2762/6452 1818/2764/6453 1839/2767/6454 1838/2765/6455
f 1818/1493/6456 1819/1492/6457 1840/1495/6458 1839/1496/6459
f 1819/1492/6460 1820/1494/6461 1841/1497/6462 1840/1495/6463
f 1820/2751/6464 1813/2747/6465 1834/2750/6466 1841/2752/6467
f 1821/3485/6468 1822/3486/6469 1823/3487/6470 1824/3488/6471 1825/3489/6472 1826/3490/6473 1827/3491/6474 1828/3492/6475 1829/3493/6476 1830/3494/6477 1831/3495/6478 1832/3496/6479 1833/3497/6480 1834/3498/6481 1835/3499/6482 1836/3500/6483 1837/3501/6484 1838/3502/6485 1839/3503/6486 1840/3504/6487 1841/3505/6488
f 800/3506/6489 799/3507/6490 798/3508/6491 797/3509/6492 796/3510/6493 795/3511/6494 794/3512/6495 793/3513/6496 792/3514/6497 791/3515/6498 790/3516/6499 789/3517/6500 788/3518/6501
f 788/2768/6502 789/2769/6503 1843/2770/6504 1842/2771/6505
f 789/2769/6506 790/2772/6507 1844/2773/6508 1843/2770/6509
f 790/1498/6510 791/1499/6511 1845/1500/6512 1844/1501/6513
f 791/2788/6514 792/2789/6515 1846/2790/6516 1845/2791/6517
f 792/1508/6518 793/1509/6519 1847/1510/6520 1846/1511/6521
f 793/2798/6522 794/2799/6523 1848/2800/6524 1847/2801/6525
f 794/1518/6526 795/1519/6527 1849/1520/6528 1848/1521/6529
f 795/1519/6530 796/1522/6531 1850/1523/6532 1849/1520/6533
f 796/1522/6534 797/1526/6535 1851/1527/6536 1850/1523/6537
f 797/1526/6538 798/1531/6539 1852/1532/6540 1851/1527/6541
f 798/2808/6542 799/2809/6543 1853/2810/6544 1852/2811/6545
f 799/1543/6546 800/1544/6547 1854/1545/6548 1853/1546/6549
f 800/2776/6550 788/2768/6551 1842/2771/6552 1854/2777/6553
f 1842/2771/6554 1843/2770/6555 1856/2774/6556 1855/2775/6557
f 1843/2770/6558 1844/2773/6559 1857/2778/6560 1856/2774/6561
f 1844/1501/6562 1845/1500/6563 1858/1502/6564 1857/1503/6565
f 1845/2791/6566 1846/2790/6567 1859/2792/6568 1858/2793/6569
f 1846/1511/6570 1847/1510/6571 1860/1512/6572 1859/1513/6573
f 1847/2801/6574 1848/2800/6575 1861/2802/6576 1860/2803/6577
f 1848/1521/6578 1849/1520/6579 1862/1524/6580 1861/1525/6581
f 1849/1520/6582 1850/1523/6583 1863/1528/6584 1862/1524/6585
f 1850/1523/6586 1851/1527/6587 1864/1533/6588 1863/1528/6589
f 1851/1527/6590 1852/1532/6591 1865/1537/6592 1864/1533/6593
f 1852/2811/6594 1853/2810/6595 1866/2812/6596 1865/2813/6597
f 1853/1546/6598 1854/1545/6599 1867/1547/6600 1866/1548/6601
f 1854/2777/6602 1842/2771/6603 1855/2775/6604 1867/2781/6605
f 1855/2775/6606 1856/2774/6607 1869/2779/6608 1868/2780/6609
f 1856/2774/6610 1857/2778/6611 1870/2782/6612 1869/2779/6613
f 1857/1503/6614 1858/1502/6615 1871/1504/6616 1870/1505/6617
f 1858/2793/6618 1859/2792/6619 1872/2794/6620 1871/2795/6621
f 1859/1513/6622 1860/1512/6623 1873/1514/6624 1872/1515/6625
f 1860/2803/6626 1861/2802/6627 1874/2804/6628 1873/2805/6629
f 1861/1525/6630 1862/1524/6631 1875/1529/6632 1874/1530/6633
f 1862/1524/6634 1863/1528/6635 1876/1534/6636 1875/1529/6637
f 1863/1528/6638 1864/1533/6639 1877/1538/6640 1876/1534/6641
f 1864/1533/6642 1865/1537/6643 1878/1540/6644 1877/1538/6645
f 1865/2813/6646 1866/2812/6647 1879/2814/6648 1878/2815/6649
f 1866/1548/6650 1867/1547/6651 1880/1549/6652 1879/1550/6653
f 1867/2781/6654 1855/2775/6655 1868/2780/6656 1880/2785/6657
f 1868/2780/6658 1869/2779/6659 1882/2783/6660 1881/2784/6661
f 1869/2779/6662 1870/2782/6663 1883/2786/6664 1882/2783/6665
f 1870/1505/6666 1871/1504/6667 1884/1506/6668 1883/1507/6669
f 1871/2795/6670 1872/2794/6671 1885/2796/6672 1884/2797/6673
f 1872/1515/6674 1873/1514/6675 1886/1516/6676 1885/1517/6677
f 1873/2805/6678 1874/2804/6679 1887/2806/6680 1886/2807/6681
f 1874/1530/6682 1875/1529/6683 1888/1535/6684 1887/1536/6685
f 1875/1529/6686 1876/1534/6687 1889/1539/6688 1888/1535/6689
f 1876/1534/6690 1877/1538/6691 1890/1541/6692 1889/1539/6693
f 1877/1538/6694 1878/1540/6695 1891/1542/6696 1890/1541/6697
f 1878/2815/6698 1879/2814/6699 1892/2816/6700 1891/2817/6701
f 1879/1550/6702 1880/1549/6703 1893/1551/6704 1892/1552/6705
f 1880/2785/6706 1868/2780/6707 1881/2784/6708 1893/2787/6709
f 1881/3519/6710 1882/3520/6711 1883/3521/6712 1884/3522/6713 1885/3523/6714 1886/3524/6715 1887/3525/6716 1888/3526/6717 1889/3527/6718 1890/3528/6719 1891/3529/6720 1892/3530/6721 1893/3531/6722
f 813/3532/6723 812/3533/6724 811/3534/6725 810/3535/6726 809/3536/6727 808/3537/6728 807/3538/6729 806/3539/6730 805/3540/6731 804/3541/6732 803/3542/6733 802/3543/6734 801/3544/6735 821/3545/6736 820/3546/6737 819/3547/6738 818/3548/6739 817/3549/6740 816/3550/6741 815/3551/6742 814/3552/6743
f 801/2818/6744 802/2819/6745 1895/2820/6746 1894/2821/6747
f 802/1553/6748 803/1554/6749 1896/1555/6750 1895/1556/6751
f 803/2836/6752 804/2828/6753 1897/2831/6754 1896/2837/6755
f 804/2828/6756 805/2829/6757 1898/2830/6758 1897/2831/6759
f 805/2829/6760 806/2832/6761 1899/2833/6762 1898/2830/6763
f 806/1563/6764 807/1564/6765 1900/1565/6766 1899/1566/6767
f 807/1564/6768 808/1567/6769 1901/1568/6770 1900/1565/6771
f 808/2848/6772 809/2849/6773 1902/2850/6774 1901/2851/6775
f 809/2849/6776 810/2852/6777 1903/2853/6778 1902/2850/6779
f 810/2852/6780 811/2856/6781 1904/2857/6782 1903/2853/6783
f 811/1578/6784 812/1579/6785 1905/1580/6786 1904/1581/6787
f 812/2868/6788 813/2869/6789 1906/2870/6790 1905/2871/6791
f 813/1588/6792 801/1589/6793 1894/1590/6794 1906/1591/6795
f 814/2878/6796 815/2879/6797 1908/2880/6798 1907/2881/6799
f 815/1598/6800 816/1599/6801 1909/1600/6802 1908/1601/6803
f 816/1599/6804 817/1602/6805 1910/1603/6806 1909/1600/6807
f 817/2893/6808 818/2894/6809 1911/2895/6810 1910/2896/6811
f 818/2894/6812 819/2897/6813 1912/2898/6814 1911/2895/6815
f 819/1613/6816 820/1614/6817 1913/1615/6818 1912/1616/6819
f 820/1614/6820 821/1617/6821 1914/1618/6822 1913/1615/6823
f 821/2884/6824 814/2878/6825 1907/2881/6826 1914/2885/6827
f 1894/2821/6828 1895/2820/6829 1916/2822/6830 1915/2823/6831
f 1895/1556/6832 1896/1555/6833 1917/1557/6834 1916/1558/6835
f 1896/2837/6836 1897/2831/6837 1918/2835/6838 1917/2841/6839
f 1897/2831/6840 1898/2830/6841 1919/2834/6842 1918/2835/6843
f 1898/2830/6844 1899/2833/6845 1920/2838/6846 1919/2834/6847
f 1899/1566/6848 1900/1565/6849 1921/1569/6850 1920/1570/6851
f 1900/1565/6852 1901/1568/6853 1922/1571/6854 1921/1569/6855
f 1901/2851/6856 1902/2850/6857 1923/2854/6858 1922/2855/6859
f 1902/2850/6860 1903/2853/6861 1924/2858/6862 1923/2854/6863
f 1903/2853/6864 1904/2857/6865 1925/2861/6866 1924/2858/6867
f 1904/1581/6868 1905/1580/6869 1926/1582/6870 1925/1583/6871
f 1905/2871/6872 1906/2870/6873 1927/2872/6874 1926/2873/6875
f 1906/1591/6876 1894/1590/6877 1915/1592/6878 1927/1593/6879
f 1907/2881/6880 1908/2880/6881 1929/2882/6882 1928/2883/6883
f 1908/1601/6884 1909/1600/6885 1930/1604/6886 1929/1605/6887
f 1909/1600/6888 1910/1603/6889 1931/1606/6890 1930/1604/6891
f 1910/2896/6892 1911/2895/6893 1932/2899/6894 1931/2900/6895
f 1911/2895/6896 1912/2898/6897 1933/2901/6898 1932/2899/6899
f 1912/1616/6900 1913/1615/6901 1934/1619/6902 1933/1620/6903
f 1913/1615/6904 1914/1618/6905 1935/1621/6906 1934/1619/6907
f 1914/2885/6908 1907/2881/6909 1928/2883/6910 1935/2888/6911
f 1915/2823/6912 1916/2822/6913 1937/2824/6914 1936/2825/6915
f 1916/1558/6916 1917/1557/6917 1938/1559/6918 1937/1560/6919
f 1917/2841/6920 1918/2835/6921 1939/2840/6922 1938/2845/6923
f 1918/2835/6924 1919/2834/6925 1940/2839/6926 1939/2840/6927
f 1919/2834/6928 1920/2838/6929 1941/2842/6930 1940/2839/6931
f 1920/1570/6932 1921/1569/6933 1942/1572/6934 1941/1573/6935
f 1921/1569/6936 1922/1571/6937 1943/1574/6938 1942/1572/6939
f 1922/2855/6940 1923/2854/6941 1944/2859/6942 1943/2860/6943
f 1923/2854/6944 1924/2858/6945 1945/2862/6946 1944/2859/6947
f 1924/2858/6948 1925/2861/6949 1946/2865/6950 1945/2862/6951
f 1925/1583/6952 1926/1582/6953 1947/1584/6954 1946/1585/6955
f 1926/2873/6956 1927/2872/6957 1948/2874/6958 1947/2875/6959
f 1927/1593/6960 1915/1592/6961 1936/1594/6962 1948/1595/6963
f 1928/2883/6964 1929/2882/6965 1950/2886/6966 1949/2887/6967
f 1929/1605/6968 1930/1604/6969 1951/1607/6970 1950/1608/6971
f 1930/1604/6972 1931/1606/6973 1952/1609/6974 1951/1607/6975
f 1931/2900/6976 1932/2899/6977 1953/2902/6978 1952/2903/6979
f 1932/2899/6980 1933/2901/6981 1954/2904/6982 1953/2902/6983
f 1933/1620/6984 1934/1619/6985 1955/1622/6986 1954/1623/6987
f 1934/1619/6988 1935/1621/6989 1956/1624/6990 1955/1622/6991
f 1935/2888/6992 1928/2883/6993 1949/2887/6994 1956/2891/6995
f 1936/2825/6996 1937/2824/6997 1958/2826/6998 1957/2827/6999
f 1937/1560/7000 1938/1559/7001 1959/1561/7002 1958/1562/7003
f 1938/2845/7004 1939/2840/7005 1960/2844/7006 1959/2847/7007
f 1939/2840/7008 1940/2839/7009 1961/2843/7010 1960/2844/7011
f 1940/2839/7012 1941/2842/7013 1962/2846/7014 1961/2843/7015
f 1941/1573/7016 1942/1572/7017 1963/1575/7018 1962/1576/7019
f 1942/1572/7020 1943/1574/7021 1964/1577/7022 1963/1575/7023
f 1943/2860/7024 1944/2859/7025 1965/2863/7026 1964/2864/7027
f 1944/2859/7028 1945/2862/7029 1966/2866/7030 1965/2863/7031
f 1945/2862/7032 1946/2865/7033 1967/2867/7034 1966/2866/7035
f 1946/1585/7036 1947/1584/7037 1968/1586/7038 1967/1587/7039
f 1947/2875/7040 1948/2874/7041 1969/2876/7042 1968/2877/7043
f 1948/1595/7044 1936/1594/7045 1957/1596/7046 1969/1597/7047
f 1949/2887/7048 1950/2886/7049 1971/2889/7050 1970/2890/7051
f 1950/1608/7052 1951/1607/7053 1972/1610/7054 1971/1611/7055
f 1951/1607/7056 1952/1609/7057 1973/1612/7058 1972/1610/7059
f 1952/2903/7060 1953/2902/7061 1974/2905/7062 1973/2906/7063
f 1953/2902/7064 1954/2904/7065 1975/2907/7066 1974/2905/7067
f 1954/1623/7068 1955/1622/7069 1976/1625/7070 1975/1626/7071
f 1955/1622/7072 1956/1624/7073 1977/1627/7074 1976/1625/7075
f 1956/2891/7076 1949/2887/7077 1970/2890/7078 1977/2892/7079
f 1957/3553/7080 1958/3554/7081 1959/3555/7082 1960/3556/7083 1961/3557/7084 1962/3558/7085 1963/3559/7086 1964/3560/7087 1965/3561/7088 1966/3562/7089 1967/3563/7090 1968/3564/7091 1969/3565/7092 1970/3566/7093 1971/3567/7094 1972/3568/7095 1973/3569/7096 1974/3570/7097 1975/3571/7098 1976/3572/7099 1977/3573/7100
f 845/3574/7101 844/3575/7102 843/3576/7103 842/3577/7104 841/3578/7105 840/3579/7106 839/3580/7107 838/3581/7108 837/3582/7109 836/3583/7110 835/3584/7111 834/3585/7112 833/3586/7113 832/3587/7114 831/3588/7115 830/3589/7116 829/3590/7117 828/3591/7118 827/3592/7119 826/3593/7120 825/3594/7121 824/3595/7122 823/3596/7123 822/3597/7124
f 822/2908/7125 823/2909/7126 1979/2910/7127 1978/2911/7128
f 823/1628/7129 824/1629/7130 1980/1630/7131 1979/1631/7132
f 824/1629/7133 825/1632/7134 1981/1633/7135 1980/1630/7136
f 825/2928/7137 826/2929/7138 1982/2930/7139 1981/2931/7140
f 826/1649/7141 827/1643/7142 1983/1646/7143 1982/1650/7144
f 827/1643/7145 828/1644/7146 1984/1645/7147 1983/1646/7148
f 828/2938/7149 829/2939/7150 1985/2940/7151 1984/2941/7152
f 829/2939/7153 830/2942/7154 1986/2943/7155 1985/2940/7156
f 830/2942/7157 831/2946/7158 1987/2947/7159 1986/2943/7160
f 831/2946/7161 832/2951/7162 1988/2952/7163 1987/2947/7164
f 832/2963/7165 833/2964/7166 1989/2965/7167 1988/2966/7168
f 833/2964/7169 834/2967/7170 1990/2968/7171 1989/2965/7172
f 834/1658/7173 835/1659/7174 1991/1660/7175 1990/1661/7176
f 835/1659/7177 836/1662/7178 1992/1663/7179 1991/1660/7180
f 836/1662/7181 837/1666/7182 1993/1667/7183 1992/1663/7184
f 837/2978/7185 838/2979/7186 1994/2980/7187 1993/2981/7188
f 838/1686/7189 839/1678/7190 1995/1681/7191 1994/1687/7192
f 839/1678/7193 840/1679/7194 1996/1680/7195 1995/1681/7196
f 840/1679/7197 841/1682/7198 1997/1683/7199 1996/1680/7200
f 841/2988/7201 842/2989/7202 1998/2990/7203 1997/2991/7204
f 842/2989/7205 843/2992/7206 1999/2993/7207 1998/2990/7208
f 843/2992/7209 844/2996/7210 2000/2997/7211 1999/2993/7212
f 844/2919/7213 845/2914/7214 2001/2915/7215 2000/2920/7216
f 845/2914/7217 822/2908/7218 1978/2911/7219 2001/2915/7220
f 1978/2911/7221 1979/2910/7222 2003/2912/7223 2002/2913/7224
f 1979/1631/7225 1980/1630/7226 2004/1634/7227 2003/1635/7228
f 1980/1630/7229 1981/1633/7230 2005/1636/7231 2004/1634/7232
f 1981/2931/7233 1982/2930/7234 2006/2932/7235 2005/2933/7236
f 1982/1650/7237 1983/1646/7238 2007/1648/7239 2006/1653/7240
f 1983/1646/7241 1984/1645/7242 2008/1647/7243 2007/1648/7244
f 1984/2941/7245 1985/2940/7246 2009/2944/7247 2008/2945/7248
f 1985/2940/7249 1986/2943/7250 2010/2948/7251 2009/2944/7252
f 1986/2943/7253 1987/2947/7254 2011/2953/7255 2010/2948/7256
f 1987/2947/7257 1988/2952/7258 2012/2957/7259 2011/2953/7260
f 1988/2966/7261 1989/2965/7262 2013/2969/7263 2012/2970/7264
f 1989/2965/7265 1990/2968/7266 2014/2971/7267 2013/2969/7268
f 1990/1661/7269 1991/1660/7270 2015/1664/7271 2014/1665/7272
f 1991/1660/7273 1992/1663/7274 2016/1668/7275 2015/1664/7276
f 1992/1663/7277 1993/1667/7278 2017/1671/7279 2016/1668/7280
f 1993/2981/7281 1994/2980/7282 2018/2982/7283 2017/2983/7284
f 1994/1687/7285 1995/1681/7286 2019/1685/7287 2018/1691/7288
f 1995/1681/7289 1996/1680/7290 2020/1684/7291 2019/1685/7292
f 1996/1680/7293 1997/1683/7294 2021/1688/7295 2020/1684/7296
f 1997/2991/7297 1998/2990/7298 2022/2994/7299 2021/2995/7300
f 1998/2990/7301 1999/2993/7302 2023/2998/7303 2022/2994/7304
f 1999/2993/7305 2000/2997/7306 2024/3001/7307 2023/2998/7308
f 2000/2920/7309 2001/2915/7310 2025/2918/7311 2024/2924/7312
f 2001/2915/7313 1978/2911/7314 2002/2913/7315 2025/2918/7316
f 2002/2913/7317 2003/2912/7318 2027/2916/7319 2026/2917/7320
f 2003/1635/7321 2004/1634/7322 2028/1637/7323 2027/1638/7324
f 2004/1634/7325 2005/1636/7326 2029/1639/7327 2028/1637/7328
f 2005/2933/7329 2006/2932/7330 2030/2934/7331 2029/2935/7332
f 2006/1653/7333 2007/1648/7334 2031/1652/7335 2030/1656/7336
f 2007/1648/7337 2008/1647/7338 2032/1651/7339 2031/1652/7340
f 2008/2945/7341 2009/2944/7342 2033/2949/7343 2032/2950/7344
f 2009/2944/7345 2010/2948/7346 2034/2954/7347 2033/2949/7348
f 2010/2948/7349 2011/2953/7350 2035/2958/7351 2034/2954/7352
f 2011/2953/7353 2012/2957/7354 2036/2960/7355 2035/2958/7356
f 2012/2970/7357 2013/2969/7358 2037/2972/7359 2036/2973/7360
f 2013/2969/7361 2014/2971/7362 2038/2974/7363 2037/2972/7364
f 2014/1665/7365 2015/1664/7366 2039/1669/7367 2038/1670/7368
f 2015/1664/7369 2016/1668/7370 2040/1672/7371 2039/1669/7372
f 2016/1668/7373 2017/1671/7374 2041/1675/7375 2040/1672/7376
f 2017/2983/7377 2018/2982/7378 2042/2984/7379 2041/2985/7380
f 2018/1691/7381 2019/1685/7382 2043/1690/7383 2042/1695/7384
f 2019/1685/7385 2020/1684/7386 2044/1689/7387 2043/1690/7388
f 2020/1684/7389 2021/1688/7390 2045/1692/7391 2044/1689/7392
f 2021/2995/7393 2022/2994/7394 2046/2999/7395 2045/3000/7396
f 2022/2994/7397 2023/2998/7398 2047/3002/7399 2046/2999/7400
f 2023/2998/7401 2024/3001/7402 2048/3005/7403 2047/3002/7404
f 2024/2924/7405 2025/2918/7406 2049/2923/7407 2048/2926/7408
f 2025/2918/7409 2002/2913/7410 2026/2917/7411 2049/2923/7412
f 2026/2917/7413 2027/2916/7414 2051/2921/7415 2050/2922/7416
f 2027/1638/7417 2028/1637/7418 2052/1640/7419 2051/1641/7420
f 2028/1637/7421 2029/1639/7422 2053/1642/7423 2052/1640/7424
f 2029/2935/7425 2030/2934/7426 2054/2936/7427 2053/2937/7428
f 2030/1656/7429 2031/1652/7430 2055/1655/7431 2054/1657/7432
f 2031/1652/7433 2032/1651/7434 2056/1654/7435 2055/1655/7436
f 2032/2950/7437 2033/2949/7438 2057/2955/7439 2056/2956/7440
f 2033/2949/7441 2034/2954/7442 2058/2959/7443 2057/2955/7444
f 2034/2954/7445 2035/2958/7446 2059/2961/7447 2058/2959/7448
f 2035/2958/7449 2036/2960/7450 2060/2962/7451 2059/2961/7452
f 2036/2973/7453 2037/2972/7454 2061/2975/7455 2060/2976/7456
f 2037/2972/7457 2038/2974/7458 2062/2977/7459 2061/2975/7460
f 2038/1670/7461 2039/1669/7462 2063/1673/7463 2062/1674/7464
f 2039/1669/7465 2040/1672/7466 2064/1676/7467 2063/1673/7468
f 2040/1672/7469 2041/1675/7470 2065/1677/7471 2064/1676/7472
f 2041/2985/7473 2042/2984/7474 2066/2986/7475 2065/2987/7476
f 2042/1695/7477 2043/1690/7478 2067/1694/7479 2066/1697/7480
f 2043/1690/7481 2044/1689/7482 2068/1693/7483 2067/1694/7484
f 2044/1689/7485 2045/1692/7486 2069/1696/7487 2068/1693/7488
f 2045/3000/7489 2046/2999/7490 2070/3003/7491 2069/3004/7492
f 2046/2999/7493 2047/3002/7494 2071/3006/7495 2070/3003/7496
f 2047/3002/7497 2048/3005/7498 2072/3007/7499 2071/3006/7500
f 2048/2926/7501 2049/2923/7502 2073/2925/7503 2072/2927/7504
f 2049/2923/7505 2026/2917/7506 2050/2922/7507 2073/2925/7508
f 2050/3598/7509 2051/3599/7510 2052/3600/7511 2053/3601/7512 2054/3602/7513 2055/3603/7514 2056/3604/7515 2057/3605/7516 2058/3606/7517 2059/3607/7518 2060/3608/7519 2061/3609/7520 2062/3610/7521 2063/3611/7522 2064/3612/7523 2065/3613/7524 2066/3614/7525 2067/3615/7526 2068/3616/7527 2069/3617/7528 2070/3618/7529 2071/3619/7530 2072/3620/7531 2073/3621/7532
g default
v 2.892399 7.261923 0.327621
v 2.896456 7.114973 0.181070
v 2.896456 7.114973 -0.181070
v 2.892399 7.261923 -0.327621
v 2.871571 8.016428 -0.327621
v 2.867524 8.163034 -0.181070
v 2.867524 8.163034 0.181070
v 2.871571 8.016428 0.327621
v 2.438718 7.954867 0.327621
v 2.443958 7.731880 0.327621
v -0.049350 7.265679 0.178659
v -0.050392 7.265732 -0.179864
v 0.257528 8.055170 -0.327621
v -0.070139 7.409739 -0.327621
v 0.333409 8.191538 -0.171566
v 0.333409 8.191538 0.171566
v -0.070139 7.409739 0.327621
v 1.698637 7.739586 0.327621
v 0.202364 7.460557 0.327621
v 0.200265 7.417058 0.327621
v 0.208192 7.413443 0.327621
v 0.220324 7.412858 0.327621
v 0.224342 7.409857 0.327621
v 0.230301 7.408619 0.327621
v 0.237502 7.409646 0.327621
v 0.241482 7.413009 0.327621
v 0.242952 7.420452 0.327621
v 0.236665 7.416574 0.327621
v 0.229388 7.415653 0.327621
v 0.214782 7.422740 0.327621
v 0.209473 7.439157 0.327621
v 0.216731 7.455613 0.327621
v 0.230953 7.460664 0.327621
v 0.238041 7.458928 0.327621
v 0.244572 7.454028 0.327621
v 0.244805 7.458865 0.327621
v 0.255768 7.458336 0.327621
v 0.253956 7.420770 0.327621
v 0.267103 7.430599 0.327621
v 0.267597 7.440838 0.327621
v 0.288073 7.439850 0.327621
v 0.287579 7.429611 0.327621
v 0.300604 7.412217 0.327621
v 0.303464 7.471509 0.327621
v 0.314911 7.470957 0.327621
v 0.313832 7.448586 0.327621
v 0.333623 7.447631 0.327621
v 0.334702 7.470002 0.327621
v 0.346109 7.469452 0.327621
v 0.356687 7.470436 0.327621
v 0.367408 7.469919 0.327621
v 0.364211 7.449711 0.327621
v 0.357923 7.450015 0.327621
v 0.343249 7.410161 0.327621
v 0.370570 7.415225 0.327621
v 0.377697 7.422275 0.327621
v 0.382056 7.418408 0.327621
v 0.386604 7.416795 0.327621
v 0.390161 7.417674 0.327621
v 0.391608 7.420029 0.327621
v 0.387051 7.425217 0.327621
v 0.383431 7.427251 0.327621
v 0.373438 7.441185 0.327621
v 0.377877 7.449880 0.327621
v 0.388313 7.453074 0.327621
v 0.396264 7.450811 0.327621
v 0.402393 7.445122 0.327621
v 0.395252 7.438639 0.327621
v 0.387914 7.443113 0.327621
v 0.384974 7.442468 0.327621
v 0.383831 7.440564 0.327621
v 0.384418 7.438899 0.327621
v 0.387605 7.436705 0.327621
v 0.391538 7.434495 0.327621
v 0.399975 7.427664 0.327621
v 0.401984 7.419891 0.327621
v 0.397221 7.410344 0.327621
v 0.412025 7.406843 0.327621
v 0.414885 7.466134 0.327621
v 0.426843 7.465557 0.327621
v 0.440749 7.463129 0.327621
v 0.447172 7.456981 0.327621
v 0.449243 7.447226 0.327621
v 0.445971 7.437586 0.327621
v 0.456919 7.426412 0.327621
v 0.464192 7.442767 0.327621
v 0.480736 7.448616 0.327621
v 0.497264 7.441172 0.327621
v 0.502908 7.423346 0.327621
v 0.502767 7.421252 0.327621
v 0.467418 7.422957 0.327621
v 0.471150 7.415323 0.327621
v 0.479502 7.412152 0.327621
v 0.490310 7.415954 0.327621
v 0.499371 7.411153 0.327621
v 0.508669 7.398949 0.327621
v 0.520802 7.398364 0.327621
v 0.524819 7.395362 0.327621
v 0.530778 7.394125 0.327621
v 0.537979 7.395152 0.327621
v 0.541959 7.398515 0.327621
v 0.543429 7.405958 0.327621
v 0.537142 7.402080 0.327621
v 0.529865 7.401158 0.327621
v 0.515259 7.408246 0.327621
v 0.509950 7.424663 0.327621
v 0.517208 7.441119 0.327621
v 0.531430 7.446170 0.327621
v 0.538518 7.444434 0.327621
v 0.545049 7.439533 0.327621
v 0.545282 7.444371 0.327621
v 0.556246 7.443842 0.327621
v 0.554433 7.406276 0.327621
v 0.564280 7.421395 0.327621
v 0.571082 7.437752 0.327621
v 0.585970 7.443539 0.327621
v 0.593305 7.441690 0.327621
v 0.599491 7.436907 0.327621
v 0.599724 7.441745 0.327621
v 0.610728 7.441214 0.327621
v 0.608612 7.397360 0.327621
v 0.617144 7.396948 0.327621
v 0.619260 7.440802 0.327621
v 0.628692 7.440347 0.327621
v 0.628425 7.434825 0.327621
v 0.632735 7.439586 0.327621
v 0.638379 7.441011 0.327621
v 0.642799 7.439667 0.327621
v 0.638916 7.430359 0.327621
v 0.645178 7.417492 0.327621
v 0.651979 7.433850 0.327621
v 0.666867 7.439637 0.327621
v 0.674202 7.437788 0.327621
v 0.680388 7.433005 0.327621
v 0.681438 7.454771 0.327621
v 0.692442 7.454240 0.327621
v 0.689510 7.393457 0.327621
v 0.697463 7.399457 0.327621
v 0.704590 7.406507 0.327621
v 0.708948 7.402640 0.327621
v 0.713497 7.401026 0.327621
v 0.717054 7.401906 0.327621
v 0.718500 7.404260 0.327621
v 0.713943 7.409449 0.327621
v 0.710324 7.411482 0.327621
v 0.700331 7.425417 0.327621
v 0.704770 7.434112 0.327621
v 0.715206 7.437305 0.327621
v 0.723157 7.435042 0.327621
v 0.729286 7.429354 0.327621
v 0.722145 7.422871 0.327621
v 0.714807 7.427345 0.327621
v 0.711866 7.426699 0.327621
v 0.710724 7.424795 0.327621
v 0.711310 7.423130 0.327621
v 0.714498 7.420936 0.327621
v 0.718430 7.418726 0.327621
v 0.726868 7.411896 0.327621
v 0.728877 7.404123 0.327621
v 0.724114 7.394576 0.327621
v 0.712417 7.391222 0.327621
v 0.678506 7.393988 0.327621
v 0.678730 7.398623 0.327621
v 0.672055 7.394521 0.327621
v 0.664964 7.393510 0.327621
v 0.650587 7.400809 0.327621
v 0.635779 7.431481 0.327621
v 0.631334 7.428544 0.327621
v 0.628985 7.416295 0.327621
v 0.628923 7.414156 0.327621
v 0.628067 7.396421 0.327621
v 0.597608 7.397891 0.327621
v 0.597832 7.402526 0.327621
v 0.591157 7.398424 0.327621
v 0.584066 7.397413 0.327621
v 0.569690 7.404712 0.327621
v 0.549170 7.390127 0.327621
v 0.530730 7.383907 0.327621
v 0.519965 7.386042 0.327621
v 0.512777 7.391135 0.327621
v 0.490717 7.404279 0.327621
v 0.479116 7.402475 0.327621
v 0.462622 7.409795 0.327621
v 0.437241 7.432048 0.327621
v 0.450015 7.405010 0.327621
v 0.437677 7.405605 0.327621
v 0.425555 7.431359 0.327621
v 0.424522 7.431409 0.327621
v 0.423311 7.406298 0.327621
v 0.385525 7.406990 0.327621
v 0.331842 7.410710 0.327621
v 0.333096 7.436708 0.327621
v 0.313305 7.437663 0.327621
v 0.312051 7.411665 0.327621
v 0.248693 7.404621 0.327621
v 0.230253 7.398401 0.327621
v 0.219488 7.400536 0.327621
v 0.212300 7.405630 0.327621
v 0.189262 7.417588 0.327621
v 0.191234 7.458481 0.327621
v 0.176681 7.455767 0.327621
v 0.172101 7.451140 0.327621
v 0.179694 7.444411 0.327621
v 0.181758 7.435282 0.327621
v 0.178737 7.426297 0.327621
v 0.171782 7.420471 0.327621
v 0.160427 7.418979 0.327621
v 0.143802 7.419781 0.327621
v 0.145255 7.449907 0.327621
v 0.132696 7.447565 0.327621
v 0.134741 7.441105 0.327621
v 0.134600 7.439011 0.327621
v 0.099251 7.440716 0.327621
v 0.102983 7.433082 0.327621
v 0.111335 7.429912 0.327621
v 0.122143 7.433713 0.327621
v 0.131204 7.428913 0.327621
v 0.122550 7.422038 0.327621
v 0.110949 7.420235 0.327621
v 0.094455 7.427555 0.327621
v 0.090301 7.439659 0.327621
v 0.079843 7.437708 0.327621
v 0.079129 7.422901 0.327621
v 0.068286 7.423424 0.327621
v 0.068876 7.435663 0.327621
v 0.051591 7.432440 0.327621
v 0.051196 7.424248 0.327621
v 0.040273 7.424775 0.327621
v 0.040543 7.430380 0.327621
v 0.022966 7.427102 0.327621
v 0.022894 7.425613 0.327621
v 0.016609 7.425917 0.327621
v 0.257528 8.055170 0.327621
v 1.708059 7.967195 0.327621
v 2.438718 7.954866 0.277115
v 2.443958 7.731880 0.249501
v -0.299716 7.206861 0.179864
v -0.299716 7.206861 -0.179864
v -0.205699 7.876529 -0.327621
v 0.136174 8.045033 -0.327621
v 0.102036 8.191591 -0.181070
v 0.102036 8.191591 0.181070
v 0.011447 7.426166 0.327621
v 0.013770 7.474332 0.327621
v 0.003250 7.474839 0.327621
v 0.003787 7.485964 0.327621
v 0.036556 7.484384 0.327621
v 0.036020 7.473258 0.327621
v 0.025217 7.473780 0.327621
v 0.043205 7.485557 0.327621
v 0.054128 7.485031 0.327621
v 0.053097 7.463668 0.327621
v 0.059788 7.467526 0.327621
v 0.066465 7.468599 0.327621
v 0.077251 7.463553 0.327621
v 0.080527 7.451881 0.327621
v 0.088752 7.444172 0.327621
v 0.096025 7.460526 0.327621
v 0.112569 7.466375 0.327621
v 0.129097 7.458931 0.327621
v 0.146662 7.479073 0.327621
v 0.155985 7.478623 0.327621
v 0.167799 7.477002 0.327621
v 0.176021 7.471353 0.327621
v 0.178733 7.462173 0.327621
v 0.177005 7.456095 0.327621
v 0.191377 7.461442 0.327621
v 0.202381 7.460911 0.327621
v 0.197143 7.464961 0.327621
v 0.192241 7.467319 0.327621
v 0.190418 7.472558 0.327621
v 0.192707 7.477417 0.327621
v 0.197750 7.479234 0.327621
v 0.202613 7.476898 0.327621
v 0.204437 7.471720 0.327621
v 0.202145 7.466801 0.327621
v 1.698637 7.739595 0.277140
v 0.069213 7.442650 0.327621
v 0.068985 7.453004 0.327621
v 0.066701 7.457153 0.327621
v 0.062432 7.458693 0.327621
v 0.056581 7.456753 0.327621
v 0.052965 7.450868 0.327621
v 0.052045 7.441862 0.327621
v 1.708059 7.967195 0.249501
v 2.439801 7.901134 0.315113
v 2.443958 7.732130 0.277769
v -0.641362 7.182159 0.179864
v -0.697763 7.178082 0.099714
v -0.697763 7.178082 -0.099714
v -0.641362 7.182159 -0.179864
v -0.381567 7.953231 -0.181070
v -0.381567 7.953231 0.181070
v 0.136174 8.045033 0.327621
v -0.205699 7.876529 0.327621
v 1.799169 7.738849 0.277203
v 1.807125 7.965620 0.277982
v 2.442884 7.786308 0.315113
v -0.715597 7.257172 -0.180031
v -0.808624 7.669729 -0.180902
v -0.775191 7.773024 -0.181070
v -0.775191 7.773024 0.181070
v -0.808624 7.669729 0.180902
v -0.715597 7.257172 0.180031
v -1.239085 6.963844 -0.080048
v -1.239085 6.963844 0.080048
v -0.826607 7.749485 -0.101274
v -0.826607 7.749485 0.101274
v 1.700541 7.793336 0.315113
v 1.708059 7.966815 0.278079
v 1.800776 7.792633 0.315113
v 1.805540 7.911326 0.315113
v -1.345124 7.414242 -0.160861
v -1.274228 7.035863 -0.160053
v -1.274228 7.035863 0.160053
v -1.345124 7.414242 0.160861
v -1.513741 6.802508 0.079987
v -1.513741 6.802508 -0.079987
v -1.359131 7.496227 0.081152
v -1.359131 7.496227 -0.081152
v 1.706177 7.912458 0.315113
v -1.542073 6.878552 -0.160012
v -1.673885 7.449052 -0.160892
v -1.673885 7.449052 0.160892
v -1.542073 6.878552 0.160012
v -1.612087 6.784393 0.079987
v -1.612087 6.784393 -0.079987
v -1.651996 7.527223 -0.080988
v -1.651996 7.527223 0.080988
v -1.634318 6.861561 -0.160012
v -1.824999 7.520329 -0.160933
v -1.824999 7.520329 0.160933
v -1.634318 6.861561 0.160012
v -4.485215 5.640719 0.079961
v -4.485215 5.640719 -0.079961
v -1.810950 7.602173 -0.081009
v -1.810950 7.602173 0.081009
v -4.499340 5.721142 -0.159960
v -4.872192 7.212768 -0.160974
v -4.872192 7.212768 0.160974
v -4.499340 5.721142 0.159960
v -4.671736 5.646522 0.079962
v -4.671736 5.646522 -0.079940
v -4.900167 7.290350 -0.081029
v -4.900167 7.290350 0.081030
v -4.606180 5.724486 -0.159963
v -4.908409 7.188458 -0.160969
v -4.980128 7.140256 0.160969
v -4.688355 5.727021 0.159963
v -4.997602 7.224895 0.081027
v -4.997602 7.224895 -0.081046
v 0.396264 7.450811 0.317188
v 0.388313 7.453074 0.317188
v 0.377877 7.449880 0.317188
v 0.373438 7.441185 0.317188
v 0.383431 7.427251 0.317188
v 0.387051 7.425217 0.317188
v 0.391608 7.420029 0.317188
v 0.390161 7.417674 0.317188
v 0.386604 7.416795 0.317188
v 0.382056 7.418408 0.317188
v 0.377697 7.422275 0.317188
v 0.370570 7.415225 0.317188
v 0.385525 7.406990 0.317188
v 0.397221 7.410344 0.317188
v 0.401984 7.419891 0.317188
v 0.399975 7.427664 0.317188
v 0.391538 7.434495 0.317188
v 0.387605 7.436705 0.317188
v 0.384418 7.438899 0.317188
v 0.383831 7.440564 0.317188
v 0.384974 7.442468 0.317188
v 0.387914 7.443113 0.317188
v 0.395252 7.438639 0.317188
v 0.402393 7.445122 0.317188
v 0.396264 7.450811 0.323725
v 0.388313 7.453074 0.323725
v 0.402393 7.445122 0.323725
v 0.395252 7.438639 0.323725
v 0.387914 7.443113 0.323725
v 0.384974 7.442468 0.323725
v 0.383831 7.440564 0.323725
v 0.384418 7.438899 0.323725
v 0.387605 7.436705 0.323725
v 0.391538 7.434495 0.323725
v 0.399975 7.427664 0.323725
v 0.401984 7.419891 0.323725
v 0.397221 7.410344 0.323725
v 0.385525 7.406990 0.323725
v 0.370570 7.415225 0.323725
v 0.377697 7.422275 0.323725
v 0.382056 7.418408 0.323725
v 0.386604 7.416795 0.323725
v 0.390161 7.417674 0.323725
v 0.391608 7.420029 0.323725
v 0.387051 7.425217 0.323725
v 0.383431 7.427251 0.323725
v 0.373438 7.441185 0.323725
v 0.377877 7.449880 0.323725
v 0.723157 7.435042 0.317188
v 0.715206 7.437305 0.317188
v 0.704770 7.434112 0.317188
v 0.700331 7.425417 0.317188
v 0.710324 7.411482 0.317188
v 0.713943 7.409449 0.317188
v 0.718500 7.404260 0.317188
v 0.717054 7.401906 0.317188
v 0.713497 7.401026 0.317188
v 0.708948 7.402640 0.317188
v 0.704590 7.406507 0.317188
v 0.697463 7.399457 0.317188
v 0.712417 7.391222 0.317188
v 0.724114 7.394576 0.317188
v 0.728877 7.404123 0.317188
v 0.726868 7.411896 0.317188
v 0.718430 7.418726 0.317188
v 0.714498 7.420936 0.317188
v 0.711310 7.423130 0.317188
v 0.710724 7.424795 0.317188
v 0.711866 7.426699 0.317188
v 0.714807 7.427345 0.317188
v 0.722145 7.422871 0.317188
v 0.729286 7.429354 0.317188
v 0.723157 7.435042 0.323725
v 0.715206 7.437305 0.323725
v 0.729286 7.429354 0.323725
v 0.722145 7.422871 0.323725
v 0.714807 7.427345 0.323725
v 0.711866 7.426699 0.323725
v 0.710724 7.424795 0.323725
v 0.711310 7.423130 0.323725
v 0.714498 7.420936 0.323725
v 0.718430 7.418726 0.323725
v 0.726868 7.411896 0.323725
v 0.728877 7.404123 0.323725
v 0.724114 7.394576 0.323725
v 0.712417 7.391222 0.323725
v 0.697463 7.399457 0.323725
v 0.704590 7.406507 0.323725
v 0.708948 7.402640 0.323725
v 0.713497 7.401026 0.323725
v 0.717054 7.401906 0.323725
v 0.718500 7.404260 0.323725
v 0.713943 7.409449 0.323725
v 0.710324 7.411482 0.323725
v 0.700331 7.425417 0.323725
v 0.704770 7.434112 0.323725
v 0.238041 7.458928 0.317188
v 0.224244 7.447146 0.317188
v 0.232953 7.450204 0.317188
v 0.241371 7.446380 0.317188
v 0.244273 7.437356 0.317188
v 0.240533 7.428572 0.317188
v 0.231966 7.425569 0.317188
v 0.223472 7.429476 0.317188
v 0.220454 7.438586 0.317188
v 0.230953 7.460664 0.317188
v 0.216731 7.455613 0.317188
v 0.209473 7.439157 0.317188
v 0.214782 7.422740 0.317188
v 0.229388 7.415653 0.317188
v 0.236665 7.416574 0.317188
v 0.242952 7.420452 0.317188
v 0.241482 7.413009 0.317188
v 0.237502 7.409646 0.317188
v 0.230301 7.408619 0.317188
v 0.224342 7.409857 0.317188
v 0.220324 7.412858 0.317188
v 0.208192 7.413443 0.317188
v 0.212300 7.405630 0.317188
v 0.219488 7.400536 0.317188
v 0.230253 7.398401 0.317188
v 0.248693 7.404621 0.317188
v 0.253956 7.420770 0.317188
v 0.255768 7.458336 0.317188
v 0.244805 7.458865 0.317188
v 0.244572 7.454028 0.317188
v 0.244572 7.454028 0.323725
v 0.238041 7.458928 0.323725
v 0.244805 7.458865 0.323725
v 0.255768 7.458336 0.323725
v 0.253956 7.420770 0.323725
v 0.248693 7.404621 0.323725
v 0.230253 7.398401 0.323725
v 0.219488 7.400536 0.323725
v 0.212300 7.405630 0.323725
v 0.208192 7.413443 0.323725
v 0.220324 7.412858 0.323725
v 0.224342 7.409857 0.323725
v 0.230301 7.408619 0.323725
v 0.237502 7.409646 0.323725
v 0.241482 7.413009 0.323725
v 0.242952 7.420452 0.323725
v 0.236665 7.416574 0.323725
v 0.229388 7.415653 0.323725
v 0.214782 7.422740 0.323725
v 0.209473 7.439157 0.323725
v 0.216731 7.455613 0.323725
v 0.230953 7.460664 0.323725
v 0.220454 7.438586 0.323725
v 0.224244 7.447146 0.323725
v 0.223472 7.429476 0.323725
v 0.231966 7.425569 0.323725
v 0.240533 7.428572 0.323725
v 0.244273 7.437356 0.323725
v 0.241371 7.446380 0.323725
v 0.232953 7.450204 0.323725
v 0.220454 7.438586 0.327621
v 0.224244 7.447146 0.327621
v 0.223472 7.429476 0.327621
v 0.231966 7.425569 0.327621
v 0.240533 7.428572 0.327621
v 0.244273 7.437356 0.327621
v 0.241371 7.446380 0.327621
v 0.232953 7.450204 0.327621
v 0.538518 7.444434 0.317188
v 0.524721 7.432652 0.317188
v 0.533431 7.435709 0.317188
v 0.541848 7.431886 0.317188
v 0.544750 7.422862 0.317188
v 0.541010 7.414078 0.317188
v 0.532443 7.411075 0.317188
v 0.523949 7.414981 0.317188
v 0.520931 7.424092 0.317188
v 0.531430 7.446170 0.317188
v 0.517208 7.441119 0.317188
v 0.509950 7.424663 0.317188
v 0.515259 7.408246 0.317188
v 0.529865 7.401158 0.317188
v 0.537142 7.402080 0.317188
v 0.543429 7.405958 0.317188
v 0.541959 7.398515 0.317188
v 0.537979 7.395152 0.317188
v 0.530778 7.394125 0.317188
v 0.524819 7.395362 0.317188
v 0.520802 7.398364 0.317188
v 0.508669 7.398949 0.317188
v 0.512777 7.391135 0.317188
v 0.519965 7.386042 0.317188
v 0.530730 7.383907 0.317188
v 0.549170 7.390127 0.317188
v 0.554433 7.406276 0.317188
v 0.556246 7.443842 0.317188
v 0.545282 7.444371 0.317188
v 0.545049 7.439533 0.317188
v 0.545049 7.439533 0.323725
v 0.538518 7.444434 0.323725
v 0.545282 7.444371 0.323725
v 0.556246 7.443842 0.323725
v 0.554433 7.406276 0.323725
v 0.549170 7.390127 0.323725
v 0.530730 7.383907 0.323725
v 0.519965 7.386042 0.323725
v 0.512777 7.391135 0.323725
v 0.508669 7.398949 0.323725
v 0.520802 7.398364 0.323725
v 0.524819 7.395362 0.323725
v 0.530778 7.394125 0.323725
v 0.537979 7.395152 0.323725
v 0.541959 7.398515 0.323725
v 0.543429 7.405958 0.323725
v 0.537142 7.402080 0.323725
v 0.529865 7.401158 0.323725
v 0.515259 7.408246 0.323725
v 0.509950 7.424663 0.323725
v 0.517208 7.441119 0.323725
v 0.531430 7.446170 0.323725
v 0.520931 7.424092 0.323725
v 0.524721 7.432652 0.323725
v 0.523949 7.414981 0.323725
v 0.532443 7.411075 0.323725
v 0.541010 7.414078 0.323725
v 0.544750 7.422862 0.323725
v 0.541848 7.431886 0.323725
v 0.533431 7.435709 0.323725
v 0.520931 7.424092 0.327621
v 0.524721 7.432652 0.327621
v 0.523949 7.414981 0.327621
v 0.532443 7.411075 0.327621
v 0.541010 7.414078 0.327621
v 0.544750 7.422862 0.327621
v 0.541848 7.431886 0.327621
v 0.533431 7.435709 0.327621
v 0.036020 7.473258 0.317188
v 0.036556 7.484384 0.317188
v 0.003787 7.485964 0.317188
v 0.003250 7.474839 0.317188
v 0.013770 7.474332 0.317188
v 0.011447 7.426166 0.317188
v 0.022894 7.425613 0.317188
v 0.025217 7.473780 0.317188
v 0.036020 7.473258 0.323725
v 0.036556 7.484384 0.323725
v 0.025217 7.473780 0.323725
v 0.022894 7.425613 0.323725
v 0.011447 7.426166 0.323725
v 0.013770 7.474332 0.323725
v 0.003250 7.474839 0.323725
v 0.003787 7.485964 0.323725
v 0.202613 7.476898 0.317188
v 0.197750 7.479234 0.317188
v 0.192707 7.477417 0.317188
v 0.190418 7.472558 0.317188
v 0.192241 7.467319 0.317188
v 0.197143 7.464961 0.317188
v 0.202145 7.466801 0.317188
v 0.204437 7.471720 0.317188
v 0.202613 7.476898 0.323725
v 0.197750 7.479234 0.323725
v 0.204437 7.471720 0.323725
v 0.202145 7.466801 0.323725
v 0.197143 7.464961 0.323725
v 0.192241 7.467319 0.323725
v 0.190418 7.472558 0.323725
v 0.192707 7.477417 0.323725
v 0.313832 7.448586 0.317188
v 0.314911 7.470957 0.317188
v 0.303464 7.471509 0.317188
v 0.300604 7.412217 0.317188
v 0.312051 7.411665 0.317188
v 0.313305 7.437663 0.317188
v 0.333096 7.436708 0.317188
v 0.331842 7.410710 0.317188
v 0.343249 7.410161 0.317188
v 0.346109 7.469452 0.317188
v 0.334702 7.470002 0.317188
v 0.333623 7.447631 0.317188
v 0.313832 7.448586 0.323725
v 0.314911 7.470957 0.323725
v 0.333623 7.447631 0.323725
v 0.334702 7.470002 0.323725
v 0.346109 7.469452 0.323725
v 0.343249 7.410161 0.323725
v 0.331842 7.410710 0.323725
v 0.333096 7.436708 0.323725
v 0.313305 7.437663 0.323725
v 0.312051 7.411665 0.323725
v 0.300604 7.412217 0.323725
v 0.303464 7.471509 0.323725
v 0.054128 7.485031 0.317188
v 0.054128 7.485031 0.323725
v 0.043205 7.485557 0.323725
v 0.043205 7.485557 0.317188
v 0.053097 7.463668 0.317188
v 0.053097 7.463668 0.323725
v 0.040273 7.424775 0.317188
v 0.051196 7.424248 0.317188
v 0.052045 7.441862 0.317188
v 0.052965 7.450868 0.317188
v 0.056581 7.456753 0.317188
v 0.062432 7.458693 0.317188
v 0.066701 7.457153 0.317188
v 0.068985 7.453004 0.317188
v 0.069213 7.442650 0.317188
v 0.068286 7.423424 0.317188
v 0.079129 7.422901 0.317188
v 0.080527 7.451881 0.317188
v 0.077251 7.463553 0.317188
v 0.066465 7.468599 0.317188
v 0.059788 7.467526 0.317188
v 0.040273 7.424775 0.323725
v 0.059788 7.467526 0.323725
v 0.066465 7.468599 0.323725
v 0.077251 7.463553 0.323725
v 0.080527 7.451881 0.323725
v 0.079129 7.422901 0.323725
v 0.068286 7.423424 0.323725
v 0.069213 7.442650 0.323725
v 0.068985 7.453004 0.323725
v 0.066701 7.457153 0.323725
v 0.062432 7.458693 0.323725
v 0.056581 7.456753 0.323725
v 0.052965 7.450868 0.323725
v 0.052045 7.441862 0.323725
v 0.051196 7.424248 0.323725
v 0.112569 7.466375 0.317188
v 0.112569 7.466375 0.323725
v 0.096025 7.460526 0.323725
v 0.096025 7.460526 0.317188
v 0.129097 7.458931 0.317188
v 0.129097 7.458931 0.323725
v 0.104503 7.454837 0.317188
v 0.112662 7.457016 0.317188
v 0.119963 7.454373 0.317188
v 0.123956 7.448232 0.317188
v 0.100213 7.449377 0.317188
v 0.088752 7.444172 0.317188
v 0.094455 7.427555 0.317188
v 0.110949 7.420235 0.317188
v 0.122550 7.422038 0.317188
v 0.131204 7.428913 0.317188
v 0.122143 7.433713 0.317188
v 0.111335 7.429912 0.317188
v 0.102983 7.433082 0.317188
v 0.099251 7.440716 0.317188
v 0.134600 7.439011 0.317188
v 0.134741 7.441105 0.317188
v 0.088752 7.444172 0.323725
v 0.134741 7.441105 0.323725
v 0.134600 7.439011 0.323725
v 0.099251 7.440716 0.323725
v 0.102983 7.433082 0.323725
v 0.111335 7.429912 0.323725
v 0.122143 7.433713 0.323725
v 0.131204 7.428913 0.323725
v 0.122550 7.422038 0.323725
v 0.110949 7.420235 0.323725
v 0.094455 7.427555 0.323725
v 0.100213 7.449377 0.323725
v 0.104503 7.454837 0.323725
v 0.123956 7.448232 0.323725
v 0.119963 7.454373 0.323725
v 0.112662 7.457016 0.323725
v 0.100213 7.449377 0.327621
v 0.104503 7.454837 0.327621
v 0.123956 7.448232 0.327621
v 0.119963 7.454373 0.327621
v 0.112662 7.457016 0.327621
v 0.155985 7.478623 0.317188
v 0.155985 7.478623 0.323725
v 0.146662 7.479073 0.323725
v 0.146662 7.479073 0.317188
v 0.167799 7.477002 0.317188
v 0.167799 7.477002 0.323725
v 0.157454 7.467734 0.317188
v 0.160353 7.467594 0.317188
v 0.166031 7.465692 0.317188
v 0.167711 7.461208 0.317188
v 0.165492 7.456612 0.317188
v 0.159310 7.455183 0.317188
v 0.156375 7.445154 0.317188
v 0.158707 7.445042 0.317188
v 0.168092 7.442378 0.317188
v 0.170657 7.436224 0.317188
v 0.167976 7.431209 0.317188
v 0.158461 7.429899 0.317188
v 0.155646 7.430035 0.317188
v 0.156854 7.455301 0.317188
v 0.143802 7.419781 0.317188
v 0.160427 7.418979 0.317188
v 0.171782 7.420471 0.317188
v 0.178737 7.426297 0.317188
v 0.181758 7.435282 0.317188
v 0.179694 7.444411 0.317188
v 0.172101 7.451140 0.317188
v 0.177005 7.456095 0.317188
v 0.178733 7.462173 0.317188
v 0.176021 7.471353 0.317188
v 0.143802 7.419781 0.323725
v 0.176021 7.471353 0.323725
v 0.178733 7.462173 0.323725
v 0.177005 7.456095 0.323725
v 0.172101 7.451140 0.323725
v 0.179694 7.444411 0.323725
v 0.181758 7.435282 0.323725
v 0.178737 7.426297 0.323725
v 0.171782 7.420471 0.323725
v 0.160427 7.418979 0.323725
v 0.156854 7.455301 0.323725
v 0.157454 7.467734 0.323725
v 0.159310 7.455183 0.323725
v 0.155646 7.430035 0.323725
v 0.156375 7.445154 0.323725
v 0.158461 7.429899 0.323725
v 0.167976 7.431209 0.323725
v 0.170657 7.436224 0.323725
v 0.168092 7.442378 0.323725
v 0.158707 7.445042 0.323725
v 0.165492 7.456612 0.323725
v 0.167711 7.461208 0.323725
v 0.166031 7.465692 0.323725
v 0.160353 7.467594 0.323725
v 0.156854 7.455301 0.327621
v 0.157454 7.467734 0.327621
v 0.159310 7.455183 0.327621
v 0.155646 7.430035 0.327621
v 0.156375 7.445154 0.327621
v 0.158461 7.429899 0.327621
v 0.167976 7.431209 0.327621
v 0.170657 7.436224 0.327621
v 0.168092 7.442378 0.327621
v 0.158707 7.445042 0.327621
v 0.165492 7.456612 0.327621
v 0.167711 7.461208 0.327621
v 0.166031 7.465692 0.327621
v 0.160353 7.467594 0.327621
v 0.200265 7.417058 0.317188
v 0.202381 7.460911 0.317188
v 0.191377 7.461442 0.317188
v 0.189262 7.417588 0.317188
v 0.200265 7.417058 0.323725
v 0.202381 7.460911 0.323725
v 0.189262 7.417588 0.323725
v 0.191377 7.461442 0.323725
v 0.287579 7.429611 0.317188
v 0.288073 7.439850 0.317188
v 0.267597 7.440838 0.317188
v 0.267103 7.430599 0.317188
v 0.287579 7.429611 0.323725
v 0.288073 7.439850 0.323725
v 0.267103 7.430599 0.323725
v 0.267597 7.440838 0.323725
v 0.364211 7.449711 0.317188
v 0.367408 7.469919 0.317188
v 0.356687 7.470436 0.317188
v 0.357923 7.450015 0.317188
v 0.364211 7.449711 0.323725
v 0.367408 7.469919 0.323725
v 0.357923 7.450015 0.323725
v 0.356687 7.470436 0.323725
v 0.426843 7.465557 0.317188
v 0.426843 7.465557 0.323725
v 0.414885 7.466134 0.323725
v 0.414885 7.466134 0.317188
v 0.440749 7.463129 0.317188
v 0.440749 7.463129 0.323725
v 0.425671 7.454554 0.317188
v 0.428751 7.454405 0.317188
v 0.434877 7.453484 0.317188
v 0.437457 7.451303 0.317188
v 0.438294 7.447895 0.317188
v 0.436050 7.443325 0.317188
v 0.428606 7.442273 0.317188
v 0.425087 7.442442 0.317188
v 0.412025 7.406843 0.317188
v 0.423311 7.406298 0.317188
v 0.424522 7.431409 0.317188
v 0.425555 7.431359 0.317188
v 0.437677 7.405605 0.317188
v 0.450015 7.405010 0.317188
v 0.437241 7.432048 0.317188
v 0.445971 7.437586 0.317188
v 0.449243 7.447226 0.317188
v 0.447172 7.456981 0.317188
v 0.412025 7.406843 0.323725
v 0.447172 7.456981 0.323725
v 0.449243 7.447226 0.323725
v 0.445971 7.437586 0.323725
v 0.437241 7.432048 0.323725
v 0.450015 7.405010 0.323725
v 0.437677 7.405605 0.323725
v 0.425555 7.431359 0.323725
v 0.424522 7.431409 0.323725
v 0.423311 7.406298 0.323725
v 0.425087 7.442442 0.323725
v 0.425671 7.454554 0.323725
v 0.428606 7.442273 0.323725
v 0.436050 7.443325 0.323725
v 0.438294 7.447895 0.323725
v 0.437457 7.451303 0.323725
v 0.434877 7.453484 0.323725
v 0.428751 7.454405 0.323725
v 0.425087 7.442442 0.327621
v 0.425671 7.454554 0.327621
v 0.428606 7.442273 0.327621
v 0.436050 7.443325 0.327621
v 0.438294 7.447895 0.327621
v 0.437457 7.451303 0.327621
v 0.434877 7.453484 0.327621
v 0.428751 7.454405 0.327621
v 0.480736 7.448616 0.317188
v 0.480736 7.448616 0.323725
v 0.464192 7.442767 0.323725
v 0.464192 7.442767 0.317188
v 0.497264 7.441172 0.317188
v 0.497264 7.441172 0.323725
v 0.472670 7.437078 0.317188
v 0.480829 7.439257 0.317188
v 0.488130 7.436614 0.317188
v 0.492122 7.430472 0.317188
v 0.468380 7.431617 0.317188
v 0.456919 7.426412 0.317188
v 0.462622 7.409795 0.317188
v 0.479116 7.402475 0.317188
v 0.490717 7.404279 0.317188
v 0.499371 7.411153 0.317188
v 0.490310 7.415954 0.317188
v 0.479502 7.412152 0.317188
v 0.471150 7.415323 0.317188
v 0.467418 7.422957 0.317188
v 0.502767 7.421252 0.317188
v 0.502908 7.423346 0.317188
v 0.456919 7.426412 0.323725
v 0.502908 7.423346 0.323725
v 0.502767 7.421252 0.323725
v 0.467418 7.422957 0.323725
v 0.471150 7.415323 0.323725
v 0.479502 7.412152 0.323725
v 0.490310 7.415954 0.323725
v 0.499371 7.411153 0.323725
v 0.490717 7.404279 0.323725
v 0.479116 7.402475 0.323725
v 0.462622 7.409795 0.323725
v 0.468380 7.431617 0.323725
v 0.472670 7.437078 0.323725
v 0.492122 7.430472 0.323725
v 0.488130 7.436614 0.323725
v 0.480829 7.439257 0.323725
v 0.468380 7.431617 0.327621
v 0.472670 7.437078 0.327621
v 0.492122 7.430472 0.327621
v 0.488130 7.436614 0.327621
v 0.480829 7.439257 0.327621
v 0.585970 7.443539 0.317188
v 0.585970 7.443539 0.323725
v 0.571082 7.437752 0.323725
v 0.571082 7.437752 0.317188
v 0.593305 7.441690 0.317188
v 0.593305 7.441690 0.323725
v 0.579110 7.430026 0.317188
v 0.587718 7.433209 0.317188
v 0.596141 7.429265 0.317188
v 0.599094 7.419877 0.317188
v 0.595242 7.410635 0.317188
v 0.586516 7.407459 0.317188
v 0.578278 7.411515 0.317188
v 0.575310 7.420984 0.317188
v 0.564280 7.421395 0.317188
v 0.569690 7.404712 0.317188
v 0.584066 7.397413 0.317188
v 0.591157 7.398424 0.317188
v 0.597832 7.402526 0.317188
v 0.597608 7.397891 0.317188
v 0.608612 7.397360 0.317188
v 0.610728 7.441214 0.317188
v 0.599724 7.441745 0.317188
v 0.599491 7.436907 0.317188
v 0.564280 7.421395 0.323725
v 0.599491 7.436907 0.323725
v 0.599724 7.441745 0.323725
v 0.610728 7.441214 0.323725
v 0.608612 7.397360 0.323725
v 0.597608 7.397891 0.323725
v 0.597832 7.402526 0.323725
v 0.591157 7.398424 0.323725
v 0.584066 7.397413 0.323725
v 0.569690 7.404712 0.323725
v 0.575310 7.420984 0.323725
v 0.579110 7.430026 0.323725
v 0.578278 7.411515 0.323725
v 0.586516 7.407459 0.323725
v 0.595242 7.410635 0.323725
v 0.599094 7.419877 0.323725
v 0.596141 7.429265 0.323725
v 0.587718 7.433209 0.323725
v 0.575310 7.420984 0.327621
v 0.579110 7.430026 0.327621
v 0.578278 7.411515 0.327621
v 0.586516 7.407459 0.327621
v 0.595242 7.410635 0.327621
v 0.599094 7.419877 0.327621
v 0.596141 7.429265 0.327621
v 0.587718 7.433209 0.327621
v 0.638379 7.441011 0.317188
v 0.638379 7.441011 0.323725
v 0.632735 7.439586 0.323725
v 0.632735 7.439586 0.317188
v 0.642799 7.439667 0.317188
v 0.642799 7.439667 0.323725
v 0.628425 7.434825 0.317188
v 0.628692 7.440347 0.317188
v 0.619260 7.440802 0.317188
v 0.617144 7.396948 0.317188
v 0.628067 7.396421 0.317188
v 0.628923 7.414156 0.317188
v 0.628985 7.416295 0.317188
v 0.631334 7.428544 0.317188
v 0.635779 7.431481 0.317188
v 0.638916 7.430359 0.317188
v 0.628425 7.434825 0.323725
v 0.638916 7.430359 0.323725
v 0.635779 7.431481 0.323725
v 0.631334 7.428544 0.323725
v 0.628985 7.416295 0.323725
v 0.628923 7.414156 0.323725
v 0.628067 7.396421 0.323725
v 0.617144 7.396948 0.323725
v 0.619260 7.440802 0.323725
v 0.628692 7.440347 0.323725
v 0.692442 7.454240 0.317188
v 0.692442 7.454240 0.323725
v 0.681438 7.454771 0.323725
v 0.681438 7.454771 0.317188
v 0.689510 7.393457 0.317188
v 0.689510 7.393457 0.323725
v 0.680388 7.433005 0.317188
v 0.674202 7.437788 0.317188
v 0.666867 7.439637 0.317188
v 0.651979 7.433850 0.317188
v 0.660008 7.426124 0.317188
v 0.668616 7.429307 0.317188
v 0.677039 7.425363 0.317188
v 0.679992 7.415975 0.317188
v 0.676140 7.406734 0.317188
v 0.667413 7.403556 0.317188
v 0.659175 7.407612 0.317188
v 0.656207 7.417082 0.317188
v 0.645178 7.417492 0.317188
v 0.650587 7.400809 0.317188
v 0.664964 7.393510 0.317188
v 0.672055 7.394521 0.317188
v 0.678730 7.398623 0.317188
v 0.678506 7.393988 0.317188
v 0.680388 7.433005 0.323725
v 0.678506 7.393988 0.323725
v 0.678730 7.398623 0.323725
v 0.672055 7.394521 0.323725
v 0.664964 7.393510 0.323725
v 0.650587 7.400809 0.323725
v 0.645178 7.417492 0.323725
v 0.651979 7.433850 0.323725
v 0.656207 7.417082 0.323725
v 0.660008 7.426124 0.323725
v 0.659175 7.407612 0.323725
v 0.667413 7.403556 0.323725
v 0.676140 7.406734 0.323725
v 0.679992 7.415975 0.323725
v 0.677039 7.425363 0.323725
v 0.668616 7.429307 0.323725
v 0.666867 7.439637 0.323725
v 0.674202 7.437788 0.323725
v 0.656207 7.417082 0.327621
v 0.660008 7.426124 0.327621
v 0.659175 7.407612 0.327621
v 0.667413 7.403556 0.327621
v 0.676140 7.406734 0.327621
v 0.679992 7.415975 0.327621
v 0.677039 7.425363 0.327621
v 0.668616 7.429307 0.327621
vt 0.625000 0.035053
vt 0.680915 0.000000
vt 0.819085 0.000000
vt 0.875000 0.035053
vt 0.875000 0.215029
vt 0.819085 0.250000
vt 0.680915 0.250000
vt 0.625000 0.215029
vt 0.625000 0.215029
vt 0.625000 0.035053
vt 0.385470 0.000000
vt 0.625000 0.944085
vt 0.385470 0.943165
vt 0.385385 0.806375
vt 0.625000 0.805915
vt 0.625000 0.714947
vt 0.377489 0.712188
vt 0.375000 0.537086
vt 0.625000 0.534971
vt 0.375000 0.440459
vt 0.625000 0.444085
vt 0.375000 0.309541
vt 0.625000 0.305915
vt 0.377489 0.037812
vt 0.377489 0.037812
vt 0.392807 0.037642
vt 0.394601 0.037622
vt 0.395609 0.037610
vt 0.396927 0.037596
vt 0.397755 0.037586
vt 0.397873 0.037585
vt 0.396958 0.037595
vt 0.394442 0.037623
vt 0.395388 0.037613
vt 0.395229 0.037615
vt 0.391768 0.037653
vt 0.385606 0.037722
vt 0.380221 0.037782
vt 0.379363 0.037791
vt 0.380458 0.037779
vt 0.382646 0.037755
vt 0.380932 0.037774
vt 0.381854 0.037764
vt 0.395059 0.037616
vt 0.392466 0.037645
vt 0.388874 0.037685
vt 0.390586 0.037666
vt 0.394174 0.037626
vt 0.401153 0.037548
vt 0.380325 0.037781
vt 0.381289 0.037770
vt 0.389199 0.037682
vt 0.390856 0.037663
vt 0.382954 0.037751
vt 0.383913 0.037741
vt 0.384268 0.037737
vt 0.385169 0.037727
vt 0.392154 0.037649
vt 0.391628 0.037655
vt 0.404700 0.037509
vt 0.404739 0.037509
vt 0.402739 0.037531
vt 0.404386 0.037512
vt 0.405253 0.037503
vt 0.405181 0.037504
vt 0.404452 0.037512
vt 0.402327 0.037535
vt 0.401371 0.037546
vt 0.395790 0.037608
vt 0.393004 0.037639
vt 0.392566 0.037644
vt 0.393899 0.037629
vt 0.396323 0.037602
vt 0.398141 0.037582
vt 0.396071 0.037605
vt 0.396103 0.037605
vt 0.396701 0.037598
vt 0.397329 0.037591
vt 0.398316 0.037580
vt 0.399357 0.037569
vt 0.402325 0.037535
vt 0.405189 0.037504
vt 0.408215 0.037470
vt 0.410420 0.037445
vt 0.389691 0.037676
vt 0.390695 0.037665
vt 0.392488 0.037645
vt 0.395102 0.037616
vt 0.398699 0.037576
vt 0.401888 0.037540
vt 0.406550 0.037488
vt 0.401272 0.037547
vt 0.400306 0.037558
vt 0.404039 0.037516
vt 0.410685 0.037442
vt 0.411410 0.037434
vt 0.408461 0.037467
vt 0.411384 0.037434
vt 0.413047 0.037416
vt 0.412436 0.037423
vt 0.414716 0.037397
vt 0.419584 0.037343
vt 0.420594 0.037332
vt 0.421902 0.037317
vt 0.422727 0.037308
vt 0.422849 0.037307
vt 0.421947 0.037317
vt 0.419457 0.037344
vt 0.420388 0.037334
vt 0.420225 0.037336
vt 0.416787 0.037374
vt 0.410692 0.037442
vt 0.405387 0.037501
vt 0.404552 0.037511
vt 0.405638 0.037499
vt 0.407802 0.037474
vt 0.406112 0.037493
vt 0.407030 0.037483
vt 0.420078 0.037338
vt 0.415455 0.037389
vt 0.410166 0.037448
vt 0.409121 0.037460
vt 0.410263 0.037447
vt 0.412359 0.037424
vt 0.410672 0.037442
vt 0.411594 0.037432
vt 0.426779 0.037263
vt 0.427490 0.037255
vt 0.412309 0.037424
vt 0.413100 0.037415
vt 0.415024 0.037394
vt 0.413638 0.037409
vt 0.413514 0.037411
vt 0.414282 0.037402
vt 0.417292 0.037369
vt 0.422212 0.037314
vt 0.416940 0.037372
vt 0.415903 0.037384
vt 0.417044 0.037371
vt 0.419137 0.037348
vt 0.411544 0.037433
vt 0.412470 0.037422
vt 0.433517 0.037188
vt 0.431971 0.037205
vt 0.430002 0.037227
vt 0.431635 0.037209
vt 0.432498 0.037199
vt 0.432430 0.037200
vt 0.431711 0.037208
vt 0.429605 0.037231
vt 0.428656 0.037242
vt 0.423128 0.037304
vt 0.420381 0.037334
vt 0.419959 0.037339
vt 0.421286 0.037324
vt 0.423690 0.037297
vt 0.425478 0.037277
vt 0.423423 0.037300
vt 0.423452 0.037300
vt 0.424041 0.037293
vt 0.424662 0.037286
vt 0.425642 0.037275
vt 0.426675 0.037264
vt 0.429618 0.037231
vt 0.432452 0.037200
vt 0.435437 0.037166
vt 0.435815 0.037162
vt 0.432600 0.037198
vt 0.431011 0.037216
vt 0.431986 0.037205
vt 0.431863 0.037206
vt 0.428378 0.037245
vt 0.416689 0.037375
vt 0.417422 0.037367
vt 0.421550 0.037321
vt 0.422292 0.037313
vt 0.428399 0.037245
vt 0.425863 0.037273
vt 0.424269 0.037291
vt 0.425249 0.037280
vt 0.425128 0.037281
vt 0.421637 0.037320
vt 0.425333 0.037279
vt 0.426259 0.037269
vt 0.424807 0.037285
vt 0.422568 0.037310
vt 0.416538 0.037377
vt 0.416396 0.037379
vt 0.412749 0.037419
vt 0.403259 0.037525
vt 0.413581 0.037410
vt 0.412554 0.037421
vt 0.402724 0.037531
vt 0.402638 0.037532
vt 0.411359 0.037435
vt 0.408611 0.037465
vt 0.403751 0.037520
vt 0.394691 0.037621
vt 0.393037 0.037639
vt 0.402105 0.037538
vt 0.400370 0.037557
vt 0.401317 0.037547
vt 0.399861 0.037563
vt 0.397608 0.037588
vt 0.391891 0.037652
vt 0.377489 0.037812
vt 0.377489 0.037812
vt 0.378841 0.037797
vt 0.381754 0.037765
vt 0.385140 0.037727
vt 0.388123 0.037694
vt 0.389718 0.037676
vt 0.389492 0.037679
vt 0.388108 0.037694
vt 0.377489 0.037812
vt 0.377489 0.037812
vt 0.379938 0.037785
vt 0.380676 0.037777
vt 0.377708 0.037810
vt 0.380685 0.037777
vt 0.382369 0.037758
vt 0.381735 0.037765
vt 0.384043 0.037739
vt 0.385903 0.037719
vt 0.385771 0.037720
vt 0.382085 0.037761
vt 0.377489 0.037812
vt 0.377489 0.037812
vt 0.382719 0.037754
vt 0.381814 0.037764
vt 0.377489 0.037812
vt 0.377489 0.037812
vt 0.380387 0.037780
vt 0.379473 0.037790
vt 0.377489 0.037812
vt 0.377489 0.037812
vt 0.378017 0.037806
vt 0.377489 0.037812
vt 0.377489 0.037812
vt 0.375000 0.212914
vt 0.375000 0.212914
vt 0.625000 0.215029
vt 0.625000 0.035053
vt 0.375000 0.940969
vt 0.375000 0.805601
vt 0.125000 0.212914
vt 0.125000 0.057857
vt 0.125000 0.068920
vt 0.125000 0.210150
vt 0.184541 0.250000
vt 0.180915 0.250000
vt 0.319085 0.250000
vt 0.315459 0.250000
vt 0.377483 0.038194
vt 0.377275 0.052880
vt 0.377265 0.053571
vt 0.377218 0.056870
vt 0.377248 0.054732
vt 0.377296 0.051379
vt 0.377285 0.052114
vt 0.377248 0.054739
vt 0.377259 0.054000
vt 0.377351 0.047497
vt 0.377339 0.048317
vt 0.377340 0.048276
vt 0.377371 0.046101
vt 0.377426 0.042256
vt 0.377467 0.039339
vt 0.377400 0.044079
vt 0.377387 0.044965
vt 0.377434 0.041651
vt 0.377358 0.047008
vt 0.377368 0.046330
vt 0.377385 0.045133
vt 0.377417 0.042853
vt 0.377461 0.039751
vt 0.377488 0.037899
vt 0.377475 0.038759
vt 0.377487 0.037926
vt 0.377464 0.039549
vt 0.377449 0.040601
vt 0.377424 0.042391
vt 0.377403 0.043812
vt 0.377399 0.044098
vt 0.377414 0.043064
vt 0.377439 0.041291
vt 0.377460 0.039843
vt 0.377489 0.037812
vt 0.377458 0.040006
vt 0.377411 0.043276
vt 0.377391 0.044705
vt 0.377381 0.045428
vt 0.377384 0.045156
vt 0.377407 0.043528
vt 0.377447 0.040760
vt 0.375000 0.212914
vt 0.625000 0.177840
vt 0.625000 0.035053
vt 0.318625 0.000000
vt 0.318625 0.000000
vt 0.288045 0.000000
vt 0.211955 0.000000
vt 0.181375 0.000000
vt 0.181375 0.000000
vt 0.375000 0.719117
vt 0.125000 0.250000
vt 0.125000 0.000000
vt 0.180915 0.000000
vt 0.319085 0.000000
vt 0.375000 0.210150
vt 0.375000 0.068920
vt 0.402240 0.037536
vt 0.400000 0.213126
vt 0.625000 0.071920
vt 0.375000 0.000000
vt 0.181311 0.000000
vt 0.180979 0.000000
vt 0.180915 0.000000
vt 0.319085 0.000000
vt 0.319021 0.000000
vt 0.318689 0.000000
vt 0.284353 0.000000
vt 0.215647 0.000000
vt 0.211360 0.000000
vt 0.288640 0.000000
vt 0.376986 0.073204
vt 0.375000 0.212914
vt 0.401787 0.073076
vt 0.400447 0.177931
vt 0.181314 0.000000
vt 0.180986 0.000000
vt 0.319014 0.000000
vt 0.318686 0.000000
vt 0.284327 0.000000
vt 0.215673 0.000000
vt 0.215184 0.000000
vt 0.284816 0.000000
vt 0.375497 0.177941
vt 0.181325 0.000000
vt 0.180971 0.000000
vt 0.319029 0.000000
vt 0.318675 0.000000
vt 0.284327 0.000000
vt 0.215673 0.000000
vt 0.215254 0.000000
vt 0.284746 0.000000
vt 0.181331 0.000000
vt 0.180954 0.000000
vt 0.319046 0.000000
vt 0.318669 0.000000
vt 0.284316 0.000000
vt 0.215684 0.000000
vt 0.215245 0.000000
vt 0.284755 0.000000
vt 0.181353 0.000000
vt 0.180937 0.000000
vt 0.319063 0.000000
vt 0.318647 0.000000
vt 0.284317 0.000000
vt 0.215693 0.000000
vt 0.215236 0.000000
vt 0.284764 0.000000
vt 0.181352 0.000000
vt 0.180939 0.000000
vt 0.319061 0.000000
vt 0.318649 0.000000
vt 0.284762 0.000000
vt 0.215230 0.000000
vt 0.139551 0.989332
vt 0.137974 0.988964
vt 0.135962 0.989687
vt 0.135176 0.991431
vt 0.137263 0.994063
vt 0.137990 0.994427
vt 0.138931 0.995399
vt 0.138670 0.995874
vt 0.137982 0.996079
vt 0.137077 0.995806
vt 0.136188 0.995091
vt 0.134859 0.996538
vt 0.137863 0.998008
vt 0.140121 0.997241
vt 0.140962 0.995328
vt 0.140496 0.993826
vt 0.138780 0.992569
vt 0.137990 0.992174
vt 0.137346 0.991774
vt 0.137215 0.991454
vt 0.137421 0.991071
vt 0.137990 0.990917
vt 0.139468 0.991723
vt 0.140804 0.990387
vt 0.898967 0.491752
vt 0.898967 0.369312
vt 0.897390 0.369312
vt 0.897390 0.491752
vt 0.900220 0.491752
vt 0.900220 0.369312
vt 0.886069 0.495478
vt 0.886069 0.617918
vt 0.887405 0.617918
vt 0.887405 0.495478
vt 0.884591 0.495478
vt 0.884591 0.617918
vt 0.884021 0.495478
vt 0.884021 0.617918
vt 0.893852 0.495478
vt 0.893852 0.617918
vt 0.894235 0.617918
vt 0.894235 0.495478
vt 0.893532 0.495478
vt 0.893532 0.617918
vt 0.893133 0.495478
vt 0.893133 0.617918
vt 0.900753 0.985238
vt 0.900753 0.862798
vt 0.899963 0.862798
vt 0.899963 0.985238
vt 0.909896 0.495478
vt 0.909896 0.617918
vt 0.911153 0.617918
vt 0.911153 0.495478
vt 0.908394 0.495478
vt 0.908394 0.617918
vt 0.906481 0.495478
vt 0.906481 0.617918
vt 0.919885 0.495478
vt 0.919885 0.617918
vt 0.922142 0.617918
vt 0.922142 0.495478
vt 0.916880 0.495478
vt 0.916880 0.617918
vt 0.929197 0.985238
vt 0.929197 0.862798
vt 0.927869 0.862798
vt 0.927869 0.985238
vt 0.930087 0.985238
vt 0.930087 0.862798
vt 0.930992 0.985238
vt 0.930992 0.862798
vt 0.931680 0.985238
vt 0.931680 0.862798
vt 0.924964 0.491752
vt 0.924964 0.369312
vt 0.924489 0.369312
vt 0.924489 0.491752
vt 0.925936 0.491752
vt 0.925936 0.369312
vt 0.917211 0.001992
vt 0.917211 0.124432
vt 0.917939 0.124432
vt 0.917939 0.001992
vt 0.908927 0.491752
vt 0.908927 0.369312
vt 0.906295 0.369312
vt 0.906295 0.491752
vt 0.910671 0.491752
vt 0.910671 0.369312
vt 0.895378 0.369312
vt 0.895378 0.491752
vt 0.897390 0.296337
vt 0.898967 0.296337
vt 0.900220 0.296337
vt 0.887405 0.690893
vt 0.886069 0.690893
vt 0.884591 0.690893
vt 0.884021 0.690893
vt 0.894235 0.690893
vt 0.893852 0.690893
vt 0.893532 0.690893
vt 0.893133 0.690893
vt 0.899963 0.789823
vt 0.900753 0.789823
vt 0.911153 0.690893
vt 0.909896 0.690893
vt 0.908394 0.690893
vt 0.906481 0.690893
vt 0.922142 0.690893
vt 0.919884 0.690893
vt 0.916880 0.690893
vt 0.927869 0.789823
vt 0.929197 0.789823
vt 0.930087 0.789823
vt 0.930992 0.789823
vt 0.931680 0.789823
vt 0.924489 0.296337
vt 0.924963 0.296337
vt 0.925936 0.296337
vt 0.917939 0.197407
vt 0.917211 0.197407
vt 0.906295 0.296337
vt 0.908927 0.296337
vt 0.910671 0.296337
vt 0.895378 0.296337
vt 0.230522 0.989332
vt 0.228945 0.988964
vt 0.226933 0.989687
vt 0.226147 0.991431
vt 0.228234 0.994063
vt 0.228961 0.994427
vt 0.229902 0.995399
vt 0.229641 0.995874
vt 0.228953 0.996079
vt 0.228048 0.995806
vt 0.227159 0.995091
vt 0.225831 0.996538
vt 0.228835 0.998008
vt 0.231092 0.997241
vt 0.231934 0.995328
vt 0.231467 0.993826
vt 0.229752 0.992569
vt 0.228961 0.992174
vt 0.228317 0.991774
vt 0.228186 0.991454
vt 0.228392 0.991071
vt 0.228961 0.990917
vt 0.230439 0.991723
vt 0.231775 0.990387
vt 0.214958 0.985238
vt 0.214958 0.862798
vt 0.213381 0.862798
vt 0.213381 0.985238
vt 0.216211 0.985238
vt 0.216211 0.862798
vt 0.136299 0.495478
vt 0.136299 0.617918
vt 0.137635 0.617918
vt 0.137635 0.495478
vt 0.134820 0.495478
vt 0.134820 0.617918
vt 0.134251 0.495478
vt 0.134251 0.617918
vt 0.144082 0.495478
vt 0.144082 0.617918
vt 0.144465 0.617918
vt 0.144465 0.495478
vt 0.143761 0.495478
vt 0.143761 0.617918
vt 0.143362 0.495478
vt 0.143362 0.617918
vt 0.150983 0.985238
vt 0.150983 0.862798
vt 0.150193 0.862798
vt 0.150193 0.985238
vt 0.160126 0.495478
vt 0.160126 0.617918
vt 0.161383 0.617918
vt 0.161383 0.495478
vt 0.158624 0.495478
vt 0.158624 0.617918
vt 0.156711 0.495478
vt 0.156711 0.617918
vt 0.170114 0.495478
vt 0.170114 0.617918
vt 0.172371 0.617918
vt 0.172371 0.495478
vt 0.167110 0.495478
vt 0.167110 0.617918
vt 0.179427 0.985238
vt 0.179427 0.862798
vt 0.178099 0.862798
vt 0.178099 0.985238
vt 0.180316 0.985238
vt 0.180316 0.862798
vt 0.181222 0.985238
vt 0.181222 0.862798
vt 0.181909 0.985238
vt 0.181909 0.862798
vt 0.188111 0.985238
vt 0.188111 0.862798
vt 0.187637 0.862798
vt 0.187637 0.985238
vt 0.189083 0.985238
vt 0.189083 0.862798
vt 0.194811 0.495478
vt 0.194811 0.617918
vt 0.195538 0.617918
vt 0.195538 0.495478
vt 0.203898 0.985238
vt 0.203898 0.862798
vt 0.201266 0.862798
vt 0.201266 0.985238
vt 0.205642 0.985238
vt 0.205642 0.862798
vt 0.211369 0.862798
vt 0.211369 0.985238
vt 0.213381 0.789823
vt 0.214958 0.789823
vt 0.216211 0.789823
vt 0.137635 0.690893
vt 0.136299 0.690893
vt 0.134820 0.690893
vt 0.134251 0.690893
vt 0.144465 0.690893
vt 0.144082 0.690893
vt 0.143761 0.690893
vt 0.143362 0.690893
vt 0.150193 0.789823
vt 0.150983 0.789823
vt 0.161383 0.690893
vt 0.160126 0.690893
vt 0.158624 0.690893
vt 0.156711 0.690893
vt 0.172371 0.690893
vt 0.170114 0.690893
vt 0.167110 0.690893
vt 0.178099 0.789823
vt 0.179427 0.789823
vt 0.180316 0.789823
vt 0.181222 0.789823
vt 0.181909 0.789823
vt 0.187637 0.789823
vt 0.188111 0.789823
vt 0.189083 0.789823
vt 0.195538 0.690893
vt 0.194811 0.690893
vt 0.201266 0.789823
vt 0.203898 0.789823
vt 0.205642 0.789823
vt 0.211369 0.789823
vt 0.125049 0.495751
vt 0.122461 0.498187
vt 0.124136 0.497506
vt 0.125819 0.498175
vt 0.126472 0.499913
vt 0.125823 0.501667
vt 0.124175 0.502336
vt 0.122476 0.501652
vt 0.121800 0.499897
vt 0.123646 0.495478
vt 0.120911 0.496601
vt 0.119646 0.499889
vt 0.120839 0.503052
vt 0.123764 0.504301
vt 0.125180 0.504052
vt 0.126373 0.503233
vt 0.126156 0.504704
vt 0.125409 0.505399
vt 0.124010 0.505668
vt 0.122832 0.505482
vt 0.122017 0.504933
vt 0.119638 0.504933
vt 0.120515 0.506423
vt 0.121970 0.507352
vt 0.124096 0.507668
vt 0.127646 0.506277
vt 0.128524 0.503067
vt 0.128524 0.495699
vt 0.126373 0.495699
vt 0.126373 0.496648
vt 0.535632 0.491752
vt 0.536957 0.491752
vt 0.536957 0.369312
vt 0.535632 0.369312
vt 0.632511 0.491752
vt 0.632511 0.369312
vt 0.631562 0.369312
vt 0.631562 0.491752
vt 0.624615 0.491752
vt 0.624615 0.369312
vt 0.622465 0.369312
vt 0.622465 0.491752
vt 0.609300 0.001992
vt 0.609300 0.124432
vt 0.616668 0.124432
vt 0.616668 0.001992
vt 0.606090 0.001992
vt 0.606090 0.124432
vt 0.595993 0.001992
vt 0.595993 0.124432
vt 0.599543 0.124432
vt 0.599543 0.001992
vt 0.593867 0.001992
vt 0.593867 0.124432
vt 0.592412 0.001992
vt 0.592412 0.124432
vt 0.591535 0.001992
vt 0.591535 0.124432
vt 0.581178 0.491752
vt 0.581178 0.369312
vt 0.578799 0.369312
vt 0.578799 0.491752
vt 0.581993 0.491752
vt 0.581993 0.369312
vt 0.583170 0.491752
vt 0.583170 0.369312
vt 0.584570 0.491752
vt 0.584570 0.369312
vt 0.570397 0.491752
vt 0.570397 0.369312
vt 0.569702 0.369312
vt 0.569702 0.491752
vt 0.571868 0.491752
vt 0.571868 0.369312
vt 0.561306 0.001992
vt 0.561306 0.124432
vt 0.562500 0.124432
vt 0.562500 0.001992
vt 0.559891 0.001992
vt 0.559891 0.124432
vt 0.556966 0.001992
vt 0.556966 0.124432
vt 0.547392 0.491752
vt 0.547392 0.369312
vt 0.544230 0.369312
vt 0.544230 0.491752
vt 0.550681 0.491752
vt 0.550681 0.369312
vt 0.534229 0.491752
vt 0.534229 0.369312
vt 0.531494 0.369312
vt 0.531494 0.491752
vt 0.671415 0.001992
vt 0.669705 0.001992
vt 0.669705 0.124432
vt 0.671415 0.124432
vt 0.667951 0.001992
vt 0.667951 0.124432
vt 0.660552 0.491752
vt 0.660552 0.369312
vt 0.658853 0.369312
vt 0.658853 0.491752
vt 0.662200 0.491752
vt 0.662200 0.369312
vt 0.649691 0.491752
vt 0.649691 0.369312
vt 0.647937 0.369312
vt 0.647937 0.491752
vt 0.651429 0.491752
vt 0.651429 0.369312
vt 0.640515 0.001992
vt 0.640515 0.124432
vt 0.642198 0.124432
vt 0.642198 0.001992
vt 0.638840 0.001992
vt 0.638840 0.124432
vt 0.535632 0.296337
vt 0.536957 0.296337
vt 0.631562 0.296337
vt 0.632511 0.296337
vt 0.622465 0.296337
vt 0.624615 0.296337
vt 0.616668 0.197407
vt 0.609300 0.197407
vt 0.606090 0.197407
vt 0.599543 0.197407
vt 0.595993 0.197407
vt 0.593867 0.197407
vt 0.592412 0.197407
vt 0.591535 0.197407
vt 0.578799 0.296337
vt 0.581178 0.296337
vt 0.581993 0.296337
vt 0.583170 0.296337
vt 0.584570 0.296337
vt 0.569702 0.296337
vt 0.570397 0.296337
vt 0.571868 0.296337
vt 0.562500 0.197407
vt 0.561306 0.197407
vt 0.559891 0.197407
vt 0.556966 0.197407
vt 0.544230 0.296337
vt 0.547392 0.296337
vt 0.550681 0.296337
vt 0.531494 0.296337
vt 0.534229 0.296337
vt 0.669705 0.197407
vt 0.671415 0.197407
vt 0.667951 0.197407
vt 0.660552 0.296337
vt 0.658853 0.296337
vt 0.662200 0.296337
vt 0.649691 0.296337
vt 0.647937 0.296337
vt 0.651429 0.296337
vt 0.640515 0.197407
vt 0.642198 0.197407
vt 0.638840 0.197407
vt 0.095822 0.495751
vt 0.093234 0.498187
vt 0.094909 0.497506
vt 0.096593 0.498175
vt 0.097246 0.499913
vt 0.096597 0.501667
vt 0.094949 0.502336
vt 0.093250 0.501652
vt 0.092573 0.499897
vt 0.094419 0.495478
vt 0.091684 0.496601
vt 0.090419 0.499889
vt 0.091613 0.503052
vt 0.094538 0.504301
vt 0.095953 0.504052
vt 0.097147 0.503233
vt 0.096929 0.504704
vt 0.096182 0.505399
vt 0.094783 0.505668
vt 0.093605 0.505482
vt 0.092791 0.504933
vt 0.090411 0.504933
vt 0.091289 0.506423
vt 0.092743 0.507352
vt 0.094870 0.507668
vt 0.098419 0.506277
vt 0.099297 0.503067
vt 0.099297 0.495699
vt 0.097147 0.495699
vt 0.097147 0.496648
vt 0.658458 0.985238
vt 0.659782 0.985238
vt 0.659782 0.862798
vt 0.658458 0.862798
vt 0.567841 0.985238
vt 0.567841 0.862798
vt 0.566892 0.862798
vt 0.566892 0.985238
vt 0.575719 0.985238
vt 0.575719 0.862798
vt 0.573568 0.862798
vt 0.573568 0.985238
vt 0.584656 0.495478
vt 0.584656 0.617918
vt 0.592024 0.617918
vt 0.592024 0.495478
vt 0.581446 0.495478
vt 0.581446 0.617918
vt 0.602210 0.495478
vt 0.602210 0.617918
vt 0.605760 0.617918
vt 0.605760 0.495478
vt 0.600083 0.495478
vt 0.600083 0.617918
vt 0.598629 0.495478
vt 0.598629 0.617918
vt 0.597751 0.495478
vt 0.597751 0.617918
vt 0.613867 0.985238
vt 0.613867 0.862798
vt 0.611487 0.862798
vt 0.611487 0.985238
vt 0.614681 0.985238
vt 0.614681 0.862798
vt 0.615859 0.985238
vt 0.615859 0.862798
vt 0.617258 0.985238
vt 0.617258 0.862798
vt 0.623681 0.985238
vt 0.623681 0.862798
vt 0.622986 0.862798
vt 0.622986 0.985238
vt 0.625152 0.985238
vt 0.625152 0.862798
vt 0.635219 0.495478
vt 0.635219 0.617918
vt 0.636413 0.617918
vt 0.636413 0.495478
vt 0.633804 0.495478
vt 0.633804 0.617918
vt 0.630879 0.495478
vt 0.630879 0.617918
vt 0.645303 0.985238
vt 0.645303 0.862798
vt 0.642141 0.862798
vt 0.642141 0.985238
vt 0.648592 0.985238
vt 0.648592 0.862798
vt 0.657054 0.985238
vt 0.657054 0.862798
vt 0.654319 0.862798
vt 0.654319 0.985238
vt 0.533784 0.495478
vt 0.532073 0.495478
vt 0.532073 0.617918
vt 0.533784 0.617918
vt 0.530319 0.495478
vt 0.530319 0.617918
vt 0.541210 0.985238
vt 0.541210 0.862798
vt 0.539511 0.862798
vt 0.539511 0.985238
vt 0.542858 0.985238
vt 0.542858 0.862798
vt 0.550340 0.985238
vt 0.550340 0.862798
vt 0.548586 0.862798
vt 0.548586 0.985238
vt 0.552078 0.985238
vt 0.552078 0.862798
vt 0.559481 0.495478
vt 0.559481 0.617918
vt 0.561164 0.617918
vt 0.561164 0.495478
vt 0.557806 0.495478
vt 0.557806 0.617918
vt 0.658458 0.789823
vt 0.659782 0.789823
vt 0.566892 0.789823
vt 0.567841 0.789823
vt 0.573568 0.789823
vt 0.575719 0.789823
vt 0.592024 0.690893
vt 0.584656 0.690893
vt 0.581446 0.690893
vt 0.605760 0.690893
vt 0.602210 0.690893
vt 0.600083 0.690893
vt 0.598629 0.690893
vt 0.597751 0.690893
vt 0.611487 0.789823
vt 0.613867 0.789823
vt 0.614681 0.789823
vt 0.615859 0.789823
vt 0.617258 0.789823
vt 0.622986 0.789823
vt 0.623681 0.789823
vt 0.625152 0.789823
vt 0.636413 0.690893
vt 0.635219 0.690893
vt 0.633804 0.690893
vt 0.630879 0.690893
vt 0.642141 0.789823
vt 0.645303 0.789823
vt 0.648592 0.789823
vt 0.654319 0.789823
vt 0.657054 0.789823
vt 0.532073 0.690893
vt 0.533784 0.690893
vt 0.530319 0.690893
vt 0.541210 0.789823
vt 0.539511 0.789823
vt 0.542858 0.789823
vt 0.550340 0.789823
vt 0.548586 0.789823
vt 0.552078 0.789823
vt 0.559481 0.690893
vt 0.561164 0.690893
vt 0.557806 0.690893
vt 0.014115 0.497660
vt 0.014115 0.495478
vt 0.007688 0.495478
vt 0.007688 0.497660
vt 0.009751 0.497660
vt 0.009751 0.507107
vt 0.011996 0.507107
vt 0.011996 0.497660
vt 0.083916 0.001992
vt 0.083916 0.124432
vt 0.086098 0.124432
vt 0.086098 0.001992
vt 0.076937 0.001992
vt 0.074819 0.001992
vt 0.074819 0.124432
vt 0.076937 0.124432
vt 0.058444 0.001992
vt 0.058444 0.124432
vt 0.067891 0.124432
vt 0.067891 0.001992
vt 0.049347 0.001992
vt 0.049347 0.124432
vt 0.051592 0.124432
vt 0.051592 0.001992
vt 0.042419 0.491752
vt 0.042419 0.369312
vt 0.032972 0.369312
vt 0.032972 0.491752
vt 0.023875 0.001992
vt 0.023875 0.124432
vt 0.025938 0.124432
vt 0.025938 0.001992
vt 0.016960 0.491752
vt 0.016960 0.369312
vt 0.014778 0.369312
vt 0.014778 0.491752
vt 0.008287 0.491752
vt 0.008287 0.369312
vt 0.001860 0.369312
vt 0.001860 0.491752
vt 0.086098 0.197407
vt 0.083916 0.197407
vt 0.076937 0.197407
vt 0.074819 0.197407
vt 0.058736 0.197407
vt 0.067891 0.197407
vt 0.058444 0.197407
vt 0.051592 0.197407
vt 0.049347 0.197407
vt 0.050359 0.197407
vt 0.032972 0.296337
vt 0.042419 0.296337
vt 0.025938 0.197407
vt 0.023875 0.197407
vt 0.014778 0.296337
vt 0.016960 0.296337
vt 0.001860 0.296337
vt 0.008287 0.296337
vt 0.330064 0.989375
vt 0.329090 0.988964
vt 0.328120 0.989367
vt 0.327718 0.990340
vt 0.328124 0.991348
vt 0.329106 0.991763
vt 0.330067 0.991356
vt 0.330469 0.990371
vt 0.497048 0.491752
vt 0.497048 0.369312
vt 0.496075 0.369312
vt 0.496075 0.491752
vt 0.524377 0.001992
vt 0.523381 0.001992
vt 0.523381 0.124432
vt 0.524377 0.124432
vt 0.522397 0.001992
vt 0.522397 0.124432
vt 0.514281 0.001992
vt 0.514281 0.124432
vt 0.515242 0.124432
vt 0.515242 0.001992
vt 0.513300 0.001992
vt 0.513300 0.124432
vt 0.505210 0.491752
vt 0.505210 0.369312
vt 0.504202 0.369312
vt 0.504202 0.491752
vt 0.506183 0.491752
vt 0.506183 0.369312
vt 0.495105 0.369312
vt 0.495105 0.491752
vt 0.496075 0.296337
vt 0.497048 0.296337
vt 0.524377 0.197407
vt 0.523381 0.197407
vt 0.522397 0.197407
vt 0.514281 0.197407
vt 0.515242 0.197407
vt 0.513300 0.197407
vt 0.504202 0.296337
vt 0.505210 0.296337
vt 0.506183 0.296337
vt 0.495105 0.296337
vt 0.046133 0.515734
vt 0.046133 0.511347
vt 0.043888 0.511347
vt 0.043888 0.522976
vt 0.046133 0.522976
vt 0.046133 0.517877
vt 0.050015 0.517877
vt 0.050015 0.522976
vt 0.052252 0.522976
vt 0.052252 0.511347
vt 0.050015 0.511347
vt 0.050015 0.515734
vt 0.846254 0.001992
vt 0.846254 0.124432
vt 0.850642 0.124432
vt 0.850642 0.001992
vt 0.835337 0.491752
vt 0.839219 0.491752
vt 0.839219 0.369312
vt 0.835337 0.369312
vt 0.828808 0.491752
vt 0.828808 0.369312
vt 0.824421 0.369312
vt 0.824421 0.491752
vt 0.817561 0.491752
vt 0.817561 0.369312
vt 0.815324 0.369312
vt 0.815324 0.491752
vt 0.797130 0.001992
vt 0.797130 0.124432
vt 0.808758 0.124432
vt 0.808758 0.001992
vt 0.788032 0.001992
vt 0.788032 0.124432
vt 0.790269 0.124432
vt 0.790269 0.001992
vt 0.782215 0.491752
vt 0.782215 0.369312
vt 0.777116 0.369312
vt 0.777116 0.491752
vt 0.766199 0.001992
vt 0.766199 0.124432
vt 0.770081 0.124432
vt 0.770081 0.001992
vt 0.755283 0.001992
vt 0.755283 0.124432
vt 0.760382 0.124432
vt 0.760382 0.001992
vt 0.746186 0.001992
vt 0.746186 0.124432
vt 0.748431 0.124432
vt 0.748431 0.001992
vt 0.739620 0.491752
vt 0.739620 0.369312
vt 0.727991 0.369312
vt 0.727991 0.491752
vt 0.721139 0.491752
vt 0.721139 0.369312
vt 0.718894 0.369312
vt 0.718894 0.491752
vt 0.850641 0.197407
vt 0.846254 0.197407
vt 0.835337 0.296337
vt 0.839219 0.296337
vt 0.824421 0.296337
vt 0.828808 0.296337
vt 0.815324 0.296337
vt 0.817561 0.296337
vt 0.808758 0.197407
vt 0.797130 0.197407
vt 0.790269 0.197407
vt 0.788032 0.197407
vt 0.777116 0.296337
vt 0.782215 0.296337
vt 0.770081 0.197407
vt 0.766199 0.197407
vt 0.760382 0.197407
vt 0.755283 0.197407
vt 0.746186 0.197407
vt 0.748431 0.197407
vt 0.727991 0.296337
vt 0.739620 0.296337
vt 0.718894 0.296337
vt 0.721139 0.296337
vt 0.095155 0.491752
vt 0.095155 0.369312
vt 0.093013 0.369312
vt 0.093013 0.491752
vt 0.202729 0.001992
vt 0.198539 0.001992
vt 0.198539 0.124432
vt 0.202729 0.124432
vt 0.035333 0.495478
vt 0.033191 0.495478
vt 0.033191 0.507399
vt 0.035333 0.507399
vt 0.035333 0.503945
vt 0.035428 0.502174
vt 0.036080 0.500988
vt 0.037207 0.500553
vt 0.038057 0.500814
vt 0.038543 0.501605
vt 0.038685 0.503628
vt 0.038685 0.507399
vt 0.040812 0.507399
vt 0.040812 0.501715
vt 0.040061 0.499462
vt 0.037903 0.498577
vt 0.036606 0.498850
vt 0.035333 0.499668
vt 0.114031 0.369312
vt 0.102110 0.369312
vt 0.102110 0.491752
vt 0.114031 0.491752
vt 0.093013 0.296337
vt 0.095155 0.296337
vt 0.187623 0.491752
vt 0.188895 0.491752
vt 0.188895 0.369312
vt 0.187623 0.369312
vt 0.202729 0.197407
vt 0.198539 0.197407
vt 0.190192 0.491752
vt 0.190192 0.369312
vt 0.192350 0.491752
vt 0.192350 0.369312
vt 0.178751 0.001992
vt 0.178751 0.124432
vt 0.181004 0.124432
vt 0.181004 0.001992
vt 0.173067 0.001992
vt 0.173067 0.124432
vt 0.163970 0.001992
vt 0.163970 0.124432
vt 0.166097 0.124432
vt 0.166097 0.001992
vt 0.155005 0.491752
vt 0.155005 0.369312
vt 0.151234 0.369312
vt 0.151234 0.491752
vt 0.157029 0.491752
vt 0.157029 0.369312
vt 0.157819 0.491752
vt 0.157819 0.369312
vt 0.143264 0.001992
vt 0.143264 0.124432
vt 0.144114 0.124432
vt 0.144114 0.001992
vt 0.142137 0.001992
vt 0.142137 0.124432
vt 0.134627 0.001992
vt 0.134627 0.124432
vt 0.135812 0.124432
vt 0.135812 0.001992
vt 0.132856 0.001992
vt 0.132856 0.124432
vt 0.129401 0.001992
vt 0.129401 0.124432
vt 0.120304 0.001992
vt 0.120304 0.124432
vt 0.122446 0.124432
vt 0.122446 0.001992
vt 0.102110 0.296337
vt 0.114031 0.296337
vt 0.103209 0.296337
vt 0.187623 0.296337
vt 0.188895 0.296337
vt 0.190192 0.296337
vt 0.192350 0.296337
vt 0.181004 0.197407
vt 0.178751 0.197407
vt 0.175972 0.197407
vt 0.173067 0.197407
vt 0.166097 0.197407
vt 0.163970 0.197407
vt 0.151234 0.296337
vt 0.155005 0.296337
vt 0.153635 0.296337
vt 0.157029 0.296337
vt 0.157819 0.296337
vt 0.144114 0.197407
vt 0.143264 0.197407
vt 0.142137 0.197407
vt 0.135812 0.197407
vt 0.134627 0.197407
vt 0.132856 0.197407
vt 0.131008 0.197407
vt 0.129401 0.197407
vt 0.122446 0.197407
vt 0.120304 0.197407
vt 0.212638 0.491752
vt 0.212638 0.369312
vt 0.209456 0.369312
vt 0.209456 0.491752
vt 0.215942 0.491752
vt 0.215942 0.369312
vt 0.106561 0.511394
vt 0.103379 0.512695
vt 0.105091 0.513728
vt 0.106667 0.513225
vt 0.108121 0.513673
vt 0.108960 0.514837
vt 0.104303 0.514837
vt 0.102110 0.515964
vt 0.103383 0.519162
vt 0.106679 0.520438
vt 0.108932 0.519976
vt 0.110561 0.518549
vt 0.108742 0.517695
vt 0.106663 0.518541
vt 0.104999 0.517999
vt 0.104197 0.516541
vt 0.111130 0.516541
vt 0.111138 0.516130
vt 0.109865 0.512695
vt 0.228658 0.369312
vt 0.225390 0.369312
vt 0.225390 0.491752
vt 0.228658 0.491752
vt 0.209456 0.296337
vt 0.212638 0.296337
vt 0.286079 0.001992
vt 0.282644 0.001992
vt 0.282644 0.124432
vt 0.286079 0.124432
vt 0.215942 0.296337
vt 0.282233 0.001992
vt 0.282233 0.124432
vt 0.269497 0.001992
vt 0.269497 0.124432
vt 0.276430 0.124432
vt 0.276430 0.001992
vt 0.262219 0.001992
vt 0.262219 0.124432
vt 0.263678 0.124432
vt 0.263678 0.001992
vt 0.251147 0.491752
vt 0.251147 0.369312
vt 0.249483 0.369312
vt 0.249483 0.491752
vt 0.253226 0.491752
vt 0.253226 0.369312
vt 0.255045 0.491752
vt 0.255045 0.369312
vt 0.240477 0.001992
vt 0.240477 0.124432
vt 0.242106 0.124432
vt 0.242106 0.001992
vt 0.238224 0.001992
vt 0.238224 0.124432
vt 0.234928 0.001992
vt 0.234928 0.124432
vt 0.222192 0.369312
vt 0.222192 0.491752
vt 0.293937 0.001992
vt 0.293149 0.001992
vt 0.293149 0.124432
vt 0.293937 0.124432
vt 0.308722 0.491752
vt 0.308722 0.369312
vt 0.304066 0.369312
vt 0.304066 0.491752
vt 0.296967 0.001992
vt 0.296967 0.124432
vt 0.297806 0.124432
vt 0.297806 0.001992
vt 0.295513 0.001992
vt 0.295513 0.124432
vt 0.225390 0.296337
vt 0.228658 0.296337
vt 0.283888 0.197407
vt 0.286079 0.197407
vt 0.282644 0.197407
vt 0.282233 0.197407
vt 0.276430 0.197407
vt 0.269497 0.197407
vt 0.263678 0.197407
vt 0.262219 0.197407
vt 0.249483 0.296337
vt 0.251147 0.296337
vt 0.253226 0.296337
vt 0.255045 0.296337
vt 0.242106 0.197407
vt 0.240477 0.197407
vt 0.238224 0.197407
vt 0.234928 0.197407
vt 0.222192 0.296337
vt 0.224521 0.296337
vt 0.293149 0.197407
vt 0.293937 0.197407
vt 0.308722 0.296337
vt 0.304066 0.296337
vt 0.296967 0.197407
vt 0.297806 0.197407
vt 0.295513 0.197407
vt 0.316811 0.491752
vt 0.316811 0.369312
vt 0.314982 0.369312
vt 0.314982 0.491752
vt 0.319138 0.491752
vt 0.319138 0.369312
vt 0.016606 0.511126
vt 0.014778 0.511126
vt 0.014778 0.522754
vt 0.018038 0.522754
vt 0.020246 0.522355
vt 0.021552 0.521150
vt 0.022058 0.519363
vt 0.021568 0.517596
vt 0.020019 0.516351
vt 0.020932 0.515335
vt 0.021213 0.514130
vt 0.020595 0.512359
vt 0.018933 0.511331
vt 0.016996 0.513242
vt 0.017565 0.513242
vt 0.018694 0.513561
vt 0.019065 0.514422
vt 0.018674 0.515343
vt 0.017478 0.515681
vt 0.016998 0.517671
vt 0.017456 0.517671
vt 0.019317 0.518104
vt 0.019877 0.519283
vt 0.019400 0.520290
vt 0.017550 0.520636
vt 0.016998 0.520636
vt 0.016996 0.515681
vt 0.337528 0.369312
vt 0.325899 0.369312
vt 0.325899 0.491752
vt 0.337528 0.491752
vt 0.314982 0.296337
vt 0.316811 0.296337
vt 0.367853 0.001992
vt 0.366826 0.001992
vt 0.366826 0.124432
vt 0.367853 0.124432
vt 0.319138 0.296337
vt 0.365055 0.001992
vt 0.365055 0.124432
vt 0.363849 0.001992
vt 0.363849 0.124432
vt 0.362833 0.001992
vt 0.362833 0.124432
vt 0.361588 0.001992
vt 0.361588 0.124432
vt 0.359821 0.001992
vt 0.359821 0.124432
vt 0.358035 0.001992
vt 0.358035 0.124432
vt 0.356829 0.001992
vt 0.356829 0.124432
vt 0.347354 0.001992
vt 0.347354 0.124432
vt 0.349562 0.124432
vt 0.349562 0.001992
vt 0.344093 0.001992
vt 0.344093 0.124432
vt 0.441142 0.001992
vt 0.438703 0.001992
vt 0.438703 0.124432
vt 0.441142 0.124432
vt 0.430088 0.491752
vt 0.430088 0.369312
vt 0.429606 0.369312
vt 0.429606 0.491752
vt 0.405280 0.001992
vt 0.402315 0.001992
vt 0.402315 0.124432
vt 0.405280 0.124432
vt 0.393770 0.491752
vt 0.393770 0.369312
vt 0.393218 0.369312
vt 0.393218 0.491752
vt 0.395619 0.491752
vt 0.395619 0.369312
vt 0.385127 0.491752
vt 0.385127 0.369312
vt 0.384120 0.369312
vt 0.384120 0.491752
vt 0.386307 0.491752
vt 0.386307 0.369312
vt 0.375481 0.001992
vt 0.375481 0.124432
vt 0.377342 0.124432
vt 0.377342 0.001992
vt 0.375023 0.001992
vt 0.375023 0.124432
vt 0.431284 0.491752
vt 0.431284 0.369312
vt 0.421429 0.491752
vt 0.421429 0.369312
vt 0.420509 0.369312
vt 0.420509 0.491752
vt 0.422291 0.491752
vt 0.422291 0.369312
vt 0.411980 0.001992
vt 0.411980 0.124432
vt 0.413109 0.124432
vt 0.413109 0.001992
vt 0.411412 0.001992
vt 0.411412 0.124432
vt 0.325899 0.296337
vt 0.337528 0.296337
vt 0.331808 0.296337
vt 0.367853 0.197407
vt 0.366826 0.197407
vt 0.365055 0.197407
vt 0.363849 0.197407
vt 0.363782 0.197407
vt 0.362833 0.197407
vt 0.361588 0.197407
vt 0.359821 0.197407
vt 0.358035 0.197407
vt 0.356829 0.197407
vt 0.349562 0.197407
vt 0.347354 0.197407
vt 0.344093 0.197407
vt 0.438703 0.197407
vt 0.441142 0.197407
vt 0.430088 0.296337
vt 0.429606 0.296337
vt 0.402315 0.197407
vt 0.405280 0.197407
vt 0.393770 0.296337
vt 0.393218 0.296337
vt 0.395619 0.296337
vt 0.385127 0.296337
vt 0.384120 0.296337
vt 0.386307 0.296337
vt 0.375481 0.197407
vt 0.377342 0.197407
vt 0.375023 0.197407
vt 0.431284 0.296337
vt 0.421429 0.296337
vt 0.420509 0.296337
vt 0.422291 0.296337
vt 0.411980 0.197407
vt 0.413109 0.197407
vt 0.411412 0.197407
vt 0.275294 0.997565
vt 0.275294 0.988964
vt 0.273136 0.988964
vt 0.273136 0.997565
vt 0.480550 0.001992
vt 0.480550 0.124432
vt 0.489151 0.124432
vt 0.489151 0.001992
vt 0.473611 0.001992
vt 0.471453 0.001992
vt 0.471453 0.124432
vt 0.473611 0.124432
vt 0.465499 0.491752
vt 0.465499 0.369312
vt 0.456897 0.369312
vt 0.456897 0.491752
vt 0.449958 0.491752
vt 0.449958 0.369312
vt 0.447800 0.369312
vt 0.447800 0.491752
vt 0.489081 0.197407
vt 0.489151 0.197407
vt 0.480550 0.197407
vt 0.473611 0.197407
vt 0.471453 0.197407
vt 0.456897 0.296337
vt 0.465499 0.296337
vt 0.464918 0.296337
vt 0.447800 0.296337
vt 0.449958 0.296337
vt 0.293338 0.988964
vt 0.291330 0.988964
vt 0.291330 0.992980
vt 0.293338 0.992980
vt 0.709797 0.001992
vt 0.709797 0.124432
vt 0.711805 0.124432
vt 0.711805 0.001992
vt 0.702897 0.001992
vt 0.698881 0.001992
vt 0.698881 0.124432
vt 0.702897 0.124432
vt 0.691792 0.491752
vt 0.691792 0.369312
vt 0.689784 0.369312
vt 0.689784 0.491752
vt 0.682883 0.491752
vt 0.682883 0.369312
vt 0.678867 0.369312
vt 0.678867 0.491752
vt 0.711805 0.197407
vt 0.709797 0.197407
vt 0.698881 0.197407
vt 0.702897 0.197407
vt 0.689783 0.296337
vt 0.691792 0.296337
vt 0.678867 0.296337
vt 0.682883 0.296337
vt 0.311192 0.992948
vt 0.311627 0.988964
vt 0.309524 0.988964
vt 0.309959 0.992948
vt 0.884462 0.001992
vt 0.884462 0.124432
vt 0.888446 0.124432
vt 0.888446 0.001992
vt 0.878417 0.001992
vt 0.877184 0.001992
vt 0.877184 0.124432
vt 0.878417 0.124432
vt 0.870252 0.491752
vt 0.870252 0.369312
vt 0.866268 0.369312
vt 0.866268 0.491752
vt 0.859273 0.491752
vt 0.859273 0.369312
vt 0.857170 0.369312
vt 0.857170 0.491752
vt 0.888446 0.197407
vt 0.884462 0.197407
vt 0.878417 0.197407
vt 0.877184 0.197407
vt 0.870252 0.296337
vt 0.866268 0.296337
vt 0.857170 0.296337
vt 0.859273 0.296337
vt 0.875550 0.985238
vt 0.875550 0.862798
vt 0.873205 0.862798
vt 0.873205 0.985238
vt 0.878294 0.985238
vt 0.878294 0.862798
vt 0.075344 0.511394
vt 0.072999 0.511394
vt 0.072999 0.523023
vt 0.075213 0.523023
vt 0.075213 0.518098
vt 0.075415 0.518098
vt 0.078030 0.523023
vt 0.080450 0.523023
vt 0.077695 0.517853
vt 0.079351 0.516687
vt 0.079901 0.514770
vt 0.079403 0.512881
vt 0.078088 0.511738
vt 0.075219 0.513558
vt 0.075823 0.513558
vt 0.077031 0.513681
vt 0.077556 0.514084
vt 0.077752 0.514742
vt 0.077356 0.515658
vt 0.075909 0.515934
vt 0.075219 0.515934
vt 0.867477 0.862798
vt 0.855848 0.862798
vt 0.855848 0.985238
vt 0.867477 0.985238
vt 0.873205 0.789823
vt 0.875550 0.789823
vt 0.806797 0.495478
vt 0.805655 0.495478
vt 0.805655 0.617918
vt 0.806797 0.617918
vt 0.878294 0.789823
vt 0.803765 0.495478
vt 0.803765 0.617918
vt 0.801848 0.495478
vt 0.801848 0.617918
vt 0.800682 0.495478
vt 0.800682 0.617918
vt 0.795512 0.495478
vt 0.795512 0.617918
vt 0.812525 0.495478
vt 0.812525 0.617918
vt 0.814944 0.617918
vt 0.814944 0.495478
vt 0.825597 0.985238
vt 0.825597 0.862798
vt 0.820672 0.862798
vt 0.820672 0.985238
vt 0.831325 0.495478
vt 0.831325 0.617918
vt 0.831527 0.617918
vt 0.831527 0.495478
vt 0.837255 0.495478
vt 0.837255 0.617918
vt 0.842180 0.617918
vt 0.842180 0.495478
vt 0.847907 0.495478
vt 0.847907 0.617918
vt 0.850121 0.617918
vt 0.850121 0.495478
vt 0.766676 0.495478
vt 0.764301 0.495478
vt 0.764301 0.617918
vt 0.766676 0.617918
vt 0.773094 0.985238
vt 0.773094 0.862798
vt 0.772404 0.862798
vt 0.772404 0.985238
vt 0.774541 0.985238
vt 0.774541 0.862798
vt 0.781184 0.985238
vt 0.781184 0.862798
vt 0.780268 0.862798
vt 0.780268 0.985238
vt 0.781843 0.985238
vt 0.781843 0.862798
vt 0.782245 0.985238
vt 0.782245 0.862798
vt 0.788577 0.495478
vt 0.788577 0.617918
vt 0.789784 0.617918
vt 0.789784 0.495478
vt 0.787973 0.495478
vt 0.787973 0.617918
vt 0.855848 0.789823
vt 0.867477 0.789823
vt 0.806797 0.690893
vt 0.805655 0.690893
vt 0.803765 0.690893
vt 0.801848 0.690893
vt 0.800682 0.690893
vt 0.795512 0.690893
vt 0.814944 0.690893
vt 0.812525 0.690893
vt 0.820672 0.789823
vt 0.825597 0.789823
vt 0.831527 0.690893
vt 0.831324 0.690893
vt 0.842180 0.690893
vt 0.837255 0.690893
vt 0.847907 0.690893
vt 0.850121 0.690893
vt 0.764301 0.690893
vt 0.766676 0.690893
vt 0.773094 0.789823
vt 0.772404 0.789823
vt 0.774541 0.789823
vt 0.781184 0.789823
vt 0.780268 0.789823
vt 0.781843 0.789823
vt 0.782245 0.789823
vt 0.788577 0.690893
vt 0.789784 0.690893
vt 0.787973 0.690893
vt 0.755269 0.985238
vt 0.755269 0.862798
vt 0.752087 0.862798
vt 0.752087 0.985238
vt 0.758573 0.985238
vt 0.758573 0.862798
vt 0.164782 0.988964
vt 0.161600 0.990265
vt 0.163313 0.991298
vt 0.164889 0.990794
vt 0.166342 0.991243
vt 0.167182 0.992407
vt 0.162525 0.992407
vt 0.160331 0.993533
vt 0.161604 0.996731
vt 0.164901 0.998008
vt 0.167154 0.997545
vt 0.168782 0.996119
vt 0.166964 0.995265
vt 0.164885 0.996111
vt 0.163221 0.995569
vt 0.162418 0.994110
vt 0.169351 0.994110
vt 0.169359 0.993699
vt 0.168087 0.990265
vt 0.746359 0.862798
vt 0.743090 0.862798
vt 0.743090 0.985238
vt 0.746359 0.985238
vt 0.752087 0.789823
vt 0.755269 0.789823
vt 0.690124 0.495478
vt 0.686689 0.495478
vt 0.686689 0.617918
vt 0.690124 0.617918
vt 0.758573 0.789823
vt 0.686278 0.495478
vt 0.686278 0.617918
vt 0.695851 0.495478
vt 0.695851 0.617918
vt 0.702784 0.617918
vt 0.702784 0.495478
vt 0.708512 0.495478
vt 0.708512 0.617918
vt 0.709970 0.617918
vt 0.709970 0.495478
vt 0.717362 0.985238
vt 0.717362 0.862798
vt 0.715698 0.862798
vt 0.715698 0.985238
vt 0.719441 0.985238
vt 0.719441 0.862798
vt 0.721259 0.985238
vt 0.721259 0.862798
vt 0.732537 0.495478
vt 0.732537 0.617918
vt 0.734165 0.617918
vt 0.734165 0.495478
vt 0.730283 0.495478
vt 0.730283 0.617918
vt 0.726987 0.495478
vt 0.726987 0.617918
vt 0.739893 0.862798
vt 0.739893 0.985238
vt 0.676682 0.495478
vt 0.675894 0.495478
vt 0.675894 0.617918
vt 0.676682 0.617918
vt 0.670166 0.985238
vt 0.670166 0.862798
vt 0.665509 0.862798
vt 0.665509 0.985238
vt 0.679711 0.495478
vt 0.679711 0.617918
vt 0.680550 0.617918
vt 0.680550 0.495478
vt 0.678257 0.495478
vt 0.678257 0.617918
vt 0.743090 0.789823
vt 0.746359 0.789823
vt 0.690124 0.690893
vt 0.686689 0.690893
vt 0.686278 0.690893
vt 0.702784 0.690893
vt 0.695851 0.690893
vt 0.709970 0.690893
vt 0.708512 0.690893
vt 0.715698 0.789823
vt 0.717362 0.789823
vt 0.719441 0.789823
vt 0.721259 0.789823
vt 0.734165 0.690893
vt 0.732537 0.690893
vt 0.730283 0.690893
vt 0.726987 0.690893
vt 0.739893 0.789823
vt 0.675894 0.690893
vt 0.676682 0.690893
vt 0.670166 0.789823
vt 0.665509 0.789823
vt 0.679711 0.690893
vt 0.680550 0.690893
vt 0.678257 0.690893
vt 0.521883 0.985238
vt 0.521883 0.862798
vt 0.519024 0.862798
vt 0.519024 0.985238
vt 0.523336 0.985238
vt 0.523336 0.862798
vt 0.197116 0.988964
vt 0.194258 0.990237
vt 0.193081 0.993502
vt 0.194297 0.996715
vt 0.197179 0.998008
vt 0.198557 0.997743
vt 0.199824 0.996877
vt 0.199824 0.997787
vt 0.201983 0.997787
vt 0.201983 0.989185
vt 0.199824 0.989185
vt 0.199824 0.990134
vt 0.198569 0.989257
vt 0.195902 0.991673
vt 0.197556 0.990969
vt 0.199241 0.991661
vt 0.199908 0.993470
vt 0.199241 0.995315
vt 0.197564 0.996019
vt 0.195913 0.995303
vt 0.195243 0.993478
vt 0.513297 0.862798
vt 0.510032 0.862798
vt 0.510032 0.985238
vt 0.513297 0.985238
vt 0.519024 0.789823
vt 0.521883 0.789823
vt 0.524591 0.985238
vt 0.524591 0.862798
vt 0.523336 0.789823
vt 0.453099 0.985238
vt 0.453099 0.862798
vt 0.452150 0.862798
vt 0.452150 0.985238
vt 0.460985 0.985238
vt 0.460985 0.862798
vt 0.458826 0.862798
vt 0.458826 0.985238
vt 0.466712 0.495478
vt 0.466712 0.617918
vt 0.475313 0.617918
vt 0.475313 0.495478
vt 0.481041 0.495478
vt 0.481041 0.617918
vt 0.483199 0.617918
vt 0.483199 0.495478
vt 0.489836 0.985238
vt 0.489836 0.862798
vt 0.488927 0.862798
vt 0.488927 0.985238
vt 0.499823 0.495478
vt 0.499823 0.617918
vt 0.501091 0.617918
vt 0.501091 0.495478
vt 0.498445 0.495478
vt 0.498445 0.617918
vt 0.495563 0.495478
vt 0.495563 0.617918
vt 0.506818 0.862798
vt 0.506818 0.985238
vt 0.418919 0.495478
vt 0.417113 0.495478
vt 0.417113 0.617918
vt 0.418919 0.617918
vt 0.415288 0.495478
vt 0.415288 0.617918
vt 0.426296 0.985238
vt 0.426296 0.862798
vt 0.424646 0.862798
vt 0.424646 0.985238
vt 0.427974 0.985238
vt 0.427974 0.862798
vt 0.435546 0.985238
vt 0.435546 0.862798
vt 0.433702 0.862798
vt 0.433702 0.985238
vt 0.437355 0.985238
vt 0.437355 0.862798
vt 0.444737 0.495478
vt 0.444737 0.617918
vt 0.446423 0.617918
vt 0.446423 0.495478
vt 0.443083 0.495478
vt 0.443083 0.617918
vt 0.510032 0.789823
vt 0.513297 0.789823
vt 0.524591 0.789823
vt 0.452150 0.789823
vt 0.453099 0.789823
vt 0.458826 0.789823
vt 0.460985 0.789823
vt 0.475313 0.690893
vt 0.466712 0.690893
vt 0.483199 0.690893
vt 0.481041 0.690893
vt 0.488927 0.789823
vt 0.489836 0.789823
vt 0.501091 0.690893
vt 0.499823 0.690893
vt 0.498445 0.690893
vt 0.495563 0.690893
vt 0.506818 0.789823
vt 0.417113 0.690893
vt 0.418919 0.690893
vt 0.415288 0.690893
vt 0.426296 0.789823
vt 0.424646 0.789823
vt 0.427974 0.789823
vt 0.435546 0.789823
vt 0.433702 0.789823
vt 0.437355 0.789823
vt 0.444737 0.690893
vt 0.446423 0.690893
vt 0.443083 0.690893
vt 0.408683 0.985238
vt 0.408683 0.862798
vt 0.407593 0.862798
vt 0.407593 0.985238
vt 0.409561 0.985238
vt 0.409561 0.862798
vt 0.255042 0.988964
vt 0.253951 0.989296
vt 0.253153 0.990268
vt 0.253153 0.989185
vt 0.251303 0.989185
vt 0.251303 0.997787
vt 0.253445 0.997787
vt 0.253445 0.994308
vt 0.253437 0.993889
vt 0.253781 0.991470
vt 0.254623 0.990853
vt 0.255247 0.991043
vt 0.255919 0.989185
vt 0.406794 0.862798
vt 0.406794 0.985238
vt 0.407593 0.789823
vt 0.408683 0.789823
vt 0.345467 0.495478
vt 0.343609 0.495478
vt 0.343609 0.617918
vt 0.345467 0.617918
vt 0.409561 0.789823
vt 0.351195 0.495478
vt 0.351195 0.617918
vt 0.351819 0.617918
vt 0.351819 0.495478
vt 0.363863 0.495478
vt 0.363863 0.617918
vt 0.364480 0.617918
vt 0.364480 0.495478
vt 0.361444 0.495478
vt 0.361444 0.617918
vt 0.361025 0.495478
vt 0.361025 0.617918
vt 0.357547 0.495478
vt 0.357547 0.617918
vt 0.370207 0.495478
vt 0.370207 0.617918
vt 0.372350 0.617918
vt 0.372350 0.495478
vt 0.386678 0.985238
vt 0.386678 0.862798
vt 0.378077 0.862798
vt 0.378077 0.985238
vt 0.394256 0.985238
vt 0.394256 0.862798
vt 0.392406 0.862798
vt 0.392406 0.985238
vt 0.399983 0.495478
vt 0.399983 0.617918
vt 0.401067 0.617918
vt 0.401067 0.495478
vt 0.406794 0.789823
vt 0.345467 0.690893
vt 0.343609 0.690893
vt 0.351819 0.690893
vt 0.351195 0.690893
vt 0.364480 0.690893
vt 0.363863 0.690893
vt 0.361444 0.690893
vt 0.361025 0.690893
vt 0.357547 0.690893
vt 0.370207 0.690893
vt 0.372350 0.690893
vt 0.378077 0.789823
vt 0.386678 0.789823
vt 0.392406 0.789823
vt 0.394256 0.789823
vt 0.401067 0.690893
vt 0.399983 0.690893
vt 0.337882 0.985238
vt 0.337882 0.862798
vt 0.335724 0.862798
vt 0.335724 0.985238
vt 0.270722 0.495478
vt 0.258800 0.495478
vt 0.258800 0.617918
vt 0.270722 0.617918
vt 0.070070 0.495478
vt 0.067912 0.495478
vt 0.067912 0.499747
vt 0.066656 0.498869
vt 0.065204 0.498577
vt 0.062345 0.499850
vt 0.063989 0.501286
vt 0.065643 0.500582
vt 0.067329 0.501274
vt 0.067995 0.503083
vt 0.067329 0.504928
vt 0.065651 0.505632
vt 0.064001 0.504916
vt 0.063331 0.503091
vt 0.061169 0.503115
vt 0.062385 0.506328
vt 0.065267 0.507621
vt 0.066645 0.507356
vt 0.067912 0.506490
vt 0.067912 0.507399
vt 0.070070 0.507399
vt 0.329996 0.862798
vt 0.325727 0.862798
vt 0.325727 0.985238
vt 0.329996 0.985238
vt 0.335724 0.789823
vt 0.337882 0.789823
vt 0.278608 0.495478
vt 0.276449 0.495478
vt 0.276449 0.617918
vt 0.278608 0.617918
vt 0.270722 0.690893
vt 0.258800 0.690893
vt 0.285244 0.985238
vt 0.285244 0.862798
vt 0.284335 0.862798
vt 0.284335 0.985238
vt 0.295232 0.495478
vt 0.295232 0.617918
vt 0.296499 0.617918
vt 0.296499 0.495478
vt 0.293854 0.495478
vt 0.293854 0.617918
vt 0.290972 0.495478
vt 0.290972 0.617918
vt 0.305440 0.985238
vt 0.305440 0.862798
vt 0.302227 0.862798
vt 0.302227 0.985238
vt 0.308705 0.985238
vt 0.308705 0.862798
vt 0.225569 0.495478
vt 0.223764 0.495478
vt 0.223764 0.617918
vt 0.225569 0.617918
vt 0.221939 0.495478
vt 0.221939 0.617918
vt 0.232947 0.985238
vt 0.232947 0.862798
vt 0.231296 0.862798
vt 0.231296 0.985238
vt 0.234624 0.985238
vt 0.234624 0.862798
vt 0.242197 0.985238
vt 0.242197 0.862798
vt 0.240352 0.862798
vt 0.240352 0.985238
vt 0.244006 0.985238
vt 0.244006 0.862798
vt 0.251388 0.495478
vt 0.251388 0.617918
vt 0.253073 0.617918
vt 0.253073 0.495478
vt 0.249733 0.495478
vt 0.249733 0.617918
vt 0.317291 0.985238
vt 0.317291 0.862798
vt 0.314433 0.862798
vt 0.314433 0.985238
vt 0.318744 0.985238
vt 0.318744 0.862798
vt 0.320000 0.985238
vt 0.320000 0.862798
vt 0.325727 0.789823
vt 0.329996 0.789823
vt 0.278608 0.690893
vt 0.276449 0.690893
vt 0.284335 0.789823
vt 0.285244 0.789823
vt 0.296499 0.690893
vt 0.295232 0.690893
vt 0.293854 0.690893
vt 0.290972 0.690893
vt 0.305440 0.789823
vt 0.302227 0.789823
vt 0.308705 0.789823
vt 0.223764 0.690893
vt 0.225569 0.690893
vt 0.221939 0.690893
vt 0.232947 0.789823
vt 0.231296 0.789823
vt 0.234624 0.789823
vt 0.242197 0.789823
vt 0.240352 0.789823
vt 0.244006 0.789823
vt 0.251388 0.690893
vt 0.253073 0.690893
vt 0.249733 0.690893
vt 0.314433 0.789823
vt 0.317291 0.789823
vt 0.318744 0.789823
vt 0.320000 0.789823
vt 0.423092 0.037304
vt 0.426588 0.037265
vt 0.428546 0.037243
vt 0.428025 0.037249
vt 0.425066 0.037282
vt 0.421590 0.037321
vt 0.419646 0.037342
vt 0.420185 0.037336
vt 0.416333 0.037379
vt 0.419839 0.037340
vt 0.421800 0.037318
vt 0.421275 0.037324
vt 0.418306 0.037357
vt 0.414821 0.037396
vt 0.412874 0.037418
vt 0.413418 0.037412
vt 0.411623 0.037432
vt 0.415013 0.037394
vt 0.416943 0.037372
vt 0.416464 0.037378
vt 0.413640 0.037409
vt 0.410280 0.037447
vt 0.408374 0.037468
vt 0.408870 0.037462
vt 0.386539 0.037711
vt 0.389967 0.037673
vt 0.391910 0.037652
vt 0.391419 0.037657
vt 0.388558 0.037689
vt 0.385159 0.037727
vt 0.383236 0.037748
vt 0.383746 0.037743
vt 0.398782 0.037575
vt 0.399077 0.037572
vt 0.399200 0.037570
vt 0.397733 0.037587
vt 0.396469 0.037601
vt 0.395524 0.037611
vt 0.394788 0.037619
vt 0.394530 0.037622
vt 0.385268 0.037726
vt 0.385503 0.037723
vt 0.385670 0.037721
vt 0.384068 0.037739
vt 0.381706 0.037765
vt 0.380129 0.037783
vt 0.379933 0.037785
vt 0.405482 0.037500
vt 0.407465 0.037478
vt 0.405037 0.037505
vt 0.403619 0.037521
vt 0.403844 0.037518
vt 0.377474 0.038850
vt 0.377477 0.038665
vt 0.377475 0.038755
vt 0.377456 0.040097
vt 0.377434 0.041632
vt 0.377421 0.042573
vt 0.377418 0.042788
vt 0.377453 0.040315
vt 0.377478 0.038546
vt 0.377447 0.040739
vt 0.377429 0.042006
vt 0.377432 0.041793
vn 0.999619 0.027595 0.000000
vn 0.999619 0.027595 0.000000
vn 0.999619 0.027595 0.000000
vn 0.999619 0.027595 0.000000
vn 0.999619 0.027595 0.000000
vn 0.999619 0.027595 0.000000
vn 0.999619 0.027595 0.000000
vn 0.999619 0.027595 0.000000
vn -0.000001 0.000000 1.000000
vn -0.000001 0.000000 1.000000
vn -0.000001 0.000000 1.000000
vn -0.000001 0.000000 1.000000
vn -0.000001 0.000000 1.000000
vn -0.000001 0.000000 1.000000
vn -0.000001 0.000000 1.000000
vn -0.000001 0.000000 1.000000
vn -0.000002 0.000000 1.000000
vn -0.000002 0.000000 1.000000
vn -0.000002 0.000000 1.000000
vn -0.000002 0.000000 1.000000
vn -0.000002 0.000000 1.000000
vn -0.000002 0.000000 1.000000
vn -0.000002 0.000000 1.000000
vn -0.000002 0.000000 1.000000
vn 0.000000 0.000000 1.000000
vn 0.000000 0.000000 1.000000
vn 0.000000 0.000000 1.000000
vn 0.000000 0.000000 1.000000
vn 0.000000 0.000000 1.000000
vn 0.000000 0.000000 1.000000
vn 0.000000 0.000000 1.000000
vn 0.000000 0.000000 1.000000
vn -0.000001 0.000000 1.000000
vn -0.000001 0.000000 1.000000
vn -0.000001 0.000000 1.000000
vn -0.000001 0.000000 1.000000
vn -0.000001 0.000000 1.000000
vn -0.000001 0.000000 1.000000
vn -0.000001 0.000000 1.000000
vn -0.000001 0.000000 1.000000
vn 0.000000 0.000000 1.000000
vn 0.000000 0.000000 1.000000
vn 0.000000 0.000000 1.000000
vn 0.000000 0.000000 1.000000
vn 0.000000 0.000000 1.000000
vn 0.000000 0.000000 1.000000
vn 0.000000 0.000000 1.000000
vn 0.000000 0.000000 1.000000
vn 0.000000 0.000000 1.000000
vn 0.000000 0.000000 1.000000
vn 0.000000 0.000000 1.000000
vn 0.000000 0.000000 1.000000
vn 0.000000 0.000000 1.000000
vn 0.000000 0.000000 1.000000
vn 0.000000 0.000000 1.000000
vn 0.000000 0.000000 1.000000
vn 0.000000 0.000000 1.000000
vn 0.000000 0.000000 1.000000
vn 0.000000 0.000000 1.000000
vn 0.000000 0.000000 1.000000
vn 0.000000 0.000000 1.000000
vn 0.000000 0.000000 1.000000
vn 0.000000 0.000000 1.000000
vn 0.000000 0.000000 1.000000
vn 0.000000 0.000000 1.000000
vn 0.000000 0.000000 1.000000
vn 0.000000 0.000000 1.000000
vn 0.000000 0.000000 1.000000
vn -0.051093 -0.998694 0.000000
vn -0.051093 -0.998694 0.000000
vn -0.051093 -0.998694 0.000000
vn -0.051093 -0.998694 0.000000
vn -0.000000 0.000000 -1.000000
vn -0.000000 0.000000 -1.000000
vn -0.000000 0.000000 -1.000000
vn -0.000000 0.000000 -1.000000
vn 0.011247 0.999937 0.000000
vn 0.011247 0.999937 0.000000
vn 0.011247 0.999937 0.000000
vn 0.011247 0.999937 0.000000
vn 0.000000 0.000000 1.000000
vn 0.000000 0.000000 1.000000
vn 0.000000 0.000000 1.000000
vn 0.000000 0.000000 1.000000
vn -0.999724 -0.023492 0.000000
vn -0.999724 -0.023492 0.000000
vn -0.999724 -0.023492 0.000000
vn -0.999724 -0.023492 0.000000
vn 0.229251 -0.973367 -0.000405
vn 0.229251 -0.973367 -0.000405
vn 0.229251 -0.973367 -0.000405
vn 0.229251 -0.973367 -0.000405
vn -0.000000 0.000000 -1.000000
vn -0.000000 0.000000 -1.000000
vn -0.000000 0.000000 -1.000000
vn -0.000000 0.000000 -1.000000
vn 0.000231 1.000000 0.000000
vn 0.000231 1.000000 0.000000
vn 0.000231 1.000000 0.000000
vn 0.000231 1.000000 0.000000
vn 0.010346 0.999946 0.000080
vn 0.010346 0.999947 0.000080
vn 0.010346 0.999947 0.000080
vn 0.010346 0.999947 0.000080
vn -0.016870 -0.999858 0.000000
vn -0.016870 -0.999858 0.000000
vn -0.016870 -0.999858 0.000000
vn -0.016870 -0.999858 0.000000
vn -0.611704 -0.791087 0.000000
vn -0.611705 -0.791086 0.000000
vn -0.611705 -0.791086 0.000000
vn -0.611704 -0.791087 0.000000
vn -0.312612 0.634250 -0.707107
vn -0.312612 0.634250 -0.707107
vn -0.312612 0.634250 -0.707107
vn -0.312612 0.634250 -0.707107
vn -0.442100 0.896966 0.000000
vn -0.442100 0.896966 0.000000
vn -0.442100 0.896966 0.000000
vn -0.442100 0.896966 0.000000
vn -0.000000 0.000000 1.000000
vn -0.000000 0.000000 1.000000
vn -0.000000 0.000000 1.000000
vn -0.000000 0.000000 1.000000
vn 0.999144 -0.041363 -0.000003
vn 0.999144 -0.041363 -0.000003
vn 0.999144 -0.041363 -0.000003
vn 0.999144 -0.041363 -0.000003
vn 0.367995 -0.929828 0.000000
vn 0.367995 -0.929828 0.000000
vn 0.367995 -0.929828 0.000000
vn 0.367995 -0.929828 0.000000
vn -0.312612 0.634251 0.707107
vn -0.312612 0.634251 0.707107
vn -0.312612 0.634251 0.707107
vn -0.312612 0.634251 0.707107
vn -0.244390 -0.969677 0.000000
vn -0.244390 -0.969677 0.000000
vn -0.244390 -0.969677 0.000000
vn -0.437261 -0.899334 0.000000
vn -0.004419 -0.576497 0.817088
vn -0.004419 -0.576497 0.817088
vn -0.004419 -0.576497 0.817088
vn -0.004419 -0.576497 0.817088
vn -0.006157 -0.571795 0.820374
vn -0.006157 -0.571795 0.820374
vn -0.006157 -0.571795 0.820374
vn -0.006157 -0.571795 0.820373
vn -0.000000 0.000000 1.000000
vn -0.000000 0.000000 1.000000
vn -0.000000 0.000000 1.000000
vn -0.000000 0.000000 1.000000
vn -0.032652 -0.008888 -0.999427
vn -0.032652 -0.008888 -0.999427
vn -0.032652 -0.008888 -0.999427
vn -0.032652 -0.008888 -0.999427
vn -0.032652 -0.008888 0.999427
vn -0.032652 -0.008888 0.999427
vn -0.032652 -0.008888 0.999427
vn -0.032652 -0.008888 0.999427
vn 0.238323 -0.666199 0.706669
vn 0.238323 -0.666199 0.706669
vn 0.238324 -0.666199 0.706669
vn 0.238323 -0.666199 0.706669
vn 0.506493 -0.862244 0.000000
vn 0.506493 -0.862244 0.000000
vn 0.506493 -0.862244 0.000000
vn 0.506493 -0.862244 0.000000
vn 0.238324 -0.666200 -0.706668
vn 0.238324 -0.666200 -0.706668
vn 0.238324 -0.666200 -0.706668
vn 0.238324 -0.666200 -0.706668
vn -0.429484 0.903074 0.000000
vn -0.429485 0.903074 0.000000
vn -0.429485 0.903074 0.000000
vn -0.429485 0.903074 0.000000
vn 0.000000 0.000000 1.000000
vn 0.000000 0.000000 1.000000
vn 0.000000 0.000000 1.000000
vn 0.000000 0.000000 1.000000
vn 0.007013 0.563610 0.826012
vn 0.007013 0.563610 0.826012
vn 0.007013 0.563610 0.826012
vn 0.007013 0.563610 0.826012
vn 0.000334 -0.001706 -0.999999
vn 0.000334 -0.001706 -0.999999
vn 0.000334 -0.001706 -0.999999
vn 0.000334 -0.001706 -0.999999
vn -0.326233 0.629867 -0.704869
vn -0.326233 0.629867 -0.704869
vn -0.326233 0.629867 -0.704869
vn -0.326233 0.629867 -0.704869
vn -0.326233 0.629866 0.704869
vn -0.326233 0.629866 0.704869
vn -0.326233 0.629866 0.704869
vn -0.326233 0.629866 0.704869
vn 0.000334 -0.001707 0.999999
vn 0.000334 -0.001707 0.999999
vn 0.000334 -0.001707 0.999999
vn 0.000334 -0.001707 0.999999
vn 0.358260 -0.610167 0.706644
vn 0.358260 -0.610167 0.706644
vn 0.358260 -0.610167 0.706644
vn 0.358260 -0.610167 0.706644
vn 0.358262 -0.610170 -0.706640
vn 0.358262 -0.610170 -0.706640
vn 0.358262 -0.610170 -0.706640
vn 0.358262 -0.610170 -0.706640
vn 0.181150 -0.983456 0.000000
vn 0.181150 -0.983456 0.000000
vn 0.181150 -0.983456 0.000000
vn 0.181150 -0.983455 0.000000
vn 0.105247 0.994446 0.000000
vn 0.105247 0.994446 0.000000
vn 0.105247 0.994446 0.000000
vn 0.105247 0.994446 0.000000
vn 0.074175 0.702124 -0.708180
vn 0.074175 0.702124 -0.708180
vn 0.074175 0.702124 -0.708180
vn 0.074175 0.702124 -0.708180
vn -0.000166 -0.001508 -0.999999
vn -0.000166 -0.001508 -0.999999
vn -0.000166 -0.001508 -0.999999
vn -0.000166 -0.001508 -0.999999
vn 0.074175 0.702125 0.708180
vn 0.074175 0.702125 0.708180
vn 0.074175 0.702125 0.708180
vn 0.074175 0.702125 0.708180
vn -0.000166 -0.001509 0.999999
vn -0.000166 -0.001509 0.999999
vn -0.000166 -0.001509 0.999999
vn -0.000166 -0.001509 0.999999
vn 0.128176 -0.695875 0.706632
vn 0.128176 -0.695875 0.706632
vn 0.128176 -0.695875 0.706632
vn 0.128176 -0.695875 0.706632
vn 0.128176 -0.695876 -0.706632
vn 0.128176 -0.695876 -0.706632
vn 0.128176 -0.695876 -0.706632
vn 0.128176 -0.695876 -0.706632
vn 0.369835 -0.929097 0.000000
vn 0.369835 -0.929097 0.000000
vn 0.369835 -0.929097 0.000000
vn 0.369835 -0.929097 0.000000
vn 0.426489 0.904493 0.000000
vn 0.426488 0.904493 0.000000
vn 0.426488 0.904493 0.000000
vn 0.426489 0.904493 0.000000
vn 0.301518 0.639052 -0.707601
vn 0.301518 0.639052 -0.707601
vn 0.301518 0.639052 -0.707601
vn 0.301518 0.639052 -0.707601
vn 0.000205 -0.000846 -1.000000
vn 0.000205 -0.000846 -1.000000
vn 0.000205 -0.000846 -1.000000
vn 0.000205 -0.000846 -1.000000
vn 0.301518 0.639052 0.707601
vn 0.301518 0.639052 0.707601
vn 0.301518 0.639052 0.707601
vn 0.301518 0.639052 0.707601
vn 0.000205 -0.000846 1.000000
vn 0.000205 -0.000846 1.000000
vn 0.000205 -0.000846 1.000000
vn 0.000205 -0.000846 1.000000
vn 0.261633 -0.657304 0.706753
vn 0.261633 -0.657304 0.706753
vn 0.261633 -0.657304 0.706753
vn 0.261633 -0.657304 0.706753
vn 0.261633 -0.657303 -0.706754
vn 0.261633 -0.657303 -0.706754
vn 0.261633 -0.657303 -0.706754
vn 0.261633 -0.657303 -0.706754
vn -0.031095 -0.999516 0.000000
vn -0.031095 -0.999516 0.000000
vn -0.031095 -0.999516 0.000000
vn -0.031095 -0.999516 0.000000
vn -0.100429 0.994944 0.000000
vn -0.100429 0.994944 0.000000
vn -0.100429 0.994944 0.000000
vn -0.100429 0.994944 0.000000
vn -0.070972 0.703205 -0.707436
vn -0.070971 0.703205 -0.707436
vn -0.070971 0.703205 -0.707436
vn -0.070971 0.703205 -0.707436
vn 0.000082 -0.000665 -1.000000
vn 0.000082 -0.000665 -1.000000
vn 0.000082 -0.000665 -1.000000
vn 0.000082 -0.000665 -1.000000
vn -0.070971 0.703205 0.707436
vn -0.070971 0.703205 0.707436
vn -0.070971 0.703205 0.707436
vn -0.070971 0.703205 0.707436
vn 0.000140 -0.000663 1.000000
vn 0.000140 -0.000663 1.000000
vn 0.000140 -0.000663 1.000000
vn 0.000140 -0.000663 1.000000
vn -0.021984 -0.707013 0.706859
vn -0.021984 -0.707013 0.706859
vn -0.021984 -0.707013 0.706859
vn -0.021984 -0.707013 0.706859
vn -0.022086 -0.707001 -0.706868
vn -0.022086 -0.707000 -0.706868
vn -0.022086 -0.707000 -0.706868
vn -0.022086 -0.707000 -0.706868
vn -0.557639 0.830084 0.000000
vn -0.557639 0.830084 0.000000
vn -0.557639 0.830084 0.000000
vn -0.557639 0.830084 0.000000
vn -0.394075 0.586822 -0.707350
vn -0.394075 0.586822 -0.707350
vn -0.394075 0.586822 -0.707350
vn -0.394075 0.586822 -0.707350
vn -0.692384 -0.143434 -0.707129
vn -0.692384 -0.143434 -0.707129
vn -0.692384 -0.143434 -0.707129
vn -0.692384 -0.143434 -0.707129
vn -0.394193 0.586734 0.707358
vn -0.394192 0.586734 0.707358
vn -0.394193 0.586734 0.707358
vn -0.394192 0.586734 0.707358
vn -0.273713 -0.961811 0.000000
vn -0.273713 -0.961811 0.000000
vn -0.273713 -0.961811 0.000000
vn -0.273713 -0.961811 0.000000
vn -0.680292 -0.732941 0.000000
vn -0.680292 -0.732941 0.000000
vn -0.680292 -0.732941 0.000000
vn -0.680292 -0.732941 0.000000
vn -0.672200 0.740370 0.000000
vn -0.672200 0.740370 0.000000
vn -0.672200 0.740370 0.000000
vn -0.672200 0.740370 0.000000
vn 0.520569 0.853820 0.000000
vn 0.520569 0.853820 0.000000
vn 0.520569 0.853820 0.000000
vn 0.520569 0.853820 0.000000
vn -0.214472 0.976730 0.000000
vn -0.214472 0.976730 0.000000
vn -0.214472 0.976730 0.000000
vn -0.214472 0.976730 0.000000
vn -0.857432 0.514598 0.000000
vn -0.857432 0.514598 0.000000
vn -0.857432 0.514598 0.000000
vn -0.857432 0.514598 0.000000
vn -0.943180 -0.332283 0.000000
vn -0.943180 -0.332283 0.000000
vn -0.943180 -0.332283 0.000000
vn -0.943180 -0.332283 0.000000
vn -0.567007 -0.823713 0.000000
vn -0.567007 -0.823713 0.000000
vn -0.567007 -0.823713 0.000000
vn -0.567007 -0.823713 0.000000
vn -0.489830 -0.871818 0.000000
vn -0.489830 -0.871818 0.000000
vn -0.489830 -0.871818 0.000000
vn -0.489830 -0.871818 0.000000
vn -0.629234 -0.777216 0.000000
vn -0.629234 -0.777216 0.000000
vn -0.629234 -0.777216 0.000000
vn -0.629234 -0.777216 0.000000
vn -0.968186 -0.250233 0.000000
vn -0.968186 -0.250233 0.000000
vn -0.968186 -0.250233 0.000000
vn -0.968186 -0.250233 0.000000
vn -0.894823 0.446422 0.000000
vn -0.894823 0.446422 0.000000
vn -0.894823 0.446422 0.000000
vn -0.894823 0.446422 0.000000
vn -0.275645 0.961259 0.000000
vn -0.275645 0.961259 0.000000
vn -0.275645 0.961259 0.000000
vn -0.275645 0.961259 0.000000
vn 0.482369 0.875968 0.000000
vn 0.482369 0.875968 0.000000
vn 0.482369 0.875968 0.000000
vn 0.482369 0.875968 0.000000
vn 0.703243 -0.710949 0.000000
vn 0.703243 -0.710949 0.000000
vn 0.703243 -0.710949 0.000000
vn 0.703243 -0.710949 0.000000
vn -0.663644 -0.748048 0.000000
vn -0.663644 -0.748048 0.000000
vn -0.663644 -0.748048 0.000000
vn -0.663644 -0.748048 0.000000
vn -0.334361 -0.942445 0.000000
vn -0.334361 -0.942445 0.000000
vn -0.334361 -0.942445 0.000000
vn -0.334361 -0.942445 0.000000
vn 0.239961 -0.970783 0.000000
vn 0.239961 -0.970783 0.000000
vn 0.239961 -0.970783 0.000000
vn 0.239961 -0.970783 0.000000
vn 0.852067 -0.523432 0.000000
vn 0.852067 -0.523432 0.000000
vn 0.852067 -0.523432 0.000000
vn 0.852067 -0.523432 0.000000
vn 0.751355 0.659898 0.000000
vn 0.751355 0.659898 0.000000
vn 0.751355 0.659898 0.000000
vn 0.751355 0.659898 0.000000
vn 0.489856 0.871803 0.000000
vn 0.489856 0.871803 0.000000
vn 0.489856 0.871803 0.000000
vn 0.489856 0.871803 0.000000
vn 0.812635 0.582774 0.000000
vn 0.812635 0.582774 0.000000
vn 0.812635 0.582774 0.000000
vn 0.812635 0.582774 0.000000
vn 0.890640 -0.454709 0.000000
vn 0.890640 -0.454709 0.000000
vn 0.890640 -0.454709 0.000000
vn 0.890640 -0.454709 0.000000
vn 0.292599 -0.956235 0.000000
vn 0.292599 -0.956235 0.000000
vn 0.292599 -0.956235 0.000000
vn 0.292599 -0.956235 0.000000
vn -0.273712 -0.961812 0.000000
vn -0.273712 -0.961812 0.000000
vn -0.273712 -0.961812 0.000000
vn -0.273712 -0.961812 0.000000
vn -0.490536 -0.871421 0.000000
vn -0.680290 -0.732943 0.000000
vn -0.680290 -0.732943 0.000000
vn -0.680291 -0.732942 0.000000
vn -0.999985 0.005490 0.000000
vn -0.672203 0.740367 0.000000
vn -0.672203 0.740367 0.000000
vn -0.672201 0.740368 0.000000
vn -0.094686 0.995507 0.000000
vn 0.520571 0.853818 0.000000
vn 0.520571 0.853818 0.000000
vn 0.520570 0.853819 0.000000
vn 0.164926 0.986306 0.000000
vn -0.214471 0.976730 0.000000
vn -0.214471 0.976730 0.000000
vn -0.214472 0.976730 0.000000
vn -0.583642 0.812011 0.000000
vn -0.857433 0.514596 0.000000
vn -0.857433 0.514596 0.000000
vn -0.857433 0.514596 0.000000
vn -0.994914 0.100733 0.000000
vn -0.943178 -0.332288 0.000000
vn -0.943178 -0.332288 0.000000
vn -0.943178 -0.332287 0.000000
vn -0.794065 -0.607833 0.000000
vn -0.567006 -0.823714 0.000000
vn -0.567006 -0.823714 0.000000
vn -0.567006 -0.823714 0.000000
vn -0.528966 -0.848643 0.000000
vn -0.489832 -0.871817 0.000000
vn -0.489832 -0.871817 0.000000
vn -0.489832 -0.871817 0.000000
vn -0.561528 -0.827457 0.000000
vn -0.629234 -0.777216 0.000000
vn -0.629234 -0.777216 0.000000
vn -0.629235 -0.777215 0.000000
vn -0.841051 -0.540955 0.000000
vn -0.968187 -0.250230 0.000000
vn -0.968187 -0.250230 0.000000
vn -0.968186 -0.250231 0.000000
vn -0.994501 0.104728 0.000000
vn -0.894823 0.446420 0.000000
vn -0.894823 0.446420 0.000000
vn -0.894823 0.446420 0.000000
vn -0.639347 0.768919 0.000000
vn -0.275645 0.961259 0.000000
vn -0.275645 0.961259 0.000000
vn -0.275645 0.961259 0.000000
vn 0.482369 0.875968 0.000000
vn 0.111814 0.993729 0.000000
vn 0.482370 0.875968 0.000000
vn 0.482370 0.875968 0.000000
vn 0.990452 0.137855 0.000000
vn 0.703242 -0.710950 0.000000
vn 0.703242 -0.710950 0.000000
vn 0.703243 -0.710950 0.000000
vn 0.027131 -0.999632 0.000000
vn -0.663645 -0.748048 0.000000
vn -0.663645 -0.748048 0.000000
vn -0.663645 -0.748048 0.000000
vn -0.508381 -0.861133 0.000000
vn -0.334360 -0.942446 0.000000
vn -0.334360 -0.942446 0.000000
vn -0.334360 -0.942445 0.000000
vn -0.049280 -0.998785 0.000000
vn 0.239962 -0.970782 0.000000
vn 0.239962 -0.970782 0.000000
vn 0.239961 -0.970783 0.000000
vn 0.590049 -0.807367 0.000000
vn 0.852063 -0.523440 0.000000
vn 0.852063 -0.523440 0.000000
vn 0.852063 -0.523439 0.000000
vn 0.996398 0.084800 0.000000
vn 0.751354 0.659899 0.000000
vn 0.751354 0.659899 0.000000
vn 0.751354 0.659899 0.000000
vn 0.629584 0.776932 0.000000
vn 0.489855 0.871804 0.000000
vn 0.489855 0.871804 0.000000
vn 0.489855 0.871804 0.000000
vn 0.667085 0.744982 0.000000
vn 0.812632 0.582778 0.000000
vn 0.812632 0.582778 0.000000
vn 0.812633 0.582776 0.000000
vn 0.997185 0.074977 0.000000
vn 0.890641 -0.454708 0.000000
vn 0.890641 -0.454708 0.000000
vn 0.890641 -0.454708 0.000000
vn 0.642570 -0.766227 0.000000
vn 0.292598 -0.956236 0.000000
vn 0.292598 -0.956236 0.000000
vn 0.009846 -0.999952 0.000000
vn -0.273713 -0.961811 0.000000
vn -0.273713 -0.961811 0.000000
vn -0.273713 -0.961811 0.000000
vn -0.273713 -0.961811 0.000000
vn -0.680292 -0.732941 0.000000
vn -0.680292 -0.732941 0.000000
vn -0.680292 -0.732941 0.000000
vn -0.680292 -0.732941 0.000000
vn -0.672200 0.740370 0.000000
vn -0.672200 0.740370 0.000000
vn -0.672200 0.740370 0.000000
vn -0.672200 0.740370 0.000000
vn 0.520569 0.853820 0.000000
vn 0.520569 0.853820 0.000000
vn 0.520569 0.853820 0.000000
vn 0.520569 0.853820 0.000000
vn -0.214467 0.976731 0.000000
vn -0.214467 0.976731 0.000000
vn -0.214467 0.976731 0.000000
vn -0.214467 0.976731 0.000000
vn -0.857453 0.514562 0.000000
vn -0.857453 0.514562 0.000000
vn -0.857453 0.514562 0.000000
vn -0.857453 0.514562 0.000000
vn -0.943180 -0.332283 0.000000
vn -0.943180 -0.332283 0.000000
vn -0.943180 -0.332283 0.000000
vn -0.943180 -0.332283 0.000000
vn -0.567007 -0.823713 0.000000
vn -0.567007 -0.823713 0.000000
vn -0.567007 -0.823713 0.000000
vn -0.567007 -0.823713 0.000000
vn -0.489833 -0.871816 0.000000
vn -0.489833 -0.871816 0.000000
vn -0.489833 -0.871816 0.000000
vn -0.489833 -0.871816 0.000000
vn -0.629205 -0.777239 0.000000
vn -0.629205 -0.777239 0.000000
vn -0.629205 -0.777239 0.000000
vn -0.629205 -0.777239 0.000000
vn -0.968192 -0.250210 0.000000
vn -0.968192 -0.250210 0.000000
vn -0.968192 -0.250210 0.000000
vn -0.968192 -0.250210 0.000000
vn -0.894816 0.446435 0.000000
vn -0.894816 0.446435 0.000000
vn -0.894816 0.446435 0.000000
vn -0.894816 0.446435 0.000000
vn -0.275680 0.961249 0.000000
vn -0.275680 0.961249 0.000000
vn -0.275680 0.961249 0.000000
vn -0.275680 0.961249 0.000000
vn 0.482368 0.875968 0.000000
vn 0.482368 0.875968 0.000000
vn 0.482368 0.875968 0.000000
vn 0.482368 0.875968 0.000000
vn 0.703240 -0.710953 0.000000
vn 0.703240 -0.710953 0.000000
vn 0.703240 -0.710953 0.000000
vn 0.703240 -0.710953 0.000000
vn -0.663644 -0.748048 0.000000
vn -0.663644 -0.748048 0.000000
vn -0.663644 -0.748048 0.000000
vn -0.663644 -0.748048 0.000000
vn -0.334361 -0.942445 0.000000
vn -0.334361 -0.942445 0.000000
vn -0.334361 -0.942445 0.000000
vn -0.334361 -0.942445 0.000000
vn 0.239963 -0.970782 0.000000
vn 0.239963 -0.970782 0.000000
vn 0.239963 -0.970782 0.000000
vn 0.239963 -0.970782 0.000000
vn 0.852050 -0.523460 0.000000
vn 0.852050 -0.523460 0.000000
vn 0.852050 -0.523460 0.000000
vn 0.852050 -0.523460 0.000000
vn 0.751350 0.659904 0.000000
vn 0.751350 0.659904 0.000000
vn 0.751350 0.659904 0.000000
vn 0.751350 0.659904 0.000000
vn 0.489860 0.871801 0.000000
vn 0.489860 0.871801 0.000000
vn 0.489860 0.871801 0.000000
vn 0.489860 0.871801 0.000000
vn 0.812636 0.582772 0.000000
vn 0.812636 0.582772 0.000000
vn 0.812636 0.582772 0.000000
vn 0.812636 0.582772 0.000000
vn 0.890644 -0.454701 0.000000
vn 0.890644 -0.454701 0.000000
vn 0.890644 -0.454701 0.000000
vn 0.890644 -0.454701 0.000000
vn 0.292598 -0.956235 0.000000
vn 0.292598 -0.956235 0.000000
vn 0.292598 -0.956235 0.000000
vn 0.292598 -0.956235 0.000000
vn -0.273712 -0.961812 0.000000
vn -0.273712 -0.961812 0.000000
vn -0.273712 -0.961812 0.000000
vn -0.273712 -0.961812 0.000000
vn -0.490538 -0.871420 0.000000
vn -0.680294 -0.732939 0.000000
vn -0.680294 -0.732939 0.000000
vn -0.680294 -0.732940 0.000000
vn -0.999985 0.005489 0.000000
vn -0.672206 0.740364 0.000000
vn -0.672206 0.740364 0.000000
vn -0.672204 0.740366 0.000000
vn -0.094689 0.995507 0.000000
vn 0.520568 0.853820 0.000000
vn 0.520568 0.853820 0.000000
vn 0.520568 0.853821 0.000000
vn 0.164928 0.986306 0.000000
vn -0.214467 0.976731 0.000000
vn -0.214467 0.976731 0.000000
vn -0.214468 0.976731 0.000000
vn -0.583654 0.812003 0.000000
vn -0.857451 0.514566 0.000000
vn -0.857451 0.514566 0.000000
vn -0.857450 0.514566 0.000000
vn -0.994916 0.100708 0.000000
vn -0.943173 -0.332303 0.000000
vn -0.943173 -0.332303 0.000000
vn -0.943176 -0.332295 0.000000
vn -0.794064 -0.607835 0.000000
vn -0.567002 -0.823716 0.000000
vn -0.567002 -0.823716 0.000000
vn -0.567002 -0.823716 0.000000
vn -0.528967 -0.848642 0.000000
vn -0.489838 -0.871814 0.000000
vn -0.489838 -0.871814 0.000000
vn -0.489837 -0.871814 0.000000
vn -0.561516 -0.827466 0.000000
vn -0.629205 -0.777239 0.000000
vn -0.629205 -0.777239 0.000000
vn -0.629205 -0.777239 0.000000
vn -0.841048 -0.540960 0.000000
vn -0.968193 -0.250205 0.000000
vn -0.968193 -0.250205 0.000000
vn -0.968193 -0.250206 0.000000
vn -0.994499 0.104747 0.000000
vn -0.894818 0.446432 0.000000
vn -0.894818 0.446432 0.000000
vn -0.894818 0.446431 0.000000
vn -0.639355 0.768912 0.000000
vn -0.275679 0.961250 0.000000
vn -0.275679 0.961250 0.000000
vn -0.275679 0.961250 0.000000
vn 0.482369 0.875968 0.000000
vn 0.111796 0.993731 0.000000
vn 0.482370 0.875968 0.000000
vn 0.482370 0.875968 0.000000
vn 0.990453 0.137853 0.000000
vn 0.703240 -0.710953 0.000000
vn 0.703240 -0.710953 0.000000
vn 0.703240 -0.710953 0.000000
vn 0.027132 -0.999632 0.000000
vn -0.663640 -0.748052 0.000000
vn -0.663640 -0.748052 0.000000
vn -0.663641 -0.748051 0.000000
vn -0.508381 -0.861132 0.000000
vn -0.334364 -0.942444 0.000000
vn -0.334364 -0.942444 0.000000
vn -0.334363 -0.942444 0.000000
vn -0.049281 -0.998785 0.000000
vn 0.239962 -0.970782 0.000000
vn 0.239962 -0.970782 0.000000
vn 0.239962 -0.970782 0.000000
vn 0.590042 -0.807372 0.000000
vn 0.852053 -0.523455 0.000000
vn 0.852053 -0.523455 0.000000
vn 0.852054 -0.523454 0.000000
vn 0.996399 0.084792 0.000000
vn 0.751352 0.659901 0.000000
vn 0.751352 0.659901 0.000000
vn 0.751352 0.659901 0.000000
vn 0.629583 0.776933 0.000000
vn 0.489855 0.871804 0.000000
vn 0.489855 0.871804 0.000000
vn 0.489855 0.871804 0.000000
vn 0.667085 0.744982 0.000000
vn 0.812632 0.582777 0.000000
vn 0.812632 0.582777 0.000000
vn 0.812634 0.582775 0.000000
vn 0.997185 0.074982 0.000000
vn 0.890646 -0.454698 0.000000
vn 0.890646 -0.454698 0.000000
vn 0.890645 -0.454699 0.000000
vn 0.642572 -0.766225 0.000000
vn 0.292597 -0.956236 0.000000
vn 0.292597 -0.956236 0.000000
vn 0.009846 -0.999952 0.000000
vn -0.600174 -0.799869 0.000000
vn -0.600174 -0.799869 0.000000
vn -0.600174 -0.799869 0.000000
vn -0.600174 -0.799869 0.000000
vn 0.998839 -0.048178 0.000000
vn 0.998839 -0.048178 0.000000
vn 0.998839 -0.048178 0.000000
vn 0.998839 -0.048178 0.000000
vn -0.048179 -0.998839 0.000000
vn -0.048179 -0.998839 0.000000
vn -0.048179 -0.998839 0.000000
vn -0.048179 -0.998839 0.000000
vn -0.998839 0.048181 0.000000
vn -0.998839 0.048181 0.000000
vn -0.998839 0.048181 0.000000
vn -0.998839 0.048181 0.000000
vn -0.950770 0.309898 0.000000
vn -0.950770 0.309898 0.000000
vn -0.950770 0.309898 0.000000
vn -0.950770 0.309898 0.000000
vn -0.319632 0.947542 0.000000
vn -0.319632 0.947542 0.000000
vn -0.319632 0.947542 0.000000
vn -0.319632 0.947542 0.000000
vn 0.194564 0.980890 0.000000
vn 0.194564 0.980890 0.000000
vn 0.194564 0.980890 0.000000
vn 0.194564 0.980890 0.000000
vn 0.578188 0.815904 0.000000
vn 0.578188 0.815904 0.000000
vn 0.578188 0.815904 0.000000
vn 0.578188 0.815904 0.000000
vn 0.885138 0.465328 0.000000
vn 0.885138 0.465328 0.000000
vn 0.885138 0.465328 0.000000
vn 0.885138 0.465328 0.000000
vn -0.048169 -0.998839 0.000000
vn -0.048169 -0.998839 0.000000
vn -0.048169 -0.998839 0.000000
vn -0.048169 -0.998839 0.000000
vn -0.598520 -0.801108 0.000000
vn -0.598520 -0.801108 0.000000
vn -0.598520 -0.801108 0.000000
vn -0.598520 -0.801108 0.000000
vn -0.203291 -0.979118 0.000000
vn -0.203291 -0.979118 0.000000
vn -0.203291 -0.979118 0.000000
vn -0.203291 -0.979118 0.000000
vn 0.141081 -0.989998 0.000000
vn 0.141081 -0.989998 0.000000
vn 0.141081 -0.989998 0.000000
vn 0.141081 -0.989998 0.000000
vn 0.645497 -0.763763 0.000000
vn 0.645497 -0.763763 0.000000
vn 0.645497 -0.763763 0.000000
vn 0.645497 -0.763763 0.000000
vn 0.981040 -0.193804 0.000000
vn 0.981040 -0.193804 0.000000
vn 0.981040 -0.193804 0.000000
vn 0.981040 -0.193804 0.000000
vn -0.524920 0.851152 0.000000
vn -0.524920 0.851152 0.000000
vn -0.524920 0.851152 0.000000
vn -0.524920 0.851152 0.000000
vn -0.125598 0.992081 0.000000
vn -0.125598 0.992081 0.000000
vn -0.125598 0.992081 0.000000
vn -0.125598 0.992081 0.000000
vn 0.436547 0.899681 0.000000
vn 0.436547 0.899681 0.000000
vn 0.436547 0.899681 0.000000
vn 0.436547 0.899681 0.000000
vn 0.951492 0.307673 0.000000
vn 0.951492 0.307673 0.000000
vn 0.951492 0.307673 0.000000
vn 0.951492 0.307673 0.000000
vn 0.914971 -0.403521 0.000000
vn 0.914971 -0.403521 0.000000
vn 0.914971 -0.403521 0.000000
vn 0.914971 -0.403521 0.000000
vn 0.334667 -0.942336 0.000000
vn 0.334667 -0.942336 0.000000
vn 0.334667 -0.942336 0.000000
vn 0.334667 -0.942336 0.000000
vn -0.237931 -0.971282 0.000000
vn -0.237931 -0.971282 0.000000
vn -0.237931 -0.971282 0.000000
vn -0.237931 -0.971282 0.000000
vn -0.914387 0.404840 0.000000
vn -0.914387 0.404840 0.000000
vn -0.914387 0.404840 0.000000
vn -0.914387 0.404840 0.000000
vn -0.949261 -0.314490 0.000000
vn -0.949261 -0.314490 0.000000
vn -0.949261 -0.314490 0.000000
vn -0.949261 -0.314490 0.000000
vn -0.417871 -0.908506 0.000000
vn -0.417871 -0.908506 0.000000
vn -0.417871 -0.908506 0.000000
vn -0.417871 -0.908506 0.000000
vn 0.330811 -0.943697 0.000000
vn 0.330811 -0.943697 0.000000
vn 0.330811 -0.943697 0.000000
vn 0.330811 -0.943697 0.000000
vn 0.920085 -0.391719 0.000000
vn 0.920085 -0.391719 0.000000
vn 0.920085 -0.391719 0.000000
vn 0.920085 -0.391719 0.000000
vn 0.951999 0.306100 0.000000
vn 0.951999 0.306100 0.000000
vn 0.951999 0.306100 0.000000
vn 0.951999 0.306100 0.000000
vn 0.413572 0.910471 0.000000
vn 0.413572 0.910471 0.000000
vn 0.413572 0.910471 0.000000
vn 0.413572 0.910471 0.000000
vn -0.331234 0.943549 0.000000
vn -0.331234 0.943549 0.000000
vn -0.331234 0.943549 0.000000
vn -0.331234 0.943549 0.000000
vn -0.600174 -0.799869 0.000000
vn -0.600174 -0.799870 0.000000
vn -0.600174 -0.799870 0.000000
vn -0.600174 -0.799869 0.000000
vn 0.425433 -0.904990 0.000000
vn 0.998839 -0.048178 0.000000
vn 0.998839 -0.048178 0.000000
vn 0.998839 -0.048179 0.000000
vn 0.672218 -0.740353 0.000000
vn -0.048179 -0.998839 0.000000
vn -0.048179 -0.998839 0.000000
vn -0.048179 -0.998839 0.000000
vn -0.740354 -0.672218 0.000000
vn -0.998839 0.048180 0.000000
vn -0.998839 0.048180 0.000000
vn -0.998839 0.048181 0.000000
vn -0.983548 0.180647 0.000000
vn -0.950769 0.309900 0.000000
vn -0.950769 0.309900 0.000000
vn -0.950769 0.309899 0.000000
vn -0.710722 0.703473 0.000000
vn -0.319630 0.947542 0.000000
vn -0.319630 0.947542 0.000000
vn -0.319631 0.947542 0.000000
vn -0.064719 0.997904 0.000000
vn 0.194563 0.980890 0.000000
vn 0.194563 0.980890 0.000000
vn 0.194563 0.980890 0.000000
vn 0.395083 0.918645 0.000000
vn 0.578187 0.815904 0.000000
vn 0.578187 0.815904 0.000000
vn 0.578188 0.815904 0.000000
vn 0.885138 0.465329 0.000000
vn 0.752367 0.658744 0.000000
vn 0.885138 0.465329 0.000000
vn 0.885138 0.465329 0.000000
vn 0.843253 -0.537516 0.000000
vn -0.048170 -0.998839 0.000000
vn -0.048170 -0.998839 0.000000
vn -0.048169 -0.998839 0.000000
vn -0.338120 -0.941103 0.000000
vn -0.598518 -0.801109 0.000000
vn -0.598518 -0.801109 0.000000
vn -0.598518 -0.801109 0.000000
vn -0.410666 -0.911786 0.000000
vn -0.203291 -0.979118 0.000000
vn -0.203291 -0.979118 0.000000
vn -0.203291 -0.979118 0.000000
vn -0.031578 -0.999501 0.000000
vn 0.141080 -0.989998 0.000000
vn 0.141080 -0.989998 0.000000
vn 0.141080 -0.989998 0.000000
vn 0.409232 -0.912431 0.000000
vn 0.645495 -0.763765 0.000000
vn 0.645495 -0.763765 0.000000
vn 0.645495 -0.763764 0.000000
vn 0.861753 -0.507327 0.000000
vn 0.981040 -0.193803 0.000000
vn 0.981040 -0.193803 0.000000
vn 0.981040 -0.193803 0.000000
vn 0.570081 0.821588 0.000000
vn -0.524923 0.851150 0.000000
vn -0.524923 0.851150 0.000000
vn -0.524922 0.851150 0.000000
vn -0.332805 0.942996 0.000000
vn -0.125599 0.992081 0.000000
vn -0.125599 0.992081 0.000000
vn -0.125598 0.992081 0.000000
vn 0.162194 0.986759 0.000000
vn 0.436549 0.899681 0.000000
vn 0.436549 0.899681 0.000000
vn 0.436548 0.899681 0.000000
vn 0.754508 0.656291 0.000000
vn 0.951493 0.307671 0.000000
vn 0.951493 0.307671 0.000000
vn 0.951493 0.307672 0.000000
vn 0.998684 -0.051286 0.000000
vn 0.914970 -0.403521 0.000000
vn 0.914970 -0.403521 0.000000
vn 0.914970 -0.403521 0.000000
vn 0.680425 -0.732817 0.000000
vn 0.334667 -0.942337 0.000000
vn 0.334667 -0.942337 0.000000
vn 0.334667 -0.942337 0.000000
vn 0.050488 -0.998725 0.000000
vn -0.237928 -0.971283 0.000000
vn -0.237928 -0.971283 0.000000
vn -0.427726 -0.903908 0.000000
vn -0.914388 0.404838 0.000000
vn -0.646570 0.286264 0.707107
vn -0.646570 0.286264 0.707107
vn -0.914388 0.404838 0.000000
vn -0.949261 -0.314489 0.000000
vn -0.949261 -0.314489 0.000000
vn -0.671229 -0.222377 0.707107
vn -0.671229 -0.222377 0.707107
vn -0.417871 -0.908506 0.000000
vn -0.417871 -0.908506 0.000000
vn -0.295480 -0.642411 0.707107
vn -0.295480 -0.642411 0.707107
vn 0.330811 -0.943697 0.000000
vn 0.330811 -0.943697 0.000000
vn 0.233919 -0.667295 0.707107
vn 0.233919 -0.667295 0.707107
vn 0.920086 -0.391717 0.000000
vn 0.920086 -0.391717 0.000000
vn 0.650599 -0.276986 0.707107
vn 0.650599 -0.276986 0.707107
vn 0.952000 0.306099 0.000000
vn 0.952000 0.306099 0.000000
vn 0.673166 0.216445 0.707107
vn 0.673166 0.216445 0.707107
vn 0.413572 0.910472 0.000000
vn 0.413572 0.910472 0.000000
vn 0.292439 0.643801 0.707107
vn 0.292439 0.643801 0.707107
vn -0.331234 0.943549 0.000000
vn -0.234218 0.667190 0.707107
vn -0.234218 0.667190 0.707107
vn -0.331234 0.943549 0.000000
vn -0.600179 -0.799866 0.000000
vn -0.600179 -0.799866 0.000000
vn -0.600179 -0.799866 0.000000
vn -0.600179 -0.799866 0.000000
vn 0.998838 -0.048185 0.000000
vn 0.998838 -0.048185 0.000000
vn 0.998838 -0.048185 0.000000
vn 0.998838 -0.048185 0.000000
vn -0.048179 -0.998839 0.000000
vn -0.048179 -0.998839 0.000000
vn -0.048179 -0.998839 0.000000
vn -0.048179 -0.998839 0.000000
vn -0.998839 0.048182 0.000000
vn -0.998839 0.048182 0.000000
vn -0.998839 0.048182 0.000000
vn -0.998839 0.048182 0.000000
vn -0.950771 0.309896 0.000000
vn -0.950771 0.309896 0.000000
vn -0.950771 0.309896 0.000000
vn -0.950771 0.309896 0.000000
vn -0.319630 0.947542 0.000000
vn -0.319630 0.947542 0.000000
vn -0.319630 0.947542 0.000000
vn -0.319630 0.947542 0.000000
vn 0.194521 0.980898 0.000000
vn 0.194521 0.980898 0.000000
vn 0.194521 0.980898 0.000000
vn 0.194521 0.980898 0.000000
vn 0.578193 0.815900 0.000000
vn 0.578193 0.815900 0.000000
vn 0.578193 0.815900 0.000000
vn 0.578193 0.815900 0.000000
vn 0.885150 0.465306 0.000000
vn 0.885150 0.465306 0.000000
vn 0.885150 0.465306 0.000000
vn 0.885150 0.465306 0.000000
vn -0.048209 -0.998837 0.000000
vn -0.048209 -0.998837 0.000000
vn -0.048209 -0.998837 0.000000
vn -0.048209 -0.998837 0.000000
vn -0.598522 -0.801107 0.000000
vn -0.598522 -0.801107 0.000000
vn -0.598522 -0.801107 0.000000
vn -0.598522 -0.801107 0.000000
vn -0.203215 -0.979134 0.000000
vn -0.203215 -0.979134 0.000000
vn -0.203215 -0.979134 0.000000
vn -0.203215 -0.979134 0.000000
vn 0.141081 -0.989998 0.000000
vn 0.141081 -0.989998 0.000000
vn 0.141081 -0.989998 0.000000
vn 0.141081 -0.989998 0.000000
vn 0.645438 -0.763813 0.000000
vn 0.645438 -0.763813 0.000000
vn 0.645438 -0.763813 0.000000
vn 0.645438 -0.763813 0.000000
vn 0.981046 -0.193774 0.000000
vn 0.981046 -0.193774 0.000000
vn 0.981046 -0.193774 0.000000
vn 0.981046 -0.193774 0.000000
vn -0.524922 0.851150 0.000000
vn -0.524922 0.851150 0.000000
vn -0.524922 0.851150 0.000000
vn -0.524922 0.851150 0.000000
vn -0.125663 0.992073 0.000000
vn -0.125663 0.992073 0.000000
vn -0.125663 0.992073 0.000000
vn -0.125663 0.992073 0.000000
vn 0.436546 0.899682 0.000000
vn 0.436546 0.899682 0.000000
vn 0.436546 0.899682 0.000000
vn 0.436546 0.899682 0.000000
vn 0.951493 0.307670 0.000000
vn 0.951493 0.307670 0.000000
vn 0.951493 0.307670 0.000000
vn 0.951493 0.307670 0.000000
vn 0.914970 -0.403522 0.000000
vn 0.914970 -0.403522 0.000000
vn 0.914970 -0.403522 0.000000
vn 0.914970 -0.403522 0.000000
vn 0.334668 -0.942336 0.000000
vn 0.334668 -0.942336 0.000000
vn 0.334668 -0.942336 0.000000
vn 0.334668 -0.942336 0.000000
vn -0.237930 -0.971282 0.000000
vn -0.237930 -0.971282 0.000000
vn -0.237930 -0.971282 0.000000
vn -0.237930 -0.971282 0.000000
vn -0.914388 0.404839 0.000000
vn -0.914388 0.404839 0.000000
vn -0.914388 0.404839 0.000000
vn -0.914388 0.404839 0.000000
vn -0.949260 -0.314492 0.000000
vn -0.949260 -0.314492 0.000000
vn -0.949260 -0.314492 0.000000
vn -0.949260 -0.314492 0.000000
vn -0.417872 -0.908506 0.000000
vn -0.417872 -0.908506 0.000000
vn -0.417872 -0.908506 0.000000
vn -0.417872 -0.908506 0.000000
vn 0.330814 -0.943696 0.000000
vn 0.330814 -0.943696 0.000000
vn 0.330814 -0.943696 0.000000
vn 0.330814 -0.943696 0.000000
vn 0.920082 -0.391726 0.000000
vn 0.920082 -0.391726 0.000000
vn 0.920082 -0.391726 0.000000
vn 0.920082 -0.391726 0.000000
vn 0.952003 0.306088 0.000000
vn 0.952003 0.306088 0.000000
vn 0.952003 0.306088 0.000000
vn 0.952003 0.306088 0.000000
vn 0.413532 0.910489 0.000000
vn 0.413532 0.910489 0.000000
vn 0.413532 0.910489 0.000000
vn 0.413532 0.910489 0.000000
vn -0.331232 0.943549 0.000000
vn -0.331232 0.943549 0.000000
vn -0.331232 0.943549 0.000000
vn -0.331232 0.943549 0.000000
vn -0.600176 -0.799868 0.000000
vn -0.600176 -0.799868 0.000000
vn -0.600176 -0.799868 0.000000
vn -0.600176 -0.799868 0.000000
vn 0.425429 -0.904992 0.000000
vn 0.998839 -0.048184 0.000000
vn 0.998839 -0.048184 0.000000
vn 0.998838 -0.048183 0.000000
vn 0.672217 -0.740354 0.000000
vn -0.048179 -0.998839 0.000000
vn -0.048179 -0.998839 0.000000
vn -0.048179 -0.998839 0.000000
vn -0.740354 -0.672217 0.000000
vn -0.998839 0.048182 0.000000
vn -0.998839 0.048182 0.000000
vn -0.998839 0.048182 0.000000
vn -0.983548 0.180645 0.000000
vn -0.950770 0.309897 0.000000
vn -0.950770 0.309897 0.000000
vn -0.950770 0.309897 0.000000
vn -0.710723 0.703472 0.000000
vn -0.319629 0.947543 0.000000
vn -0.319629 0.947543 0.000000
vn -0.319629 0.947543 0.000000
vn -0.064740 0.997902 0.000000
vn 0.194521 0.980898 0.000000
vn 0.194521 0.980898 0.000000
vn 0.194521 0.980898 0.000000
vn 0.395065 0.918653 0.000000
vn 0.578189 0.815903 0.000000
vn 0.578189 0.815903 0.000000
vn 0.578191 0.815902 0.000000
vn 0.885150 0.465306 0.000000
vn 0.752378 0.658732 0.000000
vn 0.885151 0.465304 0.000000
vn 0.885151 0.465304 0.000000
vn 0.843236 -0.537543 0.000000
vn -0.048209 -0.998837 0.000000
vn -0.048209 -0.998837 0.000000
vn -0.048209 -0.998837 0.000000
vn -0.338140 -0.941096 0.000000
vn -0.598519 -0.801108 0.000000
vn -0.598519 -0.801108 0.000000
vn -0.598520 -0.801108 0.000000
vn -0.410632 -0.911801 0.000000
vn -0.203214 -0.979134 0.000000
vn -0.203214 -0.979134 0.000000
vn -0.203214 -0.979134 0.000000
vn -0.031538 -0.999503 0.000000
vn 0.141081 -0.989998 0.000000
vn 0.141081 -0.989998 0.000000
vn 0.141081 -0.989998 0.000000
vn 0.409196 -0.912447 0.000000
vn 0.645434 -0.763816 0.000000
vn 0.645434 -0.763816 0.000000
vn 0.645437 -0.763814 0.000000
vn 0.861743 -0.507346 0.000000
vn 0.981047 -0.193772 0.000000
vn 0.981047 -0.193772 0.000000
vn 0.981046 -0.193775 0.000000
vn 0.570069 0.821597 0.000000
vn -0.524925 0.851148 0.000000
vn -0.524925 0.851148 0.000000
vn -0.524924 0.851149 0.000000
vn -0.332836 0.942985 0.000000
vn -0.125663 0.992073 0.000000
vn -0.125663 0.992073 0.000000
vn -0.125663 0.992073 0.000000
vn 0.162162 0.986764 0.000000
vn 0.436548 0.899681 0.000000
vn 0.436548 0.899681 0.000000
vn 0.436547 0.899681 0.000000
vn 0.754509 0.656289 0.000000
vn 0.951494 0.307668 0.000000
vn 0.951494 0.307668 0.000000
vn 0.951494 0.307668 0.000000
vn 0.998684 -0.051287 0.000000
vn 0.914970 -0.403521 0.000000
vn 0.914970 -0.403521 0.000000
vn 0.914970 -0.403522 0.000000
vn 0.680425 -0.732818 0.000000
vn 0.334668 -0.942336 0.000000
vn 0.334668 -0.942336 0.000000
vn 0.334668 -0.942336 0.000000
vn 0.050489 -0.998725 0.000000
vn -0.237927 -0.971283 0.000000
vn -0.237927 -0.971283 0.000000
vn -0.427727 -0.903908 0.000000
vn -0.914388 0.404840 0.000000
vn -0.646570 0.286265 0.707107
vn -0.646570 0.286265 0.707107
vn -0.914388 0.404840 0.000000
vn -0.949259 -0.314496 0.000000
vn -0.949259 -0.314496 0.000000
vn -0.671227 -0.222382 0.707107
vn -0.671227 -0.222382 0.707107
vn -0.417872 -0.908506 0.000000
vn -0.417872 -0.908506 0.000000
vn -0.295480 -0.642411 0.707107
vn -0.295480 -0.642411 0.707107
vn 0.330814 -0.943696 0.000000
vn 0.330814 -0.943696 0.000000
vn 0.233921 -0.667294 0.707107
vn 0.233921 -0.667294 0.707107
vn 0.920083 -0.391724 0.000000
vn 0.920083 -0.391724 0.000000
vn 0.650597 -0.276990 0.707107
vn 0.650597 -0.276990 0.707107
vn 0.952002 0.306091 0.000000
vn 0.952002 0.306091 0.000000
vn 0.673167 0.216439 0.707107
vn 0.673167 0.216439 0.707107
vn 0.413534 0.910489 0.000000
vn 0.413534 0.910489 0.000000
vn 0.292412 0.643813 0.707107
vn 0.292412 0.643813 0.707107
vn -0.331232 0.943550 0.000000
vn -0.234216 0.667190 0.707107
vn -0.234216 0.667190 0.707107
vn -0.331232 0.943550 0.000000
vn -0.998839 0.048181 0.000000
vn -0.998839 0.048181 0.000000
vn -0.998839 0.048181 0.000000
vn -0.998839 0.048181 0.000000
vn 0.048191 0.998838 0.000000
vn 0.048191 0.998838 0.000000
vn 0.048191 0.998838 0.000000
vn 0.048191 0.998838 0.000000
vn -0.998839 0.048181 0.000000
vn -0.998839 0.048181 0.000000
vn -0.998839 0.048181 0.000000
vn -0.998839 0.048181 0.000000
vn 0.048182 0.998839 0.000000
vn 0.048182 0.998839 0.000000
vn 0.048182 0.998839 0.000000
vn 0.048182 0.998839 0.000000
vn 0.998839 -0.048181 0.000000
vn 0.998839 -0.048181 0.000000
vn 0.998839 -0.048181 0.000000
vn 0.998839 -0.048181 0.000000
vn 0.048172 0.998839 0.000000
vn 0.048172 0.998839 0.000000
vn 0.048172 0.998839 0.000000
vn 0.048172 0.998839 0.000000
vn 0.998839 -0.048181 0.000000
vn 0.998839 -0.048181 0.000000
vn 0.998839 -0.048181 0.000000
vn 0.998839 -0.048181 0.000000
vn -0.048182 -0.998839 0.000000
vn -0.048182 -0.998839 0.000000
vn -0.048182 -0.998839 0.000000
vn -0.048182 -0.998839 0.000000
vn -0.998839 0.048182 0.000000
vn -0.998839 0.048182 0.000000
vn -0.998839 0.048182 0.000000
vn -0.998839 0.048182 0.000000
vn -0.672212 0.740358 0.000000
vn 0.048191 0.998838 0.000000
vn 0.048191 0.998838 0.000000
vn 0.048191 0.998838 0.000000
vn 0.998839 -0.048182 0.000000
vn 0.998839 -0.048182 0.000000
vn 0.998839 -0.048182 0.000000
vn 0.998839 -0.048182 0.000000
vn 0.740352 0.672220 0.000000
vn 0.048171 0.998839 0.000000
vn 0.048171 0.998839 0.000000
vn 0.048172 0.998839 0.000000
vn 0.740352 0.672220 0.000000
vn 0.998839 -0.048182 0.000000
vn 0.998839 -0.048182 0.000000
vn 0.998839 -0.048181 0.000000
vn 0.672216 -0.740355 0.000000
vn -0.048182 -0.998839 0.000000
vn -0.048182 -0.998839 0.000000
vn -0.740355 -0.672216 0.000000
vn -0.433036 -0.901376 0.000000
vn -0.433036 -0.901376 0.000000
vn -0.433036 -0.901376 0.000000
vn -0.433036 -0.901376 0.000000
vn -0.943170 -0.332311 0.000000
vn -0.943170 -0.332311 0.000000
vn -0.943170 -0.332311 0.000000
vn -0.943170 -0.332311 0.000000
vn -0.906453 0.422308 0.000000
vn -0.906453 0.422308 0.000000
vn -0.906453 0.422308 0.000000
vn -0.906453 0.422308 0.000000
vn -0.345131 0.938555 0.000000
vn -0.345131 0.938555 0.000000
vn -0.345131 0.938555 0.000000
vn -0.345131 0.938555 0.000000
vn 0.433480 0.901163 0.000000
vn 0.433480 0.901163 0.000000
vn 0.433480 0.901163 0.000000
vn 0.433480 0.901163 0.000000
vn 0.944478 0.328576 0.000000
vn 0.944478 0.328576 0.000000
vn 0.944478 0.328576 0.000000
vn 0.944478 0.328576 0.000000
vn 0.904657 -0.426140 0.000000
vn 0.904657 -0.426140 0.000000
vn 0.904657 -0.426140 0.000000
vn 0.904657 -0.426140 0.000000
vn 0.339086 -0.940755 0.000000
vn 0.339086 -0.940755 0.000000
vn 0.339086 -0.940755 0.000000
vn 0.339086 -0.940755 0.000000
vn -0.433035 -0.901377 0.000000
vn -0.433035 -0.901377 0.000000
vn -0.433035 -0.901377 0.000000
vn -0.433035 -0.901377 0.000000
vn -0.744611 -0.667499 0.000000
vn -0.943170 -0.332309 0.000000
vn -0.943170 -0.332309 0.000000
vn -0.943171 -0.332309 0.000000
vn -0.998818 0.048600 0.000000
vn -0.906453 0.422307 0.000000
vn -0.906453 0.422307 0.000000
vn -0.906453 0.422307 0.000000
vn -0.345132 0.938554 0.000000
vn -0.676937 0.736041 0.000000
vn -0.345132 0.938554 0.000000
vn -0.345132 0.938554 0.000000
vn 0.047967 0.998849 0.000000
vn 0.433479 0.901164 0.000000
vn 0.433479 0.901164 0.000000
vn 0.433479 0.901163 0.000000
vn 0.746094 0.665841 0.000000
vn 0.944478 0.328576 0.000000
vn 0.944478 0.328576 0.000000
vn 0.944477 0.328577 0.000000
vn 0.998611 -0.052688 0.000000
vn 0.904657 -0.426140 0.000000
vn 0.904657 -0.426140 0.000000
vn 0.904657 -0.426141 0.000000
vn 0.673001 -0.739642 0.000000
vn 0.339085 -0.940756 0.000000
vn 0.339085 -0.940756 0.000000
vn -0.050935 -0.998702 0.000000
vn -0.998839 0.048181 0.000000
vn -0.998839 0.048181 0.000000
vn -0.998839 0.048181 0.000000
vn -0.998839 0.048181 0.000000
vn -0.048179 -0.998839 0.000000
vn -0.048179 -0.998839 0.000000
vn -0.048179 -0.998839 0.000000
vn -0.048179 -0.998839 0.000000
vn 0.998839 -0.048182 0.000000
vn 0.998839 -0.048182 0.000000
vn 0.998839 -0.048182 0.000000
vn 0.998839 -0.048182 0.000000
vn -0.048144 -0.998840 0.000000
vn -0.048144 -0.998840 0.000000
vn -0.048144 -0.998840 0.000000
vn -0.048144 -0.998840 0.000000
vn -0.998839 0.048181 0.000000
vn -0.998839 0.048181 0.000000
vn -0.998839 0.048181 0.000000
vn -0.998839 0.048181 0.000000
vn 0.048144 0.998840 0.000000
vn 0.048144 0.998840 0.000000
vn 0.048144 0.998840 0.000000
vn 0.048144 0.998840 0.000000
vn 0.998839 -0.048182 0.000000
vn 0.998839 -0.048182 0.000000
vn 0.998839 -0.048182 0.000000
vn 0.998839 -0.048182 0.000000
vn 0.048179 0.998839 0.000000
vn 0.048179 0.998839 0.000000
vn 0.048179 0.998839 0.000000
vn 0.048179 0.998839 0.000000
vn -0.998839 0.048181 0.000000
vn -0.998839 0.048181 0.000000
vn -0.998839 0.048181 0.000000
vn -0.998839 0.048181 0.000000
vn 0.048182 0.998839 0.000000
vn 0.048182 0.998839 0.000000
vn 0.048182 0.998839 0.000000
vn 0.048182 0.998839 0.000000
vn 0.998839 -0.048181 0.000000
vn 0.998839 -0.048181 0.000000
vn 0.998839 -0.048181 0.000000
vn 0.998839 -0.048181 0.000000
vn -0.048182 -0.998839 0.000000
vn -0.048182 -0.998839 0.000000
vn -0.048182 -0.998839 0.000000
vn -0.048182 -0.998839 0.000000
vn -0.998839 0.048182 0.000000
vn -0.998839 0.048182 0.000000
vn -0.998839 0.048182 0.000000
vn -0.998839 0.048182 0.000000
vn -0.740354 -0.672217 0.000000
vn -0.048180 -0.998839 0.000000
vn -0.048180 -0.998839 0.000000
vn -0.048179 -0.998839 0.000000
vn 0.672216 -0.740355 0.000000
vn 0.998839 -0.048183 0.000000
vn 0.998839 -0.048183 0.000000
vn 0.998839 -0.048183 0.000000
vn 0.672230 -0.740343 0.000000
vn -0.048144 -0.998840 0.000000
vn -0.048144 -0.998840 0.000000
vn -0.048144 -0.998840 0.000000
vn -0.740342 -0.672230 0.000000
vn -0.998839 0.048182 0.000000
vn -0.998839 0.048182 0.000000
vn -0.998839 0.048182 0.000000
vn -0.672230 0.740342 0.000000
vn 0.048144 0.998840 0.000000
vn 0.048144 0.998840 0.000000
vn 0.048144 0.998840 0.000000
vn 0.740343 0.672230 0.000000
vn 0.998839 -0.048182 0.000000
vn 0.998839 -0.048182 0.000000
vn 0.998839 -0.048182 0.000000
vn 0.740354 0.672217 0.000000
vn 0.048180 0.998839 0.000000
vn 0.048180 0.998839 0.000000
vn 0.048179 0.998839 0.000000
vn -0.672217 0.740354 0.000000
vn -0.998839 0.048182 0.000000
vn -0.998839 0.048182 0.000000
vn -0.998839 0.048182 0.000000
vn 0.048182 0.998839 0.000000
vn -0.672216 0.740355 0.000000
vn 0.048182 0.998839 0.000000
vn 0.048182 0.998839 0.000000
vn 0.740355 0.672216 0.000000
vn 0.998839 -0.048181 0.000000
vn 0.998839 -0.048181 0.000000
vn 0.998839 -0.048181 0.000000
vn 0.672216 -0.740355 0.000000
vn -0.048182 -0.998839 0.000000
vn -0.048182 -0.998839 0.000000
vn -0.740355 -0.672216 0.000000
vn -0.048139 -0.998841 0.000000
vn -0.048139 -0.998841 0.000000
vn -0.048139 -0.998841 0.000000
vn -0.048139 -0.998841 0.000000
vn -0.998839 0.048181 0.000000
vn -0.998839 0.048181 0.000000
vn -0.998839 0.048181 0.000000
vn -0.998839 0.048181 0.000000
vn 0.998839 -0.048182 0.000000
vn 0.998839 -0.048182 0.000000
vn 0.998839 -0.048182 0.000000
vn 0.998839 -0.048182 0.000000
vn -0.048139 -0.998841 0.000000
vn -0.048139 -0.998841 0.000000
vn -0.048139 -0.998841 0.000000
vn -0.048139 -0.998841 0.000000
vn 0.499598 -0.866258 0.000000
vn 0.499598 -0.866258 0.000000
vn 0.499598 -0.866258 0.000000
vn 0.499598 -0.866258 0.000000
vn -0.740341 -0.672232 0.000000
vn -0.998839 0.048181 0.000000
vn -0.998839 0.048181 0.000000
vn -0.998839 0.048181 0.000000
vn 0.158566 -0.987348 0.000000
vn 0.158566 -0.987348 0.000000
vn 0.158566 -0.987348 0.000000
vn 0.158566 -0.987348 0.000000
vn -0.423710 -0.905798 0.000000
vn -0.423710 -0.905798 0.000000
vn -0.423710 -0.905798 0.000000
vn -0.423710 -0.905798 0.000000
vn -0.962814 -0.270165 0.000000
vn -0.962814 -0.270165 0.000000
vn -0.962814 -0.270165 0.000000
vn -0.962814 -0.270165 0.000000
vn -0.998839 0.048182 0.000000
vn -0.998839 0.048182 0.000000
vn -0.998839 0.048182 0.000000
vn -0.998839 0.048182 0.000000
vn 0.048187 0.998838 0.000000
vn 0.048187 0.998838 0.000000
vn 0.048187 0.998838 0.000000
vn 0.048187 0.998838 0.000000
vn 0.998839 -0.048181 0.000000
vn 0.998839 -0.048181 0.000000
vn 0.998839 -0.048181 0.000000
vn 0.998839 -0.048181 0.000000
vn 0.999758 0.022003 0.000000
vn 0.999758 0.022003 0.000000
vn 0.999758 0.022003 0.000000
vn 0.999758 0.022003 0.000000
vn 0.876006 0.482301 0.000000
vn 0.876006 0.482301 0.000000
vn 0.876006 0.482301 0.000000
vn 0.876006 0.482301 0.000000
vn 0.339293 0.940681 0.000000
vn 0.339293 0.940681 0.000000
vn 0.339293 0.940681 0.000000
vn 0.339293 0.940681 0.000000
vn -0.314770 0.949168 0.000000
vn -0.314770 0.949168 0.000000
vn -0.314770 0.949168 0.000000
vn -0.314770 0.949168 0.000000
vn -0.851976 0.523581 0.000000
vn -0.851976 0.523581 0.000000
vn -0.851976 0.523581 0.000000
vn -0.851976 0.523581 0.000000
vn -0.994831 0.101545 0.000000
vn -0.994831 0.101545 0.000000
vn -0.994831 0.101545 0.000000
vn -0.994831 0.101545 0.000000
vn -0.998839 0.048182 0.000000
vn -0.998839 0.048182 0.000000
vn -0.998839 0.048182 0.000000
vn -0.998839 0.048182 0.000000
vn 0.048183 0.998839 0.000000
vn 0.048183 0.998839 0.000000
vn 0.048183 0.998839 0.000000
vn 0.048183 0.998839 0.000000
vn -0.520922 -0.853604 0.000000
vn 0.499598 -0.866257 0.000000
vn 0.499598 -0.866257 0.000000
vn 0.499599 -0.866257 0.000000
vn 0.334605 -0.942358 0.000000
vn 0.158565 -0.987348 0.000000
vn 0.158565 -0.987348 0.000000
vn 0.158566 -0.987348 0.000000
vn -0.138702 -0.990334 0.000000
vn -0.423711 -0.905797 0.000000
vn -0.423711 -0.905797 0.000000
vn -0.423711 -0.905797 0.000000
vn -0.762640 -0.646824 0.000000
vn -0.962814 -0.270166 0.000000
vn -0.962814 -0.270166 0.000000
vn -0.962814 -0.270166 0.000000
vn 0.048187 0.998838 0.000000
vn 0.048187 0.998838 0.000000
vn 0.048187 0.998838 0.000000
vn 0.048187 0.998838 0.000000
vn 0.999758 0.022003 0.000000
vn 0.999758 0.022003 0.000000
vn 0.999758 0.022003 0.000000
vn 0.999758 0.022003 0.000000
vn 0.965708 0.259632 0.000000
vn 0.876007 0.482299 0.000000
vn 0.876007 0.482299 0.000000
vn 0.876006 0.482299 0.000000
vn 0.649436 0.760417 0.000000
vn 0.339293 0.940681 0.000000
vn 0.339293 0.940681 0.000000
vn 0.339294 0.940681 0.000000
vn 0.012976 0.999916 0.000000
vn -0.314770 0.949168 0.000000
vn -0.314770 0.949168 0.000000
vn -0.314770 0.949168 0.000000
vn -0.620972 0.783833 0.000000
vn -0.851977 0.523580 0.000000
vn -0.851977 0.523580 0.000000
vn -0.851976 0.523580 0.000000
vn -0.947208 0.320621 0.000000
vn -0.994831 0.101546 0.000000
vn -0.994831 0.101546 0.000000
vn -0.994831 0.101546 0.000000
vn 0.048183 0.998839 0.000000
vn 0.048183 0.998839 0.000000
vn 0.048183 0.998839 0.000000
vn 0.048183 0.998839 0.000000
vn 0.333294 -0.942823 0.000000
vn 0.333294 -0.942823 0.000000
vn 0.333294 -0.942823 0.000000
vn 0.333294 -0.942823 0.000000
vn -0.410649 -0.911794 0.000000
vn -0.410649 -0.911794 0.000000
vn -0.410649 -0.911794 0.000000
vn -0.410649 -0.911794 0.000000
vn 0.913733 -0.406315 0.000000
vn 0.913733 -0.406315 0.000000
vn 0.913733 -0.406315 0.000000
vn 0.913733 -0.406315 0.000000
vn 0.333294 -0.942823 0.000000
vn 0.333293 -0.942823 0.000000
vn 0.333293 -0.942823 0.000000
vn 0.333294 -0.942823 0.000000
vn -0.953348 -0.301873 0.000000
vn -0.953348 -0.301873 0.000000
vn -0.953348 -0.301873 0.000000
vn -0.953348 -0.301873 0.000000
vn -0.041672 -0.999131 0.000000
vn -0.410647 -0.911794 0.000000
vn -0.410647 -0.911794 0.000000
vn -0.410647 -0.911794 0.000000
vn -0.997724 0.067433 0.000000
vn -0.997724 0.067433 0.000000
vn -0.997724 0.067433 0.000000
vn -0.997724 0.067433 0.000000
vn 0.048182 0.998839 0.000000
vn 0.048182 0.998839 0.000000
vn 0.048182 0.998839 0.000000
vn 0.048182 0.998839 0.000000
vn -0.898379 -0.439222 0.000000
vn -0.898379 -0.439222 0.000000
vn -0.898379 -0.439222 0.000000
vn -0.898379 -0.439222 0.000000
vn -0.354899 -0.934905 0.000000
vn -0.354899 -0.934905 0.000000
vn -0.354899 -0.934905 0.000000
vn -0.354899 -0.934905 0.000000
vn 0.331825 -0.943341 0.000000
vn 0.331825 -0.943341 0.000000
vn 0.331825 -0.943341 0.000000
vn 0.331825 -0.943341 0.000000
vn -0.468177 -0.883635 0.000000
vn -0.468177 -0.883635 0.000000
vn -0.468177 -0.883635 0.000000
vn -0.468177 -0.883635 0.000000
vn -0.621986 0.783028 0.000000
vn -0.621986 0.783028 0.000000
vn -0.621986 0.783028 0.000000
vn -0.621986 0.783028 0.000000
vn -0.153605 0.988132 0.000000
vn -0.153605 0.988132 0.000000
vn -0.153605 0.988132 0.000000
vn -0.153605 0.988132 0.000000
vn 0.405647 0.914030 0.000000
vn 0.405647 0.914030 0.000000
vn 0.405647 0.914030 0.000000
vn 0.405647 0.914030 0.000000
vn 0.945853 0.324595 0.000000
vn 0.945853 0.324595 0.000000
vn 0.945853 0.324595 0.000000
vn 0.945853 0.324595 0.000000
vn -0.786332 0.617804 0.000000
vn -0.786332 0.617804 0.000000
vn -0.786332 0.617804 0.000000
vn -0.786332 0.617804 0.000000
vn -0.048186 -0.998838 0.000000
vn -0.048186 -0.998838 0.000000
vn -0.048186 -0.998838 0.000000
vn -0.048186 -0.998838 0.000000
vn 0.838420 0.545024 0.000000
vn 0.838420 0.545024 0.000000
vn 0.838420 0.545024 0.000000
vn 0.838420 0.545024 0.000000
vn 0.340427 0.940271 0.000000
vn 0.340427 0.940271 0.000000
vn 0.340427 0.940271 0.000000
vn 0.340427 0.940271 0.000000
vn -0.258059 0.966129 0.000000
vn -0.258059 0.966129 0.000000
vn -0.258059 0.966129 0.000000
vn -0.258059 0.966129 0.000000
vn 0.913733 -0.406315 0.000000
vn 0.913733 -0.406315 0.000000
vn 0.913733 -0.406315 0.000000
vn 0.678771 -0.734351 0.000000
vn -0.997724 0.067433 0.000000
vn -0.997724 0.067432 0.000000
vn -0.997724 0.067432 0.000000
vn -0.997724 0.067433 0.000000
vn -0.665046 0.746803 0.000000
vn 0.048182 0.998839 0.000000
vn 0.048182 0.998839 0.000000
vn 0.048182 0.998839 0.000000
vn -0.835292 0.549807 0.000000
vn -0.898379 -0.439221 0.000000
vn -0.898379 -0.439221 0.000000
vn -0.898379 -0.439221 0.000000
vn -0.673870 -0.738850 0.000000
vn -0.354898 -0.934905 0.000000
vn -0.354898 -0.934905 0.000000
vn -0.354898 -0.934905 0.000000
vn -0.012283 -0.999925 0.000000
vn 0.331826 -0.943341 0.000000
vn 0.331826 -0.943341 0.000000
vn 0.331826 -0.943341 0.000000
vn -0.074425 -0.997227 0.000000
vn -0.468176 -0.883635 0.000000
vn -0.468176 -0.883635 0.000000
vn -0.468176 -0.883635 0.000000
vn -0.995769 -0.091896 0.000000
vn -0.621987 0.783028 0.000000
vn -0.621987 0.783028 0.000000
vn -0.621987 0.783028 0.000000
vn -0.401126 0.916023 0.000000
vn -0.153604 0.988133 0.000000
vn -0.153604 0.988133 0.000000
vn -0.153604 0.988132 0.000000
vn 0.131354 0.991336 0.000000
vn 0.405645 0.914031 0.000000
vn 0.405645 0.914031 0.000000
vn 0.405646 0.914030 0.000000
vn -0.786333 0.617803 0.000000
vn -0.786332 0.617804 0.000000
vn -0.786332 0.617804 0.000000
vn -0.786333 0.617803 0.000000
vn -0.048186 -0.998838 0.000000
vn -0.048186 -0.998838 0.000000
vn -0.048186 -0.998838 0.000000
vn -0.909664 -0.415345 0.000000
vn 0.838420 0.545025 0.000000
vn 0.838420 0.545025 0.000000
vn 0.838420 0.545025 0.000000
vn 0.867177 -0.498000 0.000000
vn 0.340425 0.940272 0.000000
vn 0.340425 0.940272 0.000000
vn 0.340426 0.940271 0.000000
vn 0.621670 0.783279 0.000000
vn -0.258058 0.966129 0.000000
vn -0.550473 0.834853 0.000000
vn 0.043166 0.999068 0.000000
vn -0.258058 0.966129 0.000000
vn -0.048179 -0.998839 0.000000
vn -0.048179 -0.998839 0.000000
vn -0.048179 -0.998839 0.000000
vn -0.048179 -0.998839 0.000000
vn -0.135916 -0.990720 0.000000
vn -0.135916 -0.990720 0.000000
vn -0.135916 -0.990720 0.000000
vn -0.135916 -0.990720 0.000000
vn 0.998839 -0.048181 0.000000
vn 0.998839 -0.048181 0.000000
vn 0.998839 -0.048181 0.000000
vn 0.998839 -0.048181 0.000000
vn -0.048179 -0.998839 0.000000
vn -0.048179 -0.998839 0.000000
vn -0.048179 -0.998839 0.000000
vn -0.048179 -0.998839 0.000000
vn -0.566265 -0.824223 0.000000
vn -0.566265 -0.824223 0.000000
vn -0.566265 -0.824223 0.000000
vn -0.566265 -0.824223 0.000000
vn -0.092137 -0.995746 0.000000
vn -0.135917 -0.990720 0.000000
vn -0.135917 -0.990720 0.000000
vn -0.135916 -0.990720 0.000000
vn -0.959024 -0.283326 0.000000
vn -0.959024 -0.283326 0.000000
vn -0.959024 -0.283326 0.000000
vn -0.959024 -0.283326 0.000000
vn -0.961883 0.273462 0.000000
vn -0.961883 0.273462 0.000000
vn -0.961883 0.273462 0.000000
vn -0.961883 0.273462 0.000000
vn -0.710721 0.703474 0.000000
vn -0.710721 0.703474 0.000000
vn -0.710721 0.703474 0.000000
vn -0.710721 0.703474 0.000000
vn -0.663220 -0.748425 0.000000
vn -0.663220 -0.748425 0.000000
vn -0.663220 -0.748425 0.000000
vn -0.663220 -0.748425 0.000000
vn -0.975377 -0.220545 0.000000
vn -0.975377 -0.220545 0.000000
vn -0.975377 -0.220545 0.000000
vn -0.975377 -0.220545 0.000000
vn -0.947836 0.318759 0.000000
vn -0.947836 0.318759 0.000000
vn -0.947836 0.318759 0.000000
vn -0.947836 0.318759 0.000000
vn -0.642150 0.766579 0.000000
vn -0.642150 0.766579 0.000000
vn -0.642150 0.766579 0.000000
vn -0.642150 0.766579 0.000000
vn -0.130274 0.991478 0.000000
vn -0.130274 0.991478 0.000000
vn -0.130274 0.991478 0.000000
vn -0.130274 0.991478 0.000000
vn 0.048189 0.998838 0.000000
vn 0.048189 0.998838 0.000000
vn 0.048189 0.998838 0.000000
vn 0.048189 0.998838 0.000000
vn -0.998839 0.048182 0.000000
vn -0.998839 0.048182 0.000000
vn -0.998839 0.048182 0.000000
vn -0.998839 0.048182 0.000000
vn -0.048113 -0.998842 0.000000
vn -0.048113 -0.998842 0.000000
vn -0.048113 -0.998842 0.000000
vn -0.048113 -0.998842 0.000000
vn -0.998839 0.048181 0.000000
vn -0.998839 0.048181 0.000000
vn -0.998839 0.048181 0.000000
vn -0.998839 0.048181 0.000000
vn -0.048055 -0.998845 0.000000
vn -0.048055 -0.998845 0.000000
vn -0.048055 -0.998845 0.000000
vn -0.048055 -0.998845 0.000000
vn 0.136327 -0.990664 0.000000
vn 0.136327 -0.990664 0.000000
vn 0.136327 -0.990664 0.000000
vn 0.136327 -0.990664 0.000000
vn 0.881899 -0.471438 0.000000
vn 0.881899 -0.471438 0.000000
vn 0.881899 -0.471438 0.000000
vn 0.881899 -0.471438 0.000000
vn 0.922986 0.384833 0.000000
vn 0.922986 0.384833 0.000000
vn 0.922986 0.384833 0.000000
vn 0.922986 0.384833 0.000000
vn 0.273049 0.962000 0.000000
vn 0.273049 0.962000 0.000000
vn 0.273049 0.962000 0.000000
vn 0.273049 0.962000 0.000000
vn 0.048203 0.998838 0.000000
vn 0.048203 0.998838 0.000000
vn 0.048203 0.998838 0.000000
vn 0.048203 0.998838 0.000000
vn 0.225280 -0.974294 0.000000
vn 0.225280 -0.974294 0.000000
vn 0.225280 -0.974294 0.000000
vn 0.225280 -0.974294 0.000000
vn 0.900544 -0.434765 0.000000
vn 0.900544 -0.434765 0.000000
vn 0.900544 -0.434765 0.000000
vn 0.900544 -0.434765 0.000000
vn 0.936431 0.350851 0.000000
vn 0.936431 0.350851 0.000000
vn 0.936431 0.350851 0.000000
vn 0.936431 0.350851 0.000000
vn 0.317618 0.948219 0.000000
vn 0.317618 0.948219 0.000000
vn 0.317618 0.948219 0.000000
vn 0.317618 0.948219 0.000000
vn 0.048309 0.998833 0.000000
vn 0.048309 0.998833 0.000000
vn 0.048309 0.998833 0.000000
vn 0.048309 0.998833 0.000000
vn -0.360826 -0.932633 0.000000
vn -0.566266 -0.824223 0.000000
vn -0.566266 -0.824223 0.000000
vn -0.566266 -0.824223 0.000000
vn -0.809178 -0.587564 0.000000
vn -0.959023 -0.283328 0.000000
vn -0.959023 -0.283328 0.000000
vn -0.959023 -0.283327 0.000000
vn -0.999987 -0.005135 0.000000
vn -0.961883 0.273462 0.000000
vn -0.961883 0.273462 0.000000
vn -0.961883 0.273461 0.000000
vn -0.663217 -0.748427 0.000000
vn -0.663217 -0.748428 0.000000
vn -0.663217 -0.748428 0.000000
vn -0.663217 -0.748427 0.000000
vn -0.860763 -0.509007 0.000000
vn -0.975377 -0.220545 0.000000
vn -0.975377 -0.220545 0.000000
vn -0.975377 -0.220545 0.000000
vn -0.998699 0.051000 0.000000
vn -0.947836 0.318758 0.000000
vn -0.947836 0.318758 0.000000
vn -0.947836 0.318758 0.000000
vn -0.825923 0.563783 0.000000
vn -0.642148 0.766580 0.000000
vn -0.642148 0.766580 0.000000
vn -0.642149 0.766580 0.000000
vn -0.402249 0.915530 0.000000
vn -0.130275 0.991478 0.000000
vn -0.130275 0.991478 0.000000
vn -0.130275 0.991478 0.000000
vn -0.041208 0.999151 0.000000
vn 0.048188 0.998838 0.000000
vn 0.048188 0.998838 0.000000
vn 0.048188 0.998838 0.000000
vn -0.998839 0.048183 0.000000
vn -0.998839 0.048182 0.000000
vn -0.998839 0.048182 0.000000
vn -0.998839 0.048183 0.000000
vn -0.048112 -0.998842 0.000000
vn -0.048112 -0.998842 0.000000
vn -0.048112 -0.998842 0.000000
vn -0.740332 -0.672242 0.000000
vn -0.998839 0.048181 0.000000
vn -0.998839 0.048181 0.000000
vn -0.998839 0.048181 0.000000
vn -0.998839 0.048181 0.000000
vn -0.048054 -0.998845 0.000000
vn -0.048054 -0.998845 0.000000
vn -0.048055 -0.998845 0.000000
vn -0.740312 -0.672263 0.000000
vn 0.136327 -0.990664 0.000000
vn 0.136327 -0.990664 0.000000
vn 0.136327 -0.990664 0.000000
vn 0.044325 -0.999017 0.000000
vn 0.881901 -0.471434 0.000000
vn 0.881901 -0.471434 0.000000
vn 0.881901 -0.471435 0.000000
vn 0.571487 -0.820611 0.000000
vn 0.922988 0.384829 0.000000
vn 0.922988 0.384829 0.000000
vn 0.922987 0.384830 0.000000
vn 0.998851 -0.047929 0.000000
vn 0.273048 0.962000 0.000000
vn 0.273048 0.962000 0.000000
vn 0.273049 0.962000 0.000000
vn 0.664008 0.747726 0.000000
vn 0.048203 0.998838 0.000000
vn -0.672208 0.740362 0.000000
vn 0.161679 0.986844 0.000000
vn 0.048203 0.998838 0.000000
vn 0.225280 -0.974294 0.000000
vn 0.225280 -0.974294 0.000000
vn 0.225280 -0.974294 0.000000
vn 0.089430 -0.995993 0.000000
vn 0.900543 -0.434766 0.000000
vn 0.900543 -0.434766 0.000000
vn 0.900543 -0.434766 0.000000
vn 0.624213 -0.781254 0.000000
vn 0.936430 0.350855 0.000000
vn 0.936430 0.350855 0.000000
vn 0.936430 0.350854 0.000000
vn 0.998958 -0.045631 0.000000
vn 0.317619 0.948219 0.000000
vn 0.317619 0.948219 0.000000
vn 0.317618 0.948219 0.000000
vn 0.694529 0.719464 0.000000
vn 0.048309 0.998833 0.000000
vn -0.672169 0.740398 0.000000
vn 0.184705 0.982794 0.000000
vn 0.048309 0.998833 0.000000
vn 0.000001 0.000000 1.000000
vn 0.000001 0.000000 1.000000
vn 0.000001 0.000000 1.000000
vn 0.000001 0.000000 1.000000
vn -0.998839 0.048182 0.000000
vn -0.998839 0.048182 0.000000
vn -0.998839 0.048182 0.000000
vn -0.998839 0.048182 0.000000
vn 0.048175 0.998839 0.000000
vn 0.048175 0.998839 0.000000
vn 0.048175 0.998839 0.000000
vn 0.048175 0.998839 0.000000
vn 0.998839 -0.048182 0.000000
vn 0.998839 -0.048182 0.000000
vn 0.998839 -0.048182 0.000000
vn 0.998839 -0.048182 0.000000
vn -0.048175 -0.998839 0.000000
vn -0.048175 -0.998839 0.000000
vn -0.048175 -0.998839 0.000000
vn -0.048175 -0.998839 0.000000
vn 0.048175 0.998839 0.000000
vn 0.048175 0.998839 0.000000
vn 0.048175 0.998839 0.000000
vn 0.048175 0.998839 0.000000
vn -0.048175 -0.998839 0.000000
vn -0.048175 -0.998839 0.000000
vn -0.048175 -0.998839 0.000000
vn -0.048175 -0.998839 0.000000
vn 0.000000 0.000000 1.000000
vn 0.000000 0.000000 1.000000
vn 0.000000 0.000000 1.000000
vn 0.000000 0.000000 1.000000
vn -0.998839 0.048182 0.000000
vn -0.998839 0.048182 0.000000
vn -0.998839 0.048182 0.000000
vn -0.998839 0.048182 0.000000
vn 0.048196 0.998838 0.000000
vn 0.048196 0.998838 0.000000
vn 0.048196 0.998838 0.000000
vn 0.048196 0.998838 0.000000
vn 0.998839 -0.048180 0.000000
vn 0.998839 -0.048180 0.000000
vn 0.998839 -0.048180 0.000000
vn 0.998839 -0.048180 0.000000
vn -0.048196 -0.998838 0.000000
vn -0.048196 -0.998838 0.000000
vn -0.048196 -0.998838 0.000000
vn -0.048196 -0.998838 0.000000
vn -0.998839 0.048181 0.000000
vn -0.998839 0.048182 0.000000
vn -0.998839 0.048182 0.000000
vn -0.998839 0.048181 0.000000
vn 0.048195 0.998838 0.000000
vn -0.672211 0.740360 0.000000
vn 0.048195 0.998838 0.000000
vn 0.048195 0.998838 0.000000
vn 0.740360 0.672211 0.000000
vn 0.998839 -0.048182 0.000000
vn 0.998839 -0.048182 0.000000
vn 0.998839 -0.048181 0.000000
vn 0.672211 -0.740360 0.000000
vn -0.048195 -0.998838 0.000000
vn -0.048195 -0.998838 0.000000
vn -0.740360 -0.672211 0.000000
vn -0.000002 0.000000 1.000000
vn -0.000002 0.000000 1.000000
vn -0.000002 0.000000 1.000000
vn -0.000002 0.000000 1.000000
vn -0.987713 0.156276 0.000000
vn -0.987713 0.156276 0.000000
vn -0.987713 0.156276 0.000000
vn -0.987713 0.156276 0.000000
vn 0.048176 0.998839 0.000000
vn 0.048176 0.998839 0.000000
vn 0.048176 0.998839 0.000000
vn 0.048176 0.998839 0.000000
vn 0.998172 0.060441 0.000000
vn 0.998172 0.060441 0.000000
vn 0.998172 0.060441 0.000000
vn 0.998172 0.060441 0.000000
vn -0.048155 -0.998840 0.000000
vn -0.048155 -0.998840 0.000000
vn -0.048155 -0.998840 0.000000
vn -0.048155 -0.998840 0.000000
vn -0.987714 0.156275 0.000000
vn -0.987714 0.156275 0.000000
vn -0.987714 0.156275 0.000000
vn -0.987714 0.156275 0.000000
vn -0.631000 0.775783 0.000000
vn 0.048176 0.998839 0.000000
vn 0.048176 0.998839 0.000000
vn 0.048176 0.998839 0.000000
vn 0.998172 0.060441 0.000000
vn 0.702751 0.711436 0.000000
vn 0.998172 0.060441 0.000000
vn 0.998172 0.060441 0.000000
vn 0.711443 -0.702743 0.000000
vn -0.048155 -0.998840 0.000000
vn -0.048155 -0.998840 0.000000
vn -0.775776 -0.631008 0.000000
vn -0.048194 -0.998838 0.000000
vn -0.048194 -0.998838 0.000000
vn -0.048194 -0.998838 0.000000
vn -0.048194 -0.998838 0.000000
vn -0.172006 -0.985096 0.000000
vn -0.172006 -0.985096 0.000000
vn -0.172006 -0.985096 0.000000
vn -0.172006 -0.985096 0.000000
vn 0.998839 -0.048181 0.000000
vn 0.998839 -0.048181 0.000000
vn 0.998839 -0.048181 0.000000
vn 0.998839 -0.048181 0.000000
vn -0.048194 -0.998838 0.000000
vn -0.048194 -0.998838 0.000000
vn -0.048194 -0.998838 0.000000
vn -0.048194 -0.998838 0.000000
vn -0.691472 -0.722403 0.000000
vn -0.691472 -0.722403 0.000000
vn -0.691472 -0.722403 0.000000
vn -0.691472 -0.722403 0.000000
vn -0.110314 -0.993897 0.000000
vn -0.172005 -0.985096 0.000000
vn -0.172005 -0.985096 0.000000
vn -0.172005 -0.985096 0.000000
vn -0.978196 -0.207683 0.000000
vn -0.978196 -0.207683 0.000000
vn -0.978196 -0.207683 0.000000
vn -0.978196 -0.207683 0.000000
vn -0.946926 0.321452 0.000000
vn -0.946926 0.321452 0.000000
vn -0.946926 0.321452 0.000000
vn -0.946926 0.321452 0.000000
vn -0.535681 0.844421 0.000000
vn -0.535681 0.844421 0.000000
vn -0.535681 0.844421 0.000000
vn -0.535681 0.844421 0.000000
vn -0.904167 -0.427179 0.000000
vn -0.904167 -0.427179 0.000000
vn -0.904167 -0.427179 0.000000
vn -0.904167 -0.427179 0.000000
vn 0.048178 0.998839 0.000000
vn 0.048178 0.998839 0.000000
vn 0.048178 0.998839 0.000000
vn 0.048178 0.998839 0.000000
vn 0.904782 0.425875 0.000000
vn 0.904782 0.425875 0.000000
vn 0.904782 0.425875 0.000000
vn 0.904782 0.425875 0.000000
vn 0.048426 0.998827 0.000000
vn 0.048426 0.998827 0.000000
vn 0.048426 0.998827 0.000000
vn 0.048426 0.998827 0.000000
vn -0.998839 0.048180 0.000000
vn -0.998839 0.048180 0.000000
vn -0.998839 0.048180 0.000000
vn -0.998839 0.048180 0.000000
vn 0.048194 0.998838 0.000000
vn 0.048194 0.998838 0.000000
vn 0.048194 0.998838 0.000000
vn 0.048194 0.998838 0.000000
vn -0.998839 0.048181 0.000000
vn -0.998839 0.048181 0.000000
vn -0.998839 0.048181 0.000000
vn -0.998839 0.048181 0.000000
vn -0.048188 -0.998838 0.000000
vn -0.048188 -0.998838 0.000000
vn -0.048188 -0.998838 0.000000
vn -0.048188 -0.998838 0.000000
vn 0.139909 -0.990164 0.000000
vn 0.139909 -0.990164 0.000000
vn 0.139909 -0.990164 0.000000
vn 0.139909 -0.990164 0.000000
vn 0.897641 -0.440729 0.000000
vn 0.897641 -0.440729 0.000000
vn 0.897641 -0.440729 0.000000
vn 0.897641 -0.440729 0.000000
vn 0.971095 0.238692 0.000000
vn 0.971095 0.238692 0.000000
vn 0.971095 0.238692 0.000000
vn 0.971095 0.238692 0.000000
vn 0.645758 0.763542 0.000000
vn 0.645758 0.763542 0.000000
vn 0.645758 0.763542 0.000000
vn 0.645758 0.763542 0.000000
vn 0.148692 0.988883 0.000000
vn 0.148692 0.988883 0.000000
vn 0.148692 0.988883 0.000000
vn 0.148692 0.988883 0.000000
vn 0.048258 0.998835 0.000000
vn 0.048258 0.998835 0.000000
vn 0.048258 0.998835 0.000000
vn 0.048258 0.998835 0.000000
vn 0.998839 -0.048182 0.000000
vn 0.998839 -0.048182 0.000000
vn 0.998839 -0.048182 0.000000
vn 0.672211 -0.740359 0.000000
vn -0.451278 -0.892383 0.000000
vn -0.691475 -0.722400 0.000000
vn -0.691475 -0.722400 0.000000
vn -0.691475 -0.722400 0.000000
vn -0.873604 -0.486637 0.000000
vn -0.978196 -0.207682 0.000000
vn -0.978196 -0.207682 0.000000
vn -0.978196 -0.207682 0.000000
vn -0.998258 0.058994 0.000000
vn -0.946926 0.321451 0.000000
vn -0.946926 0.321451 0.000000
vn -0.946926 0.321451 0.000000
vn -0.786068 0.618140 0.000000
vn -0.535678 0.844422 0.000000
vn -0.535678 0.844422 0.000000
vn -0.535679 0.844422 0.000000
vn -0.960485 0.278332 0.000000
vn -0.904167 -0.427179 0.000000
vn -0.904167 -0.427179 0.000000
vn -0.904167 -0.427179 0.000000
vn -0.831602 0.555373 0.000000
vn 0.048177 0.998839 0.000000
vn 0.048177 0.998839 0.000000
vn 0.048178 0.998839 0.000000
vn 0.555972 0.831201 0.000000
vn 0.904782 0.425875 0.000000
vn 0.904782 0.425875 0.000000
vn 0.904782 0.425875 0.000000
vn 0.556075 0.831132 0.000000
vn 0.048425 0.998827 0.000000
vn 0.048425 0.998827 0.000000
vn 0.048425 0.998827 0.000000
vn -0.672126 0.740437 0.000000
vn -0.998839 0.048180 0.000000
vn -0.998839 0.048180 0.000000
vn -0.998839 0.048180 0.000000
vn 0.740359 0.672212 0.000000
vn -0.672212 0.740359 0.000000
vn 0.048193 0.998838 0.000000
vn 0.048193 0.998838 0.000000
vn -0.998839 0.048182 0.000000
vn -0.706286 0.034070 0.707107
vn -0.706286 0.034070 0.707107
vn -0.998839 0.048182 0.000000
vn -0.048188 -0.998838 0.000000
vn -0.048188 -0.998838 0.000000
vn -0.034074 -0.706285 0.707107
vn -0.034074 -0.706285 0.707107
vn 0.139908 -0.990165 0.000000
vn 0.139908 -0.990165 0.000000
vn 0.098930 -0.700152 0.707107
vn 0.098930 -0.700152 0.707107
vn 0.897640 -0.440730 0.000000
vn 0.897640 -0.440730 0.000000
vn 0.634727 -0.311643 0.707107
vn 0.634727 -0.311643 0.707107
vn 0.971096 0.238691 0.000000
vn 0.971096 0.238691 0.000000
vn 0.686668 0.168780 0.707107
vn 0.686668 0.168780 0.707107
vn 0.645759 0.763541 0.000000
vn 0.645759 0.763541 0.000000
vn 0.456621 0.539905 0.707107
vn 0.456621 0.539905 0.707107
vn 0.148693 0.988883 0.000000
vn 0.148693 0.988883 0.000000
vn 0.105142 0.699246 0.707107
vn 0.105142 0.699246 0.707107
vn 0.048258 0.998835 0.000000
vn 0.034124 0.706283 0.707107
vn 0.034124 0.706283 0.707107
vn 0.048258 0.998835 0.000000
vn 0.333319 -0.942814 0.000000
vn 0.333319 -0.942814 0.000000
vn 0.333319 -0.942814 0.000000
vn 0.333319 -0.942814 0.000000
vn -0.410648 -0.911794 0.000000
vn -0.410648 -0.911794 0.000000
vn -0.410648 -0.911794 0.000000
vn -0.410648 -0.911794 0.000000
vn 0.913732 -0.406317 0.000000
vn 0.913732 -0.406317 0.000000
vn 0.913732 -0.406317 0.000000
vn 0.913732 -0.406317 0.000000
vn 0.333318 -0.942814 0.000000
vn 0.333318 -0.942814 0.000000
vn 0.333318 -0.942814 0.000000
vn 0.333318 -0.942814 0.000000
vn -0.953349 -0.301870 0.000000
vn -0.953349 -0.301870 0.000000
vn -0.953349 -0.301870 0.000000
vn -0.953349 -0.301870 0.000000
vn -0.041659 -0.999132 0.000000
vn -0.410647 -0.911794 0.000000
vn -0.410647 -0.911794 0.000000
vn -0.410647 -0.911794 0.000000
vn -0.997725 0.067416 0.000000
vn -0.997725 0.067416 0.000000
vn -0.997725 0.067416 0.000000
vn -0.997725 0.067416 0.000000
vn 0.048182 0.998839 0.000000
vn 0.048182 0.998839 0.000000
vn 0.048182 0.998839 0.000000
vn 0.048182 0.998839 0.000000
vn -0.898381 -0.439217 0.000000
vn -0.898381 -0.439217 0.000000
vn -0.898381 -0.439217 0.000000
vn -0.898381 -0.439217 0.000000
vn -0.354899 -0.934905 0.000000
vn -0.354899 -0.934905 0.000000
vn -0.354899 -0.934905 0.000000
vn -0.354899 -0.934905 0.000000
vn 0.331826 -0.943341 0.000000
vn 0.331826 -0.943341 0.000000
vn 0.331826 -0.943341 0.000000
vn 0.331826 -0.943341 0.000000
vn -0.468174 -0.883636 0.000000
vn -0.468174 -0.883636 0.000000
vn -0.468174 -0.883636 0.000000
vn -0.468174 -0.883636 0.000000
vn -0.621984 0.783030 0.000000
vn -0.621984 0.783030 0.000000
vn -0.621984 0.783030 0.000000
vn -0.621984 0.783030 0.000000
vn -0.153605 0.988132 0.000000
vn -0.153605 0.988132 0.000000
vn -0.153605 0.988132 0.000000
vn -0.153605 0.988132 0.000000
vn 0.405647 0.914030 0.000000
vn 0.405647 0.914030 0.000000
vn 0.405647 0.914030 0.000000
vn 0.405647 0.914030 0.000000
vn 0.945850 0.324605 0.000000
vn 0.945850 0.324605 0.000000
vn 0.945850 0.324605 0.000000
vn 0.945850 0.324605 0.000000
vn -0.786359 0.617770 0.000000
vn -0.786359 0.617770 0.000000
vn -0.786359 0.617770 0.000000
vn -0.786359 0.617770 0.000000
vn -0.048186 -0.998838 0.000000
vn -0.048186 -0.998838 0.000000
vn -0.048186 -0.998838 0.000000
vn -0.048186 -0.998838 0.000000
vn 0.838439 0.544995 0.000000
vn 0.838439 0.544995 0.000000
vn 0.838439 0.544995 0.000000
vn 0.838439 0.544995 0.000000
vn 0.340427 0.940271 0.000000
vn 0.340427 0.940271 0.000000
vn 0.340427 0.940271 0.000000
vn 0.340427 0.940271 0.000000
vn -0.258059 0.966129 0.000000
vn -0.258059 0.966129 0.000000
vn -0.258059 0.966129 0.000000
vn -0.258059 0.966129 0.000000
vn 0.913732 -0.406317 0.000000
vn 0.913732 -0.406317 0.000000
vn 0.913732 -0.406317 0.000000
vn 0.678779 -0.734342 0.000000
vn -0.747077 -0.664738 0.000000
vn -0.953349 -0.301869 0.000000
vn -0.953349 -0.301869 0.000000
vn -0.953349 -0.301870 0.000000
vn -0.992857 -0.119307 0.000000
vn -0.997725 0.067418 0.000000
vn -0.997725 0.067418 0.000000
vn -0.997725 0.067415 0.000000
vn -0.665054 0.746795 0.000000
vn 0.048182 0.998839 0.000000
vn 0.048182 0.998839 0.000000
vn 0.048182 0.998839 0.000000
vn -0.835290 0.549809 0.000000
vn -0.898382 -0.439215 0.000000
vn -0.898382 -0.439215 0.000000
vn -0.898382 -0.439216 0.000000
vn -0.673872 -0.738848 0.000000
vn -0.354897 -0.934906 0.000000
vn -0.354897 -0.934906 0.000000
vn -0.354897 -0.934905 0.000000
vn -0.012283 -0.999925 0.000000
vn 0.331825 -0.943341 0.000000
vn 0.331825 -0.943341 0.000000
vn 0.331826 -0.943341 0.000000
vn -0.074424 -0.997227 0.000000
vn -0.468174 -0.883636 0.000000
vn -0.468174 -0.883636 0.000000
vn -0.468174 -0.883636 0.000000
vn -0.995769 -0.091895 0.000000
vn -0.621984 0.783030 0.000000
vn -0.621984 0.783030 0.000000
vn -0.621984 0.783030 0.000000
vn -0.401125 0.916023 0.000000
vn -0.153605 0.988132 0.000000
vn -0.153605 0.988132 0.000000
vn -0.153605 0.988132 0.000000
vn 0.131354 0.991336 0.000000
vn 0.405646 0.914030 0.000000
vn 0.405646 0.914030 0.000000
vn 0.405646 0.914030 0.000000
vn 0.999036 -0.043899 0.000000
vn 0.737219 0.675654 0.000000
vn 0.945850 0.324603 0.000000
vn 0.945850 0.324603 0.000000
vn -0.786360 0.617768 0.000000
vn -0.786360 0.617768 0.000000
vn -0.786360 0.617768 0.000000
vn -0.786360 0.617768 0.000000
vn -0.048186 -0.998838 0.000000
vn -0.048186 -0.998838 0.000000
vn -0.048186 -0.998838 0.000000
vn -0.909654 -0.415366 0.000000
vn 0.838435 0.545002 0.000000
vn 0.838435 0.545002 0.000000
vn 0.838436 0.544999 0.000000
vn 0.867170 -0.498012 0.000000
vn 0.340428 0.940271 0.000000
vn 0.340428 0.940271 0.000000
vn 0.340428 0.940271 0.000000
vn 0.621684 0.783268 0.000000
vn -0.258058 0.966130 0.000000
vn -0.550492 0.834841 0.000000
vn 0.043167 0.999068 0.000000
vn -0.258058 0.966130 0.000000
vn 0.362295 -0.932064 0.000000
vn 0.362295 -0.932064 0.000000
vn 0.362295 -0.932064 0.000000
vn 0.362295 -0.932064 0.000000
vn -0.244448 -0.969662 0.000000
vn -0.244448 -0.969662 0.000000
vn -0.244448 -0.969662 0.000000
vn -0.244448 -0.969662 0.000000
vn 0.923350 -0.383959 0.000000
vn 0.923350 -0.383959 0.000000
vn 0.923350 -0.383959 0.000000
vn 0.923350 -0.383959 0.000000
vn 0.362294 -0.932064 0.000000
vn 0.362294 -0.932064 0.000000
vn 0.362294 -0.932064 0.000000
vn 0.362294 -0.932064 0.000000
vn -0.611664 -0.791118 0.000000
vn -0.611664 -0.791118 0.000000
vn -0.611664 -0.791118 0.000000
vn -0.611664 -0.791118 0.000000
vn 0.061849 -0.998086 0.000000
vn -0.244450 -0.969662 0.000000
vn -0.244450 -0.969662 0.000000
vn -0.244449 -0.969662 0.000000
vn 0.998839 -0.048170 0.000000
vn 0.998839 -0.048170 0.000000
vn 0.998839 -0.048170 0.000000
vn 0.998839 -0.048170 0.000000
vn -0.048218 -0.998837 0.000000
vn -0.048218 -0.998837 0.000000
vn -0.048218 -0.998837 0.000000
vn -0.048218 -0.998837 0.000000
vn -0.998839 0.048182 0.000000
vn -0.998839 0.048182 0.000000
vn -0.998839 0.048182 0.000000
vn -0.998839 0.048182 0.000000
vn 0.048175 0.998839 0.000000
vn 0.048175 0.998839 0.000000
vn 0.048175 0.998839 0.000000
vn 0.048175 0.998839 0.000000
vn 0.998839 -0.048184 0.000000
vn 0.998839 -0.048184 0.000000
vn 0.998839 -0.048184 0.000000
vn 0.998839 -0.048184 0.000000
vn -0.523599 0.851965 0.000000
vn -0.523599 0.851965 0.000000
vn -0.523599 0.851965 0.000000
vn -0.523599 0.851965 0.000000
vn -0.141137 0.989990 0.000000
vn -0.141137 0.989990 0.000000
vn -0.141137 0.989990 0.000000
vn -0.141137 0.989990 0.000000
vn 0.452694 0.891666 0.000000
vn 0.452694 0.891666 0.000000
vn 0.452694 0.891666 0.000000
vn 0.452694 0.891666 0.000000
vn 0.951236 0.308464 0.000000
vn 0.951236 0.308464 0.000000
vn 0.951236 0.308464 0.000000
vn 0.951236 0.308464 0.000000
vn -0.921869 0.387502 0.000000
vn -0.921869 0.387502 0.000000
vn -0.921869 0.387502 0.000000
vn -0.921869 0.387502 0.000000
vn -0.954223 -0.299095 0.000000
vn -0.954223 -0.299095 0.000000
vn -0.954223 -0.299095 0.000000
vn -0.954223 -0.299095 0.000000
vn -0.441717 -0.897154 0.000000
vn -0.441717 -0.897154 0.000000
vn -0.441717 -0.897154 0.000000
vn -0.441717 -0.897154 0.000000
vn 0.342059 -0.939678 0.000000
vn 0.342059 -0.939678 0.000000
vn 0.342059 -0.939678 0.000000
vn 0.342059 -0.939678 0.000000
vn 0.923041 -0.384703 0.000000
vn 0.923041 -0.384703 0.000000
vn 0.923041 -0.384703 0.000000
vn 0.923041 -0.384703 0.000000
vn 0.953921 0.300059 0.000000
vn 0.953921 0.300059 0.000000
vn 0.953921 0.300059 0.000000
vn 0.953921 0.300059 0.000000
vn 0.424058 0.905635 0.000000
vn 0.424058 0.905635 0.000000
vn 0.424058 0.905635 0.000000
vn 0.424058 0.905635 0.000000
vn -0.346817 0.937933 0.000000
vn -0.346817 0.937933 0.000000
vn -0.346817 0.937933 0.000000
vn -0.346817 0.937933 0.000000
vn 0.923351 -0.383957 0.000000
vn 0.923351 -0.383957 0.000000
vn 0.923351 -0.383957 0.000000
vn 0.698804 -0.715313 0.000000
vn -0.437267 -0.899332 0.000000
vn -0.611666 -0.791116 0.000000
vn -0.611666 -0.791116 0.000000
vn -0.611666 -0.791116 0.000000
vn 0.418883 -0.908040 0.000000
vn 0.998839 -0.048184 0.000000
vn 0.998839 -0.048184 0.000000
vn 0.998838 -0.048183 0.000000
vn 0.672202 -0.740367 0.000000
vn -0.048218 -0.998837 0.000000
vn -0.048218 -0.998837 0.000000
vn -0.048218 -0.998837 0.000000
vn -0.740368 -0.672202 0.000000
vn -0.998839 0.048183 0.000000
vn -0.998839 0.048183 0.000000
vn -0.998839 0.048182 0.000000
vn -0.672218 0.740353 0.000000
vn 0.048175 0.998839 0.000000
vn 0.048175 0.998839 0.000000
vn 0.048175 0.998839 0.000000
vn 0.740350 0.672221 0.000000
vn 0.998839 -0.048174 0.000000
vn 0.998839 -0.048174 0.000000
vn 0.998839 -0.048176 0.000000
vn 0.508946 0.860798 0.000000
vn -0.523601 0.851964 0.000000
vn -0.523601 0.851964 0.000000
vn -0.523601 0.851964 0.000000
vn -0.339459 0.940621 0.000000
vn -0.141139 0.989990 0.000000
vn -0.141139 0.989990 0.000000
vn -0.141138 0.989990 0.000000
vn 0.163353 0.986568 0.000000
vn 0.452697 0.891665 0.000000
vn 0.452697 0.891665 0.000000
vn 0.452696 0.891665 0.000000
vn 0.999190 -0.040239 0.000000
vn 0.760123 0.649780 0.000000
vn 0.951236 0.308465 0.000000
vn 0.951236 0.308465 0.000000
vn -0.921869 0.387503 0.000000
vn -0.651859 0.274006 0.707107
vn -0.651859 0.274006 0.707107
vn -0.921869 0.387503 0.000000
vn -0.954224 -0.299094 0.000000
vn -0.954224 -0.299094 0.000000
vn -0.674738 -0.211492 0.707107
vn -0.674738 -0.211492 0.707107
vn -0.441715 -0.897156 0.000000
vn -0.441715 -0.897156 0.000000
vn -0.312340 -0.634385 0.707107
vn -0.312340 -0.634385 0.707107
vn 0.342057 -0.939679 0.000000
vn 0.342057 -0.939679 0.000000
vn 0.241871 -0.664454 0.707107
vn 0.241871 -0.664454 0.707107
vn 0.923042 -0.384700 0.000000
vn 0.923042 -0.384700 0.000000
vn 0.652689 -0.272024 0.707107
vn 0.652689 -0.272024 0.707107
vn 0.953921 0.300056 0.000000
vn 0.953921 0.300056 0.000000
vn 0.674524 0.212172 0.707107
vn 0.674524 0.212172 0.707107
vn 0.424057 0.905635 0.000000
vn 0.424057 0.905635 0.000000
vn 0.299854 0.640381 0.707107
vn 0.299854 0.640381 0.707107
vn -0.346820 0.937932 0.000000
vn -0.245238 0.663218 0.707107
vn -0.245238 0.663218 0.707107
vn -0.346820 0.937932 0.000000
vn 0.244775 -0.969580 0.000000
vn 0.244775 -0.969580 0.000000
vn 0.244775 -0.969580 0.000000
vn 0.244775 -0.969580 0.000000
vn -0.290978 -0.956730 0.000000
vn -0.290978 -0.956730 0.000000
vn -0.290978 -0.956730 0.000000
vn -0.290978 -0.956730 0.000000
vn 0.741385 -0.671080 0.000000
vn 0.741385 -0.671080 0.000000
vn 0.741385 -0.671080 0.000000
vn 0.741385 -0.671080 0.000000
vn 0.244776 -0.969580 0.000000
vn 0.244776 -0.969580 0.000000
vn 0.244776 -0.969580 0.000000
vn 0.244776 -0.969580 0.000000
vn -0.922915 0.385003 0.000000
vn -0.922915 0.385003 0.000000
vn -0.922915 0.385003 0.000000
vn -0.922915 0.385003 0.000000
vn -0.023978 -0.999713 0.000000
vn -0.290977 -0.956730 0.000000
vn -0.290977 -0.956730 0.000000
vn -0.290977 -0.956730 0.000000
vn 0.336621 0.941640 0.000000
vn 0.336621 0.941640 0.000000
vn 0.336621 0.941640 0.000000
vn 0.336621 0.941640 0.000000
vn -0.551309 0.834301 0.000000
vn -0.551309 0.834301 0.000000
vn -0.551309 0.834301 0.000000
vn -0.551309 0.834301 0.000000
vn -0.982115 0.188282 0.000000
vn -0.982115 0.188282 0.000000
vn -0.982115 0.188282 0.000000
vn -0.982115 0.188282 0.000000
vn -0.999573 0.029233 0.000000
vn -0.999573 0.029233 0.000000
vn -0.999573 0.029233 0.000000
vn -0.999573 0.029233 0.000000
vn -0.998838 0.048185 0.000000
vn -0.998838 0.048185 0.000000
vn -0.998838 0.048185 0.000000
vn -0.998838 0.048185 0.000000
vn 0.048183 0.998839 0.000000
vn 0.048183 0.998839 0.000000
vn 0.048183 0.998839 0.000000
vn 0.048183 0.998839 0.000000
vn 0.998839 -0.048182 0.000000
vn 0.998839 -0.048182 0.000000
vn 0.998839 -0.048182 0.000000
vn 0.998839 -0.048182 0.000000
vn -0.048174 -0.998839 0.000000
vn -0.048174 -0.998839 0.000000
vn -0.048174 -0.998839 0.000000
vn -0.048174 -0.998839 0.000000
vn -0.998838 0.048189 0.000000
vn -0.998838 0.048189 0.000000
vn -0.998838 0.048189 0.000000
vn -0.998838 0.048189 0.000000
vn 0.741385 -0.671080 0.000000
vn 0.741384 -0.671081 0.000000
vn 0.741384 -0.671081 0.000000
vn 0.515173 -0.857086 0.000000
vn -0.904680 -0.426091 0.000000
vn -0.922914 0.385005 0.000000
vn -0.922914 0.385005 0.000000
vn -0.922914 0.385006 0.000000
vn -0.404220 0.914662 0.000000
vn 0.336624 0.941639 0.000000
vn 0.336624 0.941639 0.000000
vn 0.336624 0.941639 0.000000
vn -0.120011 0.992773 0.000000
vn -0.551308 0.834302 0.000000
vn -0.551308 0.834302 0.000000
vn -0.551308 0.834302 0.000000
vn -0.831975 0.554813 0.000000
vn -0.982115 0.188282 0.000000
vn -0.982115 0.188282 0.000000
vn -0.982115 0.188281 0.000000
vn -0.994030 0.109112 0.000000
vn -0.999572 0.029244 0.000000
vn -0.999572 0.029244 0.000000
vn -0.999572 0.029248 0.000000
vn -0.999250 0.038720 0.000000
vn -0.998838 0.048185 0.000000
vn -0.998838 0.048185 0.000000
vn -0.998838 0.048184 0.000000
vn 0.048183 0.998839 0.000000
vn -0.672215 0.740356 0.000000
vn 0.048183 0.998839 0.000000
vn 0.048183 0.998839 0.000000
vn 0.740356 0.672215 0.000000
vn 0.998839 -0.048183 0.000000
vn 0.998839 -0.048183 0.000000
vn 0.998839 -0.048182 0.000000
vn 0.672219 -0.740353 0.000000
vn -0.048174 -0.998839 0.000000
vn -0.048174 -0.998839 0.000000
vn -0.048174 -0.998839 0.000000
vn -0.740358 -0.672213 0.000000
vn -0.998838 0.048198 0.000000
vn -0.998838 0.048198 0.000000
vn -0.381982 -0.924170 0.000000
vn -0.048175 -0.998839 0.000000
vn -0.048175 -0.998839 0.000000
vn -0.048175 -0.998839 0.000000
vn -0.048175 -0.998839 0.000000
vn -0.998839 0.048180 0.000000
vn -0.998839 0.048180 0.000000
vn -0.998839 0.048180 0.000000
vn -0.998839 0.048180 0.000000
vn 0.998839 -0.048179 0.000000
vn 0.998839 -0.048179 0.000000
vn 0.998839 -0.048179 0.000000
vn 0.998839 -0.048179 0.000000
vn -0.048175 -0.998839 0.000000
vn -0.048175 -0.998839 0.000000
vn -0.048175 -0.998839 0.000000
vn -0.048175 -0.998839 0.000000
vn 0.048175 0.998839 0.000000
vn 0.048175 0.998839 0.000000
vn 0.048175 0.998839 0.000000
vn 0.048175 0.998839 0.000000
vn -0.740353 -0.672219 0.000000
vn -0.998839 0.048181 0.000000
vn -0.998839 0.048181 0.000000
vn -0.998839 0.048181 0.000000
vn 0.998839 -0.048184 0.000000
vn 0.998839 -0.048184 0.000000
vn 0.998839 -0.048184 0.000000
vn 0.998839 -0.048184 0.000000
vn -0.523599 0.851965 0.000000
vn -0.523599 0.851965 0.000000
vn -0.523599 0.851965 0.000000
vn -0.523599 0.851965 0.000000
vn -0.141137 0.989990 0.000000
vn -0.141137 0.989990 0.000000
vn -0.141137 0.989990 0.000000
vn -0.141137 0.989990 0.000000
vn 0.452696 0.891665 0.000000
vn 0.452696 0.891665 0.000000
vn 0.452696 0.891665 0.000000
vn 0.452696 0.891665 0.000000
vn 0.951236 0.308464 0.000000
vn 0.951236 0.308464 0.000000
vn 0.951236 0.308464 0.000000
vn 0.951236 0.308464 0.000000
vn 0.923351 -0.383957 0.000000
vn 0.923351 -0.383957 0.000000
vn 0.923351 -0.383957 0.000000
vn 0.923351 -0.383957 0.000000
vn -0.921868 0.387505 0.000000
vn -0.921868 0.387505 0.000000
vn -0.921868 0.387505 0.000000
vn -0.921868 0.387505 0.000000
vn -0.954227 -0.299082 0.000000
vn -0.954227 -0.299082 0.000000
vn -0.954227 -0.299082 0.000000
vn -0.954227 -0.299082 0.000000
vn -0.441716 -0.897155 0.000000
vn -0.441716 -0.897155 0.000000
vn -0.441716 -0.897155 0.000000
vn -0.441716 -0.897155 0.000000
vn 0.342106 -0.939661 0.000000
vn 0.342106 -0.939661 0.000000
vn 0.342106 -0.939661 0.000000
vn 0.342106 -0.939661 0.000000
vn 0.923033 -0.384720 0.000000
vn 0.923033 -0.384720 0.000000
vn 0.923033 -0.384720 0.000000
vn 0.923033 -0.384720 0.000000
vn 0.953922 0.300056 0.000000
vn 0.953922 0.300056 0.000000
vn 0.953922 0.300056 0.000000
vn 0.953922 0.300056 0.000000
vn 0.424056 0.905636 0.000000
vn 0.424056 0.905636 0.000000
vn 0.424056 0.905636 0.000000
vn 0.424056 0.905636 0.000000
vn -0.346775 0.937948 0.000000
vn -0.346775 0.937948 0.000000
vn -0.346775 0.937948 0.000000
vn -0.346775 0.937948 0.000000
vn 0.362295 -0.932063 0.000000
vn 0.362295 -0.932063 0.000000
vn 0.362295 -0.932063 0.000000
vn 0.362295 -0.932063 0.000000
vn -0.244388 -0.969678 0.000000
vn -0.244388 -0.969678 0.000000
vn -0.244388 -0.969678 0.000000
vn -0.244388 -0.969678 0.000000
vn -0.611701 -0.791089 0.000000
vn -0.611701 -0.791089 0.000000
vn -0.611701 -0.791089 0.000000
vn -0.611701 -0.791089 0.000000
vn 0.418862 -0.908050 0.000000
vn 0.998839 -0.048182 0.000000
vn 0.998839 -0.048182 0.000000
vn 0.672219 -0.740353 0.000000
vn -0.672219 0.740353 0.000000
vn 0.048175 0.998839 0.000000
vn 0.048175 0.998839 0.000000
vn 0.048175 0.998839 0.000000
vn 0.740350 0.672221 0.000000
vn 0.998839 -0.048174 0.000000
vn 0.998839 -0.048174 0.000000
vn 0.998839 -0.048176 0.000000
vn 0.508946 0.860798 0.000000
vn -0.523601 0.851964 0.000000
vn -0.523601 0.851964 0.000000
vn -0.523601 0.851964 0.000000
vn -0.339459 0.940621 0.000000
vn -0.141139 0.989990 0.000000
vn -0.141139 0.989990 0.000000
vn -0.141138 0.989990 0.000000
vn 0.163353 0.986568 0.000000
vn 0.452697 0.891665 0.000000
vn 0.452697 0.891665 0.000000
vn 0.452696 0.891665 0.000000
vn 0.951236 0.308465 0.000000
vn 0.760123 0.649780 0.000000
vn 0.951236 0.308465 0.000000
vn 0.951236 0.308465 0.000000
vn 0.999190 -0.040239 0.000000
vn 0.923351 -0.383957 0.000000
vn 0.923351 -0.383957 0.000000
vn 0.923351 -0.383957 0.000000
vn -0.921869 0.387503 0.000000
vn -0.651859 0.274006 0.707107
vn -0.651859 0.274006 0.707107
vn -0.921869 0.387503 0.000000
vn -0.954228 -0.299081 0.000000
vn -0.954228 -0.299081 0.000000
vn -0.674741 -0.211482 0.707107
vn -0.674741 -0.211482 0.707107
vn -0.441715 -0.897156 0.000000
vn -0.441715 -0.897156 0.000000
vn -0.312340 -0.634385 0.707107
vn -0.312340 -0.634385 0.707107
vn 0.342102 -0.939663 0.000000
vn 0.342102 -0.939663 0.000000
vn 0.241903 -0.664442 0.707107
vn 0.241903 -0.664442 0.707107
vn 0.923035 -0.384717 0.000000
vn 0.923035 -0.384717 0.000000
vn 0.652684 -0.272036 0.707107
vn 0.652684 -0.272036 0.707107
vn 0.953921 0.300056 0.000000
vn 0.953921 0.300056 0.000000
vn 0.674524 0.212172 0.707107
vn 0.674524 0.212172 0.707107
vn 0.424055 0.905637 0.000000
vn 0.424055 0.905637 0.000000
vn 0.299852 0.640382 0.707107
vn 0.299852 0.640382 0.707107
vn -0.346776 0.937948 0.000000
vn -0.245208 0.663229 0.707107
vn -0.245208 0.663229 0.707107
vn -0.346776 0.937948 0.000000
vn 0.698803 -0.715314 0.000000
vn 0.362294 -0.932064 0.000000
vn 0.362294 -0.932064 0.000000
vn 0.061880 -0.998084 0.000000
vn -0.036339 -0.713567 0.699643
vn -0.036339 -0.713568 0.699643
vn -0.036339 -0.713567 0.699643
vn -0.036339 -0.713567 0.699643
vn -0.036124 -0.712138 -0.701110
vn -0.036124 -0.712138 -0.701110
vn -0.036124 -0.712138 -0.701110
vn -0.036124 -0.712138 -0.701110
vn 0.008265 0.729401 -0.684037
vn 0.008265 0.729401 -0.684037
vn 0.008265 0.729401 -0.684037
vn 0.008265 0.729401 -0.684037
vn 0.008265 0.729400 0.684038
vn 0.008265 0.729400 0.684038
vn 0.008265 0.729400 0.684038
vn 0.008265 0.729400 0.684038
vn -0.002490 0.730629 -0.682770
vn -0.002490 0.730629 -0.682770
vn -0.002490 0.730629 -0.682770
vn -0.002490 0.730629 -0.682770
vn -0.563446 -0.101791 -0.819858
vn -0.563446 -0.101791 -0.819858
vn -0.563446 -0.101791 -0.819858
vn -0.563446 -0.101791 -0.819858
vn -0.563446 -0.101791 0.819858
vn -0.563446 -0.101791 0.819858
vn -0.563446 -0.101791 0.819858
vn -0.563446 -0.101791 0.819858
vn -0.002490 0.730629 0.682770
vn -0.002490 0.730629 0.682770
vn -0.002490 0.730629 0.682770
vn -0.002490 0.730629 0.682770
vn -0.010029 -0.999787 0.018026
vn -0.010029 -0.999787 0.018026
vn -0.010029 -0.999787 0.018026
vn -0.010029 -0.999787 0.018026
vn 0.016348 0.999865 -0.001505
vn 0.016348 0.999865 -0.001505
vn 0.016348 0.999865 -0.001505
vn 0.016348 0.999865 -0.001505
vn 0.010009 0.570907 0.820954
vn 0.010009 0.570906 0.820954
vn 0.010009 0.570907 0.820954
vn 0.010009 0.570907 0.820954
vn 0.164191 -0.695359 -0.699655
vn 0.164191 -0.695359 -0.699655
vn 0.164191 -0.695359 -0.699655
vn 0.167097 -0.696974 0.697357
vn 0.167097 -0.696974 0.697357
vn 0.167097 -0.696974 0.697357
vn -0.626048 -0.620614 0.472125
vn -0.626048 -0.620614 0.472125
vn -0.626048 -0.620614 0.472125
vn -0.626048 -0.620614 -0.472125
vn -0.626048 -0.620614 -0.472125
vn -0.626048 -0.620614 -0.472125
vn -0.843435 0.272233 0.463148
vn -0.843435 0.272233 0.463149
vn -0.843435 0.272233 0.463149
vn -0.843435 0.272233 -0.463148
vn -0.843435 0.272233 -0.463148
vn -0.843435 0.272233 -0.463148
vn 0.034065 0.706286 0.707107
vn 0.034065 0.706286 0.707107
vn -0.000000 0.000000 1.000000
vn -0.000000 0.000000 1.000000
vn -0.468966 -0.529218 0.707107
vn -0.468966 -0.529218 0.707107
vn -0.689695 -0.155949 0.707107
vn -0.670221 0.225396 0.707107
vn -0.454068 0.542054 0.707107
vn -0.092118 0.701081 0.707107
vn 0.034074 0.706285 0.707107
vn -0.000000 0.000000 1.000000
vn -0.000000 0.000000 1.000000
vn -0.705497 0.047683 0.707107
vn -0.705497 0.047683 0.707107
vn 0.034070 0.706286 0.707107
vn -0.635250 -0.310576 0.707107
vn -0.250951 -0.661078 0.707107
vn 0.234636 -0.667043 0.707107
vn -0.331050 -0.624825 0.707107
vn -0.439811 0.553684 0.707107
vn -0.108615 0.698715 0.707107
vn 0.286835 0.646317 0.707107
vn -0.000000 0.000000 1.000000
vn -0.000000 0.000000 1.000000
vn 0.034073 0.706285 0.707107
vn 0.034073 0.706285 0.707107
vn -0.000000 0.000000 1.000000
vn -0.000000 0.000000 1.000000
vn 0.034070 0.706286 0.707107
vn 0.034070 0.706286 0.707107
vn -0.000000 0.000000 1.000000
vn -0.000000 0.000000 1.000000
vn -0.000000 0.000000 1.000000
vn -0.000000 0.000000 1.000000
vn -0.000000 0.000000 1.000000
vn -0.000000 0.000000 1.000000
vn -0.000000 0.000000 1.000000
vn -0.000000 0.000000 1.000000
vn -0.000000 0.000000 1.000000
vn -0.226013 0.670013 0.707107
vn 0.137577 0.693594 0.707107
vn 0.408841 0.576931 0.707107
vn 0.625887 0.329037 0.707107
vn -0.034061 -0.706286 0.707107
vn -0.423216 -0.566470 0.707107
vn -0.143748 -0.692341 0.707107
vn 0.099759 -0.700034 0.707107
vn 0.456434 -0.540063 0.707107
vn 0.693700 -0.137040 0.707107
vn -0.371175 0.601855 0.707107
vn -0.088811 0.701507 0.707107
vn 0.308686 0.636171 0.707107
vn 0.672807 0.217557 0.707107
vn 0.646982 -0.285333 0.707107
vn 0.236645 -0.666333 0.707107
vn -0.424388 -0.565593 0.707107
vn -0.424388 -0.565593 0.707107
vn 0.706286 -0.034068 0.707107
vn -0.034068 -0.706286 0.707107
vn -0.706286 0.034069 0.707107
vn -0.672296 0.219131 0.707107
vn 0.034079 0.706285 0.707107
vn 0.706286 -0.034069 0.707107
vn -0.706286 0.034069 0.707107
vn -0.706286 0.034069 0.707107
vn 0.034070 0.706286 0.707107
vn 0.706286 -0.034069 0.707107
vn -0.706286 0.034069 0.707107
vn -0.706286 0.034069 0.707107
vn -0.034068 -0.706286 0.707107
vn 0.706286 -0.034070 0.707107
vn -0.034043 -0.706287 0.707107
vn -0.706286 0.034069 0.707107
vn 0.034043 0.706287 0.707107
vn 0.706286 -0.034069 0.707107
vn 0.034068 0.706286 0.707107
vn -0.706286 0.034069 0.707107
vn 0.705814 0.042738 0.707107
vn -0.698419 0.110503 0.707107
vn -0.698419 0.110503 0.707107
vn 0.034066 0.706286 0.707107
vn 0.341086 0.619403 0.707107
vn 0.497268 -0.502717 0.707107
vn -0.469268 -0.528950 0.707107
vn -0.236429 -0.666409 0.707107
vn 0.169678 -0.686447 0.707107
vn 0.602500 -0.370126 0.707107
vn 0.531288 0.466619 0.707107
vn 0.346380 0.616459 0.707107
vn 0.574619 0.412084 0.707107
vn 0.629778 -0.321527 0.707107
vn -0.193544 -0.680103 0.707107
vn -0.193544 -0.680103 0.707107
vn -0.481039 -0.518268 0.707107
vn -0.475317 0.523520 0.707107
vn 0.368098 0.603742 0.707107
vn -0.151655 0.690652 0.707107
vn -0.606296 0.363875 0.707107
vn -0.666928 -0.234962 0.707107
vn -0.400934 -0.582453 0.707107
vn -0.346363 -0.616468 0.707107
vn -0.444936 -0.549574 0.707107
vn -0.684611 -0.176941 0.707107
vn -0.632736 0.315667 0.707107
vn -0.194911 0.679713 0.707107
vn 0.706286 -0.034069 0.707107
vn -0.034078 -0.706285 0.707107
vn -0.034078 -0.706285 0.707107
vn -0.121626 -0.696568 0.707107
vn -0.488947 -0.510814 0.707107
vn -0.691689 -0.146854 0.707107
vn -0.669578 0.227300 0.707107
vn -0.378782 0.597096 0.707107
vn -0.639343 -0.302061 0.707107
vn 0.034067 0.706286 0.707107
vn 0.639777 0.301139 0.707107
vn 0.034242 0.706277 0.707107
vn -0.706286 0.034069 0.707107
vn 0.646106 -0.287309 0.707107
vn 0.235692 -0.666670 0.707107
vn 0.235692 -0.666670 0.707107
vn -0.290372 -0.644736 0.707107
vn -0.674120 -0.213454 0.707107
vn -0.705498 0.047668 0.707107
vn 0.034070 0.706286 0.707107
vn -0.635252 -0.310573 0.707107
vn -0.250950 -0.661078 0.707107
vn 0.234637 -0.667043 0.707107
vn -0.331049 -0.624825 0.707107
vn -0.439809 0.553686 0.707107
vn -0.108615 0.698715 0.707107
vn 0.286836 0.646317 0.707107
vn 0.625895 0.329023 0.707107
vn -0.034089 -0.706285 0.707107
vn -0.423218 -0.566468 0.707107
vn -0.143694 -0.692353 0.707107
vn 0.099759 -0.700034 0.707107
vn 0.456395 -0.540096 0.707107
vn 0.693704 -0.137022 0.707107
vn -0.371176 0.601854 0.707107
vn -0.088857 0.701502 0.707107
vn 0.308685 0.636171 0.707107
vn 0.672807 0.217555 0.707107
vn 0.646981 -0.285333 0.707107
vn 0.236646 -0.666332 0.707107
vn -0.424389 -0.565592 0.707107
vn -0.424389 -0.565592 0.707107
vn 0.706286 -0.034070 0.707107
vn -0.034067 -0.706286 0.707107
vn -0.706286 0.034069 0.707107
vn -0.672296 0.219130 0.707107
vn -0.226013 0.670014 0.707107
vn 0.137547 0.693600 0.707107
vn 0.408844 0.576929 0.707107
vn 0.652908 -0.271499 0.707107
vn 0.256181 -0.659068 0.707107
vn 0.256181 -0.659068 0.707107
vn -0.172851 -0.685655 0.707107
vn -0.432513 -0.559404 0.707107
vn 0.706286 -0.034070 0.707107
vn -0.034095 -0.706284 0.707107
vn -0.706286 0.034070 0.707107
vn 0.034065 0.706286 0.707107
vn 0.706286 -0.034066 0.707107
vn -0.370242 0.602429 0.707107
vn -0.099799 0.700029 0.707107
vn 0.320104 0.630502 0.707107
vn 0.034070 0.706286 0.707107
vn 0.706286 -0.034070 0.707107
vn -0.034064 -0.706286 0.707107
vn 0.524238 -0.474525 0.707107
vn 0.173083 -0.685596 0.707107
vn 0.173083 -0.685596 0.707107
vn -0.205751 -0.676510 0.707107
vn -0.652599 0.272241 0.707107
vn 0.238029 0.665839 0.707107
vn -0.389834 0.589940 0.707107
vn -0.694460 0.133134 0.707107
vn -0.706804 0.020684 0.707107
vn -0.706285 0.034071 0.707107
vn 0.672625 0.218117 0.707107
vn 0.652908 -0.271499 0.707107
vn -0.172809 -0.685665 0.707107
vn -0.432540 -0.559383 0.707107
vn -0.432540 -0.559383 0.707107
vn -0.034065 -0.706286 0.707107
vn -0.034065 -0.706286 0.707107
vn -0.706286 0.034069 0.707107
vn 0.034065 0.706286 0.707107
vn 0.706286 -0.034066 0.707107
vn -0.370242 0.602429 0.707107
vn -0.099799 0.700029 0.707107
vn 0.320104 0.630502 0.707107
vn 0.341086 0.619403 0.707107
vn 0.497266 -0.502719 0.707107
vn -0.469266 -0.528951 0.707107
vn -0.236430 -0.666409 0.707107
vn 0.169679 -0.686447 0.707107
vn 0.602493 -0.370138 0.707107
vn 0.531286 0.466621 0.707107
vn 0.346380 0.616459 0.707107
vn 0.574620 0.412083 0.707107
vn 0.629781 -0.321522 0.707107
vn -0.193543 -0.680104 0.707107
vn -0.193543 -0.680104 0.707107
vn -0.481040 -0.518267 0.707107
vn -0.475318 0.523520 0.707107
vn 0.368097 0.603742 0.707107
vn -0.151652 0.690653 0.707107
vn -0.606309 0.363854 0.707107
vn -0.666928 -0.234962 0.707107
vn -0.400932 -0.582455 0.707107
vn -0.346367 -0.616466 0.707107
vn -0.444916 -0.549591 0.707107
vn -0.684615 -0.176923 0.707107
vn -0.632732 0.315675 0.707107
vn -0.194935 0.679706 0.707107
vn 0.000000 0.000000 1.000000
vn 0.000000 0.000000 1.000000
vn 0.706286 -0.034069 0.707107
vn 0.706286 -0.034069 0.707107
vn 0.034062 0.706286 0.707107
vn 0.706286 -0.034069 0.707107
vn -0.706286 0.034069 0.707107
vn -0.706286 0.034069 0.707107
vn 0.034076 0.706285 0.707107
vn 0.000000 0.000000 1.000000
vn 0.000000 0.000000 1.000000
vn -0.034040 -0.706287 0.707107
vn -0.034040 -0.706287 0.707107
vn -0.706286 0.034069 0.707107
vn 0.353270 -0.612536 0.707107
vn 0.112123 -0.698161 0.707107
vn -0.299609 -0.640496 0.707107
vn -0.680812 -0.191036 0.707107
vn 0.000000 0.000000 1.000000
vn 0.000000 0.000000 1.000000
vn 0.646107 -0.287308 0.707107
vn 0.235675 -0.666677 0.707107
vn 0.235675 -0.666677 0.707107
vn -0.290372 -0.644736 0.707107
vn 0.000000 0.000000 1.000000
vn 0.000000 0.000000 1.000000
vn -0.034068 -0.706286 0.707107
vn -0.034068 -0.706286 0.707107
vn -0.096107 -0.700545 0.707107
vn -0.400410 -0.582814 0.707107
vn -0.678132 -0.200342 0.707107
vn -0.680154 0.193366 0.707107
vn 0.000000 0.000000 1.000000
vn 0.000000 0.000000 1.000000
vn -0.034065 -0.706286 0.707107
vn -0.034065 -0.706286 0.707107
vn 0.000000 0.000000 1.000000
vn 0.000000 0.000000 1.000000
vn 0.000000 0.000000 1.000000
vn 0.000000 0.000000 1.000000
vn -0.244045 0.663658 0.707107
vn 0.306516 0.637219 0.707107
vn 0.667846 0.232340 0.707107
vn 0.639689 -0.301327 0.707107
vn -0.306202 -0.637370 0.707107
vn -0.306202 -0.637370 0.707107
vn -0.666923 -0.234977 0.707107
vn -0.640959 0.298617 0.707107
vn -0.000000 0.000000 1.000000
vn 0.706935 0.015558 0.707107
vn 0.706935 0.015558 0.707107
vn 0.619430 0.341038 0.707107
vn 0.239917 0.665162 0.707107
vn -0.222577 0.671163 0.707107
vn -0.602438 0.370228 0.707107
vn -0.703452 0.071804 0.707107
vn -0.000000 0.000000 1.000000
vn 0.072113 -0.997396 0.000000
vn 0.072113 -0.997397 0.000000
vn 0.072113 -0.997397 0.000000
vn 0.072113 -0.997397 0.000000
vn 0.072113 -0.997397 0.000000
vn 0.072113 -0.997396 0.000000
vn 0.000483 -0.001749 -0.999998
vn 0.000483 -0.001749 -0.999998
vn 0.000483 -0.001749 -0.999998
vn 0.000483 -0.001749 -0.999998
vn 0.000483 -0.001749 -0.999998
vn 0.000483 -0.001749 -0.999998
vn 0.000483 -0.001749 0.999998
vn 0.000483 -0.001749 0.999998
vn 0.000483 -0.001749 0.999998
vn 0.000483 -0.001749 0.999998
vn 0.000483 -0.001749 0.999998
vn 0.000483 -0.001749 0.999998
vn -0.416266 0.909243 0.000000
vn -0.416266 0.909243 0.000000
vn -0.416266 0.909243 0.000000
vn -0.416266 0.909243 0.000000
vn -0.416266 0.909243 0.000000
vn -0.416266 0.909243 0.000000
vn -0.979346 -0.202193 0.000000
vn -0.979346 -0.202193 0.000000
vn -0.979346 -0.202193 0.000000
vn -0.979346 -0.202193 0.000000
vn -0.979346 -0.202193 0.000000
vn -0.979346 -0.202193 0.000000
vn -0.000001 0.000000 1.000000
vn -0.000001 0.000000 1.000000
vn -0.000001 0.000000 1.000000
vn -0.000001 0.000000 1.000000
vn -0.000001 0.000000 1.000000
vn -0.000001 0.000000 1.000000
vn -0.000001 0.000000 1.000000
vn -0.000001 0.000000 1.000000
vn -0.000001 0.000000 1.000000
vn -0.000001 0.000000 1.000000
vn -0.000001 0.000000 1.000000
vn -0.000001 0.000000 1.000000
vn -0.000001 0.000000 1.000000
vn -0.000001 0.000000 1.000000
vn -0.000001 0.000000 1.000000
vn -0.000001 0.000000 1.000000
vn -0.000001 0.000000 1.000000
vn -0.000001 0.000000 1.000000
vn -0.000001 0.000000 1.000000
vn -0.000001 0.000000 1.000000
vn -0.000001 0.000000 1.000000
vn -0.000001 0.000000 1.000000
vn -0.000001 0.000000 1.000000
vn -0.000001 0.000000 1.000000
vn -0.000002 0.000000 1.000000
vn -0.000002 0.000000 1.000000
vn -0.000002 0.000000 1.000000
vn -0.000002 0.000000 1.000000
vn -0.000002 0.000000 1.000000
vn -0.000002 0.000000 1.000000
vn -0.000002 0.000000 1.000000
vn -0.000002 0.000000 1.000000
vn -0.000002 0.000000 1.000000
vn -0.000002 0.000000 1.000000
vn -0.000002 0.000000 1.000000
vn -0.000002 0.000000 1.000000
vn -0.000002 0.000000 1.000000
vn -0.000002 0.000000 1.000000
vn -0.000002 0.000000 1.000000
vn -0.000002 0.000000 1.000000
vn -0.000002 0.000000 1.000000
vn -0.000002 0.000000 1.000000
vn -0.000002 0.000000 1.000000
vn -0.000002 0.000000 1.000000
vn -0.000002 0.000000 1.000000
vn -0.000002 0.000000 1.000000
vn -0.000002 0.000000 1.000000
vn -0.000002 0.000000 1.000000
vn 0.000001 0.000000 1.000000
vn 0.000001 0.000000 1.000000
vn 0.000001 0.000000 1.000000
vn 0.000001 0.000000 1.000000
vn 0.000001 0.000000 1.000000
vn 0.000001 0.000000 1.000000
vn 0.000001 0.000000 1.000000
vn 0.000001 0.000000 1.000000
vn 0.000001 0.000000 1.000000
vn 0.000001 0.000000 1.000000
vn 0.000001 0.000000 1.000000
vn 0.000001 0.000000 1.000000
vn 0.000001 0.000000 1.000000
vn 0.000001 0.000000 1.000000
vn 0.000001 0.000000 1.000000
vn 0.000001 0.000000 1.000000
vn 0.000001 0.000000 1.000000
vn 0.000001 0.000000 1.000000
vn 0.000001 0.000000 1.000000
vn 0.000001 0.000000 1.000000
vn 0.000001 0.000000 1.000000
vn 0.000001 0.000000 1.000000
vn 0.000001 0.000000 1.000000
vn 0.000001 0.000000 1.000000
vn 0.000001 0.000000 1.000000
vn 0.000001 0.000000 1.000000
vn 0.000001 0.000000 1.000000
vn 0.000001 0.000000 1.000000
vn 0.000001 0.000000 1.000000
vn 0.000001 0.000000 1.000000
vn 0.000001 0.000000 1.000000
vn 0.000001 0.000000 1.000000
vn 0.000001 0.000000 1.000000
vn 0.000001 0.000000 1.000000
vn 0.000001 0.000000 1.000000
vn 0.000001 0.000000 1.000000
vn 0.000001 0.000000 1.000000
vn 0.000001 0.000000 1.000000
vn 0.000001 0.000000 1.000000
vn 0.000001 0.000000 1.000000
vn 0.000001 0.000000 1.000000
vn 0.000001 0.000000 1.000000
vn 0.000001 0.000000 1.000000
vn 0.000001 0.000000 1.000000
vn 0.000001 0.000000 1.000000
vn 0.000001 0.000000 1.000000
vn 0.000001 0.000000 1.000000
vn 0.000001 0.000000 1.000000
vn 0.000001 0.000000 1.000000
vn 0.000001 0.000000 1.000000
vn 0.000001 0.000000 1.000000
vn 0.000001 0.000000 1.000000
vn 0.000001 0.000000 1.000000
vn 0.000001 0.000000 1.000000
vn 0.000001 0.000000 1.000000
vn 0.000001 0.000000 1.000000
vn 0.000001 0.000000 1.000000
vn 0.000001 0.000000 1.000000
vn 0.000001 0.000000 1.000000
vn 0.000001 0.000000 1.000000
vn -0.706288 0.034070 0.707105
vn -0.672212 0.740358 -0.000005
vn -0.998839 0.048181 -0.000007
vn -0.998839 0.048181 -0.000007
vn -0.706288 0.034070 0.707105
vn 0.034071 0.706315 0.707077
vn 0.048182 0.998839 -0.000083
vn 0.048182 0.998839 -0.000083
vn 0.740355 0.672216 -0.000059
vn 0.034071 0.706315 0.707077
vn 0.740355 0.672216 0.000006
vn 0.998839 -0.048182 0.000008
vn 0.998839 -0.048182 0.000008
vn 0.672232 -0.740341 0.000006
vn 0.706283 -0.034069 0.707110
vn -0.706286 0.034069 0.707107
vn -0.993658 -0.112444 0.000000
vn -0.998839 0.048181 0.000000
vn -0.998839 0.048181 0.000000
vn -0.672214 0.740357 0.000000
vn 0.740357 0.672214 0.000000
vn 0.998839 -0.048181 0.000000
vn 0.998839 -0.048181 0.000000
vn 0.999914 -0.013097 0.000000
vn 0.706286 -0.034069 0.707107
vn -0.706284 0.034069 0.707108
vn -0.997192 0.074890 0.000002
vn -0.998839 0.048181 0.000003
vn -0.998839 0.048181 0.000003
vn -0.672216 0.740355 0.000002
vn -0.674115 -0.213454 0.707111
vn -0.747076 -0.664738 0.000007
vn -0.953349 -0.301871 0.000013
vn -0.953349 -0.301871 0.000013
vn -0.992858 -0.119300 0.000007
vn 0.737222 0.675651 0.000030
vn 0.945853 0.324595 0.000054
vn 0.945853 0.324595 0.000054
vn 0.999036 -0.043903 0.000029
vn 0.668801 0.229517 0.707126
vn 0.740357 0.672213 0.000006
vn 0.998839 -0.048182 0.000008
vn 0.998839 -0.048182 0.000008
vn 0.672217 -0.740354 0.000006
vn 0.706283 -0.034070 0.707110
vn -0.502556 0.497431 0.707107
vn -0.863498 0.504352 0.000000
vn -0.710722 0.703473 0.000000
vn -0.710722 0.703473 0.000000
vn -0.999465 -0.032702 0.000000
vn -0.706286 0.034069 0.707107
vn -0.740353 -0.672219 0.000000
vn -0.998839 0.048182 0.000000
vn -0.998839 0.048182 0.000000
vn -0.672219 0.740353 0.000000
vn 0.740353 0.672219 0.000000
vn 0.998839 -0.048182 0.000000
vn 0.998839 -0.048182 0.000000
vn 0.672219 -0.740353 0.000000
vn 0.706286 -0.034069 0.707107
vn -0.556040 0.436828 0.707107
vn -0.034072 -0.706285 0.707107
vn 0.592866 0.385371 0.707107
vn 0.240719 0.664872 0.707107
vn -0.556040 0.436828 0.707107
vn -0.556021 0.436854 0.707107
vn -0.034073 -0.706285 0.707107
vn 0.592852 0.385391 0.707107
vn 0.240717 0.664872 0.707107
vn -0.556021 0.436854 0.707107
vn 0.999705 0.024273 -0.000249
vn 0.999705 0.024273 -0.000249
vn 0.999705 0.024273 -0.000249
vn 0.999705 0.024273 -0.000249
vn 0.999705 0.024273 -0.000249
vn -0.999085 0.042768 0.000622
vn -0.999085 0.042768 0.000622
vn -0.999085 0.042768 0.000622
vn -0.999085 0.042768 0.000622
vn -0.999085 0.042768 0.000622
vn 0.000000 0.000000 1.000000
vn 0.000000 0.000000 1.000000
vn 0.000000 0.000000 1.000000
vn 0.000000 0.000000 1.000000
vn 0.000000 0.000000 1.000000
vn 0.000000 0.000000 1.000000
vn 0.000000 0.000000 1.000000
vn 0.000000 0.000000 1.000000
vn 0.000000 0.000000 1.000000
vn 0.000000 0.000000 1.000000
vn 0.000000 0.000000 1.000000
vn 0.000000 0.000000 1.000000
vn 0.000000 0.000000 1.000000
vn 0.000000 0.000000 1.000000
vn 0.000000 0.000000 1.000000
vn 0.000000 0.000000 1.000000
vn 0.000000 0.000000 1.000000
vn 0.000000 0.000000 1.000000
vn 0.000000 0.000000 1.000000
vn 0.000000 0.000000 1.000000
vn 0.000000 0.000000 1.000000
vn 0.000000 0.000000 1.000000
vn 0.000000 0.000000 1.000000
vn 0.000000 0.000000 1.000000
vn 0.000000 0.000000 1.000000
vn 0.000000 0.000000 1.000000
vn 0.000000 0.000000 1.000000
vn 0.000000 0.000000 1.000000
vn 0.000000 0.000000 1.000000
vn 0.000000 0.000000 1.000000
vn -0.000000 0.000000 1.000000
vn -0.000000 0.000000 1.000000
vn -0.000000 0.000000 1.000000
vn -0.000000 0.000000 1.000000
vn -0.000000 0.000000 1.000000
vn -0.000000 0.000000 1.000000
vn -0.000000 0.000000 1.000000
vn -0.000000 0.000000 1.000000
vn -0.000000 0.000000 1.000000
vn -0.000000 0.000000 1.000000
vn -0.000000 0.000000 1.000000
vn -0.000000 0.000000 1.000000
vn -0.000000 0.000000 1.000000
vn -0.000000 0.000000 1.000000
vn -0.000000 0.000000 1.000000
vn -0.000000 0.000000 1.000000
vn -0.000000 0.000000 1.000000
vn -0.000000 0.000000 1.000000
vn -0.000000 0.000000 1.000000
vn 0.000000 0.000000 1.000000
vn 0.000000 0.000000 1.000000
vn 0.000000 0.000000 1.000000
vn 0.000000 0.000000 1.000000
vn 0.000000 0.000000 1.000000
vn 0.000000 0.000000 1.000000
vn 0.000000 0.000000 1.000000
vn 0.000000 0.000000 1.000000
vn 0.000000 0.000000 1.000000
vn 0.000000 0.000000 1.000000
vn 0.000000 0.000000 1.000000
vn 0.000000 0.000000 1.000000
vn 0.000000 0.000000 1.000000
vn 0.000000 0.000000 1.000000
vn 0.000000 0.000000 1.000000
vn 0.000000 0.000000 1.000000
vn 0.000000 0.000000 1.000000
vn 0.000000 0.000000 1.000000
vn 0.000000 0.000000 1.000000
vn 0.000000 0.000000 1.000000
vn 0.000000 0.000000 1.000000
vn 0.000000 0.000000 1.000000
vn 0.000000 0.000000 1.000000
vn 0.000000 0.000000 1.000000
vn 0.000000 0.000000 1.000000
vn 0.000000 0.000000 1.000000
vn 0.000000 0.000000 1.000000
vn 0.000000 0.000000 1.000000
vn 0.000000 0.000000 1.000000
vn 0.000000 0.000000 1.000000
vn 0.000000 0.000000 1.000000
vn 0.000000 0.000000 1.000000
vn 0.000000 0.000000 1.000000
vn 0.000000 0.000000 1.000000
vn 0.000000 0.000000 1.000000
vn 0.000000 0.000000 1.000000
vn 0.000000 0.000000 1.000000
vn 0.000000 0.000000 1.000000
vn 0.000000 0.000000 1.000000
vn 0.000000 0.000000 1.000000
vn 0.000000 0.000000 1.000000
vn 0.000000 0.000000 1.000000
vn 0.000000 0.000000 1.000000
vn 0.000000 0.000000 1.000000
vn 0.000000 0.000000 1.000000
vn 0.000000 0.000000 1.000000
vn 0.000001 0.000000 1.000000
vn 0.000001 0.000000 1.000000
vn 0.000001 0.000000 1.000000
vn 0.000001 0.000000 1.000000
vn 0.000001 0.000000 1.000000
vn 0.000001 0.000000 1.000000
vn 0.000001 0.000000 1.000000
vn 0.000001 0.000000 1.000000
vn 0.000001 0.000000 1.000000
vn 0.000001 0.000000 1.000000
vn 0.000001 0.000000 1.000000
vn 0.000001 0.000000 1.000000
vn 0.000001 0.000000 1.000000
vn 0.000001 0.000000 1.000000
vn 0.000001 0.000000 1.000000
vn 0.000001 0.000000 1.000000
vn 0.000001 0.000000 1.000000
vn 0.000001 0.000000 1.000000
vn 0.000001 0.000000 1.000000
vn 0.000001 0.000000 1.000000
vn 0.000001 0.000000 1.000000
vn 0.000001 0.000000 1.000000
vn 0.000001 0.000000 1.000000
vn 0.000001 0.000000 1.000000
vn 0.000001 0.000000 1.000000
vn 0.000001 0.000000 1.000000
vn 0.000001 0.000000 1.000000
vn 0.000001 0.000000 1.000000
vn 0.000001 0.000000 1.000000
vn 0.000001 0.000000 1.000000
vn 0.000001 0.000000 1.000000
vn 0.000001 0.000000 1.000000
vn 0.000001 0.000000 1.000000
vn 0.000001 0.000000 1.000000
vn 0.000001 0.000000 1.000000
vn 0.000001 0.000000 1.000000
vn 0.000001 0.000000 1.000000
vn 0.000001 0.000000 1.000000
vn 0.000001 0.000000 1.000000
vn 0.000001 0.000000 1.000000
vn 0.000001 0.000000 1.000000
vn 0.000001 0.000000 1.000000
vn 0.000000 0.000000 1.000000
vn 0.000000 0.000000 1.000000
vn 0.000000 0.000000 1.000000
vn 0.000000 0.000000 1.000000
vn 0.000000 0.000000 1.000000
vn 0.000000 0.000000 1.000000
vn 0.000000 0.000000 1.000000
vn 0.000000 0.000000 1.000000
vn 0.000000 0.000000 1.000000
vn 0.000000 0.000000 1.000000
vn 0.000000 0.000000 1.000000
vn 0.000000 0.000000 1.000000
vn 0.000000 0.000000 1.000000
vn 0.000000 0.000000 1.000000
vn 0.000000 0.000000 1.000000
vn 0.000000 0.000000 1.000000
vn 0.000000 0.000000 1.000000
vn 0.000000 0.000000 1.000000
vn 0.000000 0.000000 1.000000
vn 0.000000 0.000000 1.000000
vn 0.000000 0.000000 1.000000
vn -0.000001 0.000000 1.000000
vn -0.000001 0.000000 1.000000
vn -0.000001 0.000000 1.000000
vn -0.000001 0.000000 1.000000
vn -0.000001 0.000000 1.000000
vn -0.000001 0.000000 1.000000
vn -0.000001 0.000000 1.000000
vn -0.000001 0.000000 1.000000
vn -0.000001 0.000000 1.000000
vn -0.000001 0.000000 1.000000
vn -0.000001 0.000000 1.000000
vn -0.000001 0.000000 1.000000
vn -0.000001 0.000000 1.000000
vn -0.706286 0.034069 0.707107
vn -0.033980 -0.706290 0.707107
vn 0.096398 -0.700505 0.707107
vn 0.623598 -0.333356 0.707107
vn 0.652650 0.272117 0.707107
vn 0.193075 0.680237 0.707107
vn -0.706286 0.034069 0.707107
vn -0.706286 0.034070 0.707107
vn -0.034021 -0.706288 0.707107
vn 0.159297 -0.688930 0.707107
vn 0.636780 -0.307426 0.707107
vn 0.662156 0.248091 0.707107
vn 0.224590 0.670492 0.707107
vn -0.706286 0.034070 0.707107
s off
g polySurface1
usemtl standardSurface2SG
f 2074/3622/7533 2075/3623/7534 2076/3624/7535 2077/3625/7536 2078/3626/7537 2079/3627/7538 2080/3628/7539 2081/3629/7540
usemtl standardSurface6SG
f 2657/4560/7541 2658/4561/7542 2659/4562/7543 2660/4563/7544 2661/4564/7545 2662/4565/7546 2663/4566/7547 2664/4567/7548
f 2673/4618/7549 2674/4619/7550 2675/4620/7551 2676/4621/7552 2677/4622/7553 2678/4623/7554 2679/4624/7555 2680/4625/7556
usemtl standardSurface2SG
f 3095/5728/7557 3097/5729/7558 3098/5730/7559 3099/5731/7560 3100/5732/7561 3101/5733/7562 3102/5734/7563 3096/5735/7564
f 3019/5736/7565 3021/5737/7566 3022/5738/7567 3023/5739/7568 3024/5740/7569 3025/5741/7570 3026/5742/7571 3020/5743/7572
f 2649/5744/7573 2651/5745/7574 2652/5746/7575 2653/5747/7576 2654/5748/7577 2655/5749/7578 2656/5750/7579 2650/5751/7580
f 2581/5752/7581 2583/5753/7582 2584/5754/7583 2585/5755/7584 2586/5756/7585 2587/5757/7586 2588/5758/7587 2582/5759/7588
f 2926/5760/7589 2928/5761/7590 2929/5762/7591 2930/5763/7592 2931/5764/7593 2932/5765/7594 2933/5766/7595 2927/5767/7596
f 2074/3622/7597 2081/3629/7598 2082/3630/7599 2083/3631/7600
f 2075/3633/7601 2084/3634/7602 2085/3635/7603 2076/3636/7604
f 2077/3637/7605 2087/3638/7606 2086/3639/7607 2078/3640/7608
f 2079/3642/7609 2088/3641/7610 2089/3643/7611 2080/3644/7612
f 2081/3629/7613 2306/3861/7614 2307/3862/7615 2082/3630/7616
f 2082/3630/7617 2308/3863/7618 2309/3864/7619 2083/3631/7620
f 2084/3634/7621 2310/3865/7622 2311/3866/7623 2085/3635/7624
f 2086/3867/7625 2087/3868/7626 2312/3869/7627 2313/3870/7628
f 2088/3871/7629 2314/3872/7630 2315/3873/7631 2089/3874/7632
f 2083/3631/7633 2309/3864/7634 2350/3909/7635 2091/3645/7636
f 2082/3630/7637 2307/3862/7638 2358/3917/7639 2308/3863/7640
usemtl standardSurface6SG
f 2206/5726/7641 3094/5696/7642 3077/5698/7643 2207/5727/7644
usemtl standardSurface2SG
f 2312/3869/7645 2365/3929/7646 2314/3872/7647 2313/3870/7648
f 2314/3872/7649 2365/3929/7650 2366/3930/7651 2315/3873/7652
f 2090/3860/7653 2306/3861/7654 2367/3931/7655 2368/3932/7656
f 2091/3645/7657 2350/3909/7658 2358/3917/7659 2307/3862/7660
usemtl standardSurface3SG
f 2362/3922/7661 2379/3943/7662 2378/3944/7663 2363/3923/7664
usemtl standardSurface2SG
f 2315/3873/7665 2366/3930/7666 2368/3932/7667 2367/3931/7668
usemtl standardSurface6SG
f 2205/5725/7669 3093/5692/7670 3094/5696/7671 2206/5726/7672
usemtl standardSurface5SG
f 2350/3909/7673 2369/3933/7674 2384/3949/7675 2382/3947/7676
usemtl standardSurface4SG
f 2360/3919/7677 2371/3935/7678 2384/3949/7679 2369/3933/7680
f 2359/3918/7681 2385/3950/7682 2384/3949/7683 2371/3935/7684
usemtl standardSurface3SG
f 2372/3937/7685 2387/3951/7686 2386/3952/7687 2373/3938/7688
f 2376/3941/7689 2389/3953/7690 2388/3954/7691 2377/3942/7692
f 2362/3922/7693 2377/3942/7694 2388/3954/7695 2379/3943/7696
f 2378/3944/7697 2379/3943/7698 2390/3955/7699 2391/3956/7700
f 2363/3923/7701 2378/3944/7702 2387/3951/7703 2372/3937/7704
f 2380/3945/7705 2393/3957/7706 2392/3958/7707 2381/3946/7708
usemtl standardSurface5SG
f 2382/3947/7709 2384/3949/7710 2385/3950/7711 2394/3959/7712
f 2370/3934/7713 2383/3948/7714 2394/3959/7715 2385/3950/7716
usemtl standardSurface3SG
f 2386/3952/7717 2387/3951/7718 2395/3960/7719 2396/3961/7720
f 2373/3938/7721 2386/3952/7722 2393/3957/7723 2380/3945/7724
f 2376/3941/7725 2381/3946/7726 2392/3958/7727 2389/3953/7728
f 2388/3954/7729 2389/3953/7730 2397/3962/7731 2398/3963/7732
f 2379/3943/7733 2388/3954/7734 2398/3963/7735 2390/3955/7736
f 2378/3944/7737 2391/3956/7738 2395/3960/7739 2387/3951/7740
f 2390/3955/7741 2399/3964/7742 2400/3965/7743 2391/3956/7744
f 2392/3958/7745 2393/3957/7746 2401/3966/7747 2402/3967/7748
f 2386/3952/7749 2396/3961/7750 2401/3966/7751 2393/3957/7752
f 2395/3960/7753 2403/3968/7754 2404/3969/7755 2396/3961/7756
f 2389/3953/7757 2392/3958/7758 2402/3967/7759 2397/3962/7760
f 2397/3962/7761 2405/3970/7762 2406/3971/7763 2398/3963/7764
f 2390/3955/7765 2398/3963/7766 2406/3971/7767 2399/3964/7768
f 2391/3956/7769 2400/3965/7770 2403/3968/7771 2395/3960/7772
f 2399/3964/7773 2407/3972/7774 2408/3973/7775 2400/3965/7776
f 2401/3966/7777 2409/3974/7778 2410/3975/7779 2402/3967/7780
f 2396/3961/7781 2404/3969/7782 2409/3974/7783 2401/3966/7784
f 2403/3968/7785 2411/3976/7786 2412/3977/7787 2404/3969/7788
f 2397/3962/7789 2402/3967/7790 2410/3975/7791 2405/3970/7792
f 2405/3970/7793 2413/3978/7794 2414/3979/7795 2406/3971/7796
f 2399/3964/7797 2406/3971/7798 2414/3979/7799 2407/3972/7800
f 2400/3965/7801 2408/3973/7802 2411/3976/7803 2403/3968/7804
f 2407/3972/7805 2415/3980/7806 2416/3981/7807 2408/3973/7808
f 2409/3974/7809 2417/3982/7810 2418/3983/7811 2410/3975/7812
f 2404/3969/7813 2412/3977/7814 2417/3982/7815 2409/3974/7816
f 2411/3976/7817 2419/3984/7818 2420/3985/7819 2412/3977/7820
f 2405/3970/7821 2410/3975/7822 2418/3983/7823 2413/3978/7824
f 2413/3978/7825 2421/3986/7826 2422/3987/7827 2414/3979/7828
f 2407/3972/7829 2414/3979/7830 2422/3987/7831 2415/3980/7832
f 2408/3973/7833 2416/3981/7834 2419/3984/7835 2411/3976/7836
f 2417/3982/7837 2424/3989/7838 2423/3988/7839 2418/3983/7840
f 2412/3977/7841 2420/3985/7842 2424/3989/7843 2417/3982/7844
f 2416/3981/7845 2424/3989/7846 2420/3985/7847 2419/3984/7848
f 2413/3978/7849 2418/3983/7850 2423/3988/7851 2421/3986/7852
usemtl standardSurface6SG
f 2425/4014/7853 2449/4015/7854 2450/4016/7855 2426/4017/7856
f 2425/4014/7857 2448/4018/7858 2451/4019/7859 2449/4015/7860
f 2447/4020/7861 2452/4021/7862 2451/4022/7863 2448/4023/7864
f 2446/4024/7865 2453/4025/7866 2452/4021/7867 2447/4020/7868
f 2445/4026/7869 2454/4027/7870 2453/4025/7871 2446/4024/7872
f 2444/4028/7873 2455/4029/7874 2454/4030/7875 2445/4031/7876
f 2443/4032/7877 2456/4033/7878 2455/4029/7879 2444/4028/7880
f 2442/4034/7881 2457/4035/7882 2456/4033/7883 2443/4032/7884
f 2441/4036/7885 2458/4037/7886 2457/4038/7887 2442/4039/7888
f 2440/4040/7889 2459/4041/7890 2458/4042/7891 2441/4043/7892
f 2439/4044/7893 2460/4045/7894 2459/4041/7895 2440/4040/7896
f 2438/4046/7897 2461/4047/7898 2460/4045/7899 2439/4044/7900
f 2437/4048/7901 2462/4049/7902 2461/4050/7903 2438/4051/7904
f 2436/4052/7905 2463/4053/7906 2462/4049/7907 2437/4048/7908
f 2435/4054/7909 2464/4055/7910 2463/4056/7911 2436/4057/7912
f 2434/4058/7913 2465/4059/7914 2464/4055/7915 2435/4054/7916
f 2433/4060/7917 2466/4061/7918 2465/4059/7919 2434/4058/7920
f 2432/4062/7921 2467/4063/7922 2466/4061/7923 2433/4060/7924
f 2431/4064/7925 2468/4065/7926 2467/4066/7927 2432/4067/7928
f 2430/4068/7929 2469/4069/7930 2468/4065/7931 2431/4064/7932
f 2429/4070/7933 2470/4071/7934 2469/4072/7935 2430/4073/7936
f 2428/4074/7937 2471/4075/7938 2470/4076/7939 2429/4077/7940
f 2427/4078/7941 2472/4079/7942 2471/4075/7943 2428/4074/7944
f 2426/4017/7945 2450/4016/7946 2472/4080/7947 2427/4081/7948
f 2138/4082/7949 2450/4016/7950 2449/4015/7951 2139/4083/7952
f 2139/4083/7953 2449/4015/7954 2451/4019/7955 2140/4084/7956
f 2140/4085/7957 2451/4022/7958 2452/4021/7959 2141/4086/7960
f 2141/4086/7961 2452/4021/7962 2453/4025/7963 2142/4087/7964
f 2142/4087/7965 2453/4025/7966 2454/4027/7967 2143/4088/7968
f 2143/4089/7969 2454/4030/7970 2455/4029/7971 2144/4090/7972
f 2144/4090/7973 2455/4029/7974 2456/4033/7975 2145/4091/7976
f 2145/4091/7977 2456/4033/7978 2457/4035/7979 2146/4092/7980
f 2146/4093/7981 2457/4038/7982 2458/4037/7983 2147/4094/7984
f 2147/4095/7985 2458/4042/7986 2459/4041/7987 2148/4096/7988
f 2148/4096/7989 2459/4041/7990 2460/4045/7991 2149/4097/7992
f 2149/4097/7993 2460/4045/7994 2461/4047/7995 2150/4098/7996
f 2150/4099/7997 2461/4050/7998 2462/4049/7999 2263/4100/8000
f 2128/4101/8001 2263/4100/8002 2462/4049/8003 2463/4053/8004
f 2128/4102/8005 2463/4056/8006 2464/4055/8007 2129/4103/8008
f 2129/4103/8009 2464/4055/8010 2465/4059/8011 2130/4104/8012
f 2130/4104/8013 2465/4059/8014 2466/4061/8015 2131/4105/8016
f 2131/4105/8017 2466/4061/8018 2467/4063/8019 2132/4106/8020
f 2132/4107/8021 2467/4066/8022 2468/4065/8023 2133/4108/8024
f 2133/4108/8025 2468/4065/8026 2469/4069/8027 2134/4109/8028
f 2134/4110/8029 2469/4072/8030 2470/4071/8031 2135/4111/8032
f 2135/4112/8033 2470/4076/8034 2471/4075/8035 2136/4113/8036
f 2136/4113/8037 2471/4075/8038 2472/4079/8039 2137/4114/8040
f 2137/4115/8041 2472/4080/8042 2450/4016/8043 2138/4082/8044
f 2473/4140/8045 2497/4141/8046 2498/4142/8047 2474/4143/8048
f 2473/4140/8049 2496/4144/8050 2499/4145/8051 2497/4141/8052
f 2495/4146/8053 2500/4147/8054 2499/4148/8055 2496/4149/8056
f 2494/4150/8057 2501/4151/8058 2500/4147/8059 2495/4146/8060
f 2493/4152/8061 2502/4153/8062 2501/4151/8063 2494/4150/8064
f 2492/4154/8065 2503/4155/8066 2502/4156/8067 2493/4157/8068
f 2491/4158/8069 2504/4159/8070 2503/4155/8071 2492/4154/8072
f 2490/4160/8073 2505/4161/8074 2504/4159/8075 2491/4158/8076
f 2489/4162/8077 2506/4163/8078 2505/4164/8079 2490/4165/8080
f 2488/4166/8081 2507/4167/8082 2506/4168/8083 2489/4169/8084
f 2487/4170/8085 2508/4171/8086 2507/4167/8087 2488/4166/8088
f 2486/4172/8089 2509/4173/8090 2508/4171/8091 2487/4170/8092
f 2485/4174/8093 2510/4175/8094 2509/4176/8095 2486/4177/8096
f 2484/4178/8097 2511/4179/8098 2510/4175/8099 2485/4174/8100
f 2483/4180/8101 2512/4181/8102 2511/4182/8103 2484/4183/8104
f 2482/4184/8105 2513/4185/8106 2512/4181/8107 2483/4180/8108
f 2481/4186/8109 2514/4187/8110 2513/4185/8111 2482/4184/8112
f 2480/4188/8113 2515/4189/8114 2514/4187/8115 2481/4186/8116
f 2479/4190/8117 2516/4191/8118 2515/4192/8119 2480/4193/8120
f 2478/4194/8121 2517/4195/8122 2516/4191/8123 2479/4190/8124
f 2477/4196/8125 2518/4197/8126 2517/4198/8127 2478/4199/8128
f 2476/4200/8129 2519/4201/8130 2518/4202/8131 2477/4203/8132
f 2475/4204/8133 2520/4205/8134 2519/4201/8135 2476/4200/8136
f 2474/4143/8137 2498/4142/8138 2520/4206/8139 2475/4207/8140
f 2221/4208/8141 2498/4142/8142 2497/4141/8143 2222/4209/8144
f 2222/4209/8145 2497/4141/8146 2499/4145/8147 2223/4210/8148
f 2223/4211/8149 2499/4148/8150 2500/4147/8151 2224/4212/8152
f 2224/4212/8153 2500/4147/8154 2501/4151/8155 2225/4213/8156
f 2225/4213/8157 2501/4151/8158 2502/4153/8159 2226/4214/8160
f 2226/4215/8161 2502/4156/8162 2503/4155/8163 2227/4216/8164
f 2227/4216/8165 2503/4155/8166 2504/4159/8167 2228/4217/8168
f 2228/4217/8169 2504/4159/8170 2505/4161/8171 2229/4218/8172
f 2229/4219/8173 2505/4164/8174 2506/4163/8175 2230/4220/8176
f 2230/4221/8177 2506/4168/8178 2507/4167/8179 2231/4222/8180
f 2231/4222/8181 2507/4167/8182 2508/4171/8183 2232/4223/8184
f 2232/4223/8185 2508/4171/8186 2509/4173/8187 2233/4224/8188
f 2233/4225/8189 2509/4176/8190 2510/4175/8191 2234/4226/8192
f 2211/4227/8193 2234/4226/8194 2510/4175/8195 2511/4179/8196
f 2211/4228/8197 2511/4182/8198 2512/4181/8199 2212/4229/8200
f 2212/4229/8201 2512/4181/8202 2513/4185/8203 2213/4230/8204
f 2213/4230/8205 2513/4185/8206 2514/4187/8207 2214/4231/8208
f 2214/4231/8209 2514/4187/8210 2515/4189/8211 2215/4232/8212
f 2215/4233/8213 2515/4192/8214 2516/4191/8215 2216/4234/8216
f 2216/4234/8217 2516/4191/8218 2517/4195/8219 2217/4235/8220
f 2217/4236/8221 2517/4198/8222 2518/4197/8223 2218/4237/8224
f 2218/4238/8225 2518/4202/8226 2519/4201/8227 2219/4239/8228
f 2219/4239/8229 2519/4201/8230 2520/4205/8231 2220/4240/8232
f 2220/4241/8233 2520/4206/8234 2498/4142/8235 2221/4208/8236
f 2521/4272/8237 2550/4273/8238 2551/4274/8239 2552/4275/8240
f 2549/4276/8241 2553/4277/8242 2551/4278/8243 2550/4279/8244
f 2548/4280/8245 2554/4281/8246 2553/4282/8247 2549/4283/8248
f 2547/4284/8249 2555/4285/8250 2554/4286/8251 2548/4287/8252
f 2546/4288/8253 2556/4289/8254 2555/4285/8255 2547/4284/8256
f 2545/4290/8257 2557/4291/8258 2556/4292/8259 2546/4293/8260
f 2544/4294/8261 2558/4295/8262 2557/4291/8263 2545/4290/8264
f 2543/4296/8265 2559/4297/8266 2558/4295/8267 2544/4294/8268
f 2542/4298/8269 2560/4299/8270 2559/4297/8271 2543/4296/8272
f 2541/4300/8273 2561/4301/8274 2560/4302/8275 2542/4303/8276
f 2540/4304/8277 2562/4305/8278 2561/4301/8279 2541/4300/8280
f 2539/4306/8281 2563/4307/8282 2562/4305/8283 2540/4304/8284
f 2538/4308/8285 2564/4309/8286 2563/4307/8287 2539/4306/8288
f 2537/4310/8289 2565/4311/8290 2564/4312/8291 2538/4313/8292
f 2536/4314/8293 2566/4315/8294 2565/4311/8295 2537/4310/8296
f 2535/4316/8297 2567/4317/8298 2566/4318/8299 2536/4319/8300
f 2534/4320/8301 2568/4321/8302 2567/4317/8303 2535/4316/8304
f 2533/4322/8305 2569/4323/8306 2568/4321/8307 2534/4320/8308
f 2532/4324/8309 2570/4325/8310 2569/4326/8311 2533/4327/8312
f 2531/4328/8313 2571/4329/8314 2570/4325/8315 2532/4324/8316
f 2530/4330/8317 2572/4331/8318 2571/4332/8319 2531/4333/8320
f 2521/4272/8321 2552/4275/8322 2572/4331/8323 2530/4330/8324
f 2522/4334/8325 2529/4335/8326 2573/4336/8327 2574/4337/8328
f 2528/4338/8329 2575/4339/8330 2573/4336/8331 2529/4335/8332
f 2527/4340/8333 2576/4341/8334 2575/4342/8335 2528/4343/8336
f 2526/4344/8337 2577/4345/8338 2576/4341/8339 2527/4340/8340
f 2525/4346/8341 2578/4347/8342 2577/4348/8343 2526/4349/8344
f 2524/4350/8345 2579/4351/8346 2578/4347/8347 2525/4346/8348
f 2523/4352/8349 2580/4353/8350 2579/4354/8351 2524/4355/8352
f 2522/4356/8353 2574/4357/8354 2580/4353/8355 2523/4352/8356
f 2107/4358/8357 2552/4275/8358 2551/4274/8359 2108/4359/8360
f 2108/4360/8361 2551/4278/8362 2553/4277/8363 2109/4361/8364
f 2109/4362/8365 2553/4282/8366 2554/4281/8367 2110/4363/8368
f 2110/4364/8369 2554/4286/8370 2555/4285/8371 2111/4365/8372
f 2111/4365/8373 2555/4285/8374 2556/4289/8375 2268/4366/8376
f 2268/4367/8377 2556/4292/8378 2557/4291/8379 2269/4368/8380
f 2269/4368/8381 2557/4291/8382 2558/4295/8383 2270/4369/8384
f 2270/4369/8385 2558/4295/8386 2559/4297/8387 2271/4370/8388
f 2094/4371/8389 2271/4370/8390 2559/4297/8391 2560/4299/8392
f 2094/4372/8393 2560/4302/8394 2561/4301/8395 2095/4373/8396
f 2095/4373/8397 2561/4301/8398 2562/4305/8399 2096/4374/8400
f 2096/4374/8401 2562/4305/8402 2563/4307/8403 2097/4375/8404
f 2097/4375/8405 2563/4307/8406 2564/4309/8407 2098/4376/8408
f 2098/4377/8409 2564/4312/8410 2565/4311/8411 2099/4378/8412
f 2099/4378/8413 2565/4311/8414 2566/4315/8415 2100/4379/8416
f 2100/4380/8417 2566/4318/8418 2567/4317/8419 2101/4381/8420
f 2101/4381/8421 2567/4317/8422 2568/4321/8423 2102/4382/8424
f 2102/4382/8425 2568/4321/8426 2569/4323/8427 2103/4383/8428
f 2103/4384/8429 2569/4326/8430 2570/4325/8431 2104/4385/8432
f 2104/4385/8433 2570/4325/8434 2571/4329/8435 2105/4386/8436
f 2105/4387/8437 2571/4332/8438 2572/4331/8439 2106/4388/8440
f 2106/4388/8441 2572/4331/8442 2552/4275/8443 2107/4358/8444
f 2573/4336/8445 2581/4389/8446 2582/4390/8447 2574/4337/8448
f 2573/4336/8449 2575/4339/8450 2583/4391/8451 2581/4389/8452
f 2575/4342/8453 2576/4341/8454 2584/4392/8455 2583/4393/8456
f 2576/4341/8457 2577/4345/8458 2585/4394/8459 2584/4392/8460
f 2577/4348/8461 2578/4347/8462 2586/4395/8463 2585/4396/8464
f 2578/4347/8465 2579/4351/8466 2587/4397/8467 2586/4395/8468
f 2579/4354/8469 2580/4353/8470 2588/4398/8471 2587/4399/8472
f 2574/4357/8473 2582/4400/8474 2588/4398/8475 2580/4353/8476
f 2589/4431/8477 2618/4432/8478 2619/4433/8479 2620/4434/8480
f 2617/4435/8481 2621/4436/8482 2619/4437/8483 2618/4438/8484
f 2616/4439/8485 2622/4440/8486 2621/4441/8487 2617/4442/8488
f 2615/4443/8489 2623/4444/8490 2622/4445/8491 2616/4446/8492
f 2614/4447/8493 2624/4448/8494 2623/4444/8495 2615/4443/8496
f 2613/4449/8497 2625/4450/8498 2624/4451/8499 2614/4452/8500
f 2612/4453/8501 2626/4454/8502 2625/4450/8503 2613/4449/8504
f 2611/4455/8505 2627/4456/8506 2626/4454/8507 2612/4453/8508
f 2610/4457/8509 2628/4458/8510 2627/4456/8511 2611/4455/8512
f 2609/4459/8513 2629/4460/8514 2628/4461/8515 2610/4462/8516
f 2608/4463/8517 2630/4464/8518 2629/4460/8519 2609/4459/8520
f 2607/4465/8521 2631/4466/8522 2630/4464/8523 2608/4463/8524
f 2606/4467/8525 2632/4468/8526 2631/4466/8527 2607/4465/8528
f 2605/4469/8529 2633/4470/8530 2632/4471/8531 2606/4472/8532
f 2604/4473/8533 2634/4474/8534 2633/4470/8535 2605/4469/8536
f 2603/4475/8537 2635/4476/8538 2634/4477/8539 2604/4478/8540
f 2602/4479/8541 2636/4480/8542 2635/4476/8543 2603/4475/8544
f 2601/4481/8545 2637/4482/8546 2636/4480/8547 2602/4479/8548
f 2600/4483/8549 2638/4484/8550 2637/4485/8551 2601/4486/8552
f 2599/4487/8553 2639/4488/8554 2638/4484/8555 2600/4483/8556
f 2598/4489/8557 2640/4490/8558 2639/4491/8559 2599/4492/8560
f 2589/4431/8561 2620/4434/8562 2640/4490/8563 2598/4489/8564
f 2590/4493/8565 2597/4494/8566 2641/4495/8567 2642/4496/8568
f 2596/4497/8569 2643/4498/8570 2641/4495/8571 2597/4494/8572
f 2595/4499/8573 2644/4500/8574 2643/4501/8575 2596/4502/8576
f 2594/4503/8577 2645/4504/8578 2644/4500/8579 2595/4499/8580
f 2593/4505/8581 2646/4506/8582 2645/4507/8583 2594/4508/8584
f 2592/4509/8585 2647/4510/8586 2646/4506/8587 2593/4505/8588
f 2591/4511/8589 2648/4512/8590 2647/4513/8591 2592/4514/8592
f 2590/4515/8593 2642/4516/8594 2648/4512/8595 2591/4511/8596
f 2182/4517/8597 2620/4434/8598 2619/4433/8599 2183/4518/8600
f 2183/4519/8601 2619/4437/8602 2621/4436/8603 2184/4520/8604
f 2184/4521/8605 2621/4441/8606 2622/4440/8607 2185/4522/8608
f 2185/4523/8609 2622/4445/8610 2623/4444/8611 2186/4524/8612
f 2186/4524/8613 2623/4444/8614 2624/4448/8615 2250/4525/8616
f 2250/4526/8617 2624/4451/8618 2625/4450/8619 2251/4527/8620
f 2251/4527/8621 2625/4450/8622 2626/4454/8623 2252/4528/8624
f 2252/4528/8625 2626/4454/8626 2627/4456/8627 2253/4529/8628
f 2169/4530/8629 2253/4529/8630 2627/4456/8631 2628/4458/8632
f 2169/4531/8633 2628/4461/8634 2629/4460/8635 2170/4532/8636
f 2170/4532/8637 2629/4460/8638 2630/4464/8639 2171/4533/8640
f 2171/4533/8641 2630/4464/8642 2631/4466/8643 2172/4534/8644
f 2172/4534/8645 2631/4466/8646 2632/4468/8647 2173/4535/8648
f 2173/4536/8649 2632/4471/8650 2633/4470/8651 2174/4537/8652
f 2174/4537/8653 2633/4470/8654 2634/4474/8655 2175/4538/8656
f 2175/4539/8657 2634/4477/8658 2635/4476/8659 2176/4540/8660
f 2176/4540/8661 2635/4476/8662 2636/4480/8663 2177/4541/8664
f 2177/4541/8665 2636/4480/8666 2637/4482/8667 2178/4542/8668
f 2178/4543/8669 2637/4485/8670 2638/4484/8671 2179/4544/8672
f 2179/4544/8673 2638/4484/8674 2639/4488/8675 2180/4545/8676
f 2180/4546/8677 2639/4491/8678 2640/4490/8679 2181/4547/8680
f 2181/4547/8681 2640/4490/8682 2620/4434/8683 2182/4517/8684
f 2641/4495/8685 2649/4548/8686 2650/4549/8687 2642/4496/8688
f 2641/4495/8689 2643/4498/8690 2651/4550/8691 2649/4548/8692
f 2643/4501/8693 2644/4500/8694 2652/4551/8695 2651/4552/8696
f 2644/4500/8697 2645/4504/8698 2653/4553/8699 2652/4551/8700
f 2645/4507/8701 2646/4506/8702 2654/4554/8703 2653/4555/8704
f 2646/4506/8705 2647/4510/8706 2655/4556/8707 2654/4554/8708
f 2647/4513/8709 2648/4512/8710 2656/4557/8711 2655/4558/8712
f 2642/4516/8713 2650/4559/8714 2656/4557/8715 2648/4512/8716
f 2657/4568/8717 2665/4569/8718 2666/4570/8719 2658/4571/8720
f 2657/4572/8721 2664/4573/8722 2667/4574/8723 2665/4575/8724
f 2663/4576/8725 2668/4577/8726 2667/4578/8727 2664/4579/8728
f 2662/4580/8729 2669/4581/8730 2668/4582/8731 2663/4583/8732
f 2661/4584/8733 2670/4585/8734 2669/4586/8735 2662/4587/8736
f 2660/4588/8737 2671/4589/8738 2670/4590/8739 2661/4591/8740
f 2659/4592/8741 2672/4593/8742 2671/4594/8743 2660/4595/8744
f 2658/4596/8745 2666/4597/8746 2672/4598/8747 2659/4599/8748
f 2320/4600/8749 2666/4570/8750 2665/4569/8751 2321/4601/8752
f 2321/4602/8753 2665/4575/8754 2667/4574/8755 2322/4603/8756
f 2316/4610/8757 2669/4586/8758 2670/4585/8759 2317/4611/8760
f 2317/4612/8761 2670/4590/8762 2671/4589/8763 2318/4613/8764
f 2318/4614/8765 2671/4594/8766 2672/4593/8767 2319/4615/8768
f 2319/4616/8769 2672/4598/8770 2666/4597/8771 2320/4617/8772
f 2673/4626/8773 2681/4627/8774 2682/4628/8775 2674/4629/8776
f 2673/4630/8777 2680/4631/8778 2683/4632/8779 2681/4633/8780
f 2679/4634/8781 2684/4635/8782 2683/4632/8783 2680/4631/8784
f 2678/4636/8785 2685/4637/8786 2684/4638/8787 2679/4639/8788
f 2677/4640/8789 2686/4641/8790 2685/4637/8791 2678/4636/8792
f 2676/4642/8793 2687/4643/8794 2686/4644/8795 2677/4645/8796
f 2675/4646/8797 2688/4647/8798 2687/4643/8799 2676/4642/8800
f 2674/4629/8801 2682/4628/8802 2688/4648/8803 2675/4649/8804
f 2346/4650/8805 2682/4628/8806 2681/4627/8807 2347/4651/8808
f 2347/4652/8809 2681/4633/8810 2683/4632/8811 2348/4653/8812
f 2348/4653/8813 2683/4632/8814 2684/4635/8815 2349/4654/8816
f 2342/4655/8817 2349/4656/8818 2684/4638/8819 2685/4637/8820
f 2342/4655/8821 2685/4637/8822 2686/4641/8823 2343/4657/8824
f 2343/4658/8825 2686/4644/8826 2687/4643/8827 2344/4659/8828
f 2344/4659/8829 2687/4643/8830 2688/4647/8831 2345/4660/8832
f 2345/4661/8833 2688/4648/8834 2682/4628/8835 2346/4650/8836
f 2689/4674/8837 2701/4675/8838 2702/4676/8839 2690/4677/8840
f 2689/4678/8841 2700/4679/8842 2703/4680/8843 2701/4681/8844
f 2699/4682/8845 2704/4683/8846 2703/4684/8847 2700/4685/8848
f 2698/4686/8849 2705/4687/8850 2704/4688/8851 2699/4689/8852
f 2697/4690/8853 2706/4691/8854 2705/4692/8855 2698/4693/8856
f 2696/4694/8857 2707/4695/8858 2706/4696/8859 2697/4697/8860
f 2695/4698/8861 2708/4699/8862 2707/4700/8863 2696/4701/8864
f 2694/4702/8865 2709/4703/8866 2708/4704/8867 2695/4705/8868
f 2693/4706/8869 2710/4707/8870 2709/4708/8871 2694/4709/8872
f 2692/4710/8873 2711/4711/8874 2710/4712/8875 2693/4713/8876
f 2691/4714/8877 2712/4715/8878 2711/4716/8879 2692/4717/8880
f 2690/4718/8881 2702/4719/8882 2712/4720/8883 2691/4721/8884
f 2118/4722/8885 2702/4676/8886 2701/4675/8887 2119/4723/8888
f 2119/4724/8889 2701/4681/8890 2703/4680/8891 2120/4725/8892
f 2120/4726/8893 2703/4684/8894 2704/4683/8895 2121/4727/8896
f 2121/4728/8897 2704/4688/8898 2705/4687/8899 2122/4729/8900
f 2122/4730/8901 2705/4692/8902 2706/4691/8903 2127/4731/8904
f 2127/4732/8905 2706/4696/8906 2707/4695/8907 2264/4733/8908
f 2264/4734/8909 2707/4700/8910 2708/4699/8911 2265/4735/8912
f 2265/4736/8913 2708/4704/8914 2709/4703/8915 2266/4737/8916
f 2266/4738/8917 2709/4708/8918 2710/4707/8919 2267/4739/8920
f 2116/4740/8921 2267/4741/8922 2710/4712/8923 2711/4711/8924
f 2116/4742/8925 2711/4716/8926 2712/4715/8927 2117/4743/8928
f 2117/4744/8929 2712/4720/8930 2702/4719/8931 2118/4745/8932
f 2713/4746/8933 2714/4747/8934 2715/4748/8935 2716/4749/8936
f 2713/4750/8937 2717/4751/8938 2718/4752/8939 2714/4753/8940
f 2715/4772/8941 2734/4773/8942 2719/4774/8943 2716/4775/8944
f 2323/4776/8945 2715/4748/8946 2714/4747/8947 2324/4777/8948
f 2717/4778/8949 2733/4779/8950 2735/4780/8951 2718/4781/8952
f 2324/4782/8953 2714/4753/8954 2718/4752/8955 2325/4783/8956
f 2732/4784/8957 2736/4785/8958 2735/4780/8959 2733/4779/8960
f 2731/4786/8961 2737/4787/8962 2736/4785/8963 2732/4784/8964
f 2730/4788/8965 2738/4789/8966 2737/4790/8967 2731/4791/8968
f 2729/4792/8969 2739/4793/8970 2738/4789/8971 2730/4788/8972
f 2728/4794/8973 2740/4795/8974 2739/4796/8975 2729/4797/8976
f 2727/4798/8977 2741/4799/8978 2740/4800/8979 2728/4801/8980
f 2726/4802/8981 2742/4803/8982 2741/4799/8983 2727/4798/8984
f 2725/4804/8985 2743/4805/8986 2742/4803/8987 2726/4802/8988
f 2724/4806/8989 2744/4807/8990 2743/4808/8991 2725/4809/8992
f 2723/4810/8993 2745/4811/8994 2744/4807/8995 2724/4806/8996
f 2722/4812/8997 2746/4813/8998 2745/4814/8999 2723/4815/9000
f 2721/4816/9001 2747/4817/9002 2746/4813/9003 2722/4812/9004
f 2720/4818/9005 2748/4819/9006 2747/4817/9007 2721/4816/9008
f 2719/4820/9009 2734/4821/9010 2748/4822/9011 2720/4823/9012
f 2325/4827/9013 2718/4781/9014 2735/4780/9015 2326/4828/9016
f 2326/4828/9017 2735/4780/9018 2736/4785/9019 2327/4829/9020
f 2327/4829/9021 2736/4785/9022 2737/4787/9023 2328/4830/9024
f 2328/4831/9025 2737/4790/9026 2738/4789/9027 2329/4832/9028
f 2296/4835/9029 2739/4796/9030 2740/4795/9031 2297/4836/9032
f 2351/4838/9033 2741/4799/9034 2742/4803/9035 2352/4840/9036
f 2352/4840/9037 2742/4803/9038 2743/4805/9039 2353/4841/9040
f 2353/4842/9041 2743/4808/9042 2744/4807/9043 2354/4843/9044
f 2354/4843/9045 2744/4807/9046 2745/4811/9047 2355/4844/9048
f 2355/4845/9049 2745/4814/9050 2746/4813/9051 2356/4846/9052
f 2356/4846/9053 2746/4813/9054 2747/4817/9055 2357/4847/9056
f 2300/4850/9057 2748/4822/9058 2734/4821/9059 2301/4851/9060
f 2749/4852/9061 2750/4853/9062 2751/4854/9063 2752/4855/9064
f 2749/4852/9065 2753/4856/9066 2754/4857/9067 2750/4853/9068
f 2751/4877/9069 2771/4878/9070 2760/4879/9071 2752/4880/9072
f 2331/4881/9073 2751/4854/9074 2750/4853/9075 2332/4882/9076
f 2753/4883/9077 2770/4884/9078 2772/4885/9079 2754/4886/9080
f 2332/4882/9081 2750/4853/9082 2754/4857/9083 2333/4887/9084
f 2769/4888/9085 2773/4889/9086 2772/4885/9087 2770/4884/9088
f 2768/4890/9089 2774/4891/9090 2773/4892/9091 2769/4893/9092
f 2767/4894/9093 2775/4895/9094 2774/4896/9095 2768/4897/9096
f 2766/4898/9097 2776/4899/9098 2775/4900/9099 2767/4901/9100
f 2765/4902/9101 2777/4903/9102 2776/4899/9103 2766/4898/9104
f 2764/4904/9105 2778/4905/9106 2777/4903/9107 2765/4902/9108
f 2763/4906/9109 2779/4907/9110 2778/4908/9111 2764/4909/9112
f 2762/4910/9113 2780/4911/9114 2779/4907/9115 2763/4906/9116
f 2761/4912/9117 2781/4913/9118 2780/4911/9119 2762/4910/9120
f 2760/4879/9121 2771/4878/9122 2781/4914/9123 2761/4915/9124
f 2755/4916/9125 2759/4917/9126 2782/4918/9127 2783/4919/9128
f 2758/4920/9129 2784/4921/9130 2782/4922/9131 2759/4923/9132
f 2757/4924/9133 2785/4925/9134 2784/4926/9135 2758/4927/9136
f 2756/4928/9137 2786/4929/9138 2785/4925/9139 2757/4924/9140
f 2755/4916/9141 2783/4919/9142 2786/4929/9143 2756/4928/9144
f 2330/4930/9145 2771/4878/9146 2751/4877/9147 2331/4931/9148
f 2284/4934/9149 2772/4885/9150 2773/4889/9151 2285/4935/9152
f 2285/4936/9153 2773/4892/9154 2774/4891/9155 2286/4937/9156
f 2286/4938/9157 2774/4896/9158 2775/4895/9159 2287/4939/9160
f 2287/4940/9161 2775/4900/9162 2776/4899/9163 2288/4941/9164
f 2288/4941/9165 2776/4899/9166 2777/4903/9167 2289/4942/9168
f 2289/4942/9169 2777/4903/9170 2778/4905/9171 2290/4943/9172
f 2290/4944/9173 2778/4908/9174 2779/4907/9175 2291/4945/9176
f 2291/4945/9177 2779/4907/9178 2780/4911/9179 2292/4946/9180
f 2292/4946/9181 2780/4911/9182 2781/4913/9183 2293/4947/9184
f 2782/4918/9185 2787/4950/9186 2788/4951/9187 2783/4919/9188
f 2782/4922/9189 2784/4921/9190 2789/4952/9191 2787/4953/9192
f 2784/4926/9193 2785/4925/9194 2790/4954/9195 2789/4955/9196
f 2785/4925/9197 2786/4929/9198 2791/4956/9199 2790/4954/9200
f 2783/4919/9201 2788/4951/9202 2791/4956/9203 2786/4929/9204
f 2792/4957/9205 2793/4958/9206 2794/4959/9207 2795/4960/9208
f 2792/4957/9209 2796/4961/9210 2797/4962/9211 2793/4958/9212
f 2794/4990/9213 2822/4991/9214 2812/4992/9215 2795/4993/9216
f 2334/4994/9217 2794/4959/9218 2793/4958/9219 2335/4995/9220
f 2796/4996/9221 2821/4997/9222 2823/4998/9223 2797/4999/9224
f 2335/4995/9225 2793/4958/9226 2797/4962/9227 2336/5000/9228
f 2820/5001/9229 2824/5002/9230 2823/4998/9231 2821/4997/9232
f 2819/5003/9233 2825/5004/9234 2824/5002/9235 2820/5001/9236
f 2818/5005/9237 2826/5006/9238 2825/5004/9239 2819/5003/9240
f 2817/5007/9241 2827/5008/9242 2826/5006/9243 2818/5005/9244
f 2816/5009/9245 2828/5010/9246 2827/5008/9247 2817/5007/9248
f 2815/5011/9249 2829/5012/9250 2828/5010/9251 2816/5009/9252
f 2814/5013/9253 2830/5014/9254 2829/5012/9255 2815/5011/9256
f 2813/5015/9257 2831/5016/9258 2830/5017/9259 2814/5018/9260
f 2812/5019/9261 2822/5020/9262 2831/5016/9263 2813/5015/9264
f 2798/5021/9265 2811/5022/9266 2832/5023/9267 2833/5024/9268
f 2803/5025/9269 2834/5026/9270 2832/5027/9271 2811/5028/9272
f 2804/5029/9273 2810/5030/9274 2835/5031/9275 2836/5032/9276
f 2809/5033/9277 2837/5034/9278 2835/5035/9279 2810/5036/9280
f 2808/5037/9281 2838/5038/9282 2837/5034/9283 2809/5033/9284
f 2807/5039/9285 2839/5040/9286 2838/5041/9287 2808/5042/9288
f 2806/5043/9289 2840/5044/9290 2839/5040/9291 2807/5039/9292
f 2805/5045/9293 2841/5046/9294 2840/5047/9295 2806/5048/9296
f 2804/5049/9297 2836/5050/9298 2841/5046/9299 2805/5045/9300
f 2802/5051/9301 2842/5052/9302 2834/5026/9303 2803/5025/9304
f 2801/5053/9305 2843/5054/9306 2842/5055/9307 2802/5056/9308
f 2800/5057/9309 2844/5058/9310 2843/5054/9311 2801/5053/9312
f 2799/5059/9313 2845/5060/9314 2844/5061/9315 2800/5062/9316
f 2798/5063/9317 2833/5064/9318 2845/5060/9319 2799/5059/9320
f 2336/5068/9321 2797/4999/9322 2823/4998/9323 2337/5069/9324
f 2337/5069/9325 2823/4998/9326 2824/5002/9327 2338/5070/9328
f 2338/5070/9329 2824/5002/9330 2825/5004/9331 2339/5071/9332
f 2275/5073/9333 2826/5006/9334 2827/5008/9335 2276/5074/9336
f 2276/5074/9337 2827/5008/9338 2828/5010/9339 2277/5075/9340
f 2277/5075/9341 2828/5010/9342 2829/5012/9343 2278/5076/9344
f 2278/5076/9345 2829/5012/9346 2830/5014/9347 2279/5077/9348
f 2279/5078/9349 2830/5017/9350 2831/5016/9351 2280/5079/9352
f 2280/5079/9353 2831/5016/9354 2822/5020/9355 2281/5080/9356
f 2832/5023/9357 2846/5081/9358 2847/5082/9359 2833/5024/9360
f 2832/5027/9361 2834/5026/9362 2848/5083/9363 2846/5084/9364
f 2835/5031/9365 2849/5085/9366 2850/5086/9367 2836/5032/9368
f 2835/5035/9369 2837/5034/9370 2851/5087/9371 2849/5088/9372
f 2837/5034/9373 2838/5038/9374 2852/5089/9375 2851/5087/9376
f 2838/5041/9377 2839/5040/9378 2853/5090/9379 2852/5091/9380
f 2839/5040/9381 2840/5044/9382 2854/5092/9383 2853/5090/9384
f 2840/5047/9385 2841/5046/9386 2855/5093/9387 2854/5094/9388
f 2836/5050/9389 2850/5095/9390 2855/5093/9391 2841/5046/9392
f 2834/5026/9393 2842/5052/9394 2856/5096/9395 2848/5083/9396
f 2842/5055/9397 2843/5054/9398 2857/5097/9399 2856/5098/9400
f 2843/5054/9401 2844/5058/9402 2858/5099/9403 2857/5097/9404
f 2844/5061/9405 2845/5060/9406 2859/5100/9407 2858/5101/9408
f 2833/5064/9409 2847/5102/9410 2859/5100/9411 2845/5060/9412
f 2860/5103/9413 2861/5104/9414 2862/5105/9415 2863/5106/9416
f 2860/5107/9417 2864/5108/9418 2865/5109/9419 2861/5110/9420
f 2860/5111/9421 2863/5112/9422 2866/5113/9423 2864/5114/9424
f 2862/5115/9425 2867/5116/9426 2866/5117/9427 2863/5118/9428
f 2861/5119/9429 2865/5120/9430 2867/5121/9431 2862/5122/9432
f 2093/5126/9433 2864/5114/9434 2866/5113/9435 2272/5127/9436
f 2340/5131/9437 2867/5121/9438 2865/5120/9439 2341/5132/9440
f 2868/5133/9441 2869/5134/9442 2870/5135/9443 2871/5136/9444
f 2868/5137/9445 2872/5138/9446 2873/5139/9447 2869/5140/9448
f 2868/5141/9449 2871/5142/9450 2874/5143/9451 2872/5144/9452
f 2870/5145/9453 2875/5146/9454 2874/5147/9455 2871/5148/9456
f 2869/5149/9457 2873/5150/9458 2875/5151/9459 2870/5152/9460
f 2114/5153/9461 2873/5139/9462 2872/5138/9463 2115/5154/9464
f 2112/5155/9465 2115/5156/9466 2872/5144/9467 2874/5143/9468
f 2112/5157/9469 2874/5147/9470 2875/5146/9471 2113/5158/9472
f 2113/5159/9473 2875/5151/9474 2873/5150/9475 2114/5160/9476
f 2876/5161/9477 2877/5162/9478 2878/5163/9479 2879/5164/9480
f 2876/5165/9481 2880/5166/9482 2881/5167/9483 2877/5168/9484
f 2876/5169/9485 2879/5170/9486 2882/5171/9487 2880/5172/9488
f 2878/5173/9489 2883/5174/9490 2882/5175/9491 2879/5176/9492
f 2877/5177/9493 2881/5178/9494 2883/5179/9495 2878/5180/9496
f 2124/5181/9497 2881/5167/9498 2880/5166/9499 2125/5182/9500
f 2125/5183/9501 2880/5172/9502 2882/5171/9503 2126/5184/9504
f 2123/5185/9505 2126/5186/9506 2882/5175/9507 2883/5174/9508
f 2123/5187/9509 2883/5179/9510 2881/5178/9511 2124/5188/9512
f 2884/5189/9513 2885/5190/9514 2886/5191/9515 2887/5192/9516
f 2884/5189/9517 2888/5193/9518 2889/5194/9519 2885/5190/9520
f 2886/5216/9521 2908/5217/9522 2898/5218/9523 2887/5219/9524
f 2152/5220/9525 2886/5191/9526 2885/5190/9527 2153/5221/9528
f 2888/5222/9529 2907/5223/9530 2909/5224/9531 2889/5225/9532
f 2153/5221/9533 2885/5190/9534 2889/5194/9535 2154/5226/9536
f 2906/5227/9537 2910/5228/9538 2909/5224/9539 2907/5223/9540
f 2905/5229/9541 2911/5230/9542 2910/5228/9543 2906/5227/9544
f 2904/5231/9545 2912/5232/9546 2911/5230/9547 2905/5229/9548
f 2903/5233/9549 2913/5234/9550 2912/5232/9551 2904/5231/9552
f 2902/5235/9553 2914/5236/9554 2913/5237/9555 2903/5238/9556
f 2901/5239/9557 2915/5240/9558 2914/5241/9559 2902/5242/9560
f 2900/5243/9561 2916/5244/9562 2915/5245/9563 2901/5246/9564
f 2899/5247/9565 2917/5248/9566 2916/5249/9567 2900/5250/9568
f 2898/5251/9569 2908/5252/9570 2917/5253/9571 2899/5254/9572
f 2890/5255/9573 2897/5256/9574 2918/5257/9575 2919/5258/9576
f 2896/5259/9577 2920/5260/9578 2918/5261/9579 2897/5262/9580
f 2895/5263/9581 2921/5264/9582 2920/5260/9583 2896/5259/9584
f 2894/5265/9585 2922/5266/9586 2921/5267/9587 2895/5268/9588
f 2893/5269/9589 2923/5270/9590 2922/5266/9591 2894/5265/9592
f 2892/5271/9593 2924/5272/9594 2923/5270/9595 2893/5269/9596
f 2891/5273/9597 2925/5274/9598 2924/5275/9599 2892/5276/9600
f 2890/5277/9601 2919/5278/9602 2925/5274/9603 2891/5273/9604
f 2151/5279/9605 2908/5217/9606 2886/5216/9607 2152/5280/9608
f 2154/5281/9609 2889/5225/9610 2909/5224/9611 2155/5282/9612
f 2155/5282/9613 2909/5224/9614 2910/5228/9615 2156/5283/9616
f 2156/5283/9617 2910/5228/9618 2911/5230/9619 2157/5284/9620
f 2157/5284/9621 2911/5230/9622 2912/5232/9623 2257/5285/9624
f 2257/5285/9625 2912/5232/9626 2913/5234/9627 2258/5286/9628
f 2258/5287/9629 2913/5237/9630 2914/5236/9631 2259/5288/9632
f 2259/5289/9633 2914/5241/9634 2915/5240/9635 2260/5290/9636
f 2260/5291/9637 2915/5245/9638 2916/5244/9639 2261/5292/9640
f 2261/5293/9641 2916/5249/9642 2917/5248/9643 2262/5294/9644
f 2151/5295/9645 2262/5296/9646 2917/5253/9647 2908/5252/9648
f 2918/5257/9649 2926/5297/9650 2927/5298/9651 2919/5258/9652
f 2918/5261/9653 2920/5260/9654 2928/5299/9655 2926/5300/9656
f 2920/5260/9657 2921/5264/9658 2929/5301/9659 2928/5299/9660
f 2921/5267/9661 2922/5266/9662 2930/5302/9663 2929/5303/9664
f 2922/5266/9665 2923/5270/9666 2931/5304/9667 2930/5302/9668
f 2923/5270/9669 2924/5272/9670 2932/5305/9671 2931/5304/9672
f 2924/5275/9673 2925/5274/9674 2933/5306/9675 2932/5307/9676
f 2919/5278/9677 2927/5308/9678 2933/5306/9679 2925/5274/9680
f 2934/5309/9681 2935/5310/9682 2936/5311/9683 2937/5312/9684
f 2934/5309/9685 2938/5313/9686 2939/5314/9687 2935/5310/9688
f 2936/5334/9689 2956/5335/9690 2945/5336/9691 2937/5337/9692
f 2159/5338/9693 2936/5311/9694 2935/5310/9695 2160/5339/9696
f 2938/5340/9697 2955/5341/9698 2957/5342/9699 2939/5343/9700
f 2160/5339/9701 2935/5310/9702 2939/5314/9703 2161/5344/9704
f 2954/5345/9705 2958/5346/9706 2957/5342/9707 2955/5341/9708
f 2953/5347/9709 2959/5348/9710 2958/5349/9711 2954/5350/9712
f 2952/5351/9713 2960/5352/9714 2959/5353/9715 2953/5354/9716
f 2951/5355/9717 2961/5356/9718 2960/5357/9719 2952/5358/9720
f 2950/5359/9721 2962/5360/9722 2961/5356/9723 2951/5355/9724
f 2949/5361/9725 2963/5362/9726 2962/5360/9727 2950/5359/9728
f 2948/5363/9729 2964/5364/9730 2963/5365/9731 2949/5366/9732
f 2947/5367/9733 2965/5368/9734 2964/5364/9735 2948/5363/9736
f 2946/5369/9737 2966/5370/9738 2965/5368/9739 2947/5367/9740
f 2945/5336/9741 2956/5335/9742 2966/5371/9743 2946/5372/9744
f 2940/5373/9745 2944/5374/9746 2967/5375/9747 2968/5376/9748
f 2943/5377/9749 2969/5378/9750 2967/5379/9751 2944/5380/9752
f 2942/5381/9753 2970/5382/9754 2969/5383/9755 2943/5384/9756
f 2941/5385/9757 2971/5386/9758 2970/5382/9759 2942/5381/9760
f 2940/5373/9761 2968/5376/9762 2971/5386/9763 2941/5385/9764
f 2158/5387/9765 2956/5335/9766 2936/5334/9767 2159/5388/9768
f 2161/5389/9769 2939/5343/9770 2957/5342/9771 2162/5390/9772
f 2162/5390/9773 2957/5342/9774 2958/5346/9775 2163/5391/9776
f 2163/5392/9777 2958/5349/9778 2959/5348/9779 2164/5393/9780
f 2164/5394/9781 2959/5353/9782 2960/5352/9783 2165/5395/9784
f 2165/5396/9785 2960/5357/9786 2961/5356/9787 2166/5397/9788
f 2166/5397/9789 2961/5356/9790 2962/5360/9791 2167/5398/9792
f 2167/5398/9793 2962/5360/9794 2963/5362/9795 2168/5399/9796
f 2168/5400/9797 2963/5365/9798 2964/5364/9799 2254/5401/9800
f 2254/5401/9801 2964/5364/9802 2965/5368/9803 2255/5402/9804
f 2255/5402/9805 2965/5368/9806 2966/5370/9807 2256/5403/9808
f 2158/5387/9809 2256/5404/9810 2966/5371/9811 2956/5335/9812
f 2967/5375/9813 2972/5405/9814 2973/5406/9815 2968/5376/9816
f 2967/5379/9817 2969/5378/9818 2974/5407/9819 2972/5408/9820
f 2969/5383/9821 2970/5382/9822 2975/5409/9823 2974/5410/9824
f 2970/5382/9825 2971/5386/9826 2976/5411/9827 2975/5409/9828
f 2968/5376/9829 2973/5406/9830 2976/5411/9831 2971/5386/9832
f 2977/5412/9833 2978/5413/9834 2979/5414/9835 2980/5415/9836
f 2977/5412/9837 2981/5416/9838 2982/5417/9839 2978/5413/9840
f 2979/5439/9841 3001/5440/9842 2991/5441/9843 2980/5442/9844
f 2188/5443/9845 2979/5414/9846 2978/5413/9847 2189/5444/9848
f 2981/5416/9849 3000/5445/9850 3002/5446/9851 2982/5417/9852
f 2189/5444/9853 2978/5413/9854 2982/5417/9855 2190/5447/9856
f 2999/5448/9857 3003/5449/9858 3002/5450/9859 3000/5451/9860
f 2998/5452/9861 3004/5453/9862 3003/5454/9863 2999/5455/9864
f 2997/5456/9865 3005/5457/9866 3004/5458/9867 2998/5459/9868
f 2996/5460/9869 3006/5461/9870 3005/5462/9871 2997/5463/9872
f 2995/5464/9873 3007/5465/9874 3006/5466/9875 2996/5467/9876
f 2994/5468/9877 3008/5469/9878 3007/5470/9879 2995/5471/9880
f 2993/5472/9881 3009/5473/9882 3008/5469/9883 2994/5468/9884
f 2992/5474/9885 3010/5475/9886 3009/5473/9887 2993/5472/9888
f 2991/5441/9889 3001/5440/9890 3010/5476/9891 2992/5477/9892
f 2983/5478/9893 2990/5479/9894 3011/5480/9895 3012/5481/9896
f 2989/5482/9897 3013/5483/9898 3011/5480/9899 2990/5479/9900
f 2988/5484/9901 3014/5485/9902 3013/5486/9903 2989/5487/9904
f 2987/5488/9905 3015/5489/9906 3014/5485/9907 2988/5484/9908
f 2986/5490/9909 3016/5491/9910 3015/5492/9911 2987/5493/9912
f 2985/5494/9913 3017/5495/9914 3016/5491/9915 2986/5490/9916
f 2984/5496/9917 3018/5497/9918 3017/5498/9919 2985/5499/9920
f 2983/5500/9921 3012/5501/9922 3018/5497/9923 2984/5496/9924
f 2187/5502/9925 3001/5440/9926 2979/5439/9927 2188/5503/9928
f 2190/5447/9929 2982/5417/9930 3002/5446/9931 2191/5504/9932
f 2191/5505/9933 3002/5450/9934 3003/5449/9935 2192/5506/9936
f 2192/5507/9937 3003/5454/9938 3004/5453/9939 2193/5508/9940
f 2193/5509/9941 3004/5458/9942 3005/5457/9943 2194/5510/9944
f 2194/5511/9945 3005/5462/9946 3006/5461/9947 2245/5512/9948
f 2245/5513/9949 3006/5466/9950 3007/5465/9951 2246/5514/9952
f 2246/5515/9953 3007/5470/9954 3008/5469/9955 2247/5516/9956
f 2247/5516/9957 3008/5469/9958 3009/5473/9959 2248/5517/9960
f 2248/5517/9961 3009/5473/9962 3010/5475/9963 2249/5518/9964
f 2187/5502/9965 2249/5519/9966 3010/5476/9967 3001/5440/9968
f 3011/5480/9969 3019/5520/9970 3020/5521/9971 3012/5481/9972
f 3011/5480/9973 3013/5483/9974 3021/5522/9975 3019/5520/9976
f 3013/5486/9977 3014/5485/9978 3022/5523/9979 3021/5524/9980
f 3014/5485/9981 3015/5489/9982 3023/5525/9983 3022/5523/9984
f 3015/5492/9985 3016/5491/9986 3024/5526/9987 3023/5527/9988
f 3016/5491/9989 3017/5495/9990 3025/5528/9991 3024/5526/9992
f 3017/5498/9993 3018/5497/9994 3026/5529/9995 3025/5530/9996
f 3012/5501/9997 3020/5531/9998 3026/5529/9999 3018/5497/10000
f 3027/5532/10001 3028/5533/10002 3029/5534/10003 3030/5535/10004
f 3027/5532/10005 3031/5536/10006 3032/5537/10007 3028/5533/10008
f 3029/5534/10009 3043/5551/10010 3033/5552/10011 3030/5535/10012
f 2199/5553/10013 3029/5534/10014 3028/5533/10015 2200/5554/10016
f 3031/5555/10017 3042/5556/10018 3044/5557/10019 3032/5558/10020
f 2200/5554/10021 3028/5533/10022 3032/5537/10023 2201/5559/10024
f 3041/5560/10025 3045/5561/10026 3044/5562/10027 3042/5563/10028
f 3040/5564/10029 3046/5565/10030 3045/5566/10031 3041/5567/10032
f 3039/5568/10033 3047/5569/10034 3046/5565/10035 3040/5564/10036
f 3038/5570/10037 3048/5571/10038 3047/5569/10039 3039/5568/10040
f 3037/5572/10041 3049/5573/10042 3048/5571/10043 3038/5570/10044
f 3036/5574/10045 3050/5575/10046 3049/5576/10047 3037/5577/10048
f 3035/5578/10049 3051/5579/10050 3050/5580/10051 3036/5581/10052
f 3034/5582/10053 3052/5583/10054 3051/5584/10055 3035/5585/10056
f 3033/5586/10057 3043/5587/10058 3052/5588/10059 3034/5589/10060
f 2198/5590/10061 3043/5551/10062 3029/5534/10063 2199/5553/10064
f 2201/5591/10065 3032/5558/10066 3044/5557/10067 2202/5592/10068
f 2202/5593/10069 3044/5562/10070 3045/5561/10071 2240/5594/10072
f 2240/5595/10073 3045/5566/10074 3046/5565/10075 2241/5596/10076
f 2241/5596/10077 3046/5565/10078 3047/5569/10079 2242/5597/10080
f 2242/5597/10081 3047/5569/10082 3048/5571/10083 2243/5598/10084
f 2243/5598/10085 3048/5571/10086 3049/5573/10087 2244/5599/10088
f 2195/5600/10089 2244/5601/10090 3049/5576/10091 3050/5575/10092
f 2195/5602/10093 3050/5580/10094 3051/5579/10095 2196/5603/10096
f 2196/5604/10097 3051/5584/10098 3052/5583/10099 2197/5605/10100
f 2197/5606/10101 3052/5588/10102 3043/5587/10103 2198/5607/10104
f 3053/5608/10105 3054/5609/10106 3055/5610/10107 3056/5611/10108
f 3053/5612/10109 3057/5613/10110 3058/5614/10111 3054/5615/10112
f 3055/5637/10113 3077/5638/10114 3059/5639/10115 3056/5640/10116
f 2208/5641/10117 3055/5610/10118 3054/5609/10119 2209/5642/10120
f 3057/5643/10121 3076/5644/10122 3078/5645/10123 3058/5646/10124
f 2209/5647/10125 3054/5615/10126 3058/5614/10127 2210/5648/10128
f 3075/5649/10129 3079/5650/10130 3078/5651/10131 3076/5652/10132
f 3074/5653/10133 3080/5654/10134 3079/5655/10135 3075/5656/10136
f 3073/5657/10137 3081/5658/10138 3080/5654/10139 3074/5653/10140
f 3072/5659/10141 3082/5660/10142 3081/5658/10143 3073/5657/10144
f 3071/5661/10145 3083/5662/10146 3082/5663/10147 3072/5664/10148
f 3062/5665/10149 3084/5666/10150 3083/5662/10151 3071/5661/10152
f 3063/5667/10153 3070/5668/10154 3085/5669/10155 3086/5670/10156
f 3069/5671/10157 3087/5672/10158 3085/5669/10159 3070/5668/10160
f 3068/5673/10161 3088/5674/10162 3087/5675/10163 3069/5676/10164
f 3067/5677/10165 3089/5678/10166 3088/5674/10167 3068/5673/10168
f 3066/5679/10169 3090/5680/10170 3089/5681/10171 3067/5682/10172
f 3065/5683/10173 3091/5684/10174 3090/5680/10175 3066/5679/10176
f 3064/5685/10177 3092/5686/10178 3091/5687/10179 3065/5688/10180
f 3063/5689/10181 3086/5690/10182 3092/5686/10183 3064/5685/10184
f 3061/5691/10185 3093/5692/10186 3084/5693/10187 3062/5694/10188
f 3060/5695/10189 3094/5696/10190 3093/5692/10191 3061/5691/10192
f 3059/5697/10193 3077/5698/10194 3094/5696/10195 3060/5695/10196
f 2207/5699/10197 3077/5638/10198 3055/5637/10199 2208/5700/10200
f 2210/5701/10201 3058/5646/10202 3078/5645/10203 2235/5702/10204
f 2235/5703/10205 3078/5651/10206 3079/5650/10207 2236/5704/10208
f 2236/5705/10209 3079/5655/10210 3080/5654/10211 2237/5706/10212
f 2237/5706/10213 3080/5654/10214 3081/5658/10215 2238/5707/10216
f 2238/5707/10217 3081/5658/10218 3082/5660/10219 2239/5708/10220
f 2203/5709/10221 2239/5710/10222 3082/5663/10223 3083/5662/10224
f 2203/5709/10225 3083/5662/10226 3084/5666/10227 2204/5711/10228
f 3085/5669/10229 3095/5712/10230 3096/5713/10231 3086/5670/10232
f 3085/5669/10233 3087/5672/10234 3097/5714/10235 3095/5712/10236
f 3087/5675/10237 3088/5674/10238 3098/5715/10239 3097/5716/10240
f 3088/5674/10241 3089/5678/10242 3099/5717/10243 3098/5715/10244
f 3089/5681/10245 3090/5680/10246 3100/5718/10247 3099/5719/10248
f 3090/5680/10249 3091/5684/10250 3101/5720/10251 3100/5718/10252
f 3091/5687/10253 3092/5686/10254 3102/5721/10255 3101/5722/10256
f 3086/5690/10257 3096/5723/10258 3102/5721/10259 3092/5686/10260
f 2204/5724/10261 3084/5693/10262 3093/5692/10263 2205/5725/10264
usemtl standardSurface2SG
f 2090/3860/10265 2084/3632/10266 2075/3623/10267 2074/3622/10268
f 2076/3636/10269 2085/3635/10270 2087/3638/10271 2077/3637/10272
f 2086/3639/10273 2088/3641/10274 2079/3642/10275 2078/3640/10276
f 2080/3644/10277 2089/3643/10278 2306/3861/10279 2081/3629/10280
f 2313/3870/10281 2314/3872/10282 2088/3871/10283 2086/3927/10284
f 2311/3925/10285 2365/3929/10286 2312/3869/10287 2087/3928/10288
f 2368/3932/10289 2366/3930/10290 2310/3920/10291 2090/3936/10292
f 2089/3643/10293 2315/3873/10294 2367/3931/10295 2306/3861/10296
f 2360/3919/10297 2369/3933/10298 2350/3909/10299 2309/3864/10300
f 2358/3917/10301 2383/3948/10302 2370/3934/10303 2308/3863/10304
usemtl standardSurface4SG
f 2308/3863/10305 2370/3934/10306 2385/3950/10307 2359/3918/10308
usemtl standardSurface2SG
f 2085/3635/10309 2311/3926/10310 2087/3638/10311
f 2084/3632/10312 2090/3860/10313 2310/3920/10314
usemtl standardSurface3SG
f 2361/3921/10315 2377/3942/10316 2362/3922/10317
f 2363/3923/10318 2372/3937/10319 2364/3924/10320
f 2375/3940/10321 2381/3946/10322 2376/3941/10323
f 2373/3938/10324 2380/3945/10325 2374/3939/10326
usemtl standardSurface2SG
f 2093/3647/10327 2272/3826/10328 2273/3827/10329 2274/3828/10330 2275/3829/10331 2276/3830/10332 2277/3831/10333 2278/3832/10334 2279/3833/10335 2280/3834/10336 2281/3835/10337 2282/3836/10338 2283/3837/10339 2284/3838/10340 2285/3839/10341 2286/3840/10342 2287/3841/10343 2288/3842/10344 2289/3843/10345 2290/3844/10346 2291/3845/10347 2292/3846/10348 2293/3847/10349 2294/3848/10350 2295/3849/10351 2296/3850/10352 2297/3851/10353 2298/3852/10354 2299/3853/10355 2300/3854/10356 2301/3855/10357 2302/3856/10358 2303/3857/10359 2304/3858/10360 2305/3859/10361 2090/3860/10362 2074/3622/10363 2083/3631/10364 2091/3645/10365 2092/3646/10366 2269/3823/10367 2270/3824/10368 2271/3825/10369 2094/3648/10370 2095/3649/10371 2096/3650/10372 2097/3651/10373 2098/3652/10374 2099/3653/10375 2100/3654/10376 2101/3655/10377 2102/3656/10378 2103/3657/10379 2104/3658/10380 2105/3659/10381 2106/3660/10382 2107/3661/10383 2108/3662/10384 2109/3663/10385 2110/3664/10386 2111/3665/10387 2268/3822/10388 2112/3666/10389 2113/3667/10390 2114/3668/10391 2115/3669/10392 2116/3670/10393 2117/3671/10394 2118/3672/10395 2119/3673/10396 2120/3674/10397 2121/3675/10398 2122/3676/10399 2127/3681/10400 2264/3818/10401 2265/3819/10402 2266/3820/10403 2267/3821/10404 2123/3677/10405 2124/3678/10406 2125/3679/10407 2126/3680/10408 2128/3682/10409 2129/3683/10410 2130/3684/10411 2131/3685/10412 2132/3686/10413 2133/3687/10414 2134/3688/10415 2135/3689/10416 2136/3690/10417 2137/3691/10418 2138/3692/10419 2139/3693/10420 2140/3694/10421 2141/3695/10422 2142/3696/10423 2143/3697/10424 2144/3698/10425 2145/3699/10426 2146/3700/10427 2147/3701/10428 2148/3702/10429 2149/3703/10430 2150/3704/10431 2263/3817/10432 2151/3705/10433 2152/3706/10434 2153/3707/10435 2154/3708/10436 2155/3709/10437 2156/3710/10438 2157/3711/10439 2257/3811/10440 2258/3812/10441 2259/3813/10442 2260/3814/10443 2261/3815/10444 2262/3816/10445 2158/3712/10446 2159/3713/10447 2160/3714/10448 2161/3715/10449 2162/3716/10450 2163/3717/10451 2164/3718/10452 2165/3719/10453 2166/3720/10454 2167/3721/10455 2168/3722/10456 2254/3808/10457 2255/3809/10458 2256/3810/10459 2169/3723/10460 2170/3724/10461 2171/3725/10462 2172/3726/10463 2173/3727/10464 2174/3728/10465 2175/3729/10466 2176/3730/10467 2177/3731/10468 2178/3732/10469 2179/3733/10470 2180/3734/10471 2181/3735/10472 2182/3736/10473 2183/3737/10474 2184/3738/10475 2185/3739/10476 2186/3740/10477 2250/3804/10478 2251/3805/10479 2252/3806/10480 2253/3807/10481 2187/3741/10482 2188/3742/10483 2189/3743/10484 2190/3744/10485 2191/3745/10486 2192/3746/10487 2193/3747/10488 2194/3748/10489 2245/3799/10490 2246/3800/10491 2247/3801/10492 2248/3802/10493 2249/3803/10494 2195/3749/10495 2196/3750/10496 2197/3751/10497 2198/3752/10498 2199/3753/10499 2200/3754/10500 2201/3755/10501 2202/3756/10502 2240/3794/10503 2241/3795/10504 2242/3796/10505 2243/3797/10506 2244/3798/10507 2203/3757/10508 2204/3758/10509 2205/3759/10510 2206/3760/10511 2207/3761/10512 2208/3762/10513 2209/3763/10514 2210/3764/10515 2235/3789/10516 2236/3790/10517 2237/3791/10518 2238/3792/10519 2239/3793/10520 2211/3765/10521 2212/3766/10522 2213/3767/10523 2214/3768/10524 2215/3769/10525 2216/3770/10526 2217/3771/10527 2218/3772/10528 2219/3773/10529 2220/3774/10530 2221/3775/10531 2222/3776/10532 2223/3777/10533 2224/3778/10534 2225/3779/10535 2226/3780/10536 2227/3781/10537 2228/3782/10538 2229/3783/10539 2230/3784/10540 2231/3785/10541 2232/3786/10542 2233/3787/10543 2234/3788/10544
f 2090/3860/10545 2305/3859/10546 2316/3875/10547 2317/3876/10548 2318/3877/10549 2319/3878/10550 2320/3879/10551 2321/3880/10552 2322/3881/10553 2303/3857/10554 2302/3856/10555 2323/3882/10556 2324/3883/10557 2325/3884/10558 2326/3885/10559 2327/3886/10560 2328/3887/10561 2329/3888/10562 2295/3849/10563 2294/3848/10564 2330/3889/10565 2331/3890/10566 2332/3891/10567 2333/3892/10568 2283/3837/10569 2282/3836/10570 2334/3893/10571 2335/3894/10572 2336/3895/10573 2337/3896/10574 2338/3897/10575 2339/3898/10576 2274/3828/10577 2273/3827/10578 2340/3899/10579 2341/3900/10580 2092/3646/10581 2091/3645/10582 2307/3862/10583 2306/3861/10584 2342/3901/10585 2343/3902/10586 2344/3903/10587 2345/3904/10588 2346/3905/10589 2347/3906/10590 2348/3907/10591 2349/3908/10592
f 2298/3852/10593 2351/3910/10594 2352/3911/10595 2353/3912/10596 2354/3913/10597 2355/3914/10598 2356/3915/10599 2357/3916/10600 2299/3853/10601
usemtl standardSurface3SG
f 2310/3920/10602 2361/3921/10603 2362/3922/10604 2363/3923/10605 2364/3924/10606 2311/3925/10607
f 2311/3925/10608 2364/3924/10609 2372/3937/10610 2373/3938/10611 2374/3939/10612 2365/3929/10613
f 2310/3920/10614 2366/3930/10615 2375/3940/10616 2376/3941/10617 2377/3942/10618 2361/3921/10619
f 2365/3929/10620 2374/3939/10621 2380/3945/10622 2381/3946/10623 2375/3940/10624 2366/3930/10625
f 2415/3980/10626 2422/3987/10627 2421/3986/10628 2423/3988/10629 2424/3989/10630 2416/3981/10631
usemtl standardSurface6SG
f 2425/3990/10632 2426/3991/10633 2427/3992/10634 2428/3993/10635 2429/3994/10636 2430/3995/10637 2431/3996/10638 2432/3997/10639 2433/3998/10640 2434/3999/10641 2435/4000/10642 2436/4001/10643 2437/4002/10644 2438/4003/10645 2439/4004/10646 2440/4005/10647 2441/4006/10648 2442/4007/10649 2443/4008/10650 2444/4009/10651 2445/4010/10652 2446/4011/10653 2447/4012/10654 2448/4013/10655
f 2473/4116/10656 2474/4117/10657 2475/4118/10658 2476/4119/10659 2477/4120/10660 2478/4121/10661 2479/4122/10662 2480/4123/10663 2481/4124/10664 2482/4125/10665 2483/4126/10666 2484/4127/10667 2485/4128/10668 2486/4129/10669 2487/4130/10670 2488/4131/10671 2489/4132/10672 2490/4133/10673 2491/4134/10674 2492/4135/10675 2493/4136/10676 2494/4137/10677 2495/4138/10678 2496/4139/10679
f 2521/4242/10680 2530/4251/10681 2531/4252/10682 2532/4253/10683 2533/4254/10684 2534/4255/10685 2535/4256/10686 2536/4257/10687 2537/4258/10688 2538/4259/10689 2539/4260/10690 2540/4261/10691 2541/4262/10692 2542/4263/10693 2543/4264/10694 2544/4265/10695 2545/4266/10696 2546/4267/10697 2547/4268/10698 2548/4269/10699 2549/4270/10700 2550/4271/10701 2522/4243/10702 2523/4244/10703 2524/4245/10704 2525/4246/10705 2526/4247/10706 2527/4248/10707 2528/4249/10708 2529/4250/10709
f 2589/4401/10710 2598/4410/10711 2599/4411/10712 2600/4412/10713 2601/4413/10714 2602/4414/10715 2603/4415/10716 2604/4416/10717 2605/4417/10718 2606/4418/10719 2607/4419/10720 2608/4420/10721 2609/4421/10722 2610/4422/10723 2611/4423/10724 2612/4424/10725 2613/4425/10726 2614/4426/10727 2615/4427/10728 2616/4428/10729 2617/4429/10730 2618/4430/10731 2590/4402/10732 2591/4403/10733 2592/4404/10734 2593/4405/10735 2594/4406/10736 2595/4407/10737 2596/4408/10738 2597/4409/10739
f 2303/4604/10740 2322/4605/10741 2667/4578/10742 2668/4577/10743 2304/4606/10744
f 2304/4607/10745 2668/4582/10746 2669/4581/10747 2316/4608/10748 2305/4609/10749
f 2301/4824/10750 2734/4773/10751 2715/4772/10752 2323/4825/10753 2302/4826/10754
f 2295/4833/10755 2329/4832/10756 2738/4789/10757 2739/4793/10758 2296/4834/10759
f 2297/4837/10760 2740/4800/10761 2741/4799/10762 2351/4838/10763 2298/4839/10764
f 2299/4848/10765 2357/4847/10766 2747/4817/10767 2748/4819/10768 2300/4849/10769
f 2283/4932/10770 2333/4933/10771 2754/4886/10772 2772/4885/10773 2284/4934/10774
f 2293/4948/10775 2781/4914/10776 2771/4878/10777 2330/4930/10778 2294/4949/10779
f 2281/5065/10780 2822/4991/10781 2794/4990/10782 2334/5066/10783 2282/5067/10784
f 2274/5072/10785 2339/5071/10786 2825/5004/10787 2826/5006/10788 2275/5073/10789
f 2092/5123/10790 2341/5124/10791 2865/5109/10792 2864/5108/10793 2093/5125/10794
f 2272/5128/10795 2866/5117/10796 2867/5116/10797 2340/5129/10798 2273/5130/10799
usemtl standardSurface2SG
f 2972/5775/10800 2974/5776/10801 2975/5777/10802 2976/5778/10803 2973/5779/10804
f 2787/5787/10805 2789/5788/10806 2790/5789/10807 2791/5790/10808 2788/5791/10809
f 2359/3918/10810 2371/3935/10811 2360/3919/10812 2309/3864/10813 2308/3863/10814
f 2382/3947/10815 2394/3959/10816 2383/3948/10817 2358/3917/10818 2350/3909/10819
usemtl standardSurface6SG
f 2689/4662/10820 2690/4663/10821 2691/4664/10822 2692/4665/10823 2693/4666/10824 2694/4667/10825 2695/4668/10826 2696/4669/10827 2697/4670/10828 2698/4671/10829 2699/4672/10830 2700/4673/10831
f 2713/4754/10832 2716/4755/10833 2719/4756/10834 2720/4757/10835 2721/4758/10836 2722/4759/10837 2723/4760/10838 2724/4761/10839 2725/4762/10840 2726/4763/10841 2727/4764/10842 2728/4765/10843 2729/4766/10844 2730/4767/10845 2731/4768/10846 2732/4769/10847 2733/4770/10848 2717/4771/10849
f 2752/4859/10850 2760/4865/10851 2761/4866/10852 2762/4867/10853 2763/4868/10854 2764/4869/10855 2765/4870/10856 2766/4871/10857 2767/4872/10858 2768/4873/10859 2769/4874/10860 2770/4875/10861 2753/4876/10862 2749/4858/10863 2755/4860/10864 2756/4861/10865 2757/4862/10866 2758/4863/10867 2759/4864/10868
f 2937/5316/10869 2945/5322/10870 2946/5323/10871 2947/5324/10872 2948/5325/10873 2949/5326/10874 2950/5327/10875 2951/5328/10876 2952/5329/10877 2953/5330/10878 2954/5331/10879 2955/5332/10880 2938/5333/10881 2934/5315/10882 2940/5317/10883 2941/5318/10884 2942/5319/10885 2943/5320/10886 2944/5321/10887
f 2792/4963/10888 2795/4964/10889 2812/4965/10890 2813/4966/10891 2814/4967/10892 2815/4968/10893 2816/4969/10894 2817/4970/10895 2818/4971/10896 2819/4972/10897 2820/4973/10898 2821/4974/10899 2796/4975/10900 2798/4976/10901 2799/4977/10902 2800/4978/10903 2801/4979/10904 2802/4980/10905 2803/4981/10906 2811/4989/10907 2804/4982/10908 2805/4983/10909 2806/4984/10910 2807/4985/10911 2808/4986/10912 2809/4987/10913 2810/4988/10914
f 2884/5195/10915 2887/5196/10916 2898/5197/10917 2899/5198/10918 2900/5199/10919 2901/5200/10920 2902/5201/10921 2903/5202/10922 2904/5203/10923 2905/5204/10924 2906/5205/10925 2907/5206/10926 2888/5207/10927 2890/5208/10928 2891/5209/10929 2892/5210/10930 2893/5211/10931 2894/5212/10932 2895/5213/10933 2896/5214/10934 2897/5215/10935
f 2977/5418/10936 2980/5419/10937 2991/5420/10938 2992/5421/10939 2993/5422/10940 2994/5423/10941 2995/5424/10942 2996/5425/10943 2997/5426/10944 2998/5427/10945 2999/5428/10946 3000/5429/10947 2981/5430/10948 2983/5431/10949 2984/5432/10950 2985/5433/10951 2986/5434/10952 2987/5435/10953 2988/5436/10954 2989/5437/10955 2990/5438/10956
f 3062/5621/10957 3071/5630/10958 3072/5631/10959 3073/5632/10960 3074/5633/10961 3075/5634/10962 3076/5635/10963 3057/5636/10964 3053/5616/10965 3056/5617/10966 3059/5618/10967 3060/5619/10968 3061/5620/10969 3067/5626/10970 3068/5627/10971 3069/5628/10972 3070/5629/10973 3063/5622/10974 3064/5623/10975 3065/5624/10976 3066/5625/10977
f 3027/5538/10978 3030/5539/10979 3033/5540/10980 3034/5541/10981 3035/5542/10982 3036/5543/10983 3037/5544/10984 3038/5545/10985 3039/5546/10986 3040/5547/10987 3041/5548/10988 3042/5549/10989 3031/5550/10990
usemtl standardSurface2SG
f 2849/5768/10991 2851/5769/10992 2852/5770/10993 2853/5771/10994 2854/5772/10995 2855/5773/10996 2850/5774/10997
f 2846/5780/10998 2848/5781/10999 2856/5782/11000 2857/5783/11001 2858/5784/11002 2859/5785/11003 2847/5786/11004
